timestamp,ax,ay,az,gx,gy,gz,qw,qx,qy,qz,label
393489,4.304687,7.933594,-4.113281,-0.097656,-0.525391,-0.216797,0.125854,-0.169312,-0.821594,-0.529663,down
393494,4.34375,7.933594,-4.074219,-0.072266,-0.503906,-0.201172,0.125854,-0.169312,-0.821594,-0.529663,down
393500,4.269531,7.773437,-4.039062,-0.074219,-0.486328,-0.197266,0.125854,-0.169312,-0.821594,-0.529663,down
393505,4.269531,7.851562,-4.074219,-0.023437,-0.460937,-0.193359,0.125854,-0.169312,-0.821594,-0.529663,down
393510,4.191406,7.816406,-4.074219,0.035156,-0.458984,-0.195312,0.125854,-0.169312,-0.821594,-0.529663,down
393515,4.191406,7.8125,-4.0,0.050781,-0.451172,-0.1875,0.125854,-0.169312,-0.821594,-0.529663,down
393520,4.152344,7.816406,-4.039062,0.050781,-0.451172,-0.1875,0.125854,-0.169312,-0.821594,-0.529663,down
393526,4.152344,7.773437,-4.039062,0.050781,-0.451172,-0.1875,0.117859,-0.169617,-0.823303,-0.528687,down
393532,4.078125,7.816406,-4.113281,0.109375,-0.390625,-0.195312,0.115967,-0.169495,-0.824036,-0.528015,down
393538,4.078125,7.816406,-4.039062,0.109375,-0.390625,-0.195312,0.115051,-0.169373,-0.824402,-0.52771,down
393543,4.039062,7.816406,-4.0,0.074219,-0.335938,-0.232422,0.114075,-0.169189,-0.824768,-0.527405,down
393549,4.0,7.773437,-3.960938,0.074219,-0.335938,-0.232422,0.11322,-0.169006,-0.825012,-0.527222,down
393555,3.960938,7.738281,-3.921875,0.019531,-0.324219,-0.265625,0.11322,-0.169006,-0.825012,-0.527222,down
393560,3.960938,7.734375,-3.882813,-0.017578,-0.314453,-0.283203,0.11322,-0.169006,-0.825012,-0.527222,down
393565,3.921875,7.703125,-3.882813,-0.064453,-0.308594,-0.298828,0.11322,-0.169006,-0.825012,-0.527222,down
393571,3.921875,7.738281,-3.882813,-0.082031,-0.308594,-0.308594,0.11322,-0.169006,-0.825012,-0.527222,down
393577,3.886719,7.625,-3.882813,-0.082031,-0.308594,-0.308594,0.107239,-0.167114,-0.82605,-0.527405,down
393582,3.886719,7.667969,-3.847656,-0.082031,-0.308594,-0.308594,0.107239,-0.167114,-0.82605,-0.527405,down
393587,3.886719,7.625,-3.769531,-0.107422,-0.298828,-0.353516,0.107239,-0.167114,-0.82605,-0.527405,down
393592,3.847656,7.507812,-3.808594,-0.107422,-0.298828,-0.353516,0.105042,-0.16626,-0.826294,-0.527832,down
393597,3.769531,7.511719,-3.808594,-0.107422,-0.298828,-0.353516,0.103821,-0.165771,-0.826416,-0.528015,down
393603,3.769531,7.472656,-3.769531,-0.037109,-0.294922,-0.386719,0.103821,-0.165771,-0.826416,-0.528015,down
393608,3.769531,7.46875,-3.691406,-0.037109,-0.294922,-0.386719,0.100647,-0.164368,-0.826904,-0.528259,down
393614,3.617188,7.546875,-3.65625,-0.037109,-0.294922,-0.386719,0.099609,-0.163818,-0.827209,-0.528198,down
393620,3.578125,7.546875,-3.65625,0.060547,-0.320313,-0.414062,0.099609,-0.163818,-0.827209,-0.528198,down
393626,3.503906,7.585937,-3.617188,0.060547,-0.320313,-0.414062,0.097229,-0.162659,-0.827942,-0.527893,down
393631,3.464844,7.625,-3.617188,0.060547,-0.320313,-0.414062,0.097229,-0.162659,-0.827942,-0.527893,down
393636,3.425781,7.707031,-3.65625,0.072266,-0.369141,-0.443359,0.097229,-0.162659,-0.827942,-0.527893,down
393641,3.347656,7.664062,-3.617188,0.046875,-0.384766,-0.466797,0.097229,-0.162659,-0.827942,-0.527893,down
393647,3.347656,7.664062,-3.769531,-0.035156,-0.404297,-0.494141,0.097229,-0.162659,-0.827942,-0.527893,down
393652,3.3125,7.703125,-3.769531,-0.035156,-0.404297,-0.494141,0.090881,-0.159851,-0.82959,-0.527222,down
393658,3.3125,7.738281,-3.882813,-0.078125,-0.421875,-0.519531,0.087708,-0.15863,-0.830017,-0.527405,down
393663,3.347656,7.738281,-4.0,-0.078125,-0.421875,-0.519531,0.08606,-0.157959,-0.8302,-0.52771,down
393668,3.3125,7.777344,-4.039062,-0.078125,-0.421875,-0.519531,0.084412,-0.157227,-0.830261,-0.528015,down
393673,3.3125,7.777344,-4.039062,-0.234375,-0.412109,-0.652344,0.084412,-0.157227,-0.830261,-0.528015,down
393678,3.3125,7.8125,-4.039062,-0.234375,-0.412109,-0.652344,0.08075,-0.155457,-0.830383,-0.528992,down
393683,3.3125,7.773437,-4.074219,-0.234375,-0.412109,-0.652344,0.079102,-0.154541,-0.830383,-0.52948,down
393688,3.195313,7.738281,-3.960938,-0.234375,-0.412109,-0.652344,0.077209,-0.153381,-0.830322,-0.530151,down
393693,3.195313,7.703125,-3.960938,-0.326172,-0.365234,-0.822266,0.075134,-0.152161,-0.830322,-0.530884,down
393698,3.082031,7.625,-3.769531,-0.326172,-0.365234,-0.822266,0.075134,-0.152161,-0.830322,-0.530884,down
393703,3.042969,7.589844,-3.730469,-0.326172,-0.365234,-0.822266,0.071106,-0.149475,-0.8302,-0.532349,down
393708,3.003906,7.511719,-3.691406,-0.326172,-0.365234,-0.822266,0.071106,-0.149475,-0.8302,-0.532349,down
393713,2.925781,7.355469,-3.539063,-0.390625,-0.357422,-0.935547,0.066833,-0.146484,-0.829956,-0.534058,down
393718,2.8125,7.246094,-3.386719,-0.390625,-0.357422,-0.935547,0.064819,-0.14502,-0.829834,-0.534973,down
393723,2.734375,7.164062,-3.386719,-0.390625,-0.357422,-0.935547,0.062378,-0.14325,-0.82959,-0.536072,down
393728,2.699219,7.128906,-3.308594,-0.484375,-0.349609,-1.041016,0.062378,-0.14325,-0.82959,-0.536072,down
393733,2.621094,7.125,-3.273438,-0.484375,-0.349609,-1.041016,0.060303,-0.141724,-0.829407,-0.536987,down
393739,2.46875,7.164062,-3.308594,-0.484375,-0.349609,-1.041016,0.055908,-0.138367,-0.828979,-0.539062,down
393744,2.390625,7.167969,-3.308594,-0.462891,-0.34375,-1.078125,0.055908,-0.138367,-0.828979,-0.539062,down
393749,2.390625,7.167969,-3.308594,-0.425781,-0.341797,-1.099609,0.05127,-0.134766,-0.828552,-0.541016,down
393754,2.277344,7.242187,-3.308594,-0.425781,-0.341797,-1.099609,0.05127,-0.134766,-0.828552,-0.541016,down
393759,2.160156,7.3125,-3.308594,-0.335938,-0.355469,-1.130859,0.05127,-0.134766,-0.828552,-0.541016,down
393765,2.085938,7.429687,-3.386719,-0.335938,-0.355469,-1.130859,0.044189,-0.129211,-0.828369,-0.543274,down
393770,1.96875,7.511719,-3.386719,-0.185547,-0.376953,-1.162109,0.044189,-0.129211,-0.828369,-0.543274,down
393775,1.929688,7.546875,-3.308594,-0.185547,-0.376953,-1.162109,0.039368,-0.125305,-0.828674,-0.544128,down
393781,1.855469,7.511719,-3.273438,-0.080078,-0.416016,-1.203125,0.039368,-0.125305,-0.828674,-0.544128,down
393786,1.777344,7.625,-3.234375,-0.039063,-0.431641,-1.228516,0.039368,-0.125305,-0.828674,-0.544128,down
393792,1.664063,7.734375,-3.195313,-0.021484,-0.457031,-1.242188,0.039368,-0.125305,-0.828674,-0.544128,down
393797,1.625,7.816406,-3.195313,-0.023437,-0.517578,-1.296875,0.039368,-0.125305,-0.828674,-0.544128,down
393802,1.585938,7.894531,-3.117188,-0.023437,-0.517578,-1.296875,0.026306,-0.115173,-0.830444,-0.544434,down
393808,1.511719,8.050781,-3.117188,-0.082031,-0.548828,-1.337891,0.026306,-0.115173,-0.830444,-0.544434,down
393813,1.394531,8.089844,-3.15625,-0.238281,-0.625,-1.408203,0.026306,-0.115173,-0.830444,-0.544434,down
393818,1.394531,8.15625,-3.234375,-0.238281,-0.625,-1.408203,0.016785,-0.108765,-0.831177,-0.545044,down
393824,1.28125,8.316406,-3.273438,-0.238281,-0.625,-1.408203,0.010071,-0.104614,-0.831116,-0.546082,down
393829,1.203125,8.394531,-3.347656,-0.238281,-0.625,-1.408203,0.006653,-0.102661,-0.830933,-0.546814,down
393834,1.164063,8.472656,-3.308594,-0.537109,-0.849609,-1.537109,0.002197,-0.100281,-0.830566,-0.547852,down
393840,1.089844,8.582031,-3.308594,-0.537109,-0.849609,-1.537109,0.001343,0.098511,0.8302,0.548645,down
393845,1.011719,8.617188,-3.347656,-0.537109,-0.849609,-1.537109,0.005981,0.096313,0.829773,0.549683,down
393850,0.898437,8.660156,-3.347656,-0.537109,-0.849609,-1.537109,0.009949,0.094604,0.829407,0.550537,down
393855,0.859375,8.660156,-3.386719,-0.517578,-1.099609,-1.542969,0.009949,0.094604,0.829407,0.550537,down
393861,0.707031,8.695313,-3.425781,-0.445312,-1.140625,-1.521484,0.009949,0.094604,0.829407,0.550537,down
393867,0.550781,8.617188,-3.617188,-0.445312,-1.140625,-1.521484,0.009949,0.094604,0.829407,0.550537,down
393873,0.476562,8.695313,-3.769531,-0.230469,-1.136719,-1.423828,0.009949,0.094604,0.829407,0.550537,down
393878,0.359375,8.925781,-4.113281,-0.230469,-1.136719,-1.423828,0.032532,0.086548,0.828003,0.553101,down
393884,0.359375,8.925781,-4.113281,-0.074219,-1.121094,-1.337891,0.041077,0.083862,0.827942,0.552979,down
393889,0.285156,9.15625,-4.265625,0.0,-1.128906,-1.292969,0.045471,0.082581,0.828064,0.552673,down
393894,0.285156,9.15625,-4.265625,0.0,-1.128906,-1.292969,0.045471,0.082581,0.828064,0.552673,down
393899,0.285156,9.238281,-4.34375,0.060547,-1.105469,-1.255859,0.045471,0.082581,0.828064,0.552673,down
393904,0.285156,9.238281,-4.34375,0.132812,-1.056641,-1.220703,0.053162,0.080383,0.82843,0.551697,down
393909,0.246094,9.386719,-4.460937,0.132812,-1.056641,-1.220703,0.060547,0.078247,0.829163,0.550171,down
393914,0.246094,9.15625,-4.574219,0.132812,-1.056641,-1.220703,0.060547,0.078247,0.829163,0.550171,down
393919,0.246094,9.121094,-4.613281,0.132812,-1.056641,-1.220703,0.066956,0.07605,0.830261,0.548035,down
393924,0.207031,9.0,-4.574219,0.566406,-0.769531,-1.015625,0.070251,0.074951,0.831116,0.54657,down
393930,0.207031,8.964844,-4.613281,0.566406,-0.769531,-1.015625,0.072754,0.074097,0.83197,0.545044,down
393936,0.132812,8.960938,-4.574219,0.566406,-0.769531,-1.015625,0.075378,0.073242,0.833069,0.54303,down
393941,0.054687,9.0,-4.535156,1.058594,-0.636719,-0.818359,0.075378,0.073242,0.833069,0.54303,down
393946,-0.023437,9.042969,-4.613281,1.248047,-0.615234,-0.753906,0.075378,0.073242,0.833069,0.54303,down
393951,-0.097656,9.199219,-4.652344,1.419922,-0.580078,-0.693359,0.075378,0.073242,0.833069,0.54303,down
393956,-0.289063,9.421875,-4.6875,1.419922,-0.580078,-0.693359,0.075378,0.073242,0.833069,0.54303,down
393962,-0.367188,9.582031,-4.726562,1.419922,-0.580078,-0.693359,0.085205,0.070862,0.84198,0.528015,down
393968,-0.445312,9.691406,-4.765625,1.884766,-0.507812,-0.46875,0.085205,0.070862,0.84198,0.528015,down
393974,-0.597656,9.882813,-4.957031,1.884766,-0.507812,-0.46875,0.089478,0.070923,0.849121,0.515686,down
393979,-0.597656,9.925781,-5.035156,1.826172,-0.513672,-0.419922,0.090881,0.071106,0.851685,0.511169,down
393985,-0.636719,9.925781,-5.035156,1.826172,-0.513672,-0.419922,0.092163,0.071289,0.853882,0.507263,down
393990,-0.710937,9.804688,-5.070312,1.826172,-0.513672,-0.419922,0.093384,0.071472,0.855774,0.503845,down
393995,-0.710937,9.582031,-5.035156,1.826172,-0.513672,-0.419922,0.09491,0.071655,0.857727,0.500122,down
394000,-0.75,9.464844,-4.957031,1.199219,-0.580078,-0.412109,0.09491,0.071655,0.857727,0.500122,down
394006,-0.710937,9.304688,-4.957031,0.964844,-0.587891,-0.439453,0.09491,0.071655,0.857727,0.500122,down
394012,-0.710937,9.082031,-4.996094,0.964844,-0.587891,-0.439453,0.09491,0.071655,0.857727,0.500122,down
394017,-0.710937,8.921875,-4.917969,0.566406,-0.630859,-0.507812,0.09491,0.071655,0.857727,0.500122,down
394023,-0.710937,8.851563,-4.878906,0.314453,-0.664062,-0.552734,0.09491,0.071655,0.857727,0.500122,down
394028,-0.789062,8.773438,-4.804687,0.314453,-0.664062,-0.552734,0.105408,0.071167,0.863098,0.48877,down
394034,-0.863281,8.738281,-4.84375,0.148437,-0.664062,-0.613281,0.105408,0.071167,0.863098,0.48877,down
394039,-0.902344,8.621094,-4.84375,0.148437,-0.664062,-0.613281,0.111938,0.069824,0.863586,0.486633,down
394045,-1.054688,8.539063,-4.84375,0.148437,-0.664062,-0.613281,0.113953,0.069275,0.863586,0.486206,down
394050,-1.054688,8.539063,-4.84375,0.148437,-0.664062,-0.613281,0.113953,0.069275,0.863586,0.486206,down
394055,-1.054688,8.539063,-4.84375,0.001953,-0.648437,-0.767578,0.118591,0.067688,0.863525,0.485474,down
394060,-1.054688,8.539063,-4.84375,-0.023437,-0.652344,-0.808594,0.120911,0.066833,0.863464,0.485168,down
394066,-1.246094,8.355469,-4.804687,-0.023437,-0.652344,-0.808594,0.123413,0.065735,0.863342,0.484863,down
394072,-1.285156,8.351563,-4.84375,-0.072266,-0.628906,-0.910156,0.123413,0.065735,0.863342,0.484863,down
394077,-1.402344,8.316406,-4.765625,-0.105469,-0.626953,-0.949219,0.123413,0.065735,0.863342,0.484863,down
394083,-1.441406,8.3125,-4.765625,-0.146484,-0.613281,-1.001953,0.133484,0.060425,0.86261,0.484192,down
394088,-1.554688,8.390625,-4.84375,-0.146484,-0.613281,-1.001953,0.133484,0.060425,0.86261,0.484192,down
394094,-1.554688,8.5,-4.917969,-0.224609,-0.607422,-1.095703,0.138977,0.056946,0.861938,0.484253,down
394099,-1.707031,8.621094,-4.84375,-0.224609,-0.607422,-1.095703,0.141663,0.055237,0.861511,0.484375,down
394104,-1.746094,8.617188,-4.804687,-0.224609,-0.607422,-1.095703,0.144897,0.053223,0.861023,0.484558,down
394109,-1.707031,8.65625,-4.765625,-0.355469,-0.705078,-1.205078,0.144897,0.053223,0.861023,0.484558,down
394114,-1.824219,8.855469,-4.84375,-0.392578,-0.710937,-1.212891,0.147705,0.051514,0.860535,0.484741,down
394119,-1.859375,8.960938,-4.84375,-0.392578,-0.710937,-1.212891,0.154175,0.047546,0.859253,0.485413,down
394124,-1.9375,9.003906,-4.878906,-0.392578,-0.710937,-1.212891,0.156921,0.045837,0.858643,0.485779,down
394129,-1.976563,9.003906,-4.84375,-0.392578,-0.710937,-1.212891,0.156921,0.045837,0.858643,0.485779,down
394134,-2.050781,8.960938,-4.878906,-0.660156,-0.726562,-1.222656,0.163147,0.041992,0.856934,0.487122,down
394139,-2.089844,8.964844,-4.878906,-0.775391,-0.736328,-1.232422,0.163147,0.041992,0.856934,0.487122,down
394144,-2.128906,8.851563,-4.957031,-0.775391,-0.736328,-1.232422,0.169678,0.03772,0.854614,0.489319,down
394149,-2.167969,8.777344,-4.957031,-0.775391,-0.736328,-1.232422,0.169678,0.03772,0.854614,0.489319,down
394154,-2.207031,8.695313,-4.957031,-0.960937,-0.734375,-1.248047,0.169678,0.03772,0.854614,0.489319,down
394159,-2.28125,8.699219,-4.917969,-0.960937,-0.734375,-1.248047,0.179382,0.031067,0.850281,0.493835,down
394164,-2.28125,8.617188,-4.957031,-1.091797,-0.722656,-1.296875,0.179382,0.031067,0.850281,0.493835,down
394169,-2.320313,8.582031,-4.84375,-1.097656,-0.705078,-1.308594,0.182556,0.028748,0.848755,0.495483,down
394174,-2.28125,8.539063,-4.726562,-1.097656,-0.705078,-1.308594,0.18866,0.024231,0.845703,0.498596,down
394179,-2.359375,8.539063,-4.6875,-1.011719,-0.650391,-1.333984,0.18866,0.024231,0.845703,0.498596,down
394184,-2.433594,8.539063,-4.613281,-0.953125,-0.644531,-1.341797,0.192078,0.021545,0.843994,0.500244,down
394189,-2.433594,8.542969,-4.574219,-0.953125,-0.644531,-1.341797,0.198059,0.016785,0.841187,0.502808,down
394194,-2.511719,8.621094,-4.496094,-0.953125,-0.644531,-1.341797,0.201111,0.014404,0.839844,0.503967,down
394199,-2.628906,8.777344,-4.382812,-0.806641,-0.617187,-1.3125,0.201111,0.014404,0.839844,0.503967,down
394204,-2.894531,9.003906,-4.304687,-0.806641,-0.617187,-1.3125,0.204346,0.011841,0.83844,0.505066,down
394209,-3.011719,9.039063,-4.265625,-0.806641,-0.617187,-1.3125,0.210083,0.007324,0.835876,0.50708,down
394214,-3.011719,9.039063,-4.265625,-0.806641,-0.617187,-1.3125,0.210083,0.007324,0.835876,0.50708,down
394219,-3.125,9.042969,-4.265625,-0.935547,-0.580078,-1.253906,0.210083,0.007324,0.835876,0.50708,down
394224,-3.125,9.042969,-4.265625,-1.021484,-0.558594,-1.230469,0.215637,0.002686,0.832947,0.509583,down
394230,-3.394531,8.8125,-4.230469,-1.230469,-0.535156,-1.214844,0.218506,0.000183,0.831238,0.51123,down
394235,-3.429688,8.699219,-4.191406,-1.230469,-0.535156,-1.214844,0.223877,-0.004822,0.827454,0.514954,down
394241,-3.429688,8.578125,-4.191406,-1.40625,-0.484375,-1.207031,0.223877,-0.004822,0.827454,0.514954,down
394246,-3.394531,8.429688,-4.039062,-1.40625,-0.484375,-1.207031,0.228943,-0.009949,0.823303,0.519348,down
394251,-3.394531,8.390625,-4.0,-1.421875,-0.416016,-1.191406,0.228943,-0.009949,0.823303,0.519348,down
394256,-3.394531,8.390625,-3.960938,-1.373047,-0.380859,-1.177734,0.228943,-0.009949,0.823303,0.519348,down
394261,-3.394531,8.390625,-3.882813,-1.373047,-0.380859,-1.177734,0.236023,-0.018066,0.816956,0.525879,down
394266,-3.429688,8.503906,-3.808594,-1.373047,-0.380859,-1.177734,0.236023,-0.018066,0.816956,0.525879,down
394272,-3.507813,8.539063,-3.808594,-0.998047,-0.277344,-1.132813,0.240234,-0.023132,0.813477,0.529114,down
394277,-3.546875,8.582031,-3.769531,-0.841797,-0.242187,-1.109375,0.240234,-0.023132,0.813477,0.529114,down
394282,-3.585938,8.734375,-3.617188,-0.701172,-0.216797,-1.085938,0.240234,-0.023132,0.813477,0.529114,down
394287,-3.738281,8.890625,-3.617188,-0.701172,-0.216797,-1.085938,0.245972,-0.030151,0.809753,0.531921,down
394292,-3.851563,9.078125,-3.578125,-0.523437,-0.175781,-1.033203,0.245972,-0.030151,0.809753,0.531921,down
394297,-3.96875,9.199219,-3.539063,-0.523437,-0.175781,-1.033203,0.249451,-0.034485,0.807922,0.532837,down
394302,-4.121094,9.34375,-3.425781,-0.523437,-0.175781,-1.033203,0.249451,-0.034485,0.807922,0.532837,down
394308,-4.234375,9.421875,-3.425781,-0.523437,-0.175781,-1.033203,0.252808,-0.038513,0.806091,0.533691,down
394314,-4.425781,9.421875,-3.308594,-0.697266,-0.210937,-0.978516,0.252808,-0.038513,0.806091,0.533691,down
394320,-4.425781,9.421875,-3.308594,-1.058594,-0.203125,-1.007813,0.257874,-0.044983,0.802185,0.536621,down
394325,-4.542969,9.234375,-3.308594,-1.253906,-0.212891,-1.027344,0.259705,-0.047668,0.800232,0.538452,down
394331,-4.582031,9.199219,-3.234375,-1.253906,-0.212891,-1.027344,0.261292,-0.050049,0.798279,0.540344,down
394337,-4.503906,8.925781,-3.234375,-1.253906,-0.212891,-1.027344,0.262939,-0.052795,0.795959,0.542664,down
394342,-4.503906,8.890625,-3.15625,-1.746094,-0.179687,-1.091797,0.262939,-0.052795,0.795959,0.542664,down
394347,-4.503906,8.816406,-3.15625,-1.816406,-0.160156,-1.121094,0.262939,-0.052795,0.795959,0.542664,down
394352,-4.503906,8.816406,-3.15625,-1.816406,-0.148437,-1.138672,0.267883,-0.062134,0.787842,0.551086,down
394357,-4.503906,8.738281,-3.042969,-1.816406,-0.148437,-1.138672,0.267883,-0.062134,0.787842,0.551086,down
394362,-4.503906,8.738281,-3.042969,-1.693359,-0.130859,-1.169922,0.270996,-0.068542,0.782471,0.556396,down
394368,-4.582031,8.738281,-2.8125,-1.693359,-0.130859,-1.169922,0.270996,-0.068542,0.782471,0.556396,down
394373,-4.695312,8.894531,-2.695313,-1.392578,-0.095703,-1.242188,0.270996,-0.068542,0.782471,0.556396,down
394378,-4.734375,9.078125,-2.621094,-1.392578,-0.095703,-1.242188,0.27594,-0.078186,0.775024,0.56311,down
394384,-4.886719,9.277344,-2.582031,-1.310547,-0.089844,-1.285156,0.27948,-0.084656,0.77063,0.566467,down
394389,-5.15625,9.769531,-2.621094,-1.228516,-0.074219,-1.367188,0.27948,-0.084656,0.77063,0.566467,down
394394,-5.347656,9.886719,-2.621094,-1.228516,-0.074219,-1.367188,0.281311,-0.088013,0.768494,0.567932,down
394399,-5.421875,9.964844,-2.582031,-1.376953,-0.052734,-1.472656,0.283447,-0.091919,0.766052,0.569519,down
394404,-5.691406,10.109375,-2.46875,-1.376953,-0.052734,-1.472656,0.285278,-0.095276,0.763916,0.570984,down
394409,-5.769531,10.191406,-2.429688,-1.376953,-0.052734,-1.472656,0.28717,-0.098999,0.761475,0.572632,down
394414,-5.804687,10.1875,-2.390625,-1.908203,-0.003906,-1.648438,0.289185,-0.103088,0.758667,0.574585,down
394419,-5.960937,10.1875,-2.277344,-1.908203,-0.003906,-1.648438,0.291077,-0.1073,0.755737,0.576782,down
394425,-6.035156,10.078125,-2.160156,-1.908203,-0.003906,-1.648438,0.294739,-0.116394,0.748718,0.582214,down
394430,-6.035156,9.960938,-2.085938,-2.720703,0.056641,-1.767578,0.294739,-0.116394,0.748718,0.582214,down
394435,-6.0,9.84375,-1.96875,-2.720703,0.056641,-1.767578,0.298279,-0.127563,0.739441,0.589966,down
394440,-6.0,9.539063,-1.777344,-2.720703,0.056641,-1.767578,0.299744,-0.133118,0.734497,0.594055,down
394445,-6.035156,9.347656,-1.699219,-2.720703,0.056641,-1.767578,0.301086,-0.138489,0.729736,0.598083,down
394450,-6.074219,9.195313,-1.585938,-3.332031,0.162109,-1.814453,0.302551,-0.14502,0.723755,0.603027,down
394455,-6.074219,9.195313,-1.585938,-3.332031,0.162109,-1.814453,0.302551,-0.14502,0.723755,0.603027,down
394460,-6.152344,9.078125,-1.433594,-3.376953,0.164062,-1.814453,0.302551,-0.14502,0.723755,0.603027,down
394465,-6.152344,9.078125,-1.433594,-3.390625,0.160156,-1.8125,0.304871,-0.156433,0.712952,0.611755,down
394470,-6.417969,9.15625,-1.050781,-3.390625,0.160156,-1.8125,0.307312,-0.168518,0.701233,0.620789,down
394475,-6.496094,9.199219,-0.898437,-3.390625,0.160156,-1.8125,0.308533,-0.1745,0.695435,0.625061,down
394481,-6.800781,9.039063,-0.589844,-3.390625,0.160156,-1.8125,0.309753,-0.180664,0.689392,0.629395,down
394486,-6.917969,9.039063,-0.550781,-3.322266,0.212891,-1.898438,0.309753,-0.180664,0.689392,0.629395,down
394491,-7.070312,9.121094,-0.476562,-3.357422,0.232422,-1.898438,0.312073,-0.192993,0.677368,0.637634,down
394496,-7.261719,9.121094,-0.511719,-3.417969,0.253906,-1.902344,0.312073,-0.192993,0.677368,0.637634,down
394501,-7.414062,9.121094,-0.359375,-3.417969,0.253906,-1.902344,0.314026,-0.205261,0.665039,0.645752,down
394506,-7.414062,9.078125,-0.246094,-3.619141,0.285156,-1.910156,0.314026,-0.205261,0.665039,0.645752,down
394511,-7.492187,9.078125,-0.128906,-3.757813,0.310547,-1.904297,0.314026,-0.205261,0.665039,0.645752,down
394517,-7.796875,9.082031,0.023437,-3.757813,0.310547,-1.904297,0.314026,-0.205261,0.665039,0.645752,down
394522,-7.953125,9.121094,0.136719,-3.962891,0.427734,-1.863281,0.314026,-0.205261,0.665039,0.645752,down
394528,-8.105469,9.199219,0.289063,-4.054687,0.451172,-1.826172,0.314026,-0.205261,0.665039,0.645752,down
394534,-8.105469,9.199219,0.289063,-4.117187,0.466797,-1.769531,0.316345,-0.244934,0.622498,0.672668,down
394539,-8.296875,9.238281,0.636719,-4.117187,0.466797,-1.769531,0.316345,-0.244934,0.622498,0.672668,down
394544,-8.296875,9.238281,0.636719,-4.228516,0.505859,-1.640625,0.31543,-0.258423,0.606873,0.68219,down
394549,-8.640625,8.777344,1.171875,-4.228516,0.505859,-1.640625,0.31543,-0.258423,0.606873,0.68219,down
394554,-8.683594,8.46875,1.132813,-4.228516,0.505859,-1.640625,0.313538,-0.271545,0.591003,0.691895,down
394559,-8.722656,8.121094,1.324219,-4.228516,0.505859,-1.640625,0.312073,-0.278442,0.582336,0.697144,down
394565,-8.871094,7.96875,1.480469,-4.222656,0.537109,-1.175781,0.30896,-0.289734,0.5672,0.706299,down
394570,-8.984375,7.894531,1.632813,-3.992188,0.5,-0.900391,0.307068,-0.294983,0.559814,0.710815,down
394575,-9.171875,7.777344,1.898438,-3.992188,0.5,-0.900391,0.30481,-0.300415,0.55188,0.715698,down
394580,-9.210938,7.625,2.089844,-3.992188,0.5,-0.900391,0.302673,-0.304932,0.544983,0.719971,down
394585,-9.253906,7.511719,2.472656,-3.992188,0.5,-0.900391,0.300476,-0.308899,0.538513,0.72406,down
394590,-9.171875,7.28125,2.550781,-3.992188,0.5,-0.900391,0.300476,-0.308899,0.538513,0.72406,down
394595,-9.175781,7.125,2.589844,-3.261719,0.304688,-0.177734,0.300476,-0.308899,0.538513,0.72406,down
394600,-9.105469,6.933594,2.667969,-3.261719,0.304688,-0.177734,0.292969,-0.318909,0.520569,0.735901,down
394605,-8.90625,6.589844,2.894531,-3.261719,0.304688,-0.177734,0.292969,-0.318909,0.520569,0.735901,down
394610,-8.832031,6.4375,3.011719,-3.261719,0.304688,-0.177734,0.287292,-0.323364,0.510437,0.743225,down
394615,-8.722656,6.246094,3.050781,-3.261719,0.304688,-0.177734,0.284607,-0.324707,0.506531,0.746277,down
394620,-8.640625,6.09375,3.050781,-2.15625,0.119141,0.685547,0.28125,-0.325867,0.502502,0.749817,down
394625,-8.523438,5.976562,3.125,-2.15625,0.119141,0.685547,0.278381,-0.326355,0.499695,0.752502,down
394631,-8.261719,5.785156,3.242188,-2.15625,0.119141,0.685547,0.275085,-0.326233,0.497253,0.755371,down
394636,-8.261719,5.785156,3.242188,-1.298828,-0.085937,1.322266,0.275085,-0.326233,0.497253,0.755371,down
394641,-8.066406,5.632812,3.394531,-1.298828,-0.085937,1.322266,0.271851,-0.3255,0.495544,0.757996,down
394646,-8.066406,5.632812,3.394531,-1.015625,-0.078125,1.541016,0.268433,-0.324341,0.494507,0.760437,down
394651,-7.296875,4.980469,3.085938,-1.015625,-0.078125,1.541016,0.260742,-0.320679,0.494568,0.764587,down
394657,-6.917969,4.675781,2.820313,-1.015625,-0.078125,1.541016,0.260742,-0.320679,0.494568,0.764587,down
394662,-6.496094,4.484375,2.667969,-1.015625,-0.078125,1.541016,0.252747,-0.315308,0.497375,0.767639,down
394667,-6.34375,4.523437,2.589844,0.441406,-0.041016,2.462891,0.252747,-0.315308,0.497375,0.767639,down
394673,-6.269531,4.558594,2.589844,0.681641,-0.025391,2.580078,0.252747,-0.315308,0.497375,0.767639,down
394679,-6.035156,4.636719,2.550781,1.058594,0.035156,2.753906,0.252747,-0.315308,0.497375,0.767639,down
394684,-5.925781,4.675781,2.511719,1.058594,0.035156,2.753906,0.235352,-0.300354,0.510437,0.77063,down
394689,-5.765625,4.714844,2.4375,1.197266,0.058594,2.808594,0.235352,-0.300354,0.510437,0.77063,down
394695,-5.609375,4.828125,2.359375,1.304688,0.080078,2.832031,0.235352,-0.300354,0.510437,0.77063,down
394701,-5.609375,4.828125,2.359375,1.427734,0.152344,2.833984,0.217224,-0.283203,0.52887,0.77002,down
394706,-5.421875,4.941406,2.320313,1.431641,0.183594,2.804688,0.212158,-0.278503,0.53418,0.76947,down
394711,-5.265625,5.097656,2.207031,1.431641,0.183594,2.804688,0.208008,-0.274658,0.538574,0.768921,down
394716,-5.195312,5.136719,2.207031,1.431641,0.183594,2.804688,0.203613,-0.270691,0.543213,0.76825,down
394722,-4.964844,5.214844,2.128906,1.431641,0.183594,2.804688,0.199219,-0.266846,0.547607,0.767639,down
394727,-4.886719,5.292969,2.089844,1.21875,0.244141,2.496094,0.199219,-0.266846,0.547607,0.767639,down
394732,-4.886719,5.292969,2.089844,1.138672,0.244141,2.390625,0.190674,-0.25946,0.555908,0.766357,down
394737,-4.65625,5.402344,1.976563,1.138672,0.244141,2.390625,0.190674,-0.25946,0.555908,0.766357,down
394742,-4.65625,5.402344,1.976563,1.027344,0.228516,2.277344,0.182678,-0.25293,0.563049,0.765259,down
394748,-4.425781,5.476562,1.9375,1.027344,0.228516,2.277344,0.179016,-0.249939,0.566162,0.764832,down
394754,-4.425781,5.59375,1.9375,1.027344,0.228516,2.277344,0.179016,-0.249939,0.566162,0.764832,down
394760,-4.390625,5.636719,1.898438,0.457031,0.195312,1.625,0.179016,-0.249939,0.566162,0.764832,down
394765,-4.351562,5.597656,1.863281,0.34375,0.167969,1.478516,0.168823,-0.242187,0.573669,0.764038,down
394770,-4.273437,5.519531,1.976563,0.34375,0.167969,1.478516,0.163269,-0.238159,0.576904,0.764038,down
394775,-4.199219,5.476562,1.9375,0.107422,0.113281,1.208984,0.163269,-0.238159,0.576904,0.764038,down
394780,-4.160156,5.398437,1.9375,0.107422,0.113281,1.208984,0.160645,-0.236328,0.578125,0.764282,down
394785,-4.042969,5.328125,1.898438,0.027344,0.105469,1.068359,0.160645,-0.236328,0.578125,0.764282,down
394790,-3.96875,5.292969,1.976563,0.027344,0.105469,1.068359,0.156433,-0.233459,0.579651,0.764893,down
394795,-3.929688,5.328125,1.976563,-0.107422,0.023437,0.707031,0.154602,-0.232239,0.580139,0.765259,down
394800,-3.929688,5.292969,2.015625,-0.130859,0.001953,0.603516,0.153259,-0.231262,0.580383,0.765625,down
394806,-3.929688,5.328125,2.128906,-0.130859,0.001953,0.603516,0.150818,-0.229492,0.580627,0.766479,down
394811,-3.929688,5.289062,2.089844,-0.201172,-0.017578,0.419922,0.14978,-0.22876,0.580566,0.766968,down
394817,-3.890625,5.25,2.128906,-0.201172,-0.017578,0.419922,0.14917,-0.22821,0.580383,0.767334,down
394822,-3.929688,5.25,2.207031,-0.234375,-0.046875,0.251953,0.14917,-0.22821,0.580383,0.767334,down
394827,-3.890625,5.25,2.246094,-0.234375,-0.046875,0.251953,0.14917,-0.22821,0.580383,0.767334,down
394833,-3.890625,5.210937,2.207031,-0.234375,-0.068359,0.126953,0.14917,-0.22821,0.580383,0.767334,down
394839,-3.929688,5.289062,2.128906,-0.201172,-0.074219,0.078125,0.14917,-0.22821,0.580383,0.767334,down
394845,-3.929688,5.289062,2.207031,-0.183594,-0.091797,-0.019531,0.14917,-0.22821,0.580383,0.767334,down
394850,-3.890625,5.359375,2.28125,-0.183594,-0.091797,-0.019531,0.147644,-0.22644,0.578247,0.769775,down
394855,-3.96875,5.398437,2.246094,-0.144531,-0.09375,-0.058594,0.148071,-0.226257,0.577576,0.770264,down
394860,-4.082031,5.597656,2.246094,-0.144531,-0.09375,-0.058594,0.148376,-0.226196,0.577332,0.770386,down
394865,-4.160156,5.714844,2.246094,-0.144531,-0.09375,-0.058594,0.148865,-0.226196,0.577087,0.770447,down
394870,-4.160156,5.820312,2.28125,-0.144531,-0.09375,-0.058594,0.148865,-0.226196,0.577087,0.770447,down
394875,-4.273437,5.902344,2.207031,-0.005859,-0.109375,-0.171875,0.149841,-0.226196,0.576843,0.770447,down
394880,-4.351562,6.097656,2.246094,-0.005859,-0.109375,-0.171875,0.149841,-0.226196,0.576843,0.770447,down
394885,-4.390625,6.128906,2.246094,0.085937,-0.136719,-0.183594,0.150452,-0.226135,0.576782,0.770386,down
394890,-4.464844,6.203125,2.246094,0.085937,-0.136719,-0.183594,0.151123,-0.226074,0.576782,0.770325,down
394895,-4.617187,6.324219,2.28125,0.085937,-0.136719,-0.183594,0.151672,-0.226013,0.576782,0.770203,down
394900,-4.65625,6.359375,2.28125,0.085937,-0.136719,-0.183594,0.152344,-0.225891,0.576843,0.770081,down
394905,-4.734375,6.363281,2.246094,0.140625,-0.128906,-0.173828,0.152344,-0.225891,0.576843,0.770081,down
394910,-4.847656,6.515625,2.246094,0.140625,-0.128906,-0.173828,0.153564,-0.225708,0.577087,0.769714,down
394915,-4.847656,6.515625,2.246094,0.212891,-0.121094,-0.210937,0.154236,-0.225647,0.577209,0.76947,down
394920,-5.117187,6.863281,2.207031,0.257813,-0.119141,-0.224609,0.154846,-0.225586,0.577454,0.769226,down
394925,-5.195312,7.007812,2.246094,0.257813,-0.119141,-0.224609,0.155701,-0.225525,0.577759,0.768799,down
394930,-5.230469,7.085937,2.207031,0.324219,-0.103516,-0.28125,0.156494,-0.225525,0.578125,0.768372,down
394935,-5.230469,7.085937,2.207031,0.347656,-0.089844,-0.302734,0.157349,-0.225525,0.578491,0.767944,down
394940,-5.386719,7.394531,2.167969,0.347656,-0.089844,-0.302734,0.158203,-0.225647,0.578918,0.767395,down
394946,-5.421875,7.46875,2.167969,0.367188,-0.082031,-0.324219,0.160217,-0.225891,0.579956,0.766113,down
394951,-5.460937,7.546875,2.167969,0.412109,-0.082031,-0.332031,0.161133,-0.226013,0.580505,0.765503,down
394956,-5.421875,7.777344,2.246094,0.412109,-0.082031,-0.332031,0.162292,-0.226135,0.581177,0.764709,down
394961,-5.421875,7.855469,2.28125,0.464844,-0.128906,-0.285156,0.162292,-0.226135,0.581177,0.764709,down
394966,-5.421875,7.855469,2.398438,0.464844,-0.128906,-0.285156,0.164246,-0.226074,0.582458,0.763306,down
394971,-5.460937,7.855469,2.4375,0.464844,-0.128906,-0.285156,0.1651,-0.225891,0.58313,0.762634,down
394976,-5.421875,7.738281,2.472656,0.464844,-0.166016,-0.134766,0.166016,-0.225586,0.583923,0.761963,down
394981,-5.460937,7.707031,2.472656,0.457031,-0.173828,-0.083984,0.166748,-0.22522,0.584717,0.761292,down
394986,-5.386719,7.46875,2.4375,0.457031,-0.173828,-0.083984,0.167358,-0.224731,0.585449,0.760742,down
394991,-5.269531,7.355469,2.4375,0.457031,-0.173828,-0.083984,0.167908,-0.224182,0.586182,0.760193,down
394996,-5.269531,7.246094,2.4375,0.521484,-0.212891,0.068359,0.168457,-0.22345,0.587097,0.759583,down
395002,-5.421875,7.242187,2.320313,0.521484,-0.212891,0.068359,0.168945,-0.222595,0.588196,0.758911,down
395008,-5.578125,7.429687,2.128906,0.521484,-0.212891,0.068359,0.169312,-0.221863,0.589294,0.758179,down
395014,-5.652344,7.511719,2.167969,0.763672,-0.203125,0.128906,0.169312,-0.221863,0.589294,0.758179,down
395019,-5.652344,7.667969,2.128906,0.837891,-0.205078,0.134766,0.169312,-0.221863,0.589294,0.758179,down
395024,-5.652344,7.816406,2.089844,0.925781,-0.201172,0.121094,0.169312,-0.221863,0.589294,0.758179,down
395029,-5.730469,7.929687,2.015625,0.925781,-0.201172,0.121094,0.171448,-0.218079,0.595642,0.753845,down
395034,-5.691406,8.046875,1.9375,1.095703,-0.179687,0.101563,0.171448,-0.218079,0.595642,0.753845,down
395039,-5.730469,8.195313,1.898438,1.167969,-0.173828,0.083984,0.171448,-0.218079,0.595642,0.753845,down
395045,-5.613281,8.472656,1.898438,1.167969,-0.173828,0.083984,0.174377,-0.21405,0.604187,0.747437,down
395050,-5.613281,8.539063,1.898438,1.167969,-0.173828,0.083984,0.174377,-0.21405,0.604187,0.747437,down
395056,-5.578125,8.621094,1.9375,1.259766,-0.248047,0.085937,0.176208,-0.211731,0.608765,0.743958,down
395061,-5.5,8.582031,1.976563,1.259766,-0.248047,0.085937,0.177063,-0.21051,0.610962,0.742371,down
395066,-5.421875,8.472656,1.976563,1.099609,-0.332031,0.128906,0.177063,-0.21051,0.610962,0.742371,down
395071,-5.347656,8.316406,1.9375,1.099609,-0.332031,0.128906,0.178772,-0.207825,0.614868,0.739441,down
395076,-5.347656,8.316406,1.9375,1.099609,-0.332031,0.128906,0.178772,-0.207825,0.614868,0.739441,down
395081,-5.195312,8.007813,2.015625,1.099609,-0.332031,0.128906,0.178772,-0.207825,0.614868,0.739441,down
395086,-5.117187,7.894531,2.015625,0.810547,-0.416016,0.1875,0.178772,-0.207825,0.614868,0.739441,down
395091,-5.039062,7.738281,1.824219,0.738281,-0.470703,0.205078,0.178772,-0.207825,0.614868,0.739441,down
395096,-5.003906,7.667969,1.824219,0.738281,-0.470703,0.205078,0.182434,-0.2005,0.621887,0.73468,down
395101,-5.003906,7.628906,1.824219,0.738281,-0.470703,0.205078,0.18335,-0.198792,0.62323,0.733765,down
395106,-4.925781,7.625,1.824219,0.818359,-0.564453,0.179687,0.18335,-0.198792,0.62323,0.733765,down
395111,-4.925781,7.625,1.824219,0.818359,-0.564453,0.179687,0.185242,-0.195496,0.625854,0.731995,down
395116,-4.886719,7.664062,1.746094,0.818359,-0.564453,0.179687,0.18634,-0.193787,0.62738,0.730896,down
395121,-4.925781,7.734375,1.632813,0.818359,-0.564453,0.179687,0.18634,-0.193787,0.62738,0.730896,down
395126,-4.964844,7.855469,1.554688,1.134766,-0.617187,0.091797,0.18634,-0.193787,0.62738,0.730896,down
395131,-5.003906,7.96875,1.59375,1.134766,-0.617187,0.091797,0.190186,-0.188354,0.63269,0.726685,down
395136,-5.003906,8.050781,1.480469,1.134766,-0.617187,0.091797,0.19165,-0.186523,0.634583,0.725098,down
395141,-5.078125,8.316406,1.480469,1.134766,-0.617187,0.091797,0.19165,-0.186523,0.634583,0.725098,down
395146,-5.078125,8.429688,1.480469,1.275391,-0.669922,0.037109,0.194824,-0.182678,0.638672,0.72168,down
395151,-5.078125,8.578125,1.441406,1.275391,-0.669922,0.037109,0.194824,-0.182678,0.638672,0.72168,down
395156,-5.039062,8.621094,1.402344,1.287109,-0.763672,0.037109,0.194824,-0.182678,0.638672,0.72168,down
395161,-5.039062,8.660156,1.402344,1.287109,-0.763672,0.037109,0.199951,-0.176453,0.644653,0.716492,down
395166,-4.925781,8.539063,1.324219,1.287109,-0.763672,0.037109,0.199951,-0.176453,0.644653,0.716492,down
395171,-4.886719,8.429688,1.25,1.287109,-0.763672,0.037109,0.20166,-0.174255,0.646484,0.714844,down
395176,-4.886719,8.316406,1.25,1.046875,-0.830078,0.103516,0.20166,-0.174255,0.646484,0.714844,down
395181,-4.886719,8.273438,1.25,1.046875,-0.830078,0.103516,0.204956,-0.169922,0.649719,0.712036,down
395186,-4.847656,8.089844,1.210938,1.046875,-0.830078,0.103516,0.207947,-0.165771,0.652344,0.709717,down
395191,-4.808594,8.050781,1.09375,0.976562,-0.818359,0.078125,0.207947,-0.165771,0.652344,0.709717,down
395196,-4.773437,8.007813,1.019531,0.976562,-0.818359,0.078125,0.209656,-0.163513,0.653748,0.708435,down
395201,-4.617187,7.890625,1.019531,0.966797,-0.841797,0.070312,0.209656,-0.163513,0.653748,0.708435,down
395206,-4.464844,7.851562,1.019531,0.966797,-0.841797,0.070312,0.212891,-0.159302,0.656372,0.706055,down
395211,-4.425781,7.816406,1.019531,0.966797,-0.841797,0.070312,0.214844,-0.156982,0.657776,0.704651,down
395216,-4.351562,7.773437,0.941406,1.068359,-0.878906,-0.017578,0.218506,-0.152954,0.660522,0.701843,down
395221,-4.273437,7.703125,0.941406,1.068359,-0.878906,-0.017578,0.218506,-0.152954,0.660522,0.701843,down
395226,-4.234375,7.667969,0.828125,1.068359,-0.878906,-0.017578,0.222412,-0.148926,0.663452,0.698669,down
395231,-4.273437,7.667969,0.828125,1.068359,-0.878906,-0.017578,0.222412,-0.148926,0.663452,0.698669,down
395236,-4.273437,7.667969,0.828125,1.136719,-0.828125,-0.125,0.224365,-0.147034,0.664917,0.697083,down
395241,-4.199219,7.589844,0.675781,1.089844,-0.820312,-0.148437,0.226257,-0.145325,0.66626,0.695557,down
395246,-4.199219,7.589844,0.675781,1.044922,-0.828125,-0.183594,0.228271,-0.143555,0.667603,0.69397,down
395252,-4.199219,7.628906,0.710937,1.044922,-0.828125,-0.183594,0.232483,-0.14032,0.669861,0.69104,down
395258,-4.160156,7.546875,0.597656,1.044922,-0.828125,-0.183594,0.234619,-0.138977,0.670715,0.689758,down
395263,-4.273437,7.734375,0.484375,1.044922,-0.828125,-0.183594,0.236694,-0.137756,0.671448,0.688599,down
395268,-4.351562,7.855469,0.445312,0.615234,-0.740234,-0.417969,0.236694,-0.137756,0.671448,0.688599,down
395274,-4.464844,7.933594,0.40625,0.507812,-0.71875,-0.482422,0.236694,-0.137756,0.671448,0.688599,down
395280,-4.65625,8.085938,0.367188,0.507812,-0.71875,-0.482422,0.236694,-0.137756,0.671448,0.688599,down
395286,-4.734375,8.160156,0.328125,0.189453,-0.634766,-0.693359,0.236694,-0.137756,0.671448,0.688599,down
395291,-4.808594,8.238281,0.289063,0.189453,-0.634766,-0.693359,0.250183,-0.134766,0.671875,0.68396,down
395296,-4.886719,8.316406,0.289063,0.189453,-0.634766,-0.693359,0.252502,-0.135132,0.671387,0.683594,down
395301,-4.925781,8.390625,0.253906,0.189453,-0.634766,-0.693359,0.252502,-0.135132,0.671387,0.683594,down
395306,-4.964844,8.433594,0.253906,-0.080078,-0.505859,-0.958984,0.252502,-0.135132,0.671387,0.683594,down
395311,-5.003906,8.503906,0.253906,-0.128906,-0.457031,-0.996094,0.257324,-0.136292,0.669983,0.682922,down
395317,-5.195312,8.695313,0.253906,-0.166016,-0.412109,-1.025391,0.259888,-0.137268,0.669067,0.682617,down
395322,-5.230469,8.777344,0.253906,-0.166016,-0.412109,-1.025391,0.264771,-0.139526,0.667236,0.682068,down
395327,-5.386719,8.964844,0.253906,-0.166016,-0.412109,-1.025391,0.26709,-0.140869,0.666199,0.681885,down
395332,-5.460937,9.042969,0.289063,-0.240234,-0.306641,-1.0625,0.26709,-0.140869,0.666199,0.681885,down
395338,-5.691406,9.234375,0.328125,-0.240234,-0.306641,-1.0625,0.271362,-0.143555,0.664368,0.681458,down
395344,-5.84375,9.386719,0.289063,-0.25,-0.240234,-1.042969,0.271362,-0.143555,0.664368,0.681458,down
395349,-5.960937,9.464844,0.40625,-0.261719,-0.207031,-1.029297,0.271362,-0.143555,0.664368,0.681458,down
395354,-6.113281,9.660156,0.40625,-0.261719,-0.207031,-1.029297,0.277405,-0.148132,0.661377,0.680908,down
395359,-6.191406,9.6875,0.519531,-0.287109,-0.1875,-0.996094,0.277405,-0.148132,0.661377,0.680908,down
395365,-6.191406,9.660156,0.597656,-0.287109,-0.1875,-0.996094,0.281128,-0.151123,0.659424,0.680664,down
395370,-6.265625,9.617188,0.675781,-0.287109,-0.1875,-0.996094,0.282959,-0.152649,0.658386,0.680542,down
395375,-6.265625,9.578125,0.675781,-0.328125,-0.160156,-0.886719,0.282959,-0.152649,0.658386,0.680542,down
395380,-6.304687,9.5,0.75,-0.349609,-0.164062,-0.837891,0.282959,-0.152649,0.658386,0.680542,down
395385,-6.304687,9.460938,0.789062,-0.349609,-0.164062,-0.837891,0.28772,-0.156799,0.655273,0.680603,down
395391,-6.382812,9.421875,0.828125,-0.349609,-0.164062,-0.837891,0.28772,-0.156799,0.655273,0.680603,down
395397,-6.417969,9.464844,0.789062,-0.345703,-0.181641,-0.707031,0.291992,-0.160339,0.652161,0.680908,down
395402,-6.457031,9.503906,0.902344,-0.345703,-0.181641,-0.707031,0.293335,-0.161255,0.651245,0.68103,down
395407,-6.496094,9.503906,0.902344,-0.345703,-0.181641,-0.707031,0.294434,-0.161987,0.650513,0.681091,down
395412,-6.496094,9.542969,0.902344,-0.169922,-0.224609,-0.546875,0.295776,-0.16272,0.649719,0.681091,down
395418,-6.496094,9.542969,0.867187,-0.169922,-0.224609,-0.546875,0.296875,-0.163269,0.64917,0.68103,down
395423,-6.535156,9.503906,0.867187,-0.169922,-0.224609,-0.546875,0.298096,-0.163696,0.648621,0.680908,down
395429,-6.457031,9.503906,0.867187,-0.169922,-0.224609,-0.546875,0.298096,-0.163696,0.648621,0.680908,down
395435,-6.457031,9.503906,0.867187,0.09375,-0.224609,-0.345703,0.300171,-0.164124,0.648071,0.68042,down
395441,-6.417969,9.464844,0.789062,0.09375,-0.224609,-0.345703,0.301208,-0.164185,0.64801,0.680054,down
395446,-6.382812,9.421875,0.75,0.09375,-0.224609,-0.345703,0.301941,-0.164124,0.64801,0.679687,down
395451,-6.34375,9.386719,0.789062,0.28125,-0.164062,-0.119141,0.301941,-0.164124,0.64801,0.679687,down
395456,-6.34375,9.386719,0.789062,0.28125,-0.164062,-0.119141,0.303345,-0.163696,0.648376,0.678833,down
395461,-6.226562,9.277344,0.710937,0.28125,-0.164062,-0.119141,0.303345,-0.163696,0.648376,0.678833,down
395466,-6.152344,9.238281,0.675781,0.330078,-0.107422,-0.021484,0.30426,-0.162964,0.64917,0.677856,down
395471,-6.074219,9.15625,0.675781,0.380859,-0.074219,0.076172,0.30426,-0.162964,0.64917,0.677856,down
395477,-6.035156,8.964844,0.710937,0.398438,-0.050781,0.121094,0.304749,-0.161987,0.650269,0.676758,down
395482,-5.960937,8.921875,0.675781,0.398438,-0.050781,0.121094,0.304871,-0.160767,0.651672,0.67572,down
395487,-5.921875,8.855469,0.710937,0.416016,-0.013672,0.199219,0.304871,-0.160767,0.651672,0.67572,down
395492,-5.84375,8.738281,0.710937,0.416016,-0.013672,0.199219,0.304565,-0.159485,0.653137,0.674683,down
395498,-5.804687,8.539063,0.710937,0.416016,-0.013672,0.199219,0.304321,-0.158813,0.653931,0.674194,down
395503,-5.769531,8.46875,0.75,0.4375,0.019531,0.269531,0.304077,-0.158081,0.654785,0.673706,down
395508,-5.730469,8.429688,0.789062,0.423828,0.027344,0.279297,0.304077,-0.158081,0.654785,0.673706,down
395513,-5.691406,8.390625,0.75,0.423828,0.027344,0.279297,0.303345,-0.156555,0.656494,0.672668,down
395518,-5.652344,8.238281,0.75,0.423828,0.027344,0.279297,0.302979,-0.155762,0.657288,0.672241,down
395523,-5.578125,8.160156,0.789062,0.404297,0.03125,0.306641,0.302979,-0.155762,0.657288,0.672241,down
395528,-5.578125,8.121094,0.789062,0.402344,0.013672,0.314453,0.302979,-0.155762,0.657288,0.672241,down
395534,-5.460937,7.972656,0.789062,0.402344,0.013672,0.314453,0.301758,-0.153381,0.65979,0.670898,down
395539,-5.421875,7.894531,0.828125,0.351563,0.011719,0.318359,0.301758,-0.153381,0.65979,0.670898,down
395545,-5.386719,7.851562,0.789062,0.310547,0.011719,0.314453,0.301758,-0.153381,0.65979,0.670898,down
395551,-5.269531,7.707031,0.789062,0.310547,0.011719,0.314453,0.301758,-0.153381,0.65979,0.670898,down
395556,-5.347656,7.664062,0.789062,0.261719,0.001953,0.302734,0.301758,-0.153381,0.65979,0.670898,down
395562,-5.269531,7.667969,0.75,0.236328,-0.001953,0.291016,0.299316,-0.148926,0.663452,0.669373,down
395567,-5.230469,7.625,0.789062,0.236328,-0.001953,0.291016,0.299011,-0.148254,0.663879,0.66925,down
395573,-5.195312,7.550781,0.828125,0.236328,-0.001953,0.291016,0.298706,-0.147583,0.664307,0.669128,down
395578,-5.195312,7.550781,0.828125,0.179687,-0.041016,0.244141,0.298401,-0.146851,0.664734,0.669006,down
395583,-5.15625,7.511719,0.828125,0.179687,-0.041016,0.244141,0.298157,-0.14624,0.665039,0.668884,down
395589,-5.117187,7.429687,0.789062,0.179687,-0.041016,0.244141,0.297974,-0.145752,0.665344,0.668823,down
395595,-5.078125,7.390625,0.789062,0.154297,-0.068359,0.195312,0.297791,-0.145081,0.665649,0.668701,down
395600,-5.078125,7.429687,0.75,0.142578,-0.074219,0.171875,0.297791,-0.145081,0.665649,0.668701,down
395605,-5.039062,7.472656,0.75,0.142578,-0.074219,0.171875,0.297791,-0.145081,0.665649,0.668701,down
395610,-5.039062,7.511719,0.75,0.142578,-0.074219,0.171875,0.297546,-0.143494,0.666382,0.668457,down
395615,-5.039062,7.511719,0.789062,0.123047,-0.111328,0.128906,0.297546,-0.143494,0.666382,0.668457,down
395620,-5.003906,7.550781,0.75,0.123047,-0.111328,0.128906,0.297546,-0.142517,0.666748,0.668335,down
395625,-5.039062,7.546875,0.75,0.123047,-0.111328,0.128906,0.297546,-0.142517,0.666748,0.668335,down
395630,-5.078125,7.546875,0.675781,0.123047,-0.111328,0.128906,0.297729,-0.141663,0.666931,0.668213,down
395635,-5.078125,7.589844,0.710937,0.076172,-0.130859,0.058594,0.297729,-0.141663,0.666931,0.668213,down
395640,-5.117187,7.667969,0.710937,0.076172,-0.130859,0.058594,0.297729,-0.141663,0.666931,0.668213,down
395646,-5.078125,7.667969,0.710937,0.076172,-0.130859,0.058594,0.298279,-0.140503,0.667053,0.668091,down
395652,-5.117187,7.738281,0.636719,0.041016,-0.142578,0.001953,0.298279,-0.140503,0.667053,0.668091,down
395657,-5.195312,7.855469,0.636719,0.041016,-0.142578,0.001953,0.298767,-0.139832,0.666992,0.66803,down
395662,-5.230469,7.890625,0.636719,0.023437,-0.154297,-0.015625,0.299072,-0.139526,0.666931,0.66803,down
395667,-5.230469,7.933594,0.675781,0.023437,-0.154297,-0.015625,0.299377,-0.139221,0.66687,0.66803,down
395672,-5.269531,7.96875,0.636719,0.013672,-0.152344,-0.015625,0.299683,-0.138977,0.666809,0.66803,down
395678,-5.230469,7.929687,0.636719,0.013672,-0.152344,-0.015625,0.300232,-0.138489,0.666626,0.668091,down
395683,-5.269531,7.96875,0.636719,-0.005859,-0.154297,-0.009766,0.300598,-0.138184,0.666504,0.668091,down
395689,-5.269531,7.96875,0.636719,-0.005859,-0.154297,-0.009766,0.300842,-0.137939,0.666382,0.668152,down
395694,-5.347656,8.007813,0.636719,-0.025391,-0.138672,-0.019531,0.300842,-0.137939,0.666382,0.668152,down
395701,-5.386719,8.085938,0.597656,-0.025391,-0.138672,-0.019531,0.300842,-0.137939,0.666382,0.668152,down
395707,-5.386719,8.050781,0.597656,-0.039063,-0.111328,-0.021484,0.300842,-0.137939,0.666382,0.668152,down
395712,-5.421875,8.121094,0.597656,-0.039063,-0.111328,-0.021484,0.301819,-0.137207,0.665771,0.668457,down
395718,-5.421875,8.085938,0.597656,-0.025391,-0.089844,-0.007813,0.301819,-0.137207,0.665771,0.668457,down
395723,-5.421875,8.121094,0.597656,-0.025391,-0.089844,-0.007813,0.302368,-0.136719,0.665405,0.66864,down
395728,-5.460937,8.15625,0.597656,-0.025391,-0.089844,-0.007813,0.302551,-0.136597,0.665344,0.668701,down
395733,-5.421875,8.160156,0.597656,-0.025391,-0.089844,-0.007813,0.302612,-0.136414,0.665344,0.668701,down
395739,-5.421875,8.160156,0.597656,-0.025391,-0.089844,-0.007813,0.302734,-0.13623,0.665344,0.66864,down
395744,-5.421875,8.121094,0.636719,0.054687,-0.035156,0.037109,0.302734,-0.13623,0.665344,0.66864,down
395749,-5.421875,8.15625,0.675781,0.054687,-0.035156,0.037109,0.302795,-0.135864,0.665527,0.668518,down
395754,-5.460937,8.121094,0.675781,0.089844,-0.013672,0.058594,0.302795,-0.135681,0.66571,0.668396,down
395760,-5.5,8.15625,0.636719,0.107422,-0.009766,0.066406,0.302795,-0.135681,0.66571,0.668396,down
395765,-5.460937,8.160156,0.675781,0.117188,-0.007813,0.072266,0.302795,-0.135681,0.66571,0.668396,down
395771,-5.5,8.15625,0.636719,0.125,0.0,0.072266,0.302795,-0.135681,0.66571,0.668396,down
395776,-5.460937,8.199219,0.636719,0.121094,0.005859,0.080078,0.302795,-0.135681,0.66571,0.668396,down
395781,-5.5,8.199219,0.636719,0.119141,0.001953,0.087891,0.302795,-0.135681,0.66571,0.668396,down
395786,-5.5,8.121094,0.710937,0.119141,0.001953,0.087891,0.302795,-0.135681,0.66571,0.668396,down
395792,-5.539062,8.121094,0.75,0.117188,0.009766,0.091797,0.302795,-0.135681,0.66571,0.668396,down
395797,-5.5,8.121094,0.710937,0.095703,0.011719,0.089844,0.302795,-0.135681,0.66571,0.668396,down
395803,-5.5,8.085938,0.710937,0.095703,0.011719,0.089844,0.301941,-0.133179,0.667847,0.667114,down
395809,-5.5,8.121094,0.710937,0.095703,0.011719,0.089844,0.301819,-0.132935,0.668091,0.666992,down
395814,-5.539062,8.121094,0.710937,0.095703,-0.001953,0.082031,0.301758,-0.132751,0.668274,0.66687,down
395819,-5.460937,8.085938,0.75,0.082031,-0.009766,0.083984,0.301758,-0.132751,0.668274,0.66687,down
395824,-5.5,8.050781,0.75,0.070312,-0.013672,0.085937,0.301758,-0.132751,0.668274,0.66687,down
395829,-5.460937,7.972656,0.710937,0.0625,-0.023437,0.080078,0.301758,-0.132751,0.668274,0.66687,down
395835,-5.421875,7.96875,0.789062,0.052734,-0.027344,0.083984,0.301758,-0.132751,0.668274,0.66687,down
395840,-5.421875,7.96875,0.789062,0.052734,-0.027344,0.083984,0.301392,-0.13147,0.668945,0.666626,down
395846,-5.421875,7.933594,0.75,0.037109,-0.046875,0.072266,0.301392,-0.13147,0.668945,0.666626,down
395851,-5.421875,7.933594,0.75,0.033203,-0.050781,0.072266,0.301392,-0.13147,0.668945,0.666626,down
395857,-5.386719,7.851562,0.75,0.025391,-0.060547,0.0625,0.301453,-0.130432,0.669067,0.666687,down
395862,-5.347656,7.851562,0.710937,0.025391,-0.060547,0.0625,0.301453,-0.130432,0.669067,0.666687,down
395867,-5.386719,7.8125,0.710937,0.021484,-0.064453,0.052734,0.301453,-0.130432,0.669067,0.666687,down
395872,-5.347656,7.777344,0.675781,0.021484,-0.064453,0.052734,0.301514,-0.129944,0.669128,0.666687,down
395877,-5.347656,7.738281,0.710937,0.03125,-0.064453,0.046875,0.301636,-0.129456,0.669128,0.666687,down
395882,-5.347656,7.738281,0.710937,0.03125,-0.064453,0.046875,0.301636,-0.129456,0.669128,0.666687,down
395887,-5.347656,7.703125,0.710937,0.058594,-0.054687,0.037109,0.301636,-0.129456,0.669128,0.666687,down
395892,-5.308594,7.773437,0.710937,0.058594,-0.054687,0.037109,0.301758,-0.128967,0.66925,0.666626,down
395897,-5.308594,7.816406,0.710937,0.058594,-0.054687,0.037109,0.301819,-0.128723,0.669373,0.666565,down
395902,-5.308594,7.773437,0.675781,0.058594,-0.054687,0.037109,0.30188,-0.12854,0.669434,0.666443,down
395908,-5.347656,7.8125,0.675781,0.080078,-0.041016,0.029297,0.30188,-0.12854,0.669434,0.666443,down
395913,-5.386719,7.8125,0.675781,0.080078,-0.041016,0.029297,0.302063,-0.12793,0.6698,0.666138,down
395918,-5.421875,7.851562,0.675781,0.080078,-0.039063,0.015625,0.302063,-0.12793,0.6698,0.666138,down
395923,-5.386719,7.894531,0.675781,0.074219,-0.033203,0.003906,0.302185,-0.127747,0.669922,0.666016,down
395928,-5.386719,7.851562,0.675781,0.074219,-0.033203,0.003906,0.302368,-0.127441,0.670105,0.665771,down
395933,-5.421875,7.851562,0.675781,0.074219,-0.033203,0.003906,0.302429,-0.127319,0.670227,0.66571,down
395938,-5.421875,7.894531,0.675781,0.058594,-0.023437,-0.007813,0.302429,-0.127319,0.670227,0.66571,down
395943,-5.421875,7.894531,0.675781,0.058594,-0.023437,-0.007813,0.302612,-0.127075,0.67041,0.665466,down
395948,-5.460937,7.890625,0.675781,0.058594,-0.023437,-0.007813,0.302673,-0.127014,0.670471,0.665405,down
395954,-5.421875,7.933594,0.675781,0.058594,-0.023437,-0.007813,0.302795,-0.126953,0.670532,0.665283,down
395959,-5.5,7.929687,0.675781,0.039063,-0.011719,-0.029297,0.302917,-0.126892,0.670532,0.665222,down
395964,-5.460937,7.972656,0.710937,0.039063,-0.011719,-0.029297,0.302979,-0.126892,0.670593,0.6651,down
395970,-5.460937,7.933594,0.636719,0.039063,-0.011719,-0.029297,0.303101,-0.126831,0.670654,0.665039,down
395975,-5.472656,8.011719,0.683594,0.050781,-0.025391,-0.033203,0.303223,-0.12677,0.670715,0.664917,down
395981,-5.472656,8.011719,0.644531,0.050781,-0.019531,-0.041016,0.303223,-0.12677,0.670715,0.664917,down
395987,-5.507812,8.050781,0.683594,0.050781,-0.019531,-0.041016,0.303589,-0.126648,0.670898,0.664551,down
395992,-5.546875,8.046875,0.683594,0.050781,-0.019531,-0.041016,0.303589,-0.126648,0.670898,0.664551,down
395997,-5.507812,8.085938,0.683594,0.052734,-0.017578,-0.035156,0.303589,-0.126648,0.670898,0.664551,down
396002,-5.546875,8.089844,0.683594,0.052734,-0.017578,-0.035156,0.303833,-0.126587,0.671082,0.664368,down
396007,-5.507812,8.050781,0.644531,0.052734,-0.017578,-0.035156,0.303955,-0.126526,0.671143,0.664246,down
396013,-5.507812,8.050781,0.644531,0.0625,-0.021484,-0.029297,0.303955,-0.126526,0.671143,0.664246,down
396018,-5.472656,8.046875,0.683594,0.070312,-0.017578,-0.03125,0.303955,-0.126526,0.671143,0.664246,down
396023,-5.472656,8.046875,0.683594,0.070312,-0.017578,-0.03125,0.304382,-0.126282,0.671509,0.663696,down
396028,-5.472656,8.046875,0.683594,0.070312,-0.017578,-0.03125,0.304382,-0.126282,0.671509,0.663696,down
396033,-5.472656,8.089844,0.644531,0.076172,-0.007813,-0.017578,0.304382,-0.126282,0.671509,0.663696,down
396038,-5.507812,8.085938,0.644531,0.085937,-0.001953,-0.017578,0.304382,-0.126282,0.671509,0.663696,down
396043,-5.507812,8.085938,0.683594,0.09375,-0.001953,-0.005859,0.304626,-0.126038,0.671875,0.663269,down
396048,-5.507812,8.050781,0.644531,0.09375,-0.001953,-0.005859,0.304749,-0.125854,0.67218,0.662903,down
396053,-5.472656,8.046875,0.644531,0.09375,-0.001953,-0.005859,0.30481,-0.125793,0.672363,0.66272,down
396058,-5.507812,8.011719,0.605469,0.09375,-0.001953,-0.005859,0.304871,-0.125671,0.672546,0.662476,down
396063,-5.472656,8.050781,0.605469,0.09375,-0.001953,-0.005859,0.304871,-0.125671,0.672546,0.662476,down
396068,-5.507812,8.089844,0.605469,0.087891,0.001953,-0.023437,0.304871,-0.125671,0.672546,0.662476,down
396073,-5.507812,8.050781,0.644531,0.087891,0.001953,-0.023437,0.305115,-0.125488,0.673035,0.661987,down
396078,-5.507812,8.050781,0.644531,0.087891,0.001953,-0.023437,0.305176,-0.125488,0.673157,0.661804,down
396083,-5.472656,8.085938,0.605469,0.087891,0.001953,-0.023437,0.305176,-0.125488,0.673157,0.661804,down
396088,-5.507812,8.046875,0.566406,0.050781,0.013672,-0.037109,0.305176,-0.125488,0.673157,0.661804,down
396093,-5.472656,8.085938,0.605469,0.050781,0.013672,-0.037109,0.305298,-0.125427,0.67334,0.661499,down
396099,-5.472656,8.085938,0.566406,0.044922,0.009766,-0.033203,0.305481,-0.125427,0.673523,0.661316,down
396104,-5.472656,8.085938,0.605469,0.023437,0.001953,-0.037109,0.305542,-0.125488,0.673584,0.661194,down
396109,-5.394531,8.007813,0.683594,0.023437,0.001953,-0.037109,0.305603,-0.125488,0.673584,0.661133,down
396114,-5.394531,8.011719,0.605469,0.017578,0.007813,-0.03125,0.305603,-0.125488,0.673584,0.661133,down
396119,-5.433594,8.011719,0.605469,0.017578,0.007813,-0.03125,0.305725,-0.125549,0.673645,0.661011,down
396124,-5.433594,7.972656,0.644531,0.017578,0.007813,-0.03125,0.305786,-0.125549,0.673706,0.66095,down
396129,-5.394531,7.933594,0.605469,0.017578,0.007813,-0.03125,0.305847,-0.12561,0.673767,0.660889,down
396134,-5.433594,7.96875,0.605469,0.029297,0.005859,-0.042969,0.305908,-0.12561,0.673767,0.660767,down
396139,-5.433594,7.933594,0.605469,0.029297,0.005859,-0.042969,0.30603,-0.12561,0.673828,0.660706,down
396145,-5.433594,7.972656,0.644531,0.046875,0.005859,-0.048828,0.306091,-0.12561,0.673889,0.660583,down
396150,-5.433594,7.929687,0.644531,0.046875,0.005859,-0.048828,0.306213,-0.125671,0.67395,0.660461,down
396155,-5.472656,7.972656,0.566406,0.048828,0.015625,-0.060547,0.306335,-0.125732,0.674072,0.660339,down
396161,-5.472656,7.96875,0.644531,0.039063,0.011719,-0.064453,0.306335,-0.125732,0.674072,0.660339,down
396167,-5.472656,7.96875,0.644531,0.039063,0.011719,-0.064453,0.306335,-0.125732,0.674072,0.660339,down
396173,-5.472656,7.96875,0.644531,0.035156,0.009766,-0.064453,0.306335,-0.125732,0.674072,0.660339,down
396178,-5.472656,7.972656,0.566406,0.013672,0.009766,-0.072266,0.306335,-0.125732,0.674072,0.660339,down
396184,-5.472656,7.972656,0.605469,0.013672,0.009766,-0.072266,0.307007,-0.12616,0.674316,0.659668,down
396189,-5.472656,8.007813,0.605469,0.011719,0.007813,-0.070312,0.307129,-0.126221,0.674316,0.659546,down
396195,-5.472656,8.007813,0.605469,0.011719,0.007813,-0.070312,0.307251,-0.126343,0.674316,0.659485,down
396200,-5.472656,8.046875,0.644531,0.011719,0.007813,-0.070312,0.307373,-0.126404,0.674316,0.659363,down
396206,-5.507812,8.007813,0.644531,0.011719,0.007813,-0.070312,0.307373,-0.126404,0.674316,0.659363,down
396211,-5.507812,8.046875,0.605469,0.005859,0.005859,-0.068359,0.307373,-0.126404,0.674316,0.659363,down
396217,-5.507812,8.050781,0.644531,0.011719,-0.001953,-0.072266,0.307373,-0.126404,0.674316,0.659363,down
396222,-5.507812,8.046875,0.605469,0.011719,-0.001953,-0.072266,0.307373,-0.126404,0.674316,0.659363,down
396228,-5.507812,8.046875,0.605469,0.009766,-0.003906,-0.072266,0.307373,-0.126404,0.674316,0.659363,down
396233,-5.507812,8.046875,0.566406,0.015625,-0.001953,-0.070312,0.307373,-0.126404,0.674316,0.659363,down
396238,-5.507812,8.046875,0.566406,0.011719,-0.005859,-0.076172,0.308472,-0.127075,0.674316,0.658752,down
396243,-5.507812,8.089844,0.605469,0.011719,-0.005859,-0.076172,0.308472,-0.127075,0.674316,0.658752,down
396248,-5.546875,8.050781,0.566406,0.023437,-0.009766,-0.064453,0.308472,-0.127075,0.674316,0.658752,down
396253,-5.507812,8.046875,0.605469,0.017578,-0.007813,-0.064453,0.308472,-0.127075,0.674316,0.658752,down
396259,-5.507812,8.011719,0.605469,0.017578,-0.007813,-0.064453,0.309021,-0.127258,0.674377,0.658447,down
396264,-5.585937,8.046875,0.566406,0.027344,-0.003906,-0.056641,0.309143,-0.127319,0.674377,0.658325,down
396269,-5.546875,8.050781,0.605469,0.029297,-0.001953,-0.044922,0.309265,-0.127319,0.674438,0.658264,down
396274,-5.507812,8.089844,0.605469,0.029297,-0.001953,-0.044922,0.309387,-0.127319,0.674438,0.658142,down
396279,-5.507812,8.046875,0.566406,0.029297,-0.001953,-0.044922,0.309448,-0.127319,0.6745,0.658081,down
396284,-5.546875,8.085938,0.566406,0.052734,-0.005859,-0.041016,0.30957,-0.127319,0.674561,0.657959,down
396289,-5.546875,8.121094,0.605469,0.052734,-0.005859,-0.041016,0.309692,-0.127319,0.674683,0.657776,down
396294,-5.546875,8.121094,0.566406,0.052734,-0.005859,-0.041016,0.309753,-0.127258,0.674744,0.657654,down
396299,-5.546875,8.121094,0.605469,0.068359,-0.003906,-0.033203,0.309875,-0.127258,0.674866,0.657532,down
396304,-5.546875,8.121094,0.566406,0.068359,-0.005859,-0.025391,0.309875,-0.127258,0.674866,0.657532,down
396309,-5.546875,8.121094,0.605469,0.068359,-0.005859,-0.025391,0.310059,-0.127136,0.675049,0.657288,down
396314,-5.585937,8.117188,0.605469,0.068359,-0.005859,-0.025391,0.31012,-0.127075,0.675171,0.657166,down
396319,-5.546875,8.121094,0.605469,0.056641,-0.013672,-0.017578,0.31012,-0.127075,0.675171,0.657166,down
396324,-5.585937,8.15625,0.566406,0.056641,-0.013672,-0.017578,0.310303,-0.126953,0.675293,0.656921,down
396329,-5.546875,8.121094,0.566406,0.056641,-0.013672,-0.017578,0.310364,-0.126892,0.675354,0.65686,down
396334,-5.507812,8.15625,0.566406,0.029297,-0.025391,-0.025391,0.310486,-0.126831,0.675354,0.656799,down
396340,-5.507812,8.089844,0.605469,0.029297,-0.025391,-0.025391,0.310608,-0.12677,0.675415,0.656738,down
396345,-5.546875,8.085938,0.566406,0.021484,-0.021484,-0.025391,0.310608,-0.12677,0.675415,0.656738,down
396351,-5.507812,8.046875,0.605469,0.021484,-0.021484,-0.025391,0.310791,-0.126709,0.675415,0.656616,down
396356,-5.507812,8.011719,0.566406,0.003906,-0.025391,-0.033203,0.310852,-0.126648,0.675415,0.656616,down
396362,-5.472656,8.011719,0.527344,0.001953,-0.025391,-0.027344,0.310852,-0.126648,0.675415,0.656616,down
396368,-5.472656,8.007813,0.566406,0.001953,-0.025391,-0.027344,0.310852,-0.126648,0.675415,0.656616,down
396373,-5.472656,8.007813,0.566406,0.015625,-0.023437,-0.027344,0.310852,-0.126648,0.675415,0.656616,down
396378,-5.472656,8.011719,0.527344,0.017578,-0.021484,-0.025391,0.310852,-0.126648,0.675415,0.656616,down
396383,-5.433594,8.046875,0.566406,0.017578,-0.021484,-0.025391,0.311401,-0.126526,0.675354,0.656433,down
396388,-5.472656,8.046875,0.527344,0.017578,-0.021484,-0.025391,0.311523,-0.126465,0.675415,0.656372,down
396393,-5.433594,8.011719,0.566406,0.037109,-0.023437,-0.011719,0.311523,-0.126465,0.675415,0.656372,down
396398,-5.472656,8.050781,0.566406,0.037109,-0.023437,-0.011719,0.311707,-0.126282,0.675476,0.65625,down
396403,-5.433594,8.046875,0.566406,0.037109,-0.023437,-0.011719,0.311768,-0.126221,0.675476,0.656189,down
396409,-5.472656,8.007813,0.566406,0.044922,-0.029297,-0.003906,0.311768,-0.126221,0.675476,0.656189,down
396414,-5.433594,8.046875,0.566406,0.048828,-0.027344,0.005859,0.311768,-0.126221,0.675476,0.656189,down
396419,-5.433594,8.050781,0.527344,0.048828,-0.027344,0.005859,0.312012,-0.125732,0.675781,0.655884,down
396424,-5.507812,8.050781,0.527344,0.048828,-0.027344,0.005859,0.312073,-0.125549,0.675842,0.655823,down
396429,-5.433594,8.007813,0.527344,0.048828,-0.027344,0.005859,0.312073,-0.125549,0.675842,0.655823,down
396434,-5.433594,8.046875,0.566406,0.0625,-0.023437,0.007813,0.312073,-0.125549,0.675842,0.655823,down
396439,-5.433594,8.007813,0.527344,0.0625,-0.023437,0.007813,0.312256,-0.125122,0.676086,0.655518,down
396444,-5.433594,8.007813,0.527344,0.068359,-0.013672,0.005859,0.312256,-0.125122,0.676086,0.655518,down
396449,-5.433594,8.007813,0.492187,0.068359,-0.013672,0.005859,0.312378,-0.124878,0.676331,0.655273,down
396454,-5.433594,8.050781,0.492187,0.068359,-0.013672,0.005859,0.312378,-0.124878,0.676331,0.655273,down
396459,-5.472656,8.089844,0.492187,0.064453,-0.013672,0.009766,0.312378,-0.124756,0.676453,0.655212,down
396465,-5.472656,8.089844,0.527344,0.064453,-0.013672,0.009766,0.3125,-0.124512,0.676636,0.654968,down
396470,-5.472656,8.046875,0.492187,0.064453,-0.013672,0.009766,0.3125,-0.12439,0.676758,0.654907,down
396476,-5.472656,8.089844,0.527344,0.064453,-0.013672,0.009766,0.312561,-0.124329,0.676758,0.654846,down
396481,-5.433594,8.007813,0.527344,0.064453,-0.013672,0.009766,0.312622,-0.124207,0.676819,0.654785,down
396487,-5.433594,8.007813,0.527344,0.015625,-0.027344,-0.001953,0.312622,-0.124207,0.676819,0.654785,down
396492,-5.433594,7.972656,0.527344,0.015625,-0.027344,-0.001953,0.312744,-0.124023,0.676819,0.654724,down
396498,-5.433594,7.972656,0.492187,0.0,-0.027344,0.001953,0.312744,-0.124023,0.676819,0.654724,down
396503,-5.433594,7.96875,0.566406,0.0,-0.03125,-0.005859,0.312744,-0.124023,0.676819,0.654724,down
396509,-5.472656,7.933594,0.527344,-0.007813,-0.035156,-0.005859,0.312744,-0.124023,0.676819,0.654724,down
396514,-5.433594,7.972656,0.527344,-0.007813,-0.035156,-0.005859,0.31311,-0.123596,0.676697,0.654785,down
396519,-5.507812,7.972656,0.527344,-0.007813,-0.035156,-0.005859,0.31311,-0.123596,0.676697,0.654785,down
396524,-5.507812,7.972656,0.492187,0.005859,-0.046875,-0.005859,0.31311,-0.123596,0.676697,0.654785,down
396529,-5.507812,7.972656,0.527344,0.005859,-0.046875,-0.005859,0.313416,-0.123291,0.676636,0.654724,down
396534,-5.472656,7.96875,0.527344,0.005859,-0.046875,-0.005859,0.313416,-0.123291,0.676636,0.654724,down
396539,-5.507812,7.929687,0.527344,0.011719,-0.046875,-0.005859,0.313416,-0.123291,0.676636,0.654724,down
396545,-5.472656,7.933594,0.527344,0.011719,-0.046875,-0.005859,0.313721,-0.122986,0.676636,0.654663,down
396551,-5.472656,7.933594,0.492187,0.011719,-0.046875,-0.005859,0.313843,-0.122864,0.676636,0.654663,down
396556,-5.472656,7.894531,0.492187,-0.001953,-0.039063,-0.009766,0.313965,-0.122803,0.676575,0.654663,down
396561,-5.507812,7.929687,0.492187,-0.001953,-0.039063,-0.019531,0.313965,-0.122803,0.676575,0.654663,down
396566,-5.472656,7.894531,0.453125,-0.001953,-0.039063,-0.019531,0.314148,-0.122681,0.676514,0.654663,down
396571,-5.507812,7.890625,0.492187,-0.005859,-0.039063,-0.017578,0.314148,-0.122681,0.676514,0.654663,down
396578,-5.507812,7.890625,0.527344,0.003906,-0.037109,-0.017578,0.314148,-0.122681,0.676514,0.654663,down
396584,-5.546875,7.933594,0.492187,0.003906,-0.037109,-0.011719,0.314514,-0.122375,0.676392,0.654663,down
396589,-5.507812,7.929687,0.527344,0.003906,-0.037109,-0.011719,0.314514,-0.122375,0.676392,0.654663,down
396594,-5.507812,7.929687,0.527344,0.023437,-0.037109,-0.007813,0.314514,-0.122375,0.676392,0.654663,down
396599,-5.472656,7.96875,0.492187,0.039063,-0.035156,-0.009766,0.314514,-0.122375,0.676392,0.654663,down
396604,-5.546875,7.96875,0.492187,0.039063,-0.035156,-0.009766,0.314819,-0.12207,0.676514,0.65448,down
396609,-5.546875,8.011719,0.492187,0.058594,-0.046875,0.001953,0.314819,-0.12207,0.676514,0.65448,down
396614,-5.507812,7.972656,0.492187,0.060547,-0.041016,-0.001953,0.314819,-0.12207,0.676514,0.65448,down
396619,-5.546875,8.011719,0.453125,0.060547,-0.041016,-0.001953,0.315125,-0.121643,0.676697,0.654236,down
396624,-5.546875,8.046875,0.492187,0.060547,-0.041016,-0.001953,0.315186,-0.12146,0.676758,0.654114,down
396629,-5.546875,8.011719,0.492187,0.041016,-0.046875,0.001953,0.315186,-0.12146,0.676758,0.654114,down
396634,-5.546875,8.046875,0.453125,0.041016,-0.046875,0.001953,0.31543,-0.121155,0.67688,0.653992,down
396640,-5.546875,8.046875,0.453125,0.041016,-0.046875,0.001953,0.315613,-0.12085,0.676941,0.65387,down
396646,-5.546875,8.011719,0.453125,0.027344,-0.050781,0.001953,0.315735,-0.120667,0.676941,0.65387,down
396651,-5.546875,8.046875,0.492187,0.027344,-0.050781,0.001953,0.315796,-0.120544,0.676941,0.653809,down
396657,-5.546875,8.011719,0.414062,0.027344,-0.050781,0.001953,0.315918,-0.120422,0.676941,0.653809,down
396662,-5.546875,8.046875,0.492187,0.021484,-0.050781,0.005859,0.315918,-0.120422,0.676941,0.653809,down
396667,-5.507812,8.007813,0.527344,0.027344,-0.054687,0.011719,0.315918,-0.120422,0.676941,0.653809,down
396673,-5.507812,7.972656,0.492187,0.023437,-0.052734,0.007813,0.315918,-0.120422,0.676941,0.653809,down
396678,-5.546875,8.011719,0.453125,0.029297,-0.044922,0.009766,0.315918,-0.120422,0.676941,0.653809,down
396684,-5.507812,7.929687,0.453125,0.039063,-0.050781,0.009766,0.315918,-0.120422,0.676941,0.653809,down
396689,-5.472656,7.96875,0.492187,0.039063,-0.050781,0.009766,0.316467,-0.119507,0.677002,0.653625,down
396694,-5.472656,7.96875,0.453125,0.039063,-0.050781,0.009766,0.316528,-0.119324,0.677063,0.653564,down
396699,-5.507812,7.972656,0.453125,0.037109,-0.039063,0.011719,0.316528,-0.119324,0.677063,0.653564,down
396705,-5.472656,7.96875,0.453125,0.044922,-0.035156,0.011719,0.316528,-0.119324,0.677063,0.653564,down
396710,-5.472656,7.96875,0.453125,0.054687,-0.035156,0.015625,0.316833,-0.118774,0.677246,0.65332,down
396715,-5.507812,8.007813,0.527344,0.050781,-0.025391,0.017578,0.316895,-0.118591,0.677307,0.653259,down
396720,-5.507812,7.929687,0.492187,0.050781,-0.025391,0.017578,0.316895,-0.118469,0.677368,0.653198,down
396725,-5.507812,7.972656,0.492187,0.058594,-0.029297,0.015625,0.316895,-0.118469,0.677368,0.653198,down
396731,-5.546875,7.933594,0.453125,0.058594,-0.029297,0.015625,0.317017,-0.118164,0.677551,0.653015,down
396736,-5.507812,7.929687,0.492187,0.058594,-0.03125,0.015625,0.317078,-0.117981,0.677612,0.652954,down
396742,-5.507812,7.972656,0.492187,0.054687,-0.033203,0.011719,0.317078,-0.117981,0.677612,0.652954,down
396747,-5.546875,7.933594,0.492187,0.054687,-0.033203,0.011719,0.3172,-0.117676,0.677795,0.652771,down
396752,-5.585937,7.972656,0.492187,0.046875,-0.037109,0.005859,0.3172,-0.117676,0.677795,0.652771,down
396758,-5.585937,7.972656,0.492187,0.046875,-0.039063,0.001953,0.3172,-0.117676,0.677795,0.652771,down
396763,-5.546875,8.011719,0.527344,0.050781,-0.041016,-0.003906,0.3172,-0.117676,0.677795,0.652771,down
396768,-5.585937,7.972656,0.492187,0.035156,-0.044922,-0.007813,0.3172,-0.117676,0.677795,0.652771,down
396773,-5.585937,7.972656,0.492187,0.027344,-0.042969,-0.011719,0.3172,-0.117676,0.677795,0.652771,down
396778,-5.585937,7.929687,0.492187,0.029297,-0.048828,-0.009766,0.3172,-0.117676,0.677795,0.652771,down
396783,-5.585937,8.007813,0.492187,0.029297,-0.048828,-0.009766,0.3172,-0.117676,0.677795,0.652771,down
396789,-5.546875,8.011719,0.492187,0.029297,-0.048828,-0.009766,0.318054,-0.116699,0.67804,0.652283,down
397852,-5.316406,7.933594,0.183594,0.054687,0.058594,-0.044922,0.328552,-0.099304,0.692627,0.634399,down
397857,-5.242187,7.890625,0.183594,0.054687,0.058594,-0.044922,0.328552,-0.099304,0.692627,0.634399,down
397862,-5.203125,7.890625,0.144531,0.089844,0.078125,-0.046875,0.328552,-0.099304,0.692627,0.634399,down
397868,-5.164062,7.929687,0.144531,0.089844,0.078125,-0.046875,0.328491,-0.099609,0.693237,0.633728,down
397874,-5.125,7.929687,0.144531,0.089844,0.078125,-0.046875,0.32843,-0.099731,0.69342,0.633545,down
397880,-5.125,7.929687,0.183594,0.082031,0.101563,-0.056641,0.32843,-0.099915,0.693665,0.63324,down
397886,-5.089844,7.972656,0.105469,0.070312,0.130859,-0.0625,0.32843,-0.099915,0.693665,0.63324,down
397891,-5.125,8.007813,0.144531,0.070312,0.130859,-0.0625,0.328247,-0.100281,0.694031,0.632874,down
397897,-5.125,8.046875,0.105469,0.068359,0.140625,-0.064453,0.328247,-0.100281,0.694031,0.632874,down
397902,-5.125,8.121094,0.144531,0.054687,0.144531,-0.064453,0.328247,-0.100281,0.694031,0.632874,down
397907,-5.089844,8.085938,0.105469,0.054687,0.144531,-0.064453,0.327881,-0.101074,0.694702,0.632202,down
397912,-5.050781,8.085938,0.144531,0.039063,0.191406,-0.078125,0.327881,-0.101074,0.694702,0.632202,down
397917,-5.050781,8.121094,0.144531,0.039063,0.191406,-0.078125,0.327576,-0.101746,0.695068,0.631836,down
397923,-5.011719,8.089844,0.144531,0.039063,0.191406,-0.078125,0.327148,-0.102478,0.695496,0.63147,down
397928,-4.972656,8.15625,0.183594,0.039063,0.191406,-0.078125,0.326843,-0.102966,0.69574,0.631287,down
397934,-4.933594,8.121094,0.183594,0.03125,0.248047,-0.072266,0.326599,-0.103333,0.695923,0.631104,down
397940,-4.933594,8.121094,0.144531,0.033203,0.257813,-0.060547,0.326294,-0.103821,0.696167,0.63092,down
397946,-4.898437,8.160156,0.183594,0.025391,0.271484,-0.068359,0.326294,-0.103821,0.696167,0.63092,down
397952,-4.898437,8.160156,0.183594,0.027344,0.300781,-0.054687,0.326294,-0.103821,0.696167,0.63092,down
397957,-4.898437,8.195313,0.183594,0.027344,0.300781,-0.054687,0.325195,-0.105286,0.69696,0.630371,down
397962,-4.859375,8.234375,0.222656,0.033203,0.3125,-0.050781,0.325195,-0.105286,0.69696,0.630371,down
397967,-4.859375,8.234375,0.222656,0.015625,0.345703,-0.042969,0.324341,-0.106384,0.697571,0.630005,down
397972,-4.859375,8.277344,0.183594,0.015625,0.345703,-0.042969,0.32373,-0.106995,0.697876,0.629822,down
397977,-4.859375,8.351563,0.183594,0.015625,0.345703,-0.042969,0.323242,-0.107605,0.698181,0.6297,down
397983,-4.859375,8.394531,0.144531,0.011719,0.376953,-0.041016,0.322144,-0.108765,0.698792,0.629395,down
397988,-4.742187,8.351563,0.144531,0.021484,0.404297,-0.029297,0.321472,-0.109436,0.699158,0.62915,down
397993,-4.589844,8.351563,0.105469,0.021484,0.404297,-0.029297,0.320801,-0.110107,0.699524,0.628967,down
397999,-4.511719,8.351563,0.070312,0.021484,0.404297,-0.029297,0.32019,-0.110657,0.69989,0.628784,down
398004,-4.511719,8.390625,-0.007813,0.050781,0.453125,-0.029297,0.32019,-0.110657,0.69989,0.628784,down
398010,-4.511719,8.472656,-0.007813,0.056641,0.474609,-0.035156,0.318604,-0.112183,0.700806,0.628296,down
398015,-4.511719,8.539063,-0.121094,0.056641,0.474609,-0.035156,0.317993,-0.112854,0.701233,0.628052,down
398021,-4.550781,8.660156,-0.160156,0.050781,0.505859,-0.091797,0.317993,-0.112854,0.701233,0.628052,down
398027,-4.589844,8.8125,-0.199219,0.037109,0.527344,-0.136719,0.315857,-0.115662,0.702576,0.627075,down
398032,-4.703125,9.121094,-0.277344,0.037109,0.527344,-0.136719,0.315247,-0.116943,0.702942,0.62677,down
398037,-4.742187,9.238281,-0.3125,0.037109,0.527344,-0.136719,0.315247,-0.116943,0.702942,0.62677,down
398042,-4.742187,9.238281,-0.3125,-0.125,0.591797,-0.298828,0.314636,-0.118347,0.703186,0.626526,down
398047,-4.78125,9.347656,-0.351563,-0.125,0.591797,-0.298828,0.314026,-0.120056,0.703308,0.626404,down
398052,-4.933594,9.308594,-0.390625,-0.326172,0.669922,-0.439453,0.314026,-0.120056,0.703308,0.626404,down
398057,-5.050781,9.117188,-0.390625,-0.619141,0.753906,-0.59375,0.314026,-0.120056,0.703308,0.626404,down
398062,-5.050781,8.921875,-0.351563,-0.755859,0.785156,-0.697266,0.312256,-0.126709,0.702576,0.62677,down
398067,-5.089844,8.660156,-0.199219,-0.755859,0.785156,-0.697266,0.311646,-0.129761,0.701843,0.627258,down
398072,-5.164062,8.503906,-0.277344,-0.755859,0.785156,-0.697266,0.311218,-0.132812,0.700989,0.627747,down
398077,-5.203125,8.539063,-0.390625,-0.994141,0.847656,-0.990234,0.311218,-0.132812,0.700989,0.627747,down
398082,-5.164062,8.777344,-0.3125,-1.101563,0.855469,-1.160156,0.310791,-0.144958,0.696899,0.629822,down
398087,-5.394531,8.660156,-0.160156,-1.101563,0.855469,-1.160156,0.310791,-0.144958,0.696899,0.629822,down
398092,-5.585937,8.617188,-0.199219,-1.101563,0.855469,-1.160156,0.310974,-0.150208,0.695068,0.630615,down
398098,-5.699219,8.734375,-0.238281,-1.417969,1.078125,-1.941406,0.310974,-0.150208,0.695068,0.630615,down
398103,-6.121094,9.117188,-0.390625,-1.417969,1.078125,-1.941406,0.3125,-0.167236,0.689026,0.632202,down
398109,-6.3125,9.273438,-0.390625,-1.417969,1.078125,-1.941406,0.313538,-0.174988,0.686096,0.632751,down
398114,-6.503906,9.726563,-0.429687,-1.894531,1.183594,-2.484375,0.314453,-0.182007,0.683228,0.633362,down
398119,-6.503906,9.960938,-0.429687,-2.136719,1.21875,-2.640625,0.314453,-0.182007,0.683228,0.633362,down
398125,-7.042969,10.109375,-0.503906,-2.136719,1.21875,-2.640625,0.316589,-0.197693,0.676086,0.635315,down
398131,-7.273437,10.109375,-0.734375,-2.677734,1.382813,-2.830078,0.316589,-0.197693,0.676086,0.635315,down
398136,-7.347656,10.347656,-0.886719,-3.0,1.482422,-2.875,0.316589,-0.197693,0.676086,0.635315,down
398142,-7.578125,10.535156,-1.003906,-3.292969,1.535156,-2.875,0.316589,-0.197693,0.676086,0.635315,down
398147,-7.847656,10.609375,-1.042969,-3.292969,1.535156,-2.875,0.316589,-0.197693,0.676086,0.635315,down
398152,-7.847656,10.609375,-1.042969,-3.556641,1.572266,-2.849609,0.318298,-0.245483,0.64917,0.645752,down
398158,-9.070313,10.308594,-1.15625,-3.556641,1.572266,-2.849609,0.318298,-0.245483,0.64917,0.645752,down
398163,-9.339844,10.109375,-1.195313,-3.556641,1.572266,-2.849609,0.314697,-0.277893,0.627014,0.65625,down
398168,-9.683594,10.226563,-1.195313,-4.427734,1.916016,-2.429688,0.314697,-0.277893,0.627014,0.65625,down
398173,-10.679688,9.808594,-1.15625,-4.427734,1.916016,-2.429688,0.312744,-0.288208,0.619568,0.65979,down
398178,-10.867188,10.113281,-1.15625,-4.427734,1.916016,-2.429688,0.308105,-0.307678,0.605286,0.666321,down
398183,-11.21875,10.804688,-1.117188,-4.427734,1.916016,-2.429688,0.30542,-0.317444,0.598145,0.669495,down
398188,-11.523438,11.378906,-1.15625,-4.052734,1.990234,-1.970703,0.302307,-0.327698,0.590515,0.672668,down
398193,-12.25,11.722656,-0.773437,-4.052734,1.990234,-1.970703,0.302307,-0.327698,0.590515,0.672668,down
398198,-12.554688,11.722656,-0.503906,-4.052734,1.990234,-1.970703,0.296204,-0.345459,0.576843,0.678406,down
398203,-12.863281,11.53125,-0.503906,-4.052734,1.990234,-1.970703,0.296204,-0.345459,0.576843,0.678406,down
398209,-13.214844,11.378906,-0.660156,-3.998047,1.902344,-1.46875,0.289124,-0.361023,0.564026,0.684021,down
398214,-13.625,10.6875,-0.582031,-3.998047,1.902344,-1.46875,0.289124,-0.361023,0.564026,0.684021,down
398219,-13.625,10.6875,-0.582031,-4.15625,1.744141,-1.128906,0.284851,-0.368958,0.557007,0.687378,down
398224,-13.667969,9.847656,-0.085937,-4.15625,1.744141,-1.128906,0.275085,-0.383911,0.542053,0.695068,down
398230,-13.9375,8.503906,0.492187,-4.15625,1.744141,-1.128906,0.275085,-0.383911,0.542053,0.695068,down
398235,-14.007813,8.199219,0.71875,-4.605469,1.439453,-0.376953,0.275085,-0.383911,0.542053,0.695068,down
398240,-14.167969,7.96875,0.949219,-4.642578,1.3125,-0.177734,0.258972,-0.401794,0.520569,0.707458,down
398246,-14.125,7.703125,1.332031,-4.623047,1.150391,0.029297,0.258972,-0.401794,0.520569,0.707458,down
398252,-14.089844,7.316406,2.136719,-4.361328,0.853516,0.417969,0.258972,-0.401794,0.520569,0.707458,down
398257,-14.128906,7.050781,2.367188,-4.361328,0.853516,0.417969,0.240051,-0.41571,0.498352,0.721985,down
398262,-14.128906,7.050781,2.367188,-4.158203,0.779297,0.595703,0.233582,-0.419128,0.491516,0.726746,down
398267,-14.359375,6.78125,2.480469,-3.888672,0.652344,0.785156,0.227539,-0.421753,0.485657,0.731079,down
398272,-14.359375,6.78125,2.480469,-3.888672,0.652344,0.785156,0.227539,-0.421753,0.485657,0.731079,down
398277,-14.359375,6.78125,2.480469,-3.580078,0.427734,0.960937,0.215454,-0.424866,0.474976,0.739929,down
398283,-14.402344,6.898437,2.828125,-2.884766,-0.09375,1.291016,0.204651,-0.4245,0.466797,0.748352,down
398288,-14.511719,6.898437,2.867188,-2.884766,-0.09375,1.291016,0.199036,-0.422913,0.463196,0.752991,down
398293,-14.46875,6.820312,2.75,-2.884766,-0.09375,1.291016,0.199036,-0.422913,0.463196,0.752991,down
398298,-14.320313,6.78125,2.675781,-1.931641,-1.148438,1.9375,0.199036,-0.422913,0.463196,0.752991,down
398303,-13.898438,6.476562,2.558594,-1.931641,-1.148438,1.9375,0.186279,-0.414062,0.456482,0.765198,down
398308,-13.597656,6.324219,2.597656,-1.785156,-1.730469,2.279297,0.181641,-0.408813,0.454346,0.770325,down
398313,-13.285156,6.128906,2.636719,-1.787109,-1.939453,2.443359,0.181641,-0.408813,0.454346,0.770325,down
398318,-13.015625,5.9375,2.558594,-1.787109,-1.939453,2.443359,0.17334,-0.397766,0.450867,0.780029,down
398323,-12.753906,5.824219,2.480469,-1.787109,-1.939453,2.443359,0.168884,-0.391235,0.449219,0.785217,down
398328,-12.328125,5.554687,2.289063,-1.669922,-2.460938,2.945313,0.168884,-0.391235,0.449219,0.785217,down
398333,-12.09375,5.441406,2.328125,-1.613281,-2.621094,3.117188,0.163879,-0.383362,0.447571,0.791077,down
398338,-11.792969,5.328125,2.367188,-1.613281,-2.621094,3.117188,0.154602,-0.367615,0.445068,0.801819,down
398343,-11.183594,4.941406,2.214844,-1.613281,-2.621094,3.117188,0.154602,-0.367615,0.445068,0.801819,down
398348,-10.839844,4.789062,2.136719,-1.378906,-2.888672,3.455078,0.149719,-0.358826,0.444153,0.80719,down
398353,-10.839844,4.789062,2.136719,-1.378906,-2.888672,3.455078,0.144775,-0.349487,0.443665,0.812439,down
398358,-10.140625,4.558594,2.0625,-0.958984,-3.128906,3.822266,0.139709,-0.3396,0.443542,0.817566,down
398363,-9.761719,4.332031,2.023438,-0.703125,-3.226563,3.980469,0.129333,-0.317749,0.445068,0.827209,down
398368,-9.335938,4.101562,2.0625,-0.208984,-3.429688,4.306641,0.129333,-0.317749,0.445068,0.827209,down
398373,-8.765625,3.910156,2.214844,-0.208984,-3.429688,4.306641,0.123657,-0.305054,0.446777,0.831909,down
398378,-8.492188,3.910156,2.253906,-0.208984,-3.429688,4.306641,0.118286,-0.292664,0.448853,0.835999,down
398383,-8.304688,3.832031,2.214844,0.433594,-3.544922,4.791016,0.118286,-0.292664,0.448853,0.835999,down
398388,-8.042969,3.792969,2.0625,0.433594,-3.544922,4.791016,0.107056,-0.266968,0.454468,0.843079,down
398393,-7.234375,3.296875,1.984375,0.433594,-3.544922,4.791016,0.095581,-0.241089,0.461121,0.848572,down
398398,-6.773437,3.027344,2.0625,0.835937,-3.59375,5.173828,0.095581,-0.241089,0.461121,0.848572,down
398403,-6.773437,3.027344,2.0625,0.835937,-3.59375,5.173828,0.088806,-0.226013,0.465332,0.851196,down
398408,-6.277344,2.796875,2.136719,0.958984,-3.554688,5.316406,0.08313,-0.213684,0.468872,0.852966,down
398413,-6.277344,2.796875,2.136719,1.113281,-3.466797,5.474609,0.076355,-0.199768,0.473145,0.854614,down
398419,-4.929687,2.070313,2.023438,1.470703,-3.253906,5.763672,0.069275,-0.185791,0.477722,0.855835,down
398424,-4.546875,1.878906,1.90625,1.470703,-3.253906,5.763672,0.05365,-0.157288,0.488037,0.856873,down
398429,-3.820313,1.609375,1.832031,1.470703,-3.253906,5.763672,0.045166,-0.1427,0.493835,0.856567,down
398435,-2.714844,1.609375,2.175781,1.470703,-3.253906,5.763672,0.035706,-0.126953,0.500488,0.855652,down
398440,-2.714844,1.609375,2.175781,1.470703,-3.253906,5.763672,0.035706,-0.126953,0.500488,0.855652,down
398446,-2.253906,1.304688,2.367188,2.445313,-2.978516,6.298828,0.018616,-0.099304,0.513489,0.852112,down
398451,-1.410156,0.730469,2.558594,3.035156,-2.796875,6.601562,0.009216,-0.084839,0.520935,0.849304,down
398457,-0.914062,0.15625,2.515625,3.035156,-2.796875,6.601562,0.009216,-0.084839,0.520935,0.849304,down
398462,-0.683594,-0.382813,2.445313,3.464844,-2.382813,6.927734,0.009216,-0.084839,0.520935,0.849304,down
398468,-0.144531,-1.339844,2.332031,3.808594,-2.050781,7.136719,0.009216,-0.084839,0.520935,0.849304,down
398473,0.238281,-1.683594,2.367188,3.808594,-2.050781,7.136719,0.033997,0.027771,-0.554077,-0.831299,down
398478,0.542969,-1.953125,2.328125,4.183594,-1.722656,7.208984,0.033997,0.027771,-0.554077,-0.831299,down
398483,0.542969,-1.953125,2.328125,4.183594,-1.722656,7.208984,0.058167,0.000305,-0.571594,-0.818481,down
398488,1.234375,-2.449219,2.328125,4.183594,-1.722656,7.208984,0.058167,0.000305,-0.571594,-0.818481,down
398493,1.539063,-2.566406,2.175781,4.640625,-1.283203,7.101562,0.058167,0.000305,-0.571594,-0.818481,down
398498,2.113281,-2.601563,2.097656,5.054687,-0.888672,6.914062,0.058167,0.000305,-0.571594,-0.818481,down
398503,2.765625,-2.527344,2.023438,5.054687,-0.888672,6.914062,0.121643,-0.058777,-0.617676,-0.77478,down
398508,2.914063,-2.335938,1.90625,5.666016,-0.349609,6.638672,0.121643,-0.058777,-0.617676,-0.77478,down
398513,3.191406,-2.027344,1.679688,5.666016,-0.349609,6.638672,0.135437,-0.069092,-0.62793,-0.763306,down
398518,3.378906,-1.722656,1.449219,5.945312,-0.060547,6.474609,0.161255,-0.085327,-0.647339,-0.740051,down
398523,3.570313,-1.453125,1.257813,5.945312,-0.060547,6.474609,0.161255,-0.085327,-0.647339,-0.740051,down
398528,3.570313,-1.453125,1.257813,6.371094,0.519531,6.150391,0.1745,-0.092163,-0.657166,-0.727417,down
398533,3.609375,-1.222656,1.101563,6.371094,0.519531,6.150391,0.187988,-0.097961,-0.666992,-0.714294,down
398538,3.335938,0.039063,0.644531,6.751953,1.199219,5.851562,0.201721,-0.102783,-0.676636,-0.700623,down
398543,3.191406,0.15625,0.875,6.890625,1.425781,5.714844,0.22998,-0.110291,-0.69574,-0.671509,down
398548,3.035156,0.117188,1.179688,6.890625,1.425781,5.714844,0.22998,-0.110291,-0.69574,-0.671509,down
398553,2.957031,0.191406,1.332031,6.904297,1.810547,5.433594,0.258057,-0.115173,-0.713074,-0.641602,down
398558,2.808594,0.308594,1.679688,6.904297,1.810547,5.433594,0.258057,-0.115173,-0.713074,-0.641602,down
398563,2.574219,0.191406,1.90625,6.486328,2.255859,4.935547,0.258057,-0.115173,-0.713074,-0.641602,down
398568,2.421875,-0.074219,2.175781,6.273437,2.28125,4.734375,0.285889,-0.11792,-0.728088,-0.611755,down
398574,2.34375,-0.191406,2.554688,6.039062,2.298828,4.541016,0.300171,-0.118713,-0.735107,-0.596191,down
398579,2.304688,-0.226562,2.636719,6.039062,2.298828,4.541016,0.312744,-0.119263,-0.740906,-0.582275,down
398584,2.304688,-0.226562,2.636719,5.796875,2.257813,4.316406,0.324524,-0.119507,-0.745972,-0.569153,down
398589,2.265625,-0.382813,2.792969,5.585937,2.146484,4.097656,0.324524,-0.119507,-0.745972,-0.569153,down
398594,1.921875,-0.34375,3.171875,5.365234,2.011719,3.875,0.347351,-0.119629,-0.755493,-0.542419,down
398599,1.921875,-0.496094,3.28125,5.154297,1.822266,3.685547,0.366882,-0.119751,-0.763611,-0.517639,down
398604,1.84375,-0.804687,3.480469,4.800781,1.474609,3.322266,0.376526,-0.119812,-0.7677,-0.504456,down
398609,1.617188,-1.109375,3.742188,4.800781,1.474609,3.322266,0.384583,-0.119812,-0.771301,-0.492798,down
398614,1.578125,-1.378906,3.863281,4.800781,1.474609,3.322266,0.391357,-0.119812,-0.774597,-0.482178,down
398619,1.5,-1.53125,3.78125,4.615234,0.933594,2.791016,0.39856,-0.11969,-0.778442,-0.469971,down
398624,1.347656,-1.722656,3.515625,4.578125,0.753906,2.613281,0.39856,-0.11969,-0.778442,-0.469971,down
398629,0.8125,-2.183594,3.363281,4.578125,0.753906,2.613281,0.4104,-0.119019,-0.786072,-0.446655,down
398634,0.542969,-2.183594,3.363281,4.578125,0.753906,2.613281,0.414795,-0.118591,-0.789612,-0.43634,down
398639,0.351563,-2.257813,3.4375,4.636719,0.048828,2.089844,0.414795,-0.118591,-0.789612,-0.43634,down
398644,0.351563,-2.257813,3.4375,4.636719,0.048828,2.089844,0.419067,-0.11792,-0.794006,-0.424316,down
398649,-0.144531,-2.449219,3.398438,4.677734,-0.164062,1.896484,0.419067,-0.11792,-0.794006,-0.424316,down
398654,-0.144531,-2.449219,3.398438,4.667969,-0.4375,1.695313,0.424805,-0.11615,-0.802612,-0.402283,down
398659,-1.257813,-2.449219,3.253906,4.667969,-0.4375,1.695313,0.427307,-0.113708,-0.812561,-0.379822,down
398664,-1.71875,-2.410156,2.75,4.667969,-0.4375,1.695313,0.426941,-0.112061,-0.818359,-0.368042,down
398669,-2.789063,-2.183594,2.792969,4.667969,-0.4375,1.695313,0.425354,-0.110291,-0.824524,-0.356506,down
398674,-3.742188,-1.914063,2.558594,4.388672,-2.398438,0.34375,0.425354,-0.110291,-0.824524,-0.356506,down
398679,-4.125,-1.644531,2.175781,4.388672,-2.398438,0.34375,0.422668,-0.108582,-0.830383,-0.346436,down
398684,-5.046875,-1.261719,1.449219,4.113281,-2.943359,0.0,0.413025,-0.105042,-0.842957,-0.328369,down
398689,-5.433594,-0.917969,1.027344,3.808594,-4.0625,-0.822266,0.413025,-0.105042,-0.842957,-0.328369,down
398694,-5.625,-0.304688,0.796875,3.808594,-4.0625,-0.822266,0.395691,-0.100281,-0.858215,-0.311218,down
398699,-5.972656,0.191406,0.910156,3.808594,-4.0625,-0.822266,0.384827,-0.097961,-0.865723,-0.304688,down
398704,-7.0,0.691406,0.492187,3.808594,-4.0625,-0.822266,0.384827,-0.097961,-0.865723,-0.304688,down
398709,-7.5,0.84375,-0.199219,2.302734,-5.667969,-2.173828,0.37323,-0.095642,-0.872681,-0.300049,down
398714,-7.5,0.84375,-0.199219,1.744141,-6.158203,-2.689453,0.35907,-0.092957,-0.880066,-0.296509,down
398719,-9.378906,0.769531,-2.074219,1.744141,-6.158203,-2.689453,0.342529,-0.089844,-0.887634,-0.294495,down
398724,-9.378906,0.769531,-2.074219,0.386719,-7.341797,-3.892578,0.324585,-0.086487,-0.894714,-0.294312,down
398730,-9.878906,2.953125,-3.1875,0.386719,-7.341797,-3.892578,0.281738,-0.077698,-0.908386,-0.299011,down
398736,-10.378906,6.167969,-5.253906,0.386719,-7.341797,-3.892578,0.257629,-0.07196,-0.91449,-0.30365,down
398741,-11.183594,8.8125,-8.664063,0.386719,-7.341797,-3.892578,0.230408,-0.064819,-0.920044,-0.310181,down
398748,-12.367188,9.578125,-10.542969,-2.900391,-10.113281,-7.826172,0.230408,-0.064819,-0.920044,-0.310181,down
398754,-13.519531,11.265625,-12.378906,-3.775391,-10.740234,-8.675781,0.136719,-0.037231,-0.929443,-0.340637,down
398759,-14.972656,17.699219,-16.441406,-3.775391,-10.740234,-8.675781,0.136719,-0.037231,-0.929443,-0.340637,down
398764,-14.972656,17.699219,-16.441406,-5.193359,-11.804688,-10.759766,0.101135,-0.025146,-0.929443,-0.353943,down
398769,-16.734375,20.1875,-18.164062,-5.193359,-11.804688,-10.759766,0.062927,-0.010864,-0.927368,-0.368591,down
398774,-18.496094,23.210937,-20.195312,-6.800781,-12.632813,-13.621094,0.062927,-0.010864,-0.927368,-0.368591,down
398779,-18.496094,23.210937,-20.195312,-7.949219,-12.75,-15.121094,0.021667,-0.0271,0.914795,0.402405,down
398785,-21.828125,33.292969,-29.351562,-9.412109,-13.068359,-16.669922,0.114136,-0.077881,0.885986,0.442627,down
398791,-22.210937,43.210937,-29.964844,-9.412109,-13.068359,-16.669922,0.162354,-0.107361,0.864075,0.464233,down
398796,-19.914062,45.011719,-28.546875,-9.412109,-13.068359,-16.669922,0.211975,-0.141846,0.835205,0.487183,down
398802,-18.800781,41.90625,-27.855469,-15.580078,-11.310547,-22.583984,0.211975,-0.141846,0.835205,0.487183,down
398807,-17.230469,36.46875,-26.285156,-17.511719,-9.611328,-23.546875,0.211975,-0.141846,0.835205,0.487183,down
398813,-18.800781,29.652344,-18.664062,-17.511719,-9.611328,-23.546875,0.211975,-0.141846,0.835205,0.487183,down
398818,-19.300781,28.964844,-13.605469,-18.773437,-8.453125,-22.027344,0.211975,-0.141846,0.835205,0.487183,down
398824,-19.070312,26.890625,-9.546875,-17.804687,-8.28125,-20.142578,0.422363,-0.383911,0.562012,0.598694,down
398829,-18.492187,17.203125,-1.808594,-17.804687,-8.28125,-20.142578,0.441406,-0.412598,0.511841,0.610718,down
398834,-18.535156,12.71875,0.835937,-13.988281,-6.095703,-11.330078,0.441406,-0.412598,0.511841,0.610718,down
398839,-18.53125,9.117188,2.980469,-11.941406,-5.072266,-8.199219,0.454712,-0.436157,0.465149,0.621826,down
398845,-15.972656,0.308594,4.894531,-11.941406,-5.072266,-8.199219,0.465088,-0.464783,0.397522,0.640015,down
398850,-13.4375,-3.945313,5.011719,-11.941406,-5.072266,-8.199219,0.466309,-0.470459,0.377808,0.646912,down
398855,-12.210938,-4.367187,3.898438,-1.892578,-2.738281,-0.492187,0.466309,-0.470459,0.377808,0.646912,down
398860,-11.0625,-2.949219,1.640625,2.998047,-1.189453,1.205078,0.466309,-0.470459,0.377808,0.646912,down
398865,-9.796875,-0.074219,-1.882813,2.998047,-1.189453,1.205078,0.472534,-0.458374,0.374878,0.652771,down
398870,-9.226563,3.066406,-4.414062,2.998047,-1.189453,1.205078,0.477417,-0.44574,0.393372,0.647034,down
398875,-9.53125,6.054687,-4.453125,12.513672,1.111328,3.876953,0.48407,-0.42749,0.420349,0.63739,down
398881,-10.757813,11.113281,0.988281,12.513672,1.111328,3.876953,0.489136,-0.411987,0.443909,0.627625,down
398886,-12.175781,12.605469,3.132813,12.513672,1.111328,3.876953,0.49408,-0.39502,0.473328,0.612976,down
398891,-13.324219,13.332031,1.449219,16.158203,6.017578,3.279297,0.49408,-0.39502,0.473328,0.612976,down
398896,-14.550781,13.984375,-1.691406,16.433594,6.869141,2.681641,0.49408,-0.39502,0.473328,0.612976,down
398901,-15.890625,13.832031,-4.144531,16.433594,6.869141,2.681641,0.502136,-0.349609,0.572571,0.545776,down
398907,-16.421875,11.457031,-2.304688,16.433594,6.869141,2.681641,0.502136,-0.349609,0.572571,0.545776,down
398913,-14.585938,10.382813,0.875,9.896484,0.269531,0.726562,0.502136,-0.349609,0.572571,0.545776,down
398918,-11.949219,9.730469,4.015625,9.896484,0.269531,0.726562,0.518799,-0.307129,0.627686,0.492493,down
398923,-8.34375,9.617188,9.453125,0.099609,-1.013672,0.261719,0.518799,-0.307129,0.627686,0.492493,down
398928,-7.386719,7.472656,8.652344,0.099609,-1.013672,0.261719,0.527405,-0.294312,0.632446,0.485046,down
398934,-8.691406,5.746094,4.320312,-2.046875,0.322266,0.160156,0.524292,-0.298279,0.628479,0.491089,down
398939,-9.035156,3.257813,0.566406,-3.824219,-0.417969,0.394531,0.524292,-0.298279,0.628479,0.491089,down
398944,-8.148438,3.527344,1.714844,-3.824219,-0.417969,0.394531,0.521301,-0.302307,0.624451,0.496887,down
398949,-6.960937,3.832031,3.171875,-6.175781,-1.103516,0.753906,0.518127,-0.306763,0.617615,0.50592,down
398954,-6.65625,3.410156,3.554688,-6.175781,-1.103516,0.753906,0.514832,-0.311218,0.610107,0.515625,down
398959,-6.472656,2.914063,2.636719,-6.175781,-1.103516,0.753906,0.503113,-0.325562,0.590027,0.541077,down
398964,-6.699219,2.53125,1.714844,-6.175781,-1.103516,0.753906,0.495361,-0.33429,0.578613,0.555115,down
398969,-6.851562,2.070313,0.414062,-6.175781,-1.103516,0.753906,0.495361,-0.33429,0.578613,0.555115,down
398974,-6.582031,0.421875,-2.152344,-8.355469,-0.591797,0.822266,0.495361,-0.33429,0.578613,0.555115,down
398979,-6.121094,-0.074219,-2.382813,-8.355469,-0.591797,0.822266,0.477112,-0.353516,0.547058,0.590027,down
398984,-5.628906,0.039063,-1.539063,-8.355469,-0.591797,0.822266,0.477112,-0.353516,0.547058,0.590027,down
398989,-5.167969,0.347656,0.300781,-1.210938,-1.550781,0.509766,0.476746,-0.351501,0.540344,0.597656,down
398994,-4.746094,0.230469,2.480469,-1.210938,-1.550781,0.509766,0.476746,-0.351501,0.540344,0.597656,down
398999,-5.050781,0.382813,1.945313,-1.210938,-1.550781,0.509766,0.478088,-0.348145,0.541443,0.597595,down
399005,-5.664062,0.578125,1.027344,2.214844,0.269531,0.492187,0.479736,-0.342224,0.549255,0.592468,down
399010,-6.234375,0.769531,0.070312,2.214844,0.269531,0.492187,0.480652,-0.339111,0.554687,0.588501,down
399016,-6.433594,0.996094,0.03125,2.214844,0.269531,0.492187,0.482056,-0.334961,0.561584,0.58313,down
399021,-6.8125,1.917969,0.453125,3.857422,0.626953,0.396484,0.483521,-0.331177,0.567688,0.578186,down
399026,-7.003906,2.261719,0.71875,3.855469,0.673828,0.396484,0.483521,-0.331177,0.567688,0.578186,down
399031,-7.34375,2.914063,0.988281,3.855469,0.673828,0.396484,0.486511,-0.322815,0.580872,0.5672,down
399037,-7.460937,3.027344,1.101563,3.316406,0.841797,0.460937,0.486511,-0.322815,0.580872,0.5672,down
399042,-7.882812,3.296875,1.179688,2.875,0.908203,0.515625,0.487915,-0.315674,0.593079,0.557251,down
399048,-8.308594,3.601563,1.449219,2.875,0.908203,0.515625,0.487793,-0.312988,0.598206,0.553345,down
399054,-8.574219,3.753906,1.410156,1.755859,0.949219,0.632812,0.487793,-0.312988,0.598206,0.553345,down
399059,-8.730469,3.832031,1.371094,0.699219,0.939453,0.802734,0.487793,-0.312988,0.598206,0.553345,down
399064,-9.296875,4.023437,1.257813,0.699219,0.939453,0.802734,0.484009,-0.30835,0.609558,0.546875,down
399069,-9.53125,4.332031,1.292969,0.699219,0.939453,0.802734,0.481812,-0.307617,0.612122,0.546326,down
399074,-9.652344,4.484375,1.292969,0.699219,0.939453,0.802734,0.47937,-0.306946,0.614319,0.546448,down
399080,-9.996094,4.636719,1.179688,0.064453,0.484375,0.925781,0.47937,-0.306946,0.614319,0.546448,down
399085,-10.257813,5.136719,0.988281,0.064453,0.484375,0.925781,0.473267,-0.304565,0.618896,0.547913,down
399091,-10.378906,5.328125,0.910156,0.414062,0.173828,0.728516,0.471863,-0.303162,0.620422,0.548157,down
399096,-10.417969,5.363281,0.757812,0.621094,0.013672,0.582031,0.471191,-0.301636,0.621826,0.548035,down
399101,-10.484375,5.441406,0.605469,0.755859,-0.144531,0.439453,0.471069,-0.30011,0.622925,0.547668,down
399107,-10.140625,5.210937,0.492187,0.755859,-0.144531,0.439453,0.471375,-0.298279,0.624146,0.547058,down
399114,-10.0625,5.019531,0.261719,0.712891,-0.371094,0.214844,0.471375,-0.298279,0.624146,0.547058,down
399119,-9.992188,4.636719,0.144531,0.515625,-0.494141,0.132812,0.473816,-0.293579,0.625488,0.545959,down
399124,-9.878906,4.445312,0.105469,0.515625,-0.494141,0.132812,0.473816,-0.293579,0.625488,0.545959,down
399130,-9.761719,4.253906,0.070312,-0.1875,-0.701172,-0.011719,0.475769,-0.292053,0.623352,0.547485,down
399135,-9.457031,3.832031,0.105469,-0.1875,-0.701172,-0.011719,0.476624,-0.29187,0.621582,0.548889,down
399140,-9.257813,3.832031,0.183594,-0.1875,-0.701172,-0.011719,0.477234,-0.291992,0.61969,0.550354,down
399145,-9.113281,3.753906,0.222656,-1.068359,-0.705078,-0.164062,0.477234,-0.291992,0.61969,0.550354,down
399150,-8.914063,3.71875,0.300781,-1.068359,-0.705078,-0.164062,0.478271,-0.293091,0.614807,0.554382,down
399155,-8.808594,3.679688,0.335938,-1.068359,-0.705078,-0.164062,0.478455,-0.293884,0.612671,0.556213,down
399160,-8.648438,3.679688,0.222656,-1.068359,-0.705078,-0.164062,0.478455,-0.2948,0.610352,0.558167,down
399165,-8.609375,3.601563,0.183594,-0.828125,-0.316406,-0.058594,0.478455,-0.2948,0.610352,0.558167,down
399170,-8.574219,3.527344,0.183594,-0.828125,-0.316406,-0.058594,0.478455,-0.295532,0.608582,0.559814,down
399176,-8.609375,3.488281,0.414062,-0.828125,-0.316406,-0.058594,0.478271,-0.296143,0.606628,0.561707,down
399182,-8.570313,3.449219,0.492187,0.089844,-0.060547,0.142578,0.47821,-0.295898,0.606567,0.562012,down
399187,-8.535156,3.449219,0.527344,0.349609,0.037109,0.201172,0.478088,-0.295349,0.606995,0.56189,down
399192,-8.53125,3.335938,0.527344,0.349609,0.037109,0.201172,0.477966,-0.294495,0.607971,0.561401,down
399198,-8.460938,3.335938,0.566406,0.728516,0.1875,0.3125,0.477966,-0.294495,0.607971,0.561401,down
399204,-8.460938,3.335938,0.566406,0.857422,0.232422,0.361328,0.477966,-0.294495,0.607971,0.561401,down
399209,-8.464844,3.410156,0.683594,0.953125,0.28125,0.408203,0.477966,-0.294495,0.607971,0.561401,down
399214,-8.464844,3.488281,0.683594,0.953125,0.28125,0.408203,0.476868,-0.289612,0.614868,0.557373,down
399220,-8.464844,3.527344,0.71875,0.974609,0.378906,0.490234,0.476868,-0.289612,0.614868,0.557373,down
399225,-8.570313,3.640625,0.683594,0.933594,0.421875,0.529297,0.476868,-0.289612,0.614868,0.557373,down
399230,-8.648438,3.5625,0.644531,0.933594,0.421875,0.529297,0.473816,-0.284119,0.623779,0.552856,down
399235,-8.691406,3.601563,0.644531,0.933594,0.421875,0.529297,0.473816,-0.284119,0.623779,0.552856,down
399240,-8.691406,3.71875,0.71875,0.818359,0.470703,0.603516,0.473816,-0.284119,0.623779,0.552856,down
399246,-8.808594,3.984375,0.757812,0.818359,0.470703,0.603516,0.470886,-0.280457,0.630005,0.550232,down
399251,-8.847656,4.101562,0.71875,0.818359,0.470703,0.603516,0.469849,-0.279053,0.632263,0.549133,down
399256,-8.875,4.253906,0.71875,0.867187,0.412109,0.509766,0.468994,-0.277771,0.634399,0.548096,down
399261,-8.917969,4.40625,0.71875,0.867187,0.412109,0.509766,0.468323,-0.276672,0.63623,0.547119,down
399267,-8.996094,4.484375,0.757812,0.867187,0.412109,0.509766,0.467712,-0.275452,0.638062,0.546143,down
399272,-8.996094,4.367187,0.71875,0.748047,0.271484,0.402344,0.467712,-0.275452,0.638062,0.546143,down
399278,-8.917969,4.367187,0.683594,0.662109,0.212891,0.367188,0.467712,-0.275452,0.638062,0.546143,down
399283,-8.957031,4.445312,0.605469,0.662109,0.212891,0.367188,0.46637,-0.272095,0.642639,0.543579,down
399288,-8.84375,4.40625,0.644531,0.451172,0.087891,0.283203,0.46637,-0.272095,0.642639,0.543579,down
399293,-8.84375,4.40625,0.683594,0.306641,0.035156,0.25,0.46637,-0.272095,0.642639,0.543579,down
399299,-8.808594,4.332031,0.605469,0.306641,0.035156,0.25,0.465637,-0.269714,0.645081,0.542542,down
399305,-8.730469,4.253906,0.453125,0.306641,0.035156,0.25,0.465149,-0.268982,0.645386,0.542908,down
399310,-8.652344,4.175781,0.414062,0.306641,0.035156,0.25,0.465149,-0.268982,0.645386,0.542908,down
399315,-8.652344,4.175781,0.453125,-0.154297,-0.076172,0.169922,0.464661,-0.268555,0.645142,0.543823,down
399320,-8.652344,4.023437,0.335938,-0.154297,-0.076172,0.169922,0.464661,-0.268555,0.645142,0.543823,down
399325,-8.535156,3.984375,0.335938,-0.166016,-0.097656,0.138672,0.464661,-0.268555,0.645142,0.543823,down
399330,-8.652344,3.984375,0.375,-0.166016,-0.097656,0.138672,0.464294,-0.26825,0.644653,0.544922,down
399336,-8.53125,3.949219,0.261719,-0.166016,-0.097656,0.138672,0.463989,-0.267883,0.644287,0.545715,down
399341,-8.496094,3.984375,0.335938,-0.166016,-0.097656,0.138672,0.463928,-0.267639,0.644287,0.545898,down
399346,-8.492188,4.0625,0.300781,0.121094,-0.039063,0.105469,0.463928,-0.267334,0.64447,0.545898,down
399352,-8.464844,4.140625,0.261719,0.121094,-0.039063,0.105469,0.463867,-0.266968,0.644714,0.545776,down
399357,-8.421875,4.175781,0.222656,0.121094,-0.039063,0.105469,0.463806,-0.266541,0.645142,0.545593,down
399362,-8.347656,4.253906,0.300781,0.121094,-0.039063,0.105469,0.463806,-0.266052,0.645569,0.545288,down
399367,-8.34375,4.214844,0.261719,0.273438,0.066406,0.152344,0.463806,-0.266052,0.645569,0.545288,down
399372,-8.34375,4.253906,0.222656,0.257813,0.105469,0.169922,0.463806,-0.266052,0.645569,0.545288,down
399378,-8.34375,4.214844,0.261719,0.257813,0.105469,0.169922,0.463806,-0.266052,0.645569,0.545288,down
399383,-8.347656,4.175781,0.261719,0.210937,0.142578,0.220703,0.463806,-0.266052,0.645569,0.545288,down
399388,-8.304688,4.101562,0.300781,0.175781,0.164062,0.240234,0.463806,-0.266052,0.645569,0.545288,down
399394,-8.304688,4.0625,0.183594,0.175781,0.164062,0.240234,0.461609,-0.263489,0.649353,0.543884,down
399399,-8.304688,4.0625,0.183594,0.138672,0.224609,0.263672,0.461609,-0.263489,0.649353,0.543884,down
399404,-8.382813,4.0625,0.222656,0.142578,0.224609,0.271484,0.461609,-0.263489,0.649353,0.543884,down
399410,-8.265625,4.140625,0.261719,0.158203,0.244141,0.271484,0.459229,-0.261658,0.652466,0.543152,down
399415,-8.304688,4.0625,0.300781,0.158203,0.244141,0.271484,0.459229,-0.261658,0.652466,0.543152,down
399420,-8.425781,4.0625,0.261719,0.285156,0.28125,0.287109,0.459229,-0.261658,0.652466,0.543152,down
399425,-8.492188,4.101562,0.183594,0.285156,0.28125,0.287109,0.458496,-0.259949,0.654602,0.541931,down
399430,-8.535156,4.175781,0.144531,0.285156,0.28125,0.287109,0.458191,-0.259033,0.655823,0.541199,down
399436,-8.535156,4.253906,0.222656,0.423828,0.257813,0.220703,0.458191,-0.259033,0.655823,0.541199,down
399441,-8.652344,4.332031,0.261719,0.423828,0.257813,0.220703,0.457581,-0.256226,0.659485,0.538574,down
399447,-8.730469,4.558594,0.261719,0.423828,0.257813,0.220703,0.45752,-0.255371,0.660522,0.53772,down
399453,-8.84375,4.636719,0.222656,0.371094,0.199219,0.15625,0.45752,-0.255371,0.660522,0.53772,down
399458,-8.875,4.675781,0.222656,0.322266,0.175781,0.136719,0.457397,-0.253723,0.662659,0.536011,down
399463,-8.917969,4.714844,0.222656,0.261719,0.148437,0.109375,0.457397,-0.253723,0.662659,0.536011,down
399469,-8.953125,4.75,0.222656,0.224609,0.115234,0.09375,0.457397,-0.253723,0.662659,0.536011,down
399475,-8.875,4.789062,0.222656,0.103516,0.041016,0.076172,0.457397,-0.253723,0.662659,0.536011,down
399480,-8.875,4.75,0.261719,0.103516,0.041016,0.076172,0.45752,-0.251404,0.665161,0.533936,down
399486,-8.914063,4.789062,0.261719,0.054687,0.011719,0.066406,0.457703,-0.250427,0.665771,0.533447,down
399491,-8.875,4.75,0.261719,-0.029297,-0.03125,0.056641,0.457886,-0.25,0.665894,0.533325,down
399497,-8.847656,4.675781,0.222656,-0.056641,-0.054687,0.052734,0.458069,-0.249573,0.665955,0.533264,down
399503,-8.878906,4.484375,0.144531,-0.056641,-0.054687,0.052734,0.458252,-0.249146,0.666016,0.533264,down
399509,-8.847656,4.445312,0.144531,-0.066406,-0.113281,0.039063,0.458252,-0.249146,0.666016,0.533264,down
399514,-8.804688,4.445312,0.183594,-0.044922,-0.130859,0.017578,0.458252,-0.249146,0.666016,0.533264,down
399520,-8.765625,4.445312,0.144531,0.023437,-0.144531,0.007813,0.458252,-0.249146,0.666016,0.533264,down
399525,-8.726563,4.484375,0.183594,0.023437,-0.144531,0.007813,0.459595,-0.247314,0.665894,0.533081,down
399531,-8.726563,4.523437,0.144531,0.058594,-0.154297,0.0,0.46051,-0.246216,0.665955,0.532715,down
399536,-8.691406,4.558594,0.105469,0.058594,-0.154297,0.0,0.460937,-0.245667,0.666077,0.532471,down
399541,-8.730469,4.597656,0.144531,0.058594,-0.154297,0.0,0.461365,-0.244995,0.66626,0.532166,down
399546,-8.691406,4.597656,0.144531,0.191406,-0.144531,0.041016,0.461365,-0.244995,0.66626,0.532166,down
399551,-8.726563,4.558594,0.144531,0.191406,-0.144531,0.041016,0.461853,-0.244263,0.666504,0.531799,down
399556,-8.726563,4.558594,0.144531,0.236328,-0.152344,0.060547,0.462769,-0.242798,0.666992,0.531067,down
399561,-8.691406,4.523437,0.222656,0.25,-0.152344,0.072266,0.462769,-0.242798,0.666992,0.531067,down
399566,-8.730469,4.523437,0.222656,0.25,-0.152344,0.072266,0.463257,-0.241882,0.667297,0.53064,down
399571,-8.765625,4.597656,0.183594,0.261719,-0.140625,0.066406,0.463257,-0.241882,0.667297,0.53064,down
399576,-8.730469,4.636719,0.183594,0.261719,-0.140625,0.066406,0.4646,-0.239319,0.668335,0.529358,down
399581,-8.730469,4.675781,0.222656,0.261719,-0.140625,0.066406,0.465027,-0.238525,0.668579,0.528992,down
399586,-8.765625,4.675781,0.222656,0.275391,-0.158203,0.082031,0.465027,-0.238525,0.668579,0.528992,down
399591,-8.726563,4.714844,0.222656,0.275391,-0.158203,0.082031,0.465881,-0.236816,0.66925,0.528198,down
399596,-8.6875,4.714844,0.261719,0.277344,-0.171875,0.101563,0.465881,-0.236816,0.66925,0.528198,down
399601,-8.691406,4.75,0.222656,0.259766,-0.171875,0.101563,0.46637,-0.23584,0.669617,0.527771,down
399606,-8.648438,4.675781,0.222656,0.244141,-0.177734,0.105469,0.466797,-0.234985,0.669861,0.527405,down
399612,-8.609375,4.597656,0.144531,0.244141,-0.177734,0.105469,0.467651,-0.233154,0.67041,0.526794,down
399617,-8.570313,4.558594,0.183594,0.242187,-0.205078,0.101563,0.467651,-0.233154,0.67041,0.526794,down
399622,-8.53125,4.558594,0.222656,0.234375,-0.220703,0.101563,0.467651,-0.233154,0.67041,0.526794,down
399627,-8.492188,4.558594,0.222656,0.234375,-0.220703,0.101563,0.469055,-0.230408,0.671082,0.525879,down
399633,-8.460938,4.675781,0.183594,0.234375,-0.220703,0.101563,0.469543,-0.229553,0.671265,0.525635,down
399638,-8.425781,4.675781,0.144531,0.240234,-0.226562,0.082031,0.469543,-0.229553,0.671265,0.525635,down
399643,-8.382813,4.675781,0.144531,0.236328,-0.228516,0.078125,0.469543,-0.229553,0.671265,0.525635,down
399648,-8.347656,4.675781,0.105469,0.236328,-0.228516,0.078125,0.471069,-0.226868,0.671753,0.524719,down
399653,-8.34375,4.714844,0.105469,0.240234,-0.234375,0.083984,0.471069,-0.226868,0.671753,0.524719,down
399658,-8.347656,4.636719,0.144531,0.236328,-0.242187,0.076172,0.472168,-0.225098,0.672119,0.524109,down
399663,-8.382813,4.558594,0.144531,0.236328,-0.242187,0.076172,0.472656,-0.224182,0.672241,0.523865,down
399668,-8.308594,4.558594,0.144531,0.222656,-0.246094,0.078125,0.472656,-0.224182,0.672241,0.523865,down
399673,-8.308594,4.558594,0.183594,0.216797,-0.255859,0.072266,0.472656,-0.224182,0.672241,0.523865,down
399680,-8.304688,4.597656,0.144531,0.212891,-0.251953,0.0625,0.472656,-0.224182,0.672241,0.523865,down
399685,-8.304688,4.636719,0.144531,0.207031,-0.25,0.0625,0.472656,-0.224182,0.672241,0.523865,down
399690,-8.308594,4.675781,0.144531,0.212891,-0.248047,0.0625,0.472656,-0.224182,0.672241,0.523865,down
399696,-8.308594,4.675781,0.183594,0.210937,-0.244141,0.058594,0.47644,-0.218201,0.672913,0.522095,down
399701,-8.230469,4.828125,0.105469,0.210937,-0.244141,0.058594,0.47644,-0.218201,0.672913,0.522095,down
399706,-8.269531,4.828125,0.03125,0.208984,-0.228516,0.078125,0.47644,-0.218201,0.672913,0.522095,down
399711,-8.265625,4.75,0.070312,0.208984,-0.228516,0.078125,0.477478,-0.216553,0.673096,0.521545,down
399716,-8.304688,4.75,0.070312,0.208984,-0.208984,0.089844,0.477966,-0.215698,0.673218,0.521301,down
399721,-8.269531,4.75,0.03125,0.208984,-0.208984,0.089844,0.478821,-0.214111,0.673462,0.520874,down
399726,-8.265625,4.636719,-0.007813,0.205078,-0.210937,0.097656,0.478821,-0.214111,0.673462,0.520874,down
399731,-8.265625,4.675781,0.070312,0.21875,-0.199219,0.095703,0.479309,-0.213257,0.673584,0.52063,down
399736,-8.265625,4.636719,0.03125,0.21875,-0.199219,0.095703,0.480103,-0.21167,0.673889,0.520142,down
399741,-8.269531,4.675781,0.03125,0.238281,-0.193359,0.082031,0.480103,-0.21167,0.673889,0.520142,down
399746,-8.265625,4.636719,0.03125,0.257813,-0.191406,0.078125,0.48053,-0.210815,0.674072,0.519897,down
399751,-8.265625,4.675781,0.070312,0.257813,-0.191406,0.078125,0.480957,-0.209961,0.674255,0.519531,down
399756,-8.265625,4.675781,0.070312,0.257813,-0.191406,0.078125,0.481873,-0.208374,0.674683,0.518799,down
399761,-8.230469,4.75,0.070312,0.257813,-0.191406,0.078125,0.481873,-0.208374,0.674683,0.518799,down
399766,-8.308594,4.789062,-0.007813,0.310547,-0.173828,0.046875,0.482788,-0.206787,0.675232,0.517883,down
399771,-8.269531,4.867187,0.03125,0.310547,-0.173828,0.046875,0.482788,-0.206787,0.675232,0.517883,down
399776,-8.304688,4.90625,0.070312,0.353516,-0.1875,0.037109,0.483276,-0.205933,0.675537,0.517334,down
399781,-8.308594,4.941406,0.105469,0.353516,-0.1875,0.037109,0.484314,-0.204285,0.676147,0.516296,down
399786,-8.308594,4.980469,0.070312,0.353516,-0.1875,0.037109,0.484314,-0.204285,0.676147,0.516296,down
399791,-8.304688,4.980469,0.03125,0.353516,-0.1875,0.037109,0.484863,-0.20343,0.676392,0.515747,down
399796,-8.34375,5.019531,0.03125,0.269531,-0.201172,0.021484,0.485291,-0.202698,0.676636,0.51532,down
399801,-8.304688,5.058594,0.070312,0.269531,-0.201172,0.021484,0.486328,-0.201233,0.676941,0.514465,down
399806,-8.269531,5.019531,0.03125,0.269531,-0.201172,0.021484,0.486328,-0.201233,0.676941,0.514465,down
399811,-8.308594,5.019531,-0.007813,0.269531,-0.201172,0.021484,0.487305,-0.199768,0.677124,0.513916,down
399816,-8.230469,5.019531,0.070312,0.269531,-0.201172,0.021484,0.487305,-0.199768,0.677124,0.513916,down
399821,-8.230469,5.019531,0.070312,0.136719,-0.199219,0.044922,0.487305,-0.199768,0.677124,0.513916,down
399827,-8.265625,4.980469,-0.007813,0.136719,-0.199219,0.044922,0.488586,-0.197937,0.677185,0.513367,down
399832,-8.226563,4.980469,-0.046875,0.119141,-0.191406,0.054687,0.488953,-0.197327,0.677185,0.513245,down
399837,-8.191406,4.941406,-0.007813,0.132812,-0.181641,0.064453,0.489319,-0.196716,0.677185,0.513062,down
399843,-8.191406,4.980469,-0.085937,0.132812,-0.181641,0.064453,0.489685,-0.196106,0.677246,0.512939,down
399848,-8.1875,4.980469,-0.046875,0.132812,-0.181641,0.064453,0.48999,-0.195496,0.677307,0.512817,down
399853,-8.269531,4.90625,-0.085937,0.142578,-0.140625,0.085937,0.48999,-0.195496,0.677307,0.512817,down
399859,-8.265625,4.90625,-0.046875,0.146484,-0.128906,0.095703,0.48999,-0.195496,0.677307,0.512817,down
