timestamp,ax,ay,az,gx,gy,gz,qw,qx,qy,qz,label
180700,2.59375,10.292969,1.105469,0.451172,-0.792969,-0.724609,0.716919,0.625244,0.106689,0.289368,down
180705,2.59375,10.25,1.027344,0.451172,-0.792969,-0.724609,0.71698,0.626282,0.10675,0.286865,down
180710,2.515625,10.253906,1.027344,0.451172,-0.792969,-0.724609,0.71698,0.626282,0.10675,0.286865,down
180715,2.554688,10.253906,1.027344,0.251953,-0.783203,-0.703125,0.71759,0.627869,0.106628,0.281799,down
180720,2.554688,10.136719,1.027344,0.251953,-0.783203,-0.703125,0.71759,0.627869,0.106628,0.281799,down
180725,2.554688,10.136719,1.027344,-0.044922,-0.771484,-0.679687,0.718262,0.628296,0.106384,0.279419,down
180730,2.554688,10.09375,1.066406,-0.044922,-0.771484,-0.679687,0.719055,0.628418,0.106079,0.2771,down
180735,2.554688,10.058594,1.179688,-0.291016,-0.732422,-0.652344,0.720093,0.628357,0.105591,0.274719,down
180740,2.554688,10.058594,1.179688,-0.291016,-0.732422,-0.652344,0.720093,0.628357,0.105591,0.274719,down
180745,2.476563,10.058594,1.21875,-0.367188,-0.699219,-0.636719,0.723755,0.627075,0.104248,0.268433,down
180750,2.363281,9.941406,1.296875,-0.367188,-0.699219,-0.636719,0.723755,0.627075,0.104248,0.268433,down
180755,2.363281,9.90625,1.371094,-0.367188,-0.699219,-0.636719,0.726379,0.625793,0.103394,0.264648,down
180760,2.285156,9.867188,1.410156,-0.367188,-0.699219,-0.636719,0.726379,0.625793,0.103394,0.264648,down
180765,2.324219,9.871094,1.488281,-0.396484,-0.560547,-0.597656,0.726379,0.625793,0.103394,0.264648,down
180770,2.210938,9.792969,1.566406,-0.396484,-0.560547,-0.597656,0.728943,0.624573,0.102661,0.260742,down
180775,2.171875,9.753906,1.601563,-0.3125,-0.533203,-0.587891,0.730042,0.624084,0.102417,0.258911,down
180780,2.09375,9.789063,1.601563,-0.3125,-0.533203,-0.587891,0.731079,0.623657,0.102173,0.25708,down
180785,1.941406,9.792969,1.527344,-0.277344,-0.523437,-0.576172,0.73291,0.622986,0.101807,0.253723,down
180790,1.863281,9.832031,1.449219,-0.277344,-0.523437,-0.576172,0.733765,0.622742,0.101624,0.252014,down
180795,1.824219,9.75,1.640625,-0.207031,-0.554687,-0.539062,0.733765,0.622742,0.101624,0.252014,down
180800,1.789063,9.828125,1.757813,-0.207031,-0.554687,-0.539062,0.735352,0.622314,0.101135,0.248535,down
180805,1.789063,9.90625,1.832031,-0.150391,-0.560547,-0.498047,0.735352,0.622314,0.101135,0.248535,down
180810,1.789063,9.90625,1.832031,-0.150391,-0.560547,-0.498047,0.736755,0.622131,0.100525,0.244995,down
180815,1.789063,9.9375,1.871094,-0.150391,-0.560547,-0.498047,0.736755,0.622131,0.100525,0.244995,down
180820,1.824219,9.980469,1.910156,-0.138672,-0.560547,-0.476562,0.736755,0.622131,0.100525,0.244995,down
180825,1.824219,9.9375,2.023438,-0.128906,-0.556641,-0.470703,0.736755,0.622131,0.100525,0.244995,down
180830,1.863281,10.015625,1.984375,-0.056641,-0.523437,-0.457031,0.738586,0.62207,0.099548,0.239929,down
180835,1.824219,10.019531,1.984375,-0.056641,-0.523437,-0.457031,0.739624,0.622192,0.09906,0.236633,down
180840,1.75,10.015625,2.023438,-0.056641,-0.523437,-0.457031,0.739624,0.622192,0.09906,0.236633,down
180845,1.75,10.019531,2.0625,-0.011719,-0.472656,-0.435547,0.740417,0.622437,0.098755,0.233704,down
180850,1.75,10.019531,2.0625,-0.011719,-0.472656,-0.435547,0.740417,0.622437,0.098755,0.233704,down
180855,1.75,10.019531,2.101563,-0.074219,-0.417969,-0.402344,0.740417,0.622437,0.098755,0.233704,down
180860,1.75,9.980469,2.140625,-0.074219,-0.417969,-0.402344,0.741699,0.622498,0.098267,0.229553,down
180865,1.75,9.976563,2.101563,-0.074219,-0.417969,-0.402344,0.742187,0.622437,0.098145,0.228271,down
180870,1.710938,9.9375,2.0625,-0.074219,-0.417969,-0.402344,0.742187,0.622437,0.098145,0.228271,down
180875,1.710938,9.941406,2.140625,-0.171875,-0.369141,-0.353516,0.742187,0.622437,0.098145,0.228271,down
180880,1.671875,9.941406,2.101563,-0.171875,-0.369141,-0.353516,0.743835,0.621826,0.097595,0.224731,down
180885,1.632813,9.910156,2.023438,-0.171875,-0.369141,-0.353516,0.744446,0.621582,0.097351,0.223633,down
180890,1.632813,9.832031,2.023438,-0.171875,-0.369141,-0.353516,0.744446,0.621582,0.097351,0.223633,down
180895,1.632813,9.828125,2.0625,-0.242187,-0.345703,-0.310547,0.744446,0.621582,0.097351,0.223633,down
180900,1.632813,9.789063,2.0625,-0.242187,-0.345703,-0.310547,0.745667,0.620911,0.096863,0.221497,down
180906,1.671875,9.792969,2.0625,-0.230469,-0.337891,-0.310547,0.746887,0.620239,0.096375,0.219482,down
180911,1.710938,9.789063,2.0625,-0.1875,-0.310547,-0.292969,0.747498,0.619934,0.096191,0.218445,down
180916,1.671875,9.789063,2.023438,-0.1875,-0.310547,-0.292969,0.747986,0.61969,0.096008,0.217468,down
180921,1.671875,9.871094,2.0625,-0.150391,-0.279297,-0.273438,0.747986,0.61969,0.096008,0.217468,down
180926,1.632813,9.910156,1.984375,-0.150391,-0.279297,-0.273438,0.748901,0.619263,0.095764,0.215698,down
180931,1.632813,9.941406,1.949219,-0.150391,-0.279297,-0.273438,0.749268,0.61908,0.095642,0.214844,down
180936,1.632813,9.980469,1.984375,-0.150391,-0.279297,-0.273438,0.749573,0.619019,0.095581,0.214111,down
180941,1.632813,9.980469,1.949219,-0.083984,-0.240234,-0.226562,0.749878,0.618896,0.095459,0.213318,down
180947,1.632813,9.976563,1.910156,-0.083984,-0.240234,-0.226562,0.750183,0.618835,0.095398,0.212646,down
180952,1.632813,10.019531,1.910156,-0.060547,-0.203125,-0.205078,0.750183,0.618835,0.095398,0.212646,down
180957,1.597656,10.054688,1.871094,-0.060547,-0.203125,-0.205078,0.750183,0.618835,0.095398,0.212646,down
180962,1.558594,10.132813,1.910156,-0.027344,-0.160156,-0.185547,0.750183,0.618835,0.095398,0.212646,down
180967,1.558594,10.175781,1.871094,-0.029297,-0.142578,-0.179687,0.750183,0.618835,0.095398,0.212646,down
180973,1.480469,10.171875,1.832031,-0.029297,-0.142578,-0.179687,0.75116,0.618591,0.095337,0.209717,down
180979,1.40625,10.175781,1.792969,-0.064453,-0.097656,-0.171875,0.75116,0.618591,0.095337,0.209717,down
180984,1.367188,10.132813,1.757813,-0.091797,-0.083984,-0.158203,0.75116,0.618591,0.095337,0.209717,down
180990,1.25,10.25,1.792969,-0.117188,-0.076172,-0.154297,0.75116,0.618591,0.095337,0.209717,down
180995,1.25,10.289063,1.71875,-0.117188,-0.076172,-0.154297,0.752136,0.61792,0.095642,0.20813,down
181000,1.25,10.253906,1.679688,-0.232422,-0.039063,-0.134766,0.752136,0.61792,0.095642,0.20813,down
181005,1.175781,10.175781,1.757813,-0.232422,-0.039063,-0.134766,0.75293,0.617126,0.095764,0.207581,down
181010,1.175781,10.175781,1.757813,-0.326172,-0.021484,-0.126953,0.753418,0.616577,0.095825,0.207336,down
181015,1.097656,10.015625,1.757813,-0.326172,-0.021484,-0.126953,0.753906,0.616028,0.095825,0.207214,down
181021,1.058594,9.976563,1.757813,-0.380859,-0.027344,-0.085937,0.753906,0.616028,0.095825,0.207214,down
181026,1.097656,9.941406,1.792969,-0.380859,-0.027344,-0.085937,0.755798,0.613892,0.095703,0.206848,down
181031,1.136719,9.871094,1.871094,-0.427734,-0.058594,-0.070312,0.756531,0.613037,0.09552,0.206787,down
181036,1.097656,9.792969,1.871094,-0.441406,-0.054687,-0.072266,0.756531,0.613037,0.09552,0.206787,down
181041,1.175781,9.710938,1.910156,-0.441406,-0.054687,-0.072266,0.757874,0.61145,0.095154,0.206604,down
181047,1.214844,9.59375,1.949219,-0.441406,-0.054687,-0.072266,0.758545,0.610657,0.094971,0.206543,down
181052,1.175781,9.527344,2.023438,-0.400391,-0.011719,-0.052734,0.758545,0.610657,0.094971,0.206543,down
181058,1.136719,9.484375,1.949219,-0.367188,0.0,-0.052734,0.758545,0.610657,0.094971,0.206543,down
181063,1.136719,9.484375,1.984375,-0.367188,0.0,-0.052734,0.758545,0.610657,0.094971,0.206543,down
181068,1.136719,9.484375,1.984375,-0.337891,0.013672,-0.054687,0.758545,0.610657,0.094971,0.206543,down
181073,1.136719,9.484375,1.984375,-0.287109,0.017578,-0.054687,0.761292,0.607239,0.094666,0.206543,down
181079,1.136719,9.527344,2.101563,-0.175781,0.044922,-0.058594,0.761292,0.607239,0.094666,0.206543,down
181084,1.097656,9.484375,2.140625,-0.121094,0.0625,-0.072266,0.761902,0.606506,0.094849,0.206543,down
181090,1.097656,9.558594,2.140625,-0.121094,0.0625,-0.072266,0.761902,0.606506,0.094849,0.206543,down
181096,1.023438,9.554688,2.175781,-0.025391,0.082031,-0.083984,0.761902,0.606506,0.094849,0.206543,down
181101,0.945312,9.558594,2.140625,0.013672,0.095703,-0.09375,0.762207,0.606018,0.095642,0.206482,down
181106,0.945312,9.527344,2.0625,0.013672,0.095703,-0.09375,0.762207,0.605896,0.096375,0.206421,down
181111,0.90625,9.523438,2.0625,-0.011719,0.082031,-0.085937,0.762207,0.605896,0.096375,0.206421,down
181116,0.90625,9.527344,2.140625,-0.011719,0.082031,-0.085937,0.762268,0.605774,0.096985,0.20636,down
181121,0.867187,9.488281,2.140625,-0.066406,0.050781,-0.080078,0.762268,0.605774,0.096985,0.20636,down
181126,0.867187,9.527344,2.140625,-0.066406,0.050781,-0.080078,0.76239,0.605591,0.097168,0.20636,down
181131,0.867187,9.554688,2.140625,-0.091797,0.041016,-0.080078,0.76239,0.605591,0.097168,0.20636,down
181137,0.832031,9.554688,2.214844,-0.091797,0.041016,-0.080078,0.762939,0.604919,0.097656,0.206177,down
181142,0.832031,9.554688,2.214844,-0.132812,0.021484,-0.080078,0.763123,0.604614,0.097778,0.206116,down
181147,0.832031,9.597656,2.214844,-0.140625,0.035156,-0.078125,0.763428,0.604309,0.0979,0.206055,down
181153,0.753906,9.554688,2.214844,-0.140625,0.035156,-0.078125,0.763611,0.604004,0.098022,0.205994,down
181158,0.714844,9.558594,2.175781,-0.148437,0.035156,-0.080078,0.763611,0.604004,0.098022,0.205994,down
181163,0.675781,9.554688,2.175781,-0.158203,0.033203,-0.078125,0.764099,0.603394,0.098267,0.205872,down
181169,0.714844,9.597656,2.253906,-0.162109,0.019531,-0.078125,0.764099,0.603394,0.098267,0.205872,down
181175,0.675781,9.558594,2.292969,-0.148437,0.017578,-0.074219,0.764099,0.603394,0.098267,0.205872,down
181180,0.675781,9.59375,2.292969,-0.140625,0.019531,-0.072266,0.764099,0.603394,0.098267,0.205872,down
181186,0.675781,9.597656,2.367188,-0.136719,0.021484,-0.083984,0.764099,0.603394,0.098267,0.205872,down
181191,0.636719,9.558594,2.367188,-0.134766,0.007813,-0.080078,0.765381,0.601807,0.098755,0.205505,down
181196,0.601562,9.554688,2.332031,-0.134766,0.007813,-0.080078,0.765625,0.601562,0.098877,0.205383,down
181201,0.601562,9.488281,2.292969,-0.134766,0.007813,-0.080078,0.765869,0.601257,0.098938,0.205261,down
181206,0.5625,9.488281,2.332031,-0.142578,-0.009766,-0.082031,0.765869,0.601257,0.098938,0.205261,down
181211,0.601562,9.484375,2.367188,-0.160156,-0.041016,-0.080078,0.766357,0.600708,0.09906,0.205017,down
181216,0.601562,9.449219,2.40625,-0.160156,-0.041016,-0.080078,0.766968,0.600098,0.098999,0.204651,down
181221,0.5625,9.40625,2.367188,-0.160156,-0.041016,-0.080078,0.766968,0.600098,0.098999,0.204651,down
181226,0.523437,9.410156,2.367188,-0.185547,-0.056641,-0.087891,0.767578,0.599487,0.098938,0.204224,down
181231,0.5625,9.367188,2.40625,-0.185547,-0.056641,-0.087891,0.767578,0.599487,0.098938,0.204224,down
181236,0.484375,9.371094,2.367188,-0.146484,-0.091797,-0.097656,0.767578,0.599487,0.098938,0.204224,down
181241,0.484375,9.328125,2.332031,-0.146484,-0.091797,-0.097656,0.768433,0.598633,0.098694,0.20343,down
181246,0.484375,9.371094,2.367188,-0.146484,-0.091797,-0.097656,0.768677,0.59845,0.098572,0.203125,down
181251,0.484375,9.40625,2.445313,-0.146484,-0.091797,-0.097656,0.768677,0.59845,0.098572,0.203125,down
181256,0.484375,9.371094,2.40625,-0.085937,-0.138672,-0.099609,0.768677,0.59845,0.098572,0.203125,down
181261,0.484375,9.371094,2.484375,-0.085937,-0.138672,-0.099609,0.769348,0.598083,0.098145,0.202026,down
181266,0.445312,9.332031,2.445313,-0.085937,-0.138672,-0.099609,0.76947,0.598022,0.098022,0.201599,down
181271,0.445312,9.367188,2.484375,-0.085937,-0.138672,-0.099609,0.76947,0.598022,0.098022,0.201599,down
181276,0.410156,9.40625,2.484375,0.017578,-0.173828,-0.089844,0.76947,0.598022,0.098022,0.201599,down
181281,0.371094,9.488281,2.445313,0.017578,-0.173828,-0.089844,0.769714,0.598267,0.097473,0.200317,down
181286,0.371094,9.488281,2.445313,0.017578,-0.173828,-0.089844,0.769714,0.598267,0.097473,0.200317,down
181291,0.371094,9.554688,2.445313,0.019531,-0.179687,-0.083984,0.769775,0.598511,0.097046,0.199463,down
181296,0.292969,9.59375,2.484375,0.042969,-0.208984,-0.068359,0.769775,0.598511,0.097046,0.199463,down
181301,0.253906,9.597656,2.445313,0.042969,-0.208984,-0.068359,0.769836,0.598633,0.096802,0.199036,down
181306,0.21875,9.558594,2.484375,0.042969,-0.208984,-0.068359,0.769836,0.598877,0.096497,0.198608,down
181311,0.253906,9.59375,2.523438,0.123047,-0.316406,-0.017578,0.769836,0.598877,0.096497,0.198608,down
181317,0.253906,9.59375,2.523438,0.132812,-0.349609,0.011719,0.769592,0.599915,0.095093,0.197021,down
181322,0.21875,9.632813,2.558594,0.160156,-0.400391,0.042969,0.769409,0.600403,0.094421,0.196472,down
181328,0.292969,9.632813,2.558594,0.160156,-0.400391,0.042969,0.769226,0.600952,0.093628,0.195923,down
181334,0.332031,9.597656,2.597656,0.160156,-0.400391,0.042969,0.768982,0.601624,0.092529,0.195251,down
181340,0.332031,9.59375,2.558594,0.273438,-0.576172,0.158203,0.768982,0.601624,0.092529,0.195251,down
181345,0.332031,9.558594,2.558594,0.322266,-0.601562,0.175781,0.768982,0.601624,0.092529,0.195251,down
181350,0.332031,9.484375,2.523438,0.357422,-0.642578,0.205078,0.768982,0.601624,0.092529,0.195251,down
181355,0.292969,9.445313,2.445313,0.386719,-0.679687,0.220703,0.768982,0.601624,0.092529,0.195251,down
181360,0.332031,9.484375,2.367188,0.386719,-0.679687,0.220703,0.766724,0.606506,0.086121,0.192078,down
181366,0.371094,9.410156,2.332031,0.505859,-0.75,0.21875,0.766724,0.606506,0.086121,0.192078,down
181372,0.332031,9.554688,2.332031,0.505859,-0.75,0.21875,0.764587,0.610535,0.081604,0.189697,down
181377,0.292969,9.597656,2.332031,0.667969,-0.833984,0.242187,0.763611,0.612305,0.079834,0.188721,down
181383,0.21875,9.714844,2.445313,0.667969,-0.833984,0.242187,0.762634,0.613953,0.078308,0.187805,down
181389,0.21875,9.871094,2.445313,0.667969,-0.833984,0.242187,0.761475,0.615967,0.076538,0.186829,down
181394,0.253906,9.941406,2.445313,0.908203,-0.984375,0.333984,0.761475,0.615967,0.076538,0.186829,down
181399,0.253906,9.910156,2.445313,0.960937,-1.042969,0.384766,0.761475,0.615967,0.076538,0.186829,down
181404,0.21875,9.832031,2.253906,0.972656,-1.103516,0.429687,0.761475,0.615967,0.076538,0.186829,down
181410,0.21875,9.828125,2.140625,0.972656,-1.103516,0.429687,0.755615,0.625366,0.067932,0.182556,down
181415,0.21875,9.867188,1.984375,0.949219,-1.232422,0.503906,0.755615,0.625366,0.067932,0.182556,down
181420,0.332031,9.792969,1.910156,0.914062,-1.296875,0.537109,0.755615,0.625366,0.067932,0.182556,down
181426,0.410156,9.753906,1.871094,0.902344,-1.375,0.558594,0.755615,0.625366,0.067932,0.182556,down
181431,0.523437,9.832031,1.949219,0.902344,-1.375,0.558594,0.749634,0.63501,0.056519,0.177795,down
181436,0.523437,9.910156,1.949219,0.863281,-1.585938,0.613281,0.749634,0.63501,0.056519,0.177795,down
181441,0.601562,9.789063,1.984375,0.863281,-1.585938,0.613281,0.746643,0.639893,0.049561,0.174866,down
181446,0.753906,9.789063,1.984375,0.863281,-1.585938,0.613281,0.745239,0.642273,0.046021,0.17334,down
181451,0.832031,9.828125,1.984375,0.863281,-1.585938,0.613281,0.743591,0.644836,0.041992,0.171692,down
181456,1.023438,9.753906,1.949219,0.882812,-1.742188,0.662109,0.743591,0.644836,0.041992,0.171692,down
181461,1.136719,9.632813,1.679688,0.882812,-1.742188,0.662109,0.74054,0.649658,0.034363,0.168396,down
181466,1.25,9.597656,1.566406,0.882812,-1.742188,0.662109,0.739014,0.651978,0.03064,0.166809,down
181472,1.328125,9.558594,1.488281,0.865234,-1.771484,0.646484,0.73584,0.656799,0.022583,0.163269,down
181477,1.519531,9.523438,1.488281,0.84375,-1.757813,0.601562,0.73584,0.656799,0.022583,0.163269,down
181482,1.519531,9.523438,1.488281,0.826172,-1.705078,0.574219,0.732788,0.661316,0.015015,0.159668,down
181487,1.519531,9.523438,1.488281,0.826172,-1.705078,0.574219,0.732788,0.661316,0.015015,0.159668,down
181492,1.597656,9.488281,1.21875,0.810547,-1.660156,0.554687,0.732788,0.661316,0.015015,0.159668,down
181497,1.632813,9.558594,0.988281,0.8125,-1.638672,0.527344,0.729675,0.66571,0.007751,0.156128,down
181502,1.632813,9.558594,0.988281,0.8125,-1.638672,0.527344,0.729675,0.66571,0.007751,0.156128,down
181507,1.632813,9.558594,0.988281,0.806641,-1.638672,0.484375,0.726624,0.669861,0.000854,0.152588,down
181512,1.632813,9.714844,1.066406,0.791016,-1.5625,0.433594,0.726624,0.669861,0.000854,0.152588,down
181517,1.632813,9.714844,1.066406,0.791016,-1.5625,0.433594,0.722046,0.676025,-0.009155,0.146973,down
181522,1.632813,9.714844,0.796875,0.691406,-1.511719,0.386719,0.722046,0.676025,-0.009155,0.146973,down
181527,1.632813,9.671875,0.796875,0.691406,-1.511719,0.386719,0.72052,0.677979,-0.012451,0.145081,down
181532,1.632813,9.675781,0.683594,0.626953,-1.517578,0.363281,0.72052,0.677979,-0.012451,0.145081,down
181537,1.632813,9.675781,0.644531,0.515625,-1.515625,0.324219,0.718018,0.681274,-0.018616,0.141296,down
181542,1.632813,9.597656,0.605469,0.515625,-1.515625,0.324219,0.716797,0.682861,-0.021851,0.139221,down
181547,1.671875,9.523438,0.605469,0.484375,-1.53125,0.298828,0.716797,0.682861,-0.021851,0.139221,down
181552,1.671875,9.523438,0.605469,0.484375,-1.53125,0.298828,0.713928,0.686768,-0.030701,0.13324,down
181557,1.789063,9.527344,0.605469,0.363281,-1.548828,0.25,0.712952,0.688049,-0.033997,0.13092,down
181562,1.824219,9.523438,0.570312,0.363281,-1.548828,0.25,0.712219,0.689026,-0.036743,0.128967,down
181567,1.941406,9.445313,0.453125,0.298828,-1.507813,0.212891,0.712219,0.689026,-0.036743,0.128967,down
181573,2.019531,9.367188,0.375,0.298828,-1.507813,0.212891,0.710693,0.69104,-0.042542,0.124573,down
181578,2.09375,9.328125,0.300781,0.246094,-1.431641,0.169922,0.710022,0.691956,-0.045349,0.122375,down
181584,2.171875,9.289063,0.261719,0.226562,-1.396484,0.146484,0.710022,0.691956,-0.045349,0.122375,down
181589,2.171875,9.253906,0.109375,0.226562,-1.396484,0.146484,0.708801,0.693542,-0.050537,0.118225,down
181594,2.246094,9.210938,0.109375,0.197266,-1.283203,0.085937,0.708801,0.693542,-0.050537,0.118225,down
181600,2.285156,9.210938,0.109375,0.203125,-1.232422,0.052734,0.708801,0.693542,-0.050537,0.118225,down
181605,2.285156,9.210938,0.109375,0.207031,-1.185547,0.021484,0.707153,0.69574,-0.057373,0.112061,down
181610,2.246094,9.253906,0.070312,0.207031,-1.185547,0.021484,0.707153,0.69574,-0.057373,0.112061,down
181615,2.132813,9.289063,0.109375,0.207031,-1.058594,-0.048828,0.706116,0.697144,-0.061096,0.108215,down
181620,2.132813,9.289063,0.109375,0.207031,-1.058594,-0.048828,0.706116,0.697144,-0.061096,0.108215,down
181626,1.980469,9.371094,-0.042969,0.199219,-0.945312,-0.105469,0.705078,0.698425,-0.064209,0.104492,down
181632,1.863281,9.40625,-0.042969,0.199219,-0.945312,-0.105469,0.704163,0.699646,-0.066772,0.10083,down
181637,1.863281,9.449219,-0.042969,0.199219,-0.945312,-0.105469,0.704163,0.699646,-0.066772,0.10083,down
181642,1.863281,9.40625,-0.042969,0.130859,-0.896484,-0.191406,0.704163,0.699646,-0.066772,0.10083,down
181647,1.863281,9.367188,-0.082031,0.097656,-0.878906,-0.212891,0.703247,0.70105,-0.07019,0.095276,down
181652,1.824219,9.332031,-0.082031,0.097656,-0.878906,-0.212891,0.703247,0.70105,-0.07019,0.095276,down
181657,1.789063,9.449219,-0.082031,0.013672,-0.855469,-0.261719,0.703247,0.70105,-0.07019,0.095276,down
181662,1.863281,9.484375,-0.042969,0.013672,-0.855469,-0.261719,0.703003,0.701782,-0.073181,0.089294,down
181667,1.824219,9.488281,-0.007813,0.013672,-0.855469,-0.261719,0.703003,0.701782,-0.073181,0.089294,down
181672,1.824219,9.445313,0.03125,-0.183594,-0.857422,-0.333984,0.703003,0.701782,-0.073181,0.089294,down
181678,1.824219,9.445313,-0.042969,-0.183594,-0.857422,-0.333984,0.703491,0.701782,-0.07605,0.082825,down
181684,1.902344,9.449219,0.03125,-0.183594,-0.857422,-0.333984,0.703857,0.701538,-0.076904,0.080811,down
181689,1.902344,9.445313,0.070312,-0.324219,-0.863281,-0.357422,0.704285,0.701233,-0.07782,0.078674,down
181694,1.902344,9.449219,-0.007813,-0.351563,-0.839844,-0.365234,0.704285,0.701233,-0.07782,0.078674,down
181699,1.863281,9.484375,-0.082031,-0.351563,-0.839844,-0.365234,0.705322,0.7005,-0.079529,0.07428,down
181704,1.863281,9.523438,-0.121094,-0.390625,-0.810547,-0.402344,0.705872,0.700073,-0.080261,0.072083,down
181709,1.789063,9.558594,-0.121094,-0.390625,-0.818359,-0.410156,0.705872,0.700073,-0.080261,0.072083,down
181715,1.789063,9.75,-0.007813,-0.390625,-0.818359,-0.410156,0.707031,0.699158,-0.081787,0.067627,down
181720,1.789063,9.828125,-0.007813,-0.326172,-0.822266,-0.4375,0.707031,0.699158,-0.081787,0.067627,down
181725,1.789063,9.9375,-0.007813,-0.294922,-0.806641,-0.449219,0.707031,0.699158,-0.081787,0.067627,down
181730,1.710938,9.976563,-0.042969,-0.279297,-0.787109,-0.453125,0.707031,0.699158,-0.081787,0.067627,down
181735,1.671875,10.171875,-0.007813,-0.279297,-0.787109,-0.453125,0.707031,0.699158,-0.081787,0.067627,down
181741,1.632813,10.25,-0.042969,-0.279297,-0.787109,-0.453125,0.709106,0.697693,-0.084961,0.056396,down
181747,1.632813,10.289063,-0.007813,-0.285156,-0.775391,-0.460937,0.7099,0.697083,-0.086121,0.05188,down
181752,1.597656,10.398438,-0.042969,-0.285156,-0.775391,-0.460937,0.710327,0.696777,-0.08667,0.049683,down
181757,1.597656,10.480469,-0.042969,-0.285156,-0.775391,-0.460937,0.710327,0.696777,-0.08667,0.049683,down
181762,1.558594,10.519531,-0.042969,-0.398438,-0.738281,-0.460937,0.710327,0.696777,-0.08667,0.049683,down
181767,1.519531,10.519531,-0.007813,-0.398438,-0.738281,-0.460937,0.711365,0.695862,-0.087708,0.045227,down
181772,1.519531,10.476563,0.03125,-0.398438,-0.738281,-0.460937,0.712036,0.695312,-0.088196,0.042969,down
181777,1.480469,10.515625,0.03125,-0.451172,-0.730469,-0.439453,0.712036,0.695312,-0.088196,0.042969,down
181782,1.441406,10.480469,0.109375,-0.472656,-0.701172,-0.408203,0.712036,0.695312,-0.088196,0.042969,down
181787,1.480469,10.402344,0.070312,-0.472656,-0.701172,-0.408203,0.71405,0.693359,-0.089844,0.036499,down
181793,1.519531,10.332031,0.070312,-0.472656,-0.701172,-0.408203,0.715393,0.691956,-0.091003,0.032471,down
181798,1.519531,10.25,0.148437,-0.447266,-0.677734,-0.363281,0.716064,0.691345,-0.091553,0.030579,down
181803,1.519531,10.097656,0.222656,-0.433594,-0.660156,-0.357422,0.716736,0.690674,-0.092163,0.028625,down
181809,1.597656,9.832031,0.148437,-0.433594,-0.660156,-0.357422,0.717285,0.690125,-0.092651,0.026917,down
181816,1.597656,9.753906,0.183594,-0.382813,-0.644531,-0.347656,0.717285,0.690125,-0.092651,0.026917,down
181822,1.632813,9.59375,0.183594,-0.371094,-0.636719,-0.351563,0.717285,0.690125,-0.092651,0.026917,down
181827,1.632813,9.59375,0.183594,-0.349609,-0.623047,-0.363281,0.717285,0.690125,-0.092651,0.026917,down
181832,1.632813,9.449219,0.148437,-0.349609,-0.623047,-0.363281,0.718811,0.688416,-0.094238,0.021423,down
181837,1.632813,9.449219,0.148437,-0.328125,-0.591797,-0.384766,0.719727,0.6875,-0.095093,0.017883,down
181842,1.632813,9.289063,0.109375,-0.328125,-0.591797,-0.384766,0.719727,0.6875,-0.095093,0.017883,down
181847,1.632813,9.210938,0.148437,-0.326172,-0.587891,-0.384766,0.720581,0.686523,-0.095947,0.014282,down
181853,1.710938,9.175781,0.109375,-0.320313,-0.582031,-0.398438,0.721497,0.685608,-0.09668,0.010559,down
181858,1.710938,9.175781,0.148437,-0.320313,-0.582031,-0.398438,0.721863,0.68512,-0.096924,0.00885,down
181864,1.75,9.175781,0.109375,-0.320313,-0.582031,-0.398438,0.72229,0.684692,-0.097168,0.007141,down
181869,1.75,9.175781,0.148437,-0.320313,-0.509766,-0.421875,0.722717,0.684204,-0.097351,0.005493,down
181875,1.75,9.175781,0.109375,-0.296875,-0.486328,-0.429687,0.722717,0.684204,-0.097351,0.005493,down
181880,1.671875,9.144531,0.109375,-0.296875,-0.486328,-0.429687,0.723511,0.68335,-0.097595,0.002075,down
181886,1.671875,9.214844,0.109375,-0.28125,-0.458984,-0.441406,0.723511,0.68335,-0.097595,0.002075,down
181891,1.671875,9.25,0.070312,-0.28125,-0.458984,-0.449219,0.723511,0.68335,-0.097595,0.002075,down
181897,1.632813,9.289063,0.148437,-0.28125,-0.462891,-0.441406,0.723511,0.68335,-0.097595,0.002075,down
181902,1.671875,9.332031,0.148437,-0.289063,-0.464844,-0.441406,0.723511,0.68335,-0.097595,0.002075,down
181907,1.632813,9.367188,0.109375,-0.302734,-0.486328,-0.439453,0.723511,0.68335,-0.097595,0.002075,down
181912,1.671875,9.371094,0.148437,-0.302734,-0.486328,-0.439453,0.725769,0.680908,-0.097961,-0.007996,down
181917,1.710938,9.40625,0.183594,-0.302734,-0.486328,-0.439453,0.726135,0.680481,-0.098083,-0.009705,down
181922,1.710938,9.367188,0.148437,-0.302734,-0.509766,-0.435547,0.726135,0.680481,-0.098083,-0.009705,down
181928,1.75,9.367188,0.109375,-0.316406,-0.501953,-0.447266,0.726135,0.680481,-0.098083,-0.009705,down
181933,1.789063,9.367188,0.109375,-0.316406,-0.501953,-0.447266,0.727661,0.67865,-0.098633,-0.016663,down
181938,1.789063,9.449219,0.109375,-0.298828,-0.476562,-0.462891,0.728027,0.678101,-0.098694,-0.018555,down
181943,1.75,9.484375,0.109375,-0.298828,-0.476562,-0.462891,0.728333,0.677734,-0.098694,-0.020081,down
181948,1.671875,9.636719,0.109375,-0.298828,-0.476562,-0.462891,0.728699,0.677307,-0.098633,-0.021912,down
181953,1.671875,9.710938,0.070312,-0.298828,-0.476562,-0.462891,0.729004,0.677002,-0.098511,-0.023499,down
181958,1.632813,9.753906,0.070312,-0.25,-0.404297,-0.501953,0.729004,0.677002,-0.098511,-0.023499,down
181963,1.632813,9.828125,0.03125,-0.25,-0.404297,-0.501953,0.729553,0.67627,-0.098206,-0.026855,down
181968,1.558594,10.058594,0.03125,-0.25,-0.404297,-0.501953,0.729858,0.675903,-0.098022,-0.028564,down
181973,1.519531,10.132813,0.03125,-0.226562,-0.388672,-0.484375,0.729858,0.675903,-0.098022,-0.028564,down
181978,1.441406,10.214844,0.109375,-0.226562,-0.388672,-0.484375,0.730347,0.675293,-0.097717,-0.03186,down
181983,1.441406,10.328125,0.070312,-0.205078,-0.40625,-0.447266,0.730347,0.675293,-0.097717,-0.03186,down
181988,1.367188,10.476563,0.03125,-0.205078,-0.40625,-0.447266,0.730774,0.674744,-0.097595,-0.034851,down
181993,1.328125,10.515625,0.070312,-0.1875,-0.425781,-0.390625,0.730774,0.674744,-0.097595,-0.034851,down
181998,1.289063,10.59375,-0.007813,-0.1875,-0.425781,-0.390625,0.73114,0.674133,-0.097717,-0.037964,down
182003,1.214844,10.671875,0.03125,-0.183594,-0.4375,-0.347656,0.73114,0.674133,-0.097717,-0.037964,down
182008,1.175781,10.863281,0.03125,-0.173828,-0.441406,-0.318359,0.731323,0.673828,-0.0979,-0.039368,down
182013,1.175781,10.902344,0.03125,-0.173828,-0.441406,-0.318359,0.731445,0.673523,-0.098083,-0.040833,down
182018,1.136719,10.902344,0.070312,-0.173828,-0.441406,-0.318359,0.73175,0.672974,-0.098633,-0.043457,down
182024,1.175781,10.898438,0.070312,-0.173828,-0.441406,-0.318359,0.731873,0.672729,-0.098999,-0.044678,down
182029,1.214844,10.902344,0.070312,-0.193359,-0.474609,-0.222656,0.732056,0.672363,-0.099487,-0.046082,down
182034,1.25,10.941406,0.070312,-0.193359,-0.474609,-0.222656,0.732239,0.672058,-0.099915,-0.04718,down
182040,1.175781,10.9375,0.109375,-0.1875,-0.453125,-0.183594,0.732239,0.672058,-0.099915,-0.04718,down
182045,1.214844,10.863281,0.070312,-0.179687,-0.431641,-0.167969,0.732544,0.671387,-0.10083,-0.0495,down
182051,1.175781,10.820313,0.109375,-0.193359,-0.404297,-0.152344,0.732544,0.671387,-0.10083,-0.0495,down
182056,1.136719,10.742188,0.109375,-0.199219,-0.390625,-0.132812,0.732544,0.671387,-0.10083,-0.0495,down
182061,1.097656,10.636719,0.183594,-0.199219,-0.390625,-0.132812,0.733154,0.670288,-0.102173,-0.052429,down
182067,1.058594,10.59375,0.148437,-0.201172,-0.34375,-0.087891,0.733154,0.670288,-0.102173,-0.052429,down
182073,0.984375,10.519531,0.183594,-0.173828,-0.310547,-0.037109,0.733154,0.670288,-0.102173,-0.052429,down
182078,0.945312,10.402344,0.261719,-0.173828,-0.310547,-0.037109,0.73407,0.668823,-0.103943,-0.055359,down
182083,0.945312,10.363281,0.261719,-0.142578,-0.306641,0.013672,0.73407,0.668823,-0.103943,-0.055359,down
182088,0.945312,10.332031,0.300781,-0.142578,-0.306641,0.013672,0.734192,0.668518,-0.104492,-0.055908,down
182093,0.945312,10.175781,0.339844,-0.140625,-0.294922,0.037109,0.734192,0.668518,-0.104492,-0.055908,down
182098,0.867187,10.136719,0.339844,-0.130859,-0.300781,0.066406,0.734497,0.667908,-0.105652,-0.056885,down
182103,0.832031,10.097656,0.375,-0.130859,-0.300781,0.066406,0.73468,0.667603,-0.106323,-0.057312,down
182108,0.832031,10.097656,0.414062,-0.148437,-0.316406,0.076172,0.734802,0.667297,-0.106812,-0.057678,down
182114,0.832031,10.097656,0.414062,-0.158203,-0.320313,0.089844,0.735168,0.666687,-0.108154,-0.058533,down
182119,0.792969,9.941406,0.453125,-0.189453,-0.335938,0.095703,0.735352,0.666199,-0.109009,-0.059021,down
182125,0.832031,9.910156,0.453125,-0.189453,-0.335938,0.095703,0.735596,0.665833,-0.109619,-0.059448,down
182131,0.832031,9.792969,0.53125,-0.265625,-0.34375,0.107422,0.735901,0.665283,-0.110352,-0.059875,down
182136,0.832031,9.792969,0.53125,-0.294922,-0.345703,0.109375,0.736328,0.664734,-0.111145,-0.060364,down
182142,0.867187,9.792969,0.570312,-0.294922,-0.345703,0.109375,0.736755,0.664062,-0.111877,-0.060791,down
182147,0.867187,9.792969,0.570312,-0.347656,-0.324219,0.111328,0.737244,0.663391,-0.11261,-0.061218,down
182152,0.832031,9.632813,0.605469,-0.347656,-0.324219,0.111328,0.737732,0.662659,-0.113342,-0.061707,down
182158,0.832031,9.558594,0.605469,-0.363281,-0.300781,0.095703,0.737732,0.662659,-0.113342,-0.061707,down
182163,0.792969,9.527344,0.644531,-0.365234,-0.287109,0.091797,0.737732,0.662659,-0.113342,-0.061707,down
182168,0.714844,9.488281,0.683594,-0.351563,-0.273438,0.083984,0.739807,0.659729,-0.115784,-0.063354,down
182173,0.714844,9.449219,0.722656,-0.351563,-0.273438,0.083984,0.739807,0.659729,-0.115784,-0.063354,down
182178,0.714844,9.449219,0.761719,-0.269531,-0.255859,0.076172,0.739807,0.659729,-0.115784,-0.063354,down
182183,0.675781,9.410156,0.722656,-0.269531,-0.255859,0.076172,0.741028,0.657959,-0.117432,-0.064453,down
182188,0.714844,9.449219,0.761719,-0.269531,-0.255859,0.076172,0.741272,0.657532,-0.117981,-0.064819,down
182193,0.636719,9.367188,0.761719,-0.269531,-0.255859,0.076172,0.741272,0.657532,-0.117981,-0.064819,down
182198,0.636719,9.367188,0.761719,-0.087891,-0.267578,0.068359,0.741272,0.657532,-0.117981,-0.064819,down
182203,0.601562,9.40625,0.722656,-0.087891,-0.267578,0.068359,0.741577,0.656799,-0.11969,-0.065857,down
182208,0.601562,9.410156,0.683594,-0.087891,-0.267578,0.068359,0.741577,0.656616,-0.1203,-0.066284,down
182213,0.601562,9.484375,0.761719,-0.087891,-0.267578,0.068359,0.741577,0.656616,-0.1203,-0.066284,down
182218,0.636719,9.558594,0.796875,0.023437,-0.322266,0.019531,0.741577,0.656616,-0.1203,-0.066284,down
182223,0.636719,9.632813,0.761719,0.023437,-0.322266,0.019531,0.741211,0.656555,-0.122253,-0.067749,down
182228,0.5625,9.675781,0.761719,0.023437,-0.322266,0.019531,0.741211,0.656555,-0.122253,-0.067749,down
182233,0.636719,9.675781,0.796875,0.021484,-0.345703,-0.009766,0.741211,0.656555,-0.122253,-0.067749,down
182239,0.636719,9.75,0.722656,0.021484,-0.345703,-0.009766,0.740784,0.656555,-0.124084,-0.069458,down
182245,0.636719,9.792969,0.683594,0.021484,-0.345703,-0.009766,0.740662,0.656494,-0.124634,-0.070068,down
182251,0.636719,9.792969,0.683594,-0.015625,-0.322266,-0.019531,0.740662,0.656494,-0.124634,-0.070068,down
182256,0.675781,9.828125,0.644531,-0.042969,-0.310547,-0.021484,0.740662,0.656494,-0.124634,-0.070068,down
182262,0.636719,9.828125,0.605469,-0.068359,-0.287109,-0.013672,0.740479,0.65625,-0.126221,-0.071777,down
182268,0.675781,9.792969,0.605469,-0.091797,-0.271484,-0.017578,0.740479,0.65625,-0.126221,-0.071777,down
182274,0.636719,9.753906,0.644531,-0.105469,-0.257813,-0.017578,0.740479,0.65625,-0.126221,-0.071777,down
182280,0.675781,9.714844,0.605469,-0.105469,-0.257813,-0.017578,0.740723,0.655396,-0.12793,-0.07373,down
182285,0.675781,9.714844,0.605469,-0.076172,-0.222656,-0.017578,0.740784,0.655151,-0.128357,-0.074219,down
182290,0.714844,9.675781,0.605469,-0.076172,-0.222656,-0.017578,0.740845,0.655029,-0.128662,-0.074646,down
182296,0.636719,9.632813,0.605469,-0.076172,-0.222656,-0.017578,0.740784,0.654907,-0.128967,-0.075073,down
182301,0.714844,9.675781,0.570312,-0.007813,-0.179687,-0.044922,0.740784,0.654907,-0.128967,-0.075073,down
182306,0.675781,9.636719,0.605469,0.023437,-0.177734,-0.056641,0.740784,0.654907,-0.128967,-0.075073,down
182311,0.714844,9.675781,0.605469,0.025391,-0.171875,-0.056641,0.740784,0.654907,-0.128967,-0.075073,down
182317,0.753906,9.671875,0.644531,0.025391,-0.171875,-0.056641,0.740784,0.654907,-0.128967,-0.075073,down
182323,0.714844,9.632813,0.570312,0.025391,-0.171875,-0.056641,0.740295,0.655029,-0.130127,-0.077087,down
182329,0.753906,9.671875,0.644531,0.001953,-0.117188,-0.056641,0.740234,0.65509,-0.130249,-0.077332,down
182335,0.792969,9.636719,0.644531,0.001953,-0.117188,-0.056641,0.740112,0.65509,-0.130493,-0.078003,down
182342,0.832031,9.675781,0.605469,-0.041016,-0.091797,-0.054687,0.740112,0.65509,-0.130493,-0.078003,down
182347,0.792969,9.636719,0.644531,-0.054687,-0.080078,-0.064453,0.740112,0.65509,-0.130493,-0.078003,down
182352,0.832031,9.636719,0.644531,-0.072266,-0.066406,-0.064453,0.740112,0.65509,-0.130493,-0.078003,down
182357,0.832031,9.636719,0.683594,-0.091797,-0.044922,-0.070312,0.740112,0.65509,-0.130493,-0.078003,down
182362,0.832031,9.636719,0.644531,-0.078125,-0.042969,-0.068359,0.740112,0.65509,-0.130493,-0.078003,down
182368,0.792969,9.632813,0.761719,-0.087891,-0.033203,-0.066406,0.740601,0.654297,-0.130371,-0.079773,down
182373,0.792969,9.59375,0.722656,-0.087891,-0.033203,-0.066406,0.740601,0.654297,-0.130371,-0.079773,down
182378,0.832031,9.59375,0.722656,-0.070312,-0.025391,-0.078125,0.740601,0.654297,-0.130371,-0.079773,down
182383,0.832031,9.59375,0.722656,-0.064453,-0.021484,-0.089844,0.740784,0.654114,-0.130188,-0.0802,down
182388,0.90625,9.558594,0.835937,-0.064453,-0.021484,-0.089844,0.740906,0.653992,-0.130066,-0.080444,down
182394,0.90625,9.597656,0.796875,-0.060547,-0.015625,-0.103516,0.740906,0.653992,-0.130066,-0.080444,down
182399,0.90625,9.597656,0.761719,-0.060547,-0.015625,-0.103516,0.741089,0.653748,-0.129639,-0.081238,down
182404,0.945312,9.632813,0.761719,-0.060547,-0.015625,-0.103516,0.74115,0.653687,-0.129456,-0.081421,down
182409,0.945312,9.632813,0.796875,-0.056641,-0.001953,-0.115234,0.74115,0.653687,-0.129456,-0.081421,down
182414,0.945312,9.675781,0.796875,-0.056641,-0.001953,-0.115234,0.741272,0.653564,-0.129028,-0.08197,down
182419,0.984375,9.710938,0.875,-0.056641,-0.001953,-0.115234,0.741272,0.653564,-0.129028,-0.08197,down
182424,0.984375,9.710938,0.914062,-0.056641,-0.001953,-0.115234,0.741455,0.653381,-0.128601,-0.082458,down
182429,0.984375,9.710938,0.835937,-0.082031,0.037109,-0.113281,0.741455,0.653381,-0.128601,-0.082458,down
182434,0.945312,9.714844,0.835937,-0.078125,0.046875,-0.115234,0.741577,0.65332,-0.128296,-0.082703,down
182439,0.945312,9.753906,0.988281,-0.078125,0.046875,-0.115234,0.74176,0.653137,-0.127747,-0.083008,down
182444,0.945312,9.753906,0.988281,-0.078125,0.046875,-0.115234,0.74176,0.653137,-0.127747,-0.083008,down
182449,0.90625,9.789063,0.953125,-0.029297,0.056641,-0.099609,0.74176,0.653137,-0.127747,-0.083008,down
182454,0.90625,9.828125,0.953125,-0.029297,0.056641,-0.099609,0.741882,0.653137,-0.126892,-0.083435,down
182459,0.867187,9.828125,0.988281,-0.029297,0.056641,-0.099609,0.741882,0.653137,-0.126587,-0.083557,down
182464,0.90625,9.828125,0.988281,-0.005859,0.044922,-0.097656,0.741882,0.653137,-0.126587,-0.083557,down
182469,0.90625,9.828125,1.027344,-0.005859,0.044922,-0.097656,0.741882,0.653198,-0.126343,-0.083679,down
182474,0.945312,9.871094,1.027344,0.003906,0.039063,-0.099609,0.741882,0.653198,-0.126343,-0.083679,down
182479,0.945312,9.871094,1.027344,0.013672,0.033203,-0.09375,0.741821,0.65332,-0.125854,-0.083923,down
182484,0.984375,9.867188,1.027344,0.013672,0.033203,-0.09375,0.74176,0.653442,-0.125427,-0.084229,down
182489,0.984375,9.867188,1.027344,0.013672,0.033203,-0.09375,0.74176,0.653442,-0.125427,-0.084229,down
182494,1.023438,9.867188,1.027344,0.013672,0.033203,-0.09375,0.741699,0.653564,-0.125061,-0.084473,down
182499,0.984375,9.867188,0.988281,0.013672,0.033203,-0.09375,0.741699,0.653564,-0.125061,-0.084473,down
182504,1.023438,9.90625,1.027344,-0.001953,0.044922,-0.089844,0.741699,0.653564,-0.125061,-0.084473,down
182509,0.984375,9.9375,0.988281,-0.017578,0.044922,-0.085937,0.741699,0.653564,-0.125061,-0.084473,down
182515,0.984375,10.019531,0.988281,-0.017578,0.044922,-0.085937,0.741699,0.653625,-0.124146,-0.0849,down
182520,0.945312,10.019531,1.066406,-0.033203,0.042969,-0.074219,0.741699,0.653625,-0.124146,-0.0849,down
182525,0.945312,10.054688,1.027344,-0.037109,0.048828,-0.066406,0.741699,0.653625,-0.124146,-0.0849,down
182530,0.90625,10.09375,1.027344,-0.037109,0.048828,-0.066406,0.741882,0.653564,-0.123535,-0.085144,down
182535,0.90625,10.054688,1.066406,-0.037109,0.048828,-0.066406,0.741882,0.653503,-0.123352,-0.085205,down
182540,0.90625,10.136719,1.066406,-0.033203,0.027344,-0.039063,0.741882,0.653503,-0.123352,-0.085205,down
182545,0.945312,10.132813,1.066406,-0.029297,0.033203,-0.029297,0.741882,0.653503,-0.123352,-0.085205,down
182551,0.90625,10.097656,1.066406,-0.029297,0.033203,-0.029297,0.741882,0.653503,-0.123352,-0.085205,down
182556,0.90625,10.097656,1.066406,-0.023437,0.035156,-0.013672,0.741882,0.653503,-0.123352,-0.085205,down
182561,0.90625,10.015625,1.105469,-0.021484,0.037109,-0.009766,0.741882,0.653503,-0.123352,-0.085205,down
182567,0.90625,10.015625,1.066406,-0.015625,0.03125,-0.007813,0.741882,0.653503,-0.123352,-0.085205,down
182572,0.832031,10.019531,1.066406,-0.021484,0.021484,-0.005859,0.741882,0.653503,-0.123352,-0.085205,down
182578,0.867187,10.09375,1.027344,-0.033203,0.027344,-0.005859,0.741882,0.653503,-0.123352,-0.085205,down
182583,0.714844,10.015625,1.027344,-0.035156,0.025391,-0.009766,0.741882,0.653503,-0.123352,-0.085205,down
182588,0.792969,10.015625,1.027344,-0.035156,0.025391,-0.009766,0.74231,0.653259,-0.122498,-0.085266,down
182593,0.753906,10.054688,1.027344,-0.017578,-0.009766,-0.009766,0.74231,0.653259,-0.122498,-0.085266,down
182598,0.792969,10.015625,1.027344,-0.017578,-0.009766,-0.009766,0.74231,0.653198,-0.122437,-0.085388,down
182603,0.792969,10.015625,1.027344,-0.025391,-0.021484,-0.013672,0.74231,0.653198,-0.122437,-0.085388,down
182608,0.792969,9.976563,1.066406,-0.029297,-0.025391,-0.009766,0.74231,0.653198,-0.122437,-0.085388,down
182613,0.792969,9.980469,1.027344,-0.033203,-0.03125,-0.011719,0.74231,0.653198,-0.122437,-0.085388,down
182618,0.753906,9.910156,0.988281,-0.033203,-0.03125,-0.011719,0.742432,0.653015,-0.122559,-0.085754,down
182624,0.753906,9.867188,1.066406,-0.046875,-0.019531,-0.005859,0.742432,0.653015,-0.122559,-0.085754,down
182629,0.714844,9.871094,1.027344,-0.046875,-0.019531,-0.005859,0.742615,0.652771,-0.122559,-0.085999,down
182634,0.714844,9.832031,1.027344,-0.046875,-0.019531,-0.005859,0.742615,0.652771,-0.122559,-0.085999,down
182639,0.636719,9.828125,1.066406,-0.046875,-0.019531,-0.005859,0.742798,0.652527,-0.122559,-0.086121,down
182644,0.675781,9.75,1.027344,-0.046875,-0.019531,-0.005859,0.742798,0.652527,-0.122559,-0.086121,down
182649,0.675781,9.753906,1.066406,-0.072266,-0.009766,-0.001953,0.742798,0.652527,-0.122559,-0.086121,down
182655,0.636719,9.671875,1.027344,-0.072266,-0.009766,-0.001953,0.743103,0.652161,-0.122559,-0.086304,down
182661,0.636719,9.675781,1.066406,-0.072266,-0.009766,-0.001953,0.743164,0.6521,-0.12262,-0.086304,down
182667,0.636719,9.710938,1.066406,-0.007813,0.011719,0.009766,0.743225,0.652039,-0.12262,-0.086304,down
182672,0.636719,9.714844,1.027344,0.015625,0.023437,0.001953,0.743225,0.652039,-0.12262,-0.086304,down
182678,0.601562,9.75,1.066406,0.015625,0.023437,0.001953,0.743225,0.652039,-0.12262,-0.086304,down
182684,0.601562,9.75,1.066406,0.041016,0.037109,-0.003906,0.743225,0.652039,-0.12262,-0.086304,down
182689,0.523437,9.789063,1.027344,0.027344,0.015625,-0.015625,0.743225,0.652039,-0.12262,-0.086304,down
182694,0.5625,9.867188,1.105469,0.019531,0.009766,-0.015625,0.742981,0.652405,-0.122375,-0.086121,down
182699,0.523437,9.832031,1.066406,0.019531,0.009766,-0.015625,0.74292,0.652466,-0.122314,-0.086182,down
182704,0.523437,9.832031,1.105469,0.019531,0.009766,-0.015625,0.742859,0.652527,-0.122314,-0.086182,down
182709,0.5625,9.832031,1.027344,0.0,-0.001953,-0.025391,0.742859,0.652527,-0.122314,-0.086182,down
182714,0.5625,9.828125,1.066406,-0.042969,-0.005859,-0.035156,0.742859,0.652527,-0.122192,-0.086304,down
182719,0.5625,9.828125,1.066406,-0.042969,-0.005859,-0.035156,0.742859,0.652466,-0.122131,-0.086426,down
182724,0.523437,9.871094,1.066406,-0.042969,-0.005859,-0.035156,0.74292,0.652405,-0.12207,-0.086548,down
182729,0.484375,9.832031,1.105469,-0.080078,-0.015625,-0.029297,0.74292,0.652405,-0.12207,-0.086548,down
182734,0.484375,9.832031,1.066406,-0.095703,-0.019531,-0.019531,0.743164,0.652161,-0.12207,-0.086731,down
182739,0.523437,9.832031,1.105469,-0.095703,-0.019531,-0.019531,0.743286,0.651978,-0.122009,-0.086853,down
182744,0.523437,9.871094,1.179688,-0.089844,-0.027344,-0.019531,0.743408,0.651794,-0.122009,-0.086975,down
182750,0.484375,9.792969,1.105469,-0.089844,-0.027344,-0.019531,0.743652,0.65155,-0.122009,-0.087219,down
182755,0.5625,9.789063,1.105469,-0.074219,-0.011719,-0.007813,0.743774,0.651367,-0.122009,-0.08728,down
182761,0.5625,9.828125,1.105469,-0.074219,-0.011719,-0.007813,0.743835,0.651245,-0.122009,-0.087341,down
182766,0.5625,9.789063,1.105469,-0.074219,-0.011719,-0.007813,0.743896,0.651245,-0.122009,-0.087402,down
182771,0.523437,9.871094,1.105469,-0.074219,-0.011719,-0.007813,0.743896,0.651245,-0.121948,-0.087402,down
182776,0.484375,9.832031,1.105469,0.009766,0.019531,-0.027344,0.743896,0.651245,-0.121948,-0.087402,down
182781,0.484375,9.789063,1.027344,0.021484,0.019531,-0.019531,0.743896,0.651245,-0.121948,-0.087402,down
182786,0.484375,9.828125,1.027344,0.021484,0.019531,-0.019531,0.743774,0.651367,-0.121887,-0.087402,down
182791,0.523437,9.832031,1.105469,0.021484,0.019531,-0.019531,0.743713,0.651489,-0.121887,-0.087463,down
182796,0.484375,9.832031,1.105469,0.021484,-0.015625,-0.021484,0.743713,0.651489,-0.121887,-0.087463,down
182801,0.523437,9.792969,1.066406,0.021484,-0.015625,-0.021484,0.743713,0.651489,-0.121887,-0.087463,down
182807,0.484375,9.75,1.027344,0.021484,-0.015625,-0.021484,0.74353,0.651672,-0.121887,-0.087646,down
182813,0.484375,9.714844,1.066406,-0.005859,-0.015625,-0.039063,0.74353,0.651672,-0.121887,-0.087646,down
182818,0.523437,9.675781,1.027344,-0.009766,-0.019531,-0.035156,0.74353,0.651672,-0.121887,-0.087646,down
182824,0.484375,9.710938,1.027344,-0.011719,-0.013672,-0.039063,0.74353,0.651672,-0.121887,-0.087646,down
182829,0.484375,9.753906,1.066406,-0.015625,-0.003906,-0.033203,0.74353,0.651672,-0.121887,-0.087646,down
182835,0.410156,9.675781,1.066406,-0.033203,0.007813,-0.03125,0.74353,0.651672,-0.121887,-0.087646,down
182841,0.445312,9.671875,1.027344,-0.033203,0.007813,-0.03125,0.743469,0.651611,-0.121765,-0.088135,down
182846,0.445312,9.671875,1.027344,-0.035156,-0.011719,-0.027344,0.74353,0.65155,-0.121765,-0.088257,down
182851,0.445312,9.675781,1.066406,-0.025391,-0.019531,-0.03125,0.74353,0.65155,-0.121765,-0.088318,down
182857,0.484375,9.597656,1.066406,-0.025391,-0.019531,-0.03125,0.74353,0.65155,-0.121765,-0.08844,down
182863,0.484375,9.597656,1.105469,-0.017578,-0.033203,-0.042969,0.74353,0.65155,-0.121765,-0.08844,down
182868,0.445312,9.59375,1.066406,-0.009766,-0.023437,-0.041016,0.74353,0.65155,-0.121765,-0.08844,down
182873,0.445312,9.558594,1.066406,-0.003906,-0.027344,-0.039063,0.74353,0.65155,-0.121765,-0.08844,down
182878,0.484375,9.488281,1.105469,0.007813,-0.037109,-0.039063,0.74353,0.65155,-0.121765,-0.08844,down
182883,0.445312,9.527344,1.144531,0.015625,-0.037109,-0.039063,0.74353,0.65155,-0.121765,-0.08844,down
182888,0.484375,9.488281,1.066406,0.023437,-0.035156,-0.042969,0.74353,0.65155,-0.121765,-0.08844,down
182893,0.484375,9.484375,0.988281,0.023437,-0.035156,-0.042969,0.74353,0.65155,-0.121765,-0.08844,down
182898,0.445312,9.445313,0.988281,0.011719,-0.035156,-0.044922,0.74353,0.65155,-0.121765,-0.08844,down
182903,0.484375,9.449219,0.953125,0.013672,-0.046875,-0.046875,0.74353,0.65155,-0.121765,-0.08844,down
182908,0.484375,9.449219,0.953125,0.021484,-0.050781,-0.064453,0.74353,0.65155,-0.121765,-0.08844,down
182913,0.5625,9.410156,0.953125,0.021484,-0.050781,-0.064453,0.74353,0.65155,-0.121765,-0.08844,down
182918,0.523437,9.449219,0.914062,0.054687,-0.0625,-0.083984,0.74353,0.65155,-0.121765,-0.08844,down
182923,0.523437,9.449219,0.875,0.074219,-0.058594,-0.099609,0.74353,0.65155,-0.121765,-0.08844,down
182928,0.601562,9.445313,0.875,0.082031,-0.064453,-0.101563,0.74353,0.65155,-0.121765,-0.08844,down
182933,0.601562,9.488281,0.914062,0.082031,-0.064453,-0.101563,0.74353,0.65155,-0.121765,-0.08844,down
182938,0.636719,9.527344,0.835937,0.109375,-0.056641,-0.123047,0.74353,0.65155,-0.121765,-0.08844,down
182943,0.601562,9.558594,0.796875,0.105469,-0.050781,-0.125,0.74353,0.65155,-0.121765,-0.08844,down
182948,0.636719,9.632813,0.796875,0.105469,-0.050781,-0.125,0.74353,0.65155,-0.121765,-0.08844,down
182953,0.601562,9.59375,0.761719,0.078125,-0.033203,-0.134766,0.74353,0.65155,-0.121765,-0.08844,down
182958,0.601562,9.632813,0.761719,0.076172,-0.027344,-0.138672,0.74353,0.65155,-0.121765,-0.08844,down
182963,0.601562,9.632813,0.796875,0.048828,-0.019531,-0.140625,0.74353,0.65155,-0.121765,-0.08844,down
182969,0.5625,9.710938,0.761719,0.023437,-0.017578,-0.138672,0.74353,0.65155,-0.121765,-0.08844,down
182974,0.5625,9.75,0.796875,0.023437,-0.017578,-0.138672,0.740723,0.654175,-0.12085,-0.093384,down
182980,0.5625,9.789063,0.796875,0.003906,-0.013672,-0.132812,0.740723,0.654175,-0.12085,-0.093384,down
182985,0.523437,9.792969,0.761719,0.003906,-0.013672,-0.132812,0.740601,0.654358,-0.120483,-0.093994,down
182990,0.484375,9.832031,0.796875,-0.019531,-0.011719,-0.154297,0.740601,0.654358,-0.120483,-0.093994,down
182995,0.445312,9.828125,0.761719,-0.015625,-0.013672,-0.152344,0.740601,0.654358,-0.120483,-0.093994,down
183001,0.445312,9.871094,0.875,-0.015625,-0.013672,-0.152344,0.740417,0.65448,-0.119629,-0.095215,down
183006,0.410156,9.871094,0.914062,-0.015625,-0.013672,-0.152344,0.740417,0.654541,-0.119446,-0.09552,down
183012,0.410156,9.910156,0.914062,-0.011719,-0.011719,-0.140625,0.740356,0.654602,-0.119202,-0.095825,down
183017,0.410156,9.941406,0.875,-0.011719,-0.011719,-0.140625,0.740295,0.654602,-0.119019,-0.09613,down
183023,0.445312,9.980469,0.914062,-0.011719,-0.011719,-0.140625,0.740295,0.654602,-0.119019,-0.09613,down
183029,0.410156,9.980469,0.914062,-0.003906,0.005859,-0.103516,0.740234,0.654663,-0.118652,-0.096558,down
183035,0.410156,9.980469,0.914062,0.005859,0.021484,-0.099609,0.740234,0.654663,-0.118652,-0.096558,down
183040,0.371094,9.980469,0.914062,0.005859,0.021484,-0.099609,0.740112,0.654846,-0.118286,-0.096863,down
183045,0.371094,10.015625,0.914062,0.041016,0.021484,-0.09375,0.740112,0.654846,-0.118286,-0.096863,down
183051,0.332031,10.015625,0.914062,0.041016,0.021484,-0.09375,0.739868,0.655212,-0.117737,-0.097351,down
183057,0.332031,10.097656,0.988281,0.041016,0.021484,-0.09375,0.739746,0.655334,-0.117554,-0.097473,down
183062,0.253906,10.136719,0.988281,0.056641,0.013672,-0.105469,0.739624,0.655518,-0.117371,-0.097656,down
183068,0.332031,10.171875,1.027344,0.064453,0.011719,-0.103516,0.739624,0.655518,-0.117371,-0.097656,down
183073,0.292969,10.210938,1.105469,0.064453,0.011719,-0.103516,0.739319,0.655823,-0.117004,-0.097961,down
183078,0.253906,10.175781,1.066406,0.041016,0.009766,-0.105469,0.739319,0.655823,-0.117004,-0.097961,down
183083,0.253906,10.175781,1.066406,0.023437,0.007813,-0.109375,0.739319,0.655823,-0.117004,-0.097961,down
183088,0.21875,10.175781,1.105469,-0.011719,0.0,-0.109375,0.739319,0.655823,-0.117004,-0.097961,down
183093,0.21875,10.171875,1.144531,-0.011719,0.0,-0.109375,0.739319,0.655823,-0.117004,-0.097961,down
183099,0.179687,10.175781,1.144531,-0.054687,-0.003906,-0.091797,0.739319,0.655823,-0.117004,-0.097961,down
183105,0.140625,10.136719,1.179688,-0.09375,-0.03125,-0.080078,0.739319,0.655823,-0.117004,-0.097961,down
183110,0.140625,10.058594,1.144531,-0.09375,-0.03125,-0.080078,0.739258,0.655823,-0.115784,-0.09967,down
183115,0.101563,10.054688,1.21875,-0.09375,-0.03125,-0.080078,0.739258,0.655823,-0.115784,-0.09967,down
183120,0.101563,10.054688,1.21875,-0.125,-0.085937,-0.064453,0.739258,0.655823,-0.115784,-0.09967,down
183125,0.101563,10.015625,1.21875,-0.125,-0.085937,-0.064453,0.739563,0.655457,-0.115723,-0.10022,down
183130,0.179687,9.9375,1.335938,-0.125,-0.085937,-0.064453,0.739807,0.655029,-0.115845,-0.100891,down
183135,0.179687,9.9375,1.257813,-0.125,-0.085937,-0.064453,0.739807,0.655029,-0.115845,-0.100891,down
183140,0.179687,9.90625,1.257813,-0.052734,-0.130859,-0.083984,0.739807,0.655029,-0.115845,-0.100891,down
183145,0.179687,9.90625,1.257813,-0.052734,-0.130859,-0.083984,0.739868,0.654724,-0.11615,-0.102051,down
183150,0.179687,9.867188,1.257813,-0.052734,-0.130859,-0.083984,0.739807,0.654724,-0.116272,-0.102417,down
183155,0.179687,9.828125,1.257813,-0.052734,-0.130859,-0.083984,0.739807,0.654724,-0.116272,-0.102417,down
183160,0.140625,9.792969,1.296875,-0.001953,-0.130859,-0.089844,0.739807,0.654724,-0.116272,-0.102417,down
183165,0.101563,9.789063,1.296875,-0.001953,-0.130859,-0.089844,0.739685,0.654724,-0.116455,-0.10321,down
183170,0.101563,9.832031,1.335938,0.011719,-0.136719,-0.087891,0.739502,0.654785,-0.116699,-0.104004,down
183175,0.027344,9.828125,1.296875,0.041016,-0.138672,-0.078125,0.739502,0.654785,-0.116699,-0.104004,down
183180,0.027344,9.828125,1.296875,0.041016,-0.138672,-0.078125,0.739319,0.654846,-0.116821,-0.104431,down
183186,0.0625,9.832031,1.257813,0.044922,-0.179687,-0.064453,0.739197,0.654968,-0.117004,-0.104797,down
183191,0.027344,9.789063,1.296875,0.044922,-0.179687,-0.064453,0.738831,0.655151,-0.117432,-0.105652,down
183196,0.140625,9.753906,1.179688,0.044922,-0.179687,-0.064453,0.738647,0.655212,-0.117737,-0.106079,down
183201,0.140625,9.753906,1.179688,0.048828,-0.212891,-0.082031,0.738464,0.655273,-0.117981,-0.106506,down
183206,0.179687,9.632813,1.21875,0.046875,-0.212891,-0.085937,0.738281,0.655396,-0.118225,-0.107056,down
183212,0.179687,9.597656,1.179688,0.046875,-0.212891,-0.085937,0.738098,0.655457,-0.118469,-0.107544,down
183217,0.179687,9.558594,1.144531,0.046875,-0.212891,-0.085937,0.737854,0.655518,-0.118774,-0.108093,down
183224,0.179687,9.59375,1.144531,0.046875,-0.212891,-0.085937,0.737854,0.655518,-0.118774,-0.108093,down
183229,0.253906,9.558594,1.105469,0.011719,-0.220703,-0.095703,0.737854,0.655518,-0.118774,-0.108093,down
183234,0.21875,9.558594,1.105469,0.003906,-0.222656,-0.101563,0.737854,0.655518,-0.118774,-0.108093,down
183240,0.253906,9.558594,1.066406,0.003906,-0.222656,-0.101563,0.737854,0.655518,-0.118774,-0.108093,down
183245,0.292969,9.558594,1.066406,0.0,-0.232422,-0.109375,0.737854,0.655518,-0.118774,-0.108093,down
183250,0.292969,9.554688,1.027344,0.013672,-0.228516,-0.123047,0.737854,0.655518,-0.118774,-0.108093,down
183256,0.292969,9.554688,0.988281,0.013672,-0.228516,-0.123047,0.736755,0.655701,-0.120728,-0.112671,down
183261,0.253906,9.527344,0.988281,0.035156,-0.224609,-0.136719,0.736755,0.655701,-0.120728,-0.112671,down
183266,0.253906,9.554688,0.953125,0.035156,-0.224609,-0.136719,0.736389,0.655823,-0.121094,-0.113892,down
183271,0.292969,9.636719,0.914062,0.035156,-0.224609,-0.136719,0.736145,0.655945,-0.121277,-0.114624,down
183276,0.332031,9.671875,0.914062,0.064453,-0.212891,-0.158203,0.736145,0.655945,-0.121277,-0.114624,down
183281,0.332031,9.714844,0.914062,0.064453,-0.212891,-0.158203,0.735657,0.656189,-0.121643,-0.115845,down
183286,0.292969,9.714844,0.875,0.064453,-0.212891,-0.158203,0.735657,0.656189,-0.121643,-0.115845,down
183291,0.253906,9.75,0.796875,0.064453,-0.193359,-0.160156,0.735229,0.656433,-0.121826,-0.117065,down
183296,0.21875,9.832031,0.835937,0.0625,-0.210937,-0.146484,0.734985,0.656555,-0.122009,-0.117737,down
183302,0.292969,9.910156,0.835937,0.060547,-0.216797,-0.152344,0.734741,0.656677,-0.122192,-0.118347,down
183307,0.253906,9.9375,0.796875,0.060547,-0.216797,-0.152344,0.734558,0.656799,-0.122314,-0.118896,down
183313,0.371094,9.9375,0.761719,0.060547,-0.216797,-0.152344,0.734314,0.65686,-0.122498,-0.119568,down
183319,0.371094,9.9375,0.761719,0.013672,-0.234375,-0.144531,0.734314,0.65686,-0.122498,-0.119568,down
183325,0.410156,9.9375,0.722656,0.007813,-0.224609,-0.144531,0.734314,0.65686,-0.122498,-0.119568,down
183330,0.410156,9.976563,0.722656,0.007813,-0.214844,-0.144531,0.733704,0.656921,-0.12323,-0.12207,down
183335,0.410156,10.015625,0.683594,0.007813,-0.214844,-0.144531,0.733704,0.656921,-0.12323,-0.12207,down
183340,0.445312,10.015625,0.683594,0.025391,-0.162109,-0.138672,0.733704,0.656921,-0.12323,-0.12207,down
183345,0.445312,10.054688,0.683594,0.025391,-0.162109,-0.138672,0.733398,0.657043,-0.123474,-0.12323,down
183351,0.371094,10.097656,0.644531,0.025391,-0.162109,-0.138672,0.733093,0.657166,-0.123535,-0.124207,down
183356,0.410156,10.136719,0.644531,0.027344,-0.113281,-0.125,0.732971,0.657227,-0.123596,-0.124634,down
183361,0.371094,10.171875,0.683594,0.027344,-0.113281,-0.125,0.732971,0.657227,-0.123596,-0.124634,down
183366,0.371094,10.171875,0.644531,0.048828,-0.089844,-0.115234,0.732788,0.657349,-0.123596,-0.125061,down
183371,0.371094,10.136719,0.644531,0.048828,-0.089844,-0.115234,0.732483,0.657593,-0.123535,-0.125793,down
183376,0.371094,10.136719,0.644531,0.048828,-0.089844,-0.115234,0.732483,0.657593,-0.123535,-0.125793,down
183381,0.410156,10.136719,0.644531,0.048828,-0.089844,-0.115234,0.732178,0.657776,-0.123535,-0.126404,down
183386,0.371094,10.136719,0.683594,0.048828,-0.089844,-0.115234,0.732178,0.657776,-0.123535,-0.126404,down
183391,0.371094,10.136719,0.683594,0.029297,-0.050781,-0.080078,0.732178,0.657776,-0.123535,-0.126404,down
183397,0.371094,10.09375,0.722656,0.029297,-0.050781,-0.080078,0.731812,0.658081,-0.123413,-0.127136,down
183403,0.371094,10.09375,0.722656,0.029297,-0.050781,-0.080078,0.73175,0.658142,-0.123413,-0.127319,down
183408,0.332031,10.09375,0.761719,-0.005859,-0.027344,-0.056641,0.731689,0.658142,-0.123352,-0.127502,down
183414,0.371094,10.132813,0.761719,-0.021484,-0.027344,-0.056641,0.731689,0.658142,-0.123352,-0.127502,down
183420,0.332031,10.015625,0.875,-0.021484,-0.027344,-0.056641,0.731689,0.658142,-0.123352,-0.127502,down
183425,0.332031,10.019531,0.796875,-0.035156,-0.019531,-0.039063,0.731689,0.658142,-0.123352,-0.127502,down
183431,0.292969,9.980469,0.835937,-0.029297,-0.013672,-0.039063,0.731689,0.658142,-0.123352,-0.127502,down
183436,0.292969,9.941406,0.914062,-0.029297,-0.013672,-0.039063,0.73175,0.65802,-0.123108,-0.128296,down
183441,0.253906,9.980469,0.875,-0.009766,-0.015625,-0.029297,0.73175,0.65802,-0.123108,-0.128296,down
183446,0.253906,9.980469,0.914062,-0.005859,-0.015625,-0.035156,0.731689,0.65802,-0.123047,-0.128357,down
183451,0.253906,9.941406,0.953125,-0.005859,-0.015625,-0.035156,0.731689,0.65802,-0.123047,-0.128479,down
183457,0.292969,9.910156,0.988281,-0.005859,-0.015625,-0.035156,0.731628,0.658081,-0.123047,-0.128601,down
183462,0.292969,9.910156,1.027344,0.017578,-0.023437,-0.005859,0.731567,0.658081,-0.123047,-0.128662,down
183468,0.253906,9.910156,1.027344,0.025391,-0.019531,-0.001953,0.731567,0.658081,-0.123047,-0.128662,down
183473,0.253906,9.910156,0.988281,0.025391,-0.019531,-0.001953,0.731445,0.658203,-0.123169,-0.128784,down
183480,0.21875,9.910156,0.953125,0.03125,-0.027344,0.001953,0.731445,0.658203,-0.123169,-0.128784,down
183485,0.179687,9.90625,0.914062,0.03125,-0.027344,0.003906,0.731445,0.658203,-0.123169,-0.128784,down
183491,0.179687,9.867188,0.988281,0.035156,-0.027344,0.007813,0.731445,0.658203,-0.123169,-0.128784,down
183496,0.179687,9.867188,1.027344,0.035156,-0.027344,0.007813,0.73114,0.658508,-0.123413,-0.128906,down
183501,0.179687,9.867188,1.027344,0.082031,-0.056641,0.015625,0.73114,0.658508,-0.123413,-0.128906,down
183506,0.179687,9.90625,0.988281,0.082031,-0.056641,0.015625,0.730652,0.658875,-0.12384,-0.129028,down
183511,0.21875,9.871094,0.988281,0.082031,-0.056641,0.015625,0.73053,0.658997,-0.124023,-0.129089,down
183516,0.253906,9.832031,0.953125,0.082031,-0.056641,0.015625,0.73053,0.658997,-0.124023,-0.129089,down
183521,0.179687,9.828125,1.027344,0.060547,-0.078125,0.015625,0.73053,0.658997,-0.124023,-0.129089,down
183526,0.253906,9.792969,0.953125,0.060547,-0.078125,0.015625,0.730225,0.659241,-0.12439,-0.129272,down
183532,0.21875,9.832031,0.953125,0.056641,-0.074219,0.005859,0.72998,0.659424,-0.124695,-0.129456,down
183537,0.21875,9.832031,0.914062,0.048828,-0.070312,0.003906,0.729797,0.659546,-0.124878,-0.129578,down
183542,0.179687,9.867188,0.953125,0.048828,-0.070312,0.003906,0.729736,0.659607,-0.125,-0.1297,down
183547,0.179687,9.789063,0.875,0.048828,-0.070312,0.003906,0.729675,0.659607,-0.125061,-0.129761,down
183552,0.179687,9.828125,0.914062,0.007813,-0.056641,-0.009766,0.729614,0.659668,-0.125183,-0.129883,down
183557,0.21875,9.832031,0.914062,0.011719,-0.048828,0.0,0.729553,0.659668,-0.125305,-0.130005,down
183563,0.179687,9.828125,0.875,0.011719,-0.048828,0.0,0.729492,0.659729,-0.125366,-0.130066,down
183568,0.179687,9.789063,0.914062,0.007813,-0.039063,-0.007813,0.729431,0.659729,-0.125427,-0.130188,down
183574,0.179687,9.789063,0.914062,0.019531,-0.035156,-0.007813,0.729431,0.659729,-0.125427,-0.130188,down
183579,0.140625,9.789063,0.914062,0.023437,-0.039063,-0.009766,0.729431,0.659729,-0.125427,-0.130188,down
183584,0.0625,9.832031,0.914062,0.03125,-0.027344,-0.005859,0.729431,0.659729,-0.125427,-0.130188,down
183589,0.101563,9.753906,0.875,0.039063,-0.023437,-0.007813,0.729431,0.659729,-0.125427,-0.130188,down
183595,0.101563,9.792969,0.914062,0.048828,-0.021484,-0.007813,0.729431,0.659729,-0.125427,-0.130188,down
183600,0.101563,9.871094,0.875,0.048828,-0.021484,-0.007813,0.729431,0.659729,-0.125427,-0.130188,down
183605,0.027344,9.832031,0.875,0.048828,-0.021484,-0.007813,0.728821,0.660278,-0.125793,-0.130554,down
183611,0.101563,9.832031,0.914062,0.058594,-0.044922,0.001953,0.728821,0.660278,-0.125793,-0.130554,down
183617,0.101563,9.871094,0.875,0.058594,-0.044922,0.001953,0.728394,0.660645,-0.126038,-0.130737,down
183622,0.101563,9.792969,0.914062,0.054687,-0.035156,-0.013672,0.728271,0.660767,-0.126099,-0.130798,down
183628,0.101563,9.792969,0.875,0.054687,-0.035156,-0.013672,0.728149,0.660828,-0.12616,-0.130859,down
183634,0.101563,9.792969,0.875,0.052734,-0.037109,-0.003906,0.728149,0.660828,-0.12616,-0.130859,down
183640,0.101563,9.832031,0.914062,0.042969,-0.03125,-0.015625,0.728149,0.660828,-0.12616,-0.130859,down
183646,0.0625,9.792969,0.875,0.037109,-0.019531,-0.017578,0.728149,0.660828,-0.12616,-0.130859,down
183651,0.027344,9.792969,0.835937,0.027344,-0.015625,-0.027344,0.728149,0.660828,-0.12616,-0.130859,down
183656,0.027344,9.832031,0.914062,0.027344,-0.015625,-0.027344,0.727722,0.661255,-0.126343,-0.131165,down
183661,0.0625,9.792969,0.835937,-0.009766,-0.011719,-0.042969,0.727722,0.661255,-0.126343,-0.131165,down
183666,0.0625,9.832031,0.875,-0.009766,-0.011719,-0.042969,0.727661,0.661316,-0.126282,-0.131409,down
183671,0.027344,9.832031,0.835937,-0.009766,-0.011719,-0.042969,0.7276,0.661316,-0.126221,-0.131531,down
183676,0.027344,9.871094,0.835937,-0.009766,-0.011719,-0.042969,0.7276,0.661316,-0.126099,-0.131592,down
183681,-0.011719,9.867188,0.875,-0.015625,-0.011719,-0.050781,0.7276,0.661316,-0.126099,-0.131592,down
183686,-0.050781,9.832031,0.835937,-0.017578,-0.009766,-0.044922,0.7276,0.661316,-0.126099,-0.131592,down
183692,-0.050781,9.832031,0.875,-0.017578,-0.011719,-0.042969,0.727661,0.661255,-0.125916,-0.131897,down
183697,0.027344,9.832031,0.875,-0.015625,-0.009766,-0.033203,0.727661,0.661255,-0.125916,-0.131897,down
183702,-0.011719,9.75,0.835937,-0.015625,-0.009766,-0.033203,0.727661,0.661255,-0.125854,-0.132019,down
183708,-0.011719,9.789063,0.835937,-0.015625,-0.009766,-0.033203,0.727661,0.661255,-0.125854,-0.132019,down
183713,0.027344,9.789063,0.796875,-0.015625,-0.009766,-0.033203,0.7276,0.661255,-0.125793,-0.13208,down
183718,0.0625,9.753906,0.835937,0.001953,0.001953,-0.041016,0.7276,0.661255,-0.125793,-0.13208,down
183723,0.027344,9.75,0.761719,0.009766,0.005859,-0.050781,0.7276,0.661316,-0.125671,-0.132141,down
183729,0.027344,9.75,0.796875,0.009766,0.005859,-0.050781,0.727539,0.661377,-0.12561,-0.132202,down
183735,0.027344,9.789063,0.796875,0.052734,0.003906,-0.046875,0.727539,0.661377,-0.12561,-0.132202,down
183740,0.027344,9.828125,0.761719,0.060547,0.009766,-0.046875,0.727539,0.661377,-0.12561,-0.132202,down
183746,0.027344,9.867188,0.761719,0.064453,0.011719,-0.044922,0.727539,0.661377,-0.12561,-0.132202,down
183751,0.0625,9.90625,0.761719,0.060547,0.015625,-0.044922,0.727539,0.661377,-0.12561,-0.132202,down
183756,0.0625,9.9375,0.796875,0.050781,0.037109,-0.041016,0.727539,0.661377,-0.12561,-0.132202,down
183761,0.027344,9.976563,0.761719,0.050781,0.037109,-0.041016,0.726868,0.66217,-0.125183,-0.132263,down
183766,0.027344,10.058594,0.722656,0.050781,0.037109,-0.041016,0.726807,0.662354,-0.125061,-0.132202,down
183772,-0.050781,10.058594,0.722656,0.035156,0.048828,-0.052734,0.726807,0.662354,-0.125061,-0.132202,down
183777,-0.050781,10.058594,0.761719,0.017578,0.058594,-0.056641,0.726807,0.662354,-0.125061,-0.132202,down
183783,-0.050781,10.132813,0.761719,0.017578,0.058594,-0.056641,0.726624,0.662598,-0.12439,-0.132141,down
183788,-0.050781,10.132813,0.761719,-0.025391,0.037109,-0.042969,0.726685,0.662598,-0.124268,-0.132141,down
183793,-0.089844,10.09375,0.835937,-0.025391,0.037109,-0.042969,0.726685,0.662598,-0.124084,-0.132141,down
183799,-0.128906,10.054688,0.796875,-0.025391,0.037109,-0.042969,0.726807,0.662537,-0.123962,-0.132141,down
183805,-0.128906,10.019531,0.875,-0.056641,0.029297,-0.029297,0.726807,0.662537,-0.123962,-0.132141,down
183810,-0.128906,10.019531,0.914062,-0.056641,0.021484,-0.025391,0.726807,0.662537,-0.123962,-0.132141,down
183815,-0.050781,10.015625,0.875,-0.052734,0.013672,-0.017578,0.726807,0.662537,-0.123962,-0.132141,down
183820,-0.050781,10.015625,0.875,-0.037109,0.013672,-0.009766,0.726807,0.662537,-0.123962,-0.132141,down
183825,-0.089844,10.019531,0.875,-0.042969,0.013672,-0.007813,0.726807,0.662537,-0.123962,-0.132141,down
183830,-0.089844,9.976563,0.875,-0.033203,0.021484,-0.009766,0.726807,0.662537,-0.123962,-0.132141,down
183835,-0.089844,9.976563,0.875,-0.033203,0.021484,-0.009766,0.726807,0.662537,-0.123962,-0.132141,down
183840,-0.089844,9.976563,0.875,0.007813,0.035156,-0.013672,0.726807,0.662537,-0.123962,-0.132141,down
183845,-0.050781,10.015625,0.835937,0.029297,0.039063,-0.009766,0.726807,0.662537,-0.123962,-0.132141,down
183850,-0.050781,10.015625,0.875,0.050781,0.039063,-0.005859,0.726807,0.662537,-0.123962,-0.132141,down
183855,-0.050781,9.980469,0.835937,0.050781,0.039063,-0.005859,0.726807,0.662537,-0.123962,-0.132141,down
183860,-0.050781,9.980469,0.835937,0.058594,0.046875,-0.025391,0.726807,0.662537,-0.123962,-0.132141,down
183865,-0.089844,9.976563,0.835937,0.058594,0.054687,-0.015625,0.726807,0.662537,-0.123962,-0.132141,down
183870,-0.089844,9.9375,0.835937,0.056641,0.0625,-0.023437,0.726807,0.662537,-0.123962,-0.132141,down
183875,-0.089844,9.976563,0.835937,0.056641,0.0625,-0.023437,0.726807,0.662537,-0.123962,-0.132141,down
183880,-0.128906,9.976563,0.835937,0.035156,0.056641,-0.027344,0.726807,0.662537,-0.123962,-0.132141,down
183885,-0.128906,10.015625,0.796875,0.025391,0.050781,-0.015625,0.726807,0.662537,-0.123962,-0.132141,down
183890,-0.164062,9.980469,0.835937,0.025391,0.050781,-0.015625,0.726807,0.662537,-0.123962,-0.132141,down
183896,-0.164062,9.980469,0.875,0.025391,0.050781,-0.015625,0.726562,0.66333,-0.122192,-0.131165,down
183902,-0.128906,9.9375,0.875,-0.042969,0.025391,0.001953,0.726562,0.66333,-0.122192,-0.131165,down
183907,-0.128906,9.90625,0.875,-0.042969,0.025391,0.001953,0.726685,0.663269,-0.12207,-0.131042,down
183912,-0.128906,9.867188,0.875,-0.060547,0.037109,0.003906,0.726868,0.663086,-0.121887,-0.130981,down
183917,-0.128906,9.828125,0.914062,-0.060547,0.037109,0.003906,0.726868,0.663086,-0.121887,-0.130981,down
183922,-0.128906,9.789063,0.953125,-0.072266,0.03125,0.001953,0.726868,0.663086,-0.121887,-0.130981,down
183927,-0.128906,9.75,0.953125,-0.072266,0.03125,0.001953,0.727112,0.662842,-0.121704,-0.130859,down
183932,-0.128906,9.75,0.953125,-0.072266,0.03125,0.001953,0.727234,0.66272,-0.121582,-0.130859,down
183937,-0.128906,9.75,0.988281,-0.050781,0.048828,-0.019531,0.727234,0.66272,-0.121582,-0.130859,down
183943,-0.164062,9.753906,0.988281,-0.050781,0.048828,-0.019531,0.727539,0.662537,-0.121216,-0.130737,down
183949,-0.164062,9.753906,0.988281,-0.050781,0.048828,-0.019531,0.7276,0.662476,-0.121033,-0.130676,down
183954,-0.203125,9.792969,0.988281,-0.011719,0.037109,-0.039063,0.7276,0.662476,-0.120911,-0.130676,down
183959,-0.203125,9.792969,1.027344,-0.003906,0.027344,-0.039063,0.7276,0.662537,-0.120789,-0.130737,down
183965,-0.203125,9.792969,0.988281,-0.003906,0.027344,-0.039063,0.7276,0.662537,-0.120789,-0.130737,down
183970,-0.203125,9.832031,0.988281,0.007813,0.025391,-0.044922,0.7276,0.662537,-0.120789,-0.130737,down
183975,-0.242187,9.792969,0.988281,0.017578,0.021484,-0.037109,0.7276,0.662537,-0.120789,-0.130737,down
183980,-0.242187,9.871094,0.988281,0.017578,0.021484,-0.037109,0.727478,0.66272,-0.1203,-0.130859,down
183986,-0.203125,9.832031,0.953125,0.001953,0.025391,-0.039063,0.727478,0.66272,-0.1203,-0.130859,down
183991,-0.242187,9.792969,0.953125,0.005859,0.015625,-0.033203,0.727478,0.66272,-0.1203,-0.130859,down
183997,-0.28125,9.792969,0.953125,-0.015625,-0.007813,-0.027344,0.727478,0.66272,-0.1203,-0.130859,down
190867,7.152344,10.636719,1.949219,0.027344,0.402344,0.181641,0.519653,0.610352,0.218872,0.556396,down
190872,7.226562,10.78125,1.984375,0.027344,0.402344,0.181641,0.519653,0.610352,0.218872,0.556396,down
190877,7.417969,10.902344,1.910156,-0.091797,0.539062,0.232422,0.519653,0.610352,0.218872,0.556396,down
190882,7.496094,11.015625,1.984375,-0.091797,0.539062,0.232422,0.518677,0.608887,0.21936,0.558655,down
190887,7.535156,11.015625,1.949219,-0.208984,0.722656,0.3125,0.518677,0.608887,0.21936,0.558655,down
190892,7.609375,11.203125,2.0625,-0.208984,0.722656,0.3125,0.517761,0.606812,0.219727,0.561646,down
190898,7.609375,11.203125,2.0625,-0.224609,0.826172,0.345703,0.516602,0.604431,0.220154,0.565063,down
190903,7.609375,11.324219,2.101563,-0.234375,0.867187,0.355469,0.515991,0.603088,0.220398,0.567017,down
190909,7.535156,11.476563,2.0625,-0.234375,0.867187,0.355469,0.515381,0.601746,0.220703,0.568848,down
190915,7.570312,11.402344,2.101563,-0.234375,0.867187,0.355469,0.514771,0.600159,0.220947,0.570923,down
190920,7.535156,11.4375,2.101563,-0.371094,0.941406,0.375,0.514771,0.600159,0.220947,0.570923,down
190926,7.570312,11.359375,2.140625,-0.431641,0.964844,0.390625,0.514771,0.600159,0.220947,0.570923,down
190931,7.726562,11.242188,2.175781,-0.482422,0.980469,0.416016,0.514771,0.600159,0.220947,0.570923,down
190936,7.765625,11.246094,2.175781,-0.482422,0.980469,0.416016,0.513,0.593445,0.22113,0.579468,down
190942,7.800781,11.207031,2.023438,-0.585937,1.025391,0.488281,0.513,0.593445,0.22113,0.579468,down
190947,7.917969,11.136719,2.023438,-0.654297,1.050781,0.529297,0.511841,0.58728,0.220215,0.587097,down
190952,7.839844,11.054688,1.984375,-0.654297,1.050781,0.529297,0.511841,0.58728,0.220215,0.587097,down
190957,7.6875,11.136719,1.949219,-0.792969,1.123047,0.714844,0.511414,0.584839,0.219543,0.590149,down
190962,7.496094,11.207031,1.832031,-0.792969,1.123047,0.714844,0.510925,0.582581,0.218811,0.593018,down
190967,7.113281,11.320313,1.71875,-0.792969,1.123047,0.714844,0.510376,0.580322,0.218079,0.595947,down
190972,6.921875,11.320313,1.679688,-0.783203,1.099609,0.824219,0.509766,0.578247,0.217285,0.598755,down
190977,6.921875,11.320313,1.679688,-0.783203,1.099609,0.824219,0.509766,0.578247,0.217285,0.598755,down
190982,6.730469,11.359375,1.601563,-0.751953,1.064453,0.914062,0.509766,0.578247,0.217285,0.598755,down
190987,6.730469,11.359375,1.601563,-0.746094,1.023438,0.955078,0.507324,0.57196,0.214111,0.607971,down
190992,6.382812,11.285156,1.257813,-0.746094,1.023438,0.955078,0.506348,0.569946,0.21283,0.611145,down
190997,6.347656,11.164063,1.335938,-0.734375,0.982422,1.080078,0.506348,0.569946,0.21283,0.611145,down
191002,6.382812,10.898438,1.296875,-0.734375,0.982422,1.080078,0.50415,0.56604,0.210083,0.617493,down
191007,6.308594,10.785156,1.257813,-0.734375,0.982422,1.080078,0.501648,0.562256,0.207336,0.623901,down
191012,6.269531,10.59375,1.257813,-0.734375,0.982422,1.080078,0.501648,0.562256,0.207336,0.623901,down
191017,6.230469,10.441406,1.257813,-0.771484,1.160156,1.224609,0.501648,0.562256,0.207336,0.623901,down
191022,6.15625,9.976563,1.257813,-0.771484,1.160156,1.224609,0.498901,0.558289,0.20459,0.630493,down
191027,6.15625,9.867188,1.335938,-0.802734,1.210938,1.251953,0.497437,0.556091,0.203125,0.634094,down
191032,6.15625,9.828125,1.335938,-0.802734,1.210938,1.251953,0.495972,0.553772,0.20166,0.637695,down
191038,5.964844,9.488281,1.488281,-0.849609,1.277344,1.287109,0.495972,0.553772,0.20166,0.637695,down
191043,5.808594,9.367188,1.527344,-0.849609,1.277344,1.287109,0.491272,0.546326,0.197021,0.649109,down
191048,5.695312,9.214844,1.488281,-0.802734,1.353516,1.378906,0.491272,0.546326,0.197021,0.649109,down
191053,5.582031,9.144531,1.488281,-0.802734,1.353516,1.378906,0.487488,0.541138,0.19397,0.657227,down
191059,5.3125,8.71875,1.601563,-0.802734,1.353516,1.378906,0.485596,0.539001,0.192749,0.660706,down
191064,5.234375,8.601563,1.640625,-0.488281,1.320313,1.421875,0.483276,0.536743,0.191528,0.664551,down
191069,5.195312,8.488281,1.792969,-0.382813,1.291016,1.4375,0.483276,0.536743,0.191528,0.664551,down
191074,5.195312,8.371094,1.871094,-0.283203,1.251953,1.447266,0.483276,0.536743,0.191528,0.664551,down
191080,5.082031,8.300781,1.871094,-0.283203,1.251953,1.447266,0.475647,0.531189,0.188721,0.675293,down
191086,5.003906,8.144531,1.910156,-0.283203,1.251953,1.447266,0.4729,0.529663,0.187927,0.67865,down
191091,5.003906,8.144531,1.910156,-0.083984,1.119141,1.464844,0.46991,0.528198,0.187134,0.682007,down
191096,4.929687,7.984375,1.949219,-0.019531,1.046875,1.466797,0.467041,0.526978,0.186462,0.68512,down
191101,4.851562,7.644531,2.023438,-0.019531,1.046875,1.466797,0.467041,0.526978,0.186462,0.68512,down
191107,4.851562,7.644531,2.023438,0.023437,0.96875,1.464844,0.460999,0.525024,0.184937,0.691101,down
191113,5.082031,7.417969,2.0625,0.064453,0.939453,1.449219,0.454956,0.523254,0.183533,0.696777,down
191118,5.3125,7.222656,2.101563,0.126953,1.035156,1.460938,0.451538,0.522217,0.182922,0.699951,down
191123,5.3125,7.222656,2.101563,0.167969,1.128906,1.474609,0.448547,0.52124,0.182556,0.702698,down
191128,5.351562,7.222656,2.101563,0.167969,1.128906,1.474609,0.444885,0.519897,0.182312,0.706055,down
191133,5.425781,7.21875,2.101563,0.167969,1.128906,1.474609,0.441772,0.518677,0.182251,0.708984,down
191138,5.351562,7.257812,2.140625,0.167969,1.128906,1.474609,0.438416,0.51709,0.182373,0.712158,down
191143,5.234375,7.222656,1.984375,0.167969,1.128906,1.474609,0.438416,0.51709,0.182373,0.712158,down
191148,5.042969,7.148437,1.984375,0.238281,1.574219,1.322266,0.438416,0.51709,0.182373,0.712158,down
191153,4.890625,7.179687,1.984375,0.320313,1.701172,1.173828,0.431335,0.513062,0.18335,0.719055,down
191159,4.890625,7.179687,1.984375,0.345703,1.708984,1.119141,0.424927,0.508911,0.185059,0.725403,down
191164,4.546875,7.183594,2.101563,0.351563,1.689453,1.064453,0.421387,0.50647,0.186279,0.728882,down
191169,4.046875,6.953125,2.292969,0.351563,1.689453,1.064453,0.41864,0.504517,0.187256,0.731567,down
191174,3.894531,6.992187,2.367188,0.320313,1.664063,1.011719,0.41864,0.504517,0.187256,0.731567,down
191179,3.742188,7.113281,2.445313,0.308594,1.625,1.009766,0.41864,0.504517,0.187256,0.731567,down
191184,3.742188,7.113281,2.445313,0.271484,1.560547,1.0,0.409546,0.497925,0.190308,0.740356,down
191189,3.703125,7.300781,2.523438,0.271484,1.560547,1.0,0.409546,0.497925,0.190308,0.740356,down
191194,3.703125,7.335937,2.558594,0.142578,1.427734,0.986328,0.40387,0.493713,0.191711,0.745911,down
191200,3.742188,7.457031,2.753906,0.142578,1.427734,0.986328,0.401184,0.491638,0.1922,0.748596,down
191205,3.816406,7.300781,2.714844,0.142578,1.427734,0.986328,0.398743,0.489502,0.192444,0.751221,down
191210,3.816406,7.109375,2.597656,-0.158203,1.453125,0.927734,0.398743,0.489502,0.192444,0.751221,down
191217,3.816406,6.996094,2.523438,-0.255859,1.494141,0.916016,0.398743,0.489502,0.192444,0.751221,down
191222,3.78125,6.917969,2.445313,-0.339844,1.521484,0.90625,0.398743,0.489502,0.192444,0.751221,down
191227,3.625,6.878906,2.445313,-0.400391,1.570313,0.898437,0.398743,0.489502,0.192444,0.751221,down
191233,3.550781,6.957031,2.445313,-0.445312,1.613281,0.90625,0.385986,0.472839,0.191406,0.768677,down
191238,3.242188,7.21875,2.523438,-0.523437,1.65625,0.910156,0.385986,0.472839,0.191406,0.768677,down
191244,3.242188,7.21875,2.523438,-0.546875,1.662109,0.910156,0.382202,0.466492,0.190552,0.774597,down
191249,3.089844,7.457031,2.675781,-0.546875,1.662109,0.910156,0.380249,0.463196,0.190063,0.777649,down
191254,3.011719,7.492187,2.714844,-0.513672,1.730469,0.878906,0.380249,0.463196,0.190063,0.777649,down
191259,2.976563,7.566406,2.789063,-0.513672,1.730469,0.878906,0.376343,0.456299,0.189392,0.783752,down
191264,2.976563,7.605469,2.789063,-0.513672,1.730469,0.878906,0.374207,0.45282,0.18927,0.786865,down
191269,2.976563,7.601562,2.945313,-0.318359,1.710938,0.851562,0.371887,0.449158,0.189209,0.790039,down
191274,2.9375,7.679687,3.058594,-0.318359,1.710938,0.851562,0.36969,0.445862,0.18927,0.792908,down
191280,2.820313,7.453125,3.136719,-0.318359,1.710938,0.851562,0.367798,0.443115,0.189331,0.795349,down
191285,2.820313,7.453125,3.136719,-0.373047,1.628906,0.878906,0.365417,0.439636,0.189209,0.798401,down
191290,2.820313,7.222656,3.25,-0.373047,1.628906,0.878906,0.365417,0.439636,0.189209,0.798401,down
191295,2.667969,6.957031,3.519531,-0.373047,1.628906,0.878906,0.361511,0.433472,0.188354,0.803711,down
191301,2.554688,6.796875,3.671875,-0.701172,1.597656,0.962891,0.361511,0.433472,0.188354,0.803711,down
191306,2.554688,6.796875,3.671875,-0.798828,1.554688,0.994141,0.357666,0.426819,0.186401,0.809448,down
191311,2.476563,6.6875,3.746094,-0.880859,1.509766,1.033203,0.355713,0.42334,0.184937,0.812439,down
191316,2.171875,6.613281,4.054687,-0.9375,1.460938,1.052734,0.355713,0.42334,0.184937,0.812439,down
191322,2.054688,6.53125,4.285156,-0.9375,1.460938,1.052734,0.353882,0.420044,0.183411,0.815247,down
191328,2.019531,6.414062,4.398437,-0.982422,1.373047,1.072266,0.353882,0.420044,0.183411,0.815247,down
191333,1.980469,6.453125,4.4375,-0.982422,1.373047,1.072266,0.346436,0.406982,0.175842,0.826721,down
191338,1.980469,6.457031,4.550781,-0.982422,1.373047,1.072266,0.346436,0.406982,0.175842,0.826721,down
191343,2.019531,6.453125,4.550781,-0.822266,1.220703,1.044922,0.346436,0.406982,0.175842,0.826721,down
191348,1.980469,6.53125,4.589844,-0.830078,1.242188,1.052734,0.342773,0.401428,0.172424,0.831665,down
191353,1.980469,6.375,4.628906,-0.830078,1.242188,1.052734,0.341003,0.398743,0.170837,0.833984,down
191358,1.941406,6.375,4.667969,-0.904297,1.261719,1.083984,0.338806,0.395508,0.168884,0.836792,down
191363,1.980469,6.375,4.820312,-0.904297,1.261719,1.083984,0.336914,0.392639,0.167175,0.839233,down
191369,1.902344,6.230469,5.164062,-0.904297,1.261719,1.083984,0.333374,0.386963,0.163391,0.844055,down
191374,1.789063,6.347656,5.203125,-1.099609,1.246094,1.115234,0.331299,0.383484,0.160828,0.846985,down
191379,1.710938,6.34375,5.355469,-1.232422,1.183594,1.136719,0.329529,0.380432,0.158325,0.849487,down
191385,1.671875,6.347656,5.546875,-1.398438,1.113281,1.164063,0.328064,0.377747,0.155823,0.851685,down
191390,1.597656,5.804687,6.046875,-1.398438,1.113281,1.164063,0.326477,0.374634,0.152283,0.854309,down
191395,1.597656,5.613281,6.195312,-1.835938,1.009766,1.253906,0.326477,0.374634,0.152283,0.854309,down
191400,1.597656,5.5,6.121094,-2.044922,1.015625,1.316406,0.326477,0.374634,0.152283,0.854309,down
191405,1.597656,5.347656,6.117187,-2.044922,1.015625,1.316406,0.326477,0.374634,0.152283,0.854309,down
191410,1.558594,5.117187,6.15625,-2.207031,0.994141,1.369141,0.321167,0.361511,0.133667,0.865051,down
191415,1.558594,5.117187,6.15625,-2.207031,0.994141,1.369141,0.321167,0.361511,0.133667,0.865051,down
191420,1.597656,4.617187,6.351562,-2.552734,0.849609,1.478516,0.321167,0.361511,0.133667,0.865051,down
191426,1.519531,4.617187,6.273437,-2.552734,0.849609,1.478516,0.317444,0.351196,0.115601,0.87323,down
191432,1.558594,4.503906,6.277344,-2.816406,0.824219,1.558594,0.317444,0.351196,0.115601,0.87323,down
191438,1.632813,4.082031,6.277344,-2.96875,0.787109,1.589844,0.317444,0.351196,0.115601,0.87323,down
191443,1.597656,4.121094,6.316406,-3.216797,0.71875,1.65625,0.313965,0.340393,0.094543,0.881287,down
191448,1.632813,4.160156,6.433594,-3.216797,0.71875,1.65625,0.311707,0.332947,0.078674,0.886414,down
191453,1.863281,3.851563,6.582031,-3.216797,0.71875,1.65625,0.311707,0.332947,0.078674,0.886414,down
191458,1.863281,3.738281,6.46875,-3.449219,0.601562,1.683594,0.310547,0.328979,0.069458,0.889099,down
191463,1.75,3.546875,6.234375,-3.449219,0.601562,1.683594,0.309631,0.325439,0.061584,0.891296,down
191469,1.710938,3.238281,6.085937,-3.720703,0.691406,1.722656,0.307678,0.316772,0.04248,0.89624,down
191474,1.902344,2.050781,6.160156,-3.720703,0.691406,1.722656,0.306824,0.312439,0.032715,0.898437,down
191480,2.019531,0.597656,6.582031,-3.720703,0.691406,1.722656,0.306091,0.308289,0.023193,0.900391,down
191485,2.019531,0.597656,6.582031,-4.474609,0.644531,1.833984,0.305298,0.303467,0.012146,0.902527,down
191490,2.019531,0.597656,6.582031,-4.529297,0.714844,1.921875,0.304443,0.298584,0.001282,0.904541,down
191495,1.824219,-1.203125,6.855469,-4.529297,0.714844,1.921875,0.304443,0.298584,0.001282,0.904541,down
191500,2.171875,-2.085938,6.699219,-4.546875,0.830078,2.005859,0.303406,0.293457,-0.009705,0.906494,down
191505,2.363281,-1.933594,6.738281,-4.546875,0.830078,2.005859,0.30072,0.282288,-0.03186,0.9104,down
191511,2.59375,-3.082031,9.339844,-4.121094,0.648437,2.117188,0.30072,0.282288,-0.03186,0.9104,down
191516,2.9375,-3.386719,9.152344,-3.738281,0.507812,2.046875,0.30072,0.282288,-0.03186,0.9104,down
191521,2.859375,-3.15625,8.726563,-3.302734,0.570312,2.005859,0.30072,0.282288,-0.03186,0.9104,down
191527,2.707031,-2.929688,8.609375,-2.822266,0.548828,1.984375,0.30072,0.282288,-0.03186,0.9104,down
191532,2.667969,-2.964844,9.152344,-2.822266,0.548828,1.984375,0.30072,0.282288,-0.03186,0.9104,down
191537,2.746094,-2.738281,9.035156,-2.822266,0.548828,1.984375,0.286621,0.258606,-0.082031,0.918823,down
191542,2.820313,-2.660156,8.808594,-1.335938,0.292969,1.871094,0.286621,0.258606,-0.082031,0.918823,down
191548,2.820313,-2.660156,8.808594,-1.029297,0.255859,1.835938,0.28009,0.254639,-0.090149,0.921204,down
191553,3.089844,-2.542969,8.808594,-1.029297,0.255859,1.835938,0.28009,0.254639,-0.090149,0.921204,down
191558,3.207031,-2.507813,8.84375,-0.714844,0.265625,1.712891,0.27301,0.251526,-0.095947,0.923584,down
191563,3.28125,-2.929688,9.113281,-0.701172,0.296875,1.658203,0.27301,0.251526,-0.095947,0.923584,down
191568,3.28125,-3.121094,9.300781,-0.689453,0.289063,1.578125,0.263306,0.247009,-0.103088,0.926819,down
191573,3.242188,-3.15625,9.417969,-0.689453,0.289063,1.578125,0.263306,0.247009,-0.103088,0.926819,down
191578,3.207031,-3.273438,9.492188,-0.705078,0.119141,1.392578,0.263306,0.247009,-0.103088,0.926819,down
191583,3.242188,-3.503906,9.648438,-0.705078,0.119141,1.392578,0.257446,0.244324,-0.107788,0.92865,down
191589,3.28125,-3.695313,9.800781,-0.841797,0.011719,1.337891,0.252197,0.242615,-0.113037,0.929932,down
191594,3.167969,-3.730469,9.839844,-0.777344,-0.285156,1.169922,0.252197,0.242615,-0.113037,0.929932,down
191599,3.089844,-3.808594,9.992188,-0.693359,-0.460937,1.107422,0.249573,0.242249,-0.115906,0.930359,down
191604,3.089844,-3.808594,9.992188,-0.480469,-0.613281,1.054688,0.245117,0.24292,-0.120605,0.930786,down
191609,3.050781,-3.617188,9.6875,-0.480469,-0.613281,1.054688,0.242737,0.244019,-0.122375,0.930908,down
191614,3.128906,-3.539063,9.574219,-0.050781,-0.894531,0.958984,0.242737,0.244019,-0.122375,0.930908,down
191619,3.433594,-3.769531,9.496094,-0.050781,-0.894531,0.958984,0.23761,0.24762,-0.124878,0.930908,down
191624,3.472656,-3.730469,9.535156,-0.050781,-0.894531,0.958984,0.235291,0.249939,-0.125366,0.930847,down
191629,3.472656,-3.695313,9.496094,0.521484,-1.230469,0.744141,0.235291,0.249939,-0.125366,0.930847,down
191634,3.472656,-3.65625,9.453125,0.521484,-1.230469,0.744141,0.230164,0.256104,-0.125183,0.930481,down
191639,3.511719,-3.617188,9.265625,0.521484,-1.230469,0.744141,0.227966,0.259155,-0.124756,0.930237,down
191644,3.703125,-3.65625,9.1875,0.792969,-1.435547,0.537109,0.225525,0.262878,-0.124023,0.929871,down
191649,3.78125,-3.539063,9.152344,0.792969,-1.435547,0.537109,0.22345,0.266479,-0.12323,0.929443,down
191654,3.855469,-3.082031,8.808594,0.855469,-1.556641,0.365234,0.22345,0.266479,-0.12323,0.929443,down
191660,3.894531,-2.8125,8.609375,0.855469,-1.556641,0.365234,0.219666,0.274475,-0.121399,0.928284,down
191665,3.894531,-2.8125,8.609375,0.806641,-1.703125,0.197266,0.218018,0.278687,-0.120483,0.92749,down
191670,3.894531,-2.582031,8.386719,0.806641,-1.703125,0.197266,0.216614,0.283081,-0.119629,0.926636,down
191675,3.816406,-2.46875,8.269531,0.806641,-1.703125,0.197266,0.21521,0.287842,-0.118774,0.925598,down
191680,3.78125,-2.125,8.109375,0.806641,-1.703125,0.197266,0.21521,0.287842,-0.118774,0.925598,down
191685,3.78125,-2.125,8.109375,0.664062,-2.097656,-0.046875,0.212952,0.297791,-0.117432,0.923157,down
191691,3.78125,-2.125,8.109375,0.605469,-2.246094,-0.097656,0.212036,0.303101,-0.117004,0.921692,down
191696,3.894531,-2.046875,7.660156,0.605469,-2.246094,-0.097656,0.212036,0.303101,-0.117004,0.921692,down
191702,3.894531,-2.046875,7.660156,0.525391,-2.390625,-0.146484,0.21051,0.314819,-0.11676,0.918091,down
191707,4.699219,-2.390625,7.34375,0.335938,-2.583984,-0.279297,0.21051,0.314819,-0.11676,0.918091,down
191713,5.121094,-2.390625,7.082031,0.335938,-2.583984,-0.279297,0.21051,0.314819,-0.11676,0.918091,down
191718,5.273437,-2.390625,7.039062,0.376953,-2.607422,-0.427734,0.21051,0.314819,-0.11676,0.918091,down
191724,5.503906,-2.390625,6.894531,0.443359,-2.548828,-0.503906,0.21051,0.314819,-0.11676,0.918091,down
191730,5.808594,-2.199219,6.65625,0.529297,-2.46875,-0.566406,0.209717,0.351746,-0.116577,0.904846,down
191735,5.886719,-2.007813,6.617187,0.716797,-2.324219,-0.697266,0.209961,0.358398,-0.11554,0.902283,down
191741,5.886719,-1.546875,6.433594,0.716797,-2.324219,-0.697266,0.210205,0.363525,-0.114441,0.90033,down
191746,5.886719,-1.394531,6.355469,0.894531,-2.242188,-0.833984,0.210571,0.369202,-0.112915,0.898132,down
191751,5.886719,-1.128906,6.160156,0.894531,-2.242188,-0.833984,0.21106,0.375122,-0.111084,0.895752,down
191757,5.808594,-0.972656,6.117187,1.015625,-2.25,-0.966797,0.21106,0.375122,-0.111084,0.895752,down
191763,5.773437,-0.707031,5.972656,1.039063,-2.263672,-1.025391,0.21106,0.375122,-0.111084,0.895752,down
191768,5.773437,-0.707031,5.972656,1.039063,-2.263672,-1.025391,0.21106,0.375122,-0.111084,0.895752,down
191773,5.773437,-0.707031,5.972656,1.039063,-2.261719,-1.083984,0.213806,0.398438,-0.1026,0.885986,down
191778,5.734375,-0.4375,5.734375,0.955078,-2.259766,-1.1875,0.213806,0.398438,-0.1026,0.885986,down
191784,6.308594,-0.324219,5.433594,0.884766,-2.253906,-1.242188,0.213806,0.398438,-0.1026,0.885986,down
191789,6.460937,-0.285156,5.320312,0.673828,-2.203125,-1.375,0.217346,0.415771,-0.096375,0.877869,down
191794,6.730469,-0.246094,5.28125,0.673828,-2.203125,-1.375,0.219116,0.421875,-0.09436,0.874695,down
191799,7.035156,-0.132812,5.128906,0.673828,-2.203125,-1.375,0.221069,0.427307,-0.092651,0.871765,down
191804,7.1875,-0.132812,5.128906,0.673828,-2.203125,-1.375,0.223267,0.432556,-0.090942,0.868774,down
191809,7.230469,-0.054687,5.089844,0.673828,-2.203125,-1.375,0.225525,0.437012,-0.089539,0.866089,down
191814,7.304687,-0.054687,5.089844,0.289063,-1.8125,-1.673828,0.231567,0.44635,-0.086426,0.860046,down
191819,7.308594,0.023437,5.128906,0.289063,-1.8125,-1.673828,0.234558,0.449951,-0.085022,0.857483,down
191824,7.226562,0.097656,5.203125,0.289063,-1.8125,-1.673828,0.234558,0.449951,-0.085022,0.857483,down
191829,7.148437,0.175781,5.242187,0.064453,-1.3125,-1.953125,0.234558,0.449951,-0.085022,0.857483,down
191834,6.804687,0.25,5.394531,0.064453,-1.3125,-1.953125,0.241943,0.457153,-0.081787,0.851929,down
191839,6.804687,0.25,5.394531,0.064453,-1.3125,-1.953125,0.249756,0.463196,-0.07843,0.846741,down
191844,6.304687,0.328125,5.664062,0.064453,-1.3125,-1.953125,0.249756,0.463196,-0.07843,0.846741,down
191849,6.304687,0.328125,5.664062,0.052734,-1.128906,-2.113281,0.25415,0.466248,-0.076477,0.843933,down
191854,5.964844,0.023437,5.585937,0.052734,-1.080078,-2.148438,0.258179,0.468872,-0.074646,0.841431,down
191859,5.964844,0.023437,5.585937,0.072266,-1.046875,-2.195313,0.26239,0.471497,-0.072632,0.838806,down
191865,6.078125,0.023437,5.511719,0.072266,-1.046875,-2.195313,0.27124,0.476746,-0.068237,0.833374,down
191871,6.347656,0.632812,5.242187,0.072266,-1.046875,-2.195313,0.275635,0.479309,-0.065796,0.830627,down
191876,6.191406,1.132813,5.164062,0.072266,-1.046875,-2.195313,0.275635,0.479309,-0.065796,0.830627,down
191882,6.160156,1.4375,5.242187,0.267578,-1.048828,-2.390625,0.275635,0.479309,-0.065796,0.830627,down
191887,6.042969,1.785156,5.28125,0.308594,-1.101563,-2.412109,0.275635,0.479309,-0.065796,0.830627,down
191892,5.738281,2.167969,5.394531,0.308594,-1.101563,-2.412109,0.275635,0.479309,-0.065796,0.830627,down
191898,5.660156,2.28125,5.320312,0.308594,-1.101563,-2.412109,0.297791,0.493225,-0.051697,0.815735,down
191904,5.503906,2.472656,5.164062,0.519531,-1.271484,-2.46875,0.297791,0.493225,-0.051697,0.815735,down
191909,5.3125,3.007813,4.820312,0.519531,-1.271484,-2.46875,0.306213,0.499512,-0.04541,0.809143,down
191914,5.195312,3.125,4.820312,0.519531,-1.271484,-2.46875,0.310547,0.502808,-0.042175,0.805603,down
191919,5.277344,3.164063,4.820312,0.197266,-1.289063,-2.460938,0.310547,0.502808,-0.042175,0.805603,down
191924,5.542969,3.085938,4.667969,0.197266,-1.289063,-2.460938,0.319641,0.509216,-0.036255,0.798279,down
191929,6.226562,3.125,4.359375,0.197266,-1.289063,-2.460938,0.324219,0.512024,-0.033936,0.794739,down
191934,6.226562,3.125,4.359375,-0.160156,-1.212891,-2.453125,0.328674,0.514343,-0.032043,0.791443,down
191939,6.382812,3.203125,4.324219,-0.160156,-1.212891,-2.453125,0.333862,0.516724,-0.030212,0.787781,down
191944,6.503906,3.277344,4.285156,-0.332031,-1.017578,-2.527344,0.333862,0.516724,-0.030212,0.787781,down
191949,6.925781,3.738281,4.359375,-0.332031,-1.017578,-2.527344,0.350037,0.521912,-0.024597,0.777466,down
191954,6.921875,3.890625,4.398437,-0.332031,-1.017578,-2.527344,0.350037,0.521912,-0.024597,0.777466,down
191959,6.765625,4.082031,4.476562,-0.378906,-0.615234,-2.714844,0.361389,0.523865,-0.02002,0.771118,down
191964,6.425781,4.464844,4.515625,-0.378906,-0.615234,-2.714844,0.361389,0.523865,-0.02002,0.771118,down
191969,6.15625,4.695312,4.515625,-0.322266,-0.347656,-2.916016,0.361389,0.523865,-0.02002,0.771118,down
191974,5.882812,4.773437,4.628906,-0.322266,-0.347656,-2.916016,0.373291,0.524963,-0.014404,0.764771,down
191980,5.464844,5.0,4.898437,-0.341797,-0.400391,-2.916016,0.373291,0.524963,-0.014404,0.764771,down
191985,5.238281,5.078125,4.859375,-0.341797,-0.400391,-2.916016,0.391113,0.52655,-0.006165,0.754822,down
191990,5.117187,5.0,4.972656,-0.591797,-0.710937,-2.710938,0.397522,0.527283,-0.003906,0.750977,down
191995,5.195312,4.925781,4.933594,-0.765625,-0.845703,-2.59375,0.397522,0.527283,-0.003906,0.750977,down
192000,5.617187,4.808594,4.707031,-0.765625,-0.845703,-2.59375,0.408936,0.528809,-0.001587,0.743774,down
192005,6.15625,4.808594,4.4375,-0.765625,-0.845703,-2.59375,0.408936,0.528809,-0.001587,0.743774,down
192010,6.15625,4.808594,4.4375,-1.146484,-1.041016,-2.414063,0.415466,0.529602,-0.001282,0.739563,down
192015,6.882812,5.078125,4.246094,-1.269531,-1.060547,-2.335938,0.420715,0.530151,-0.001404,0.736145,down
192020,7.035156,5.578125,4.167969,-1.269531,-1.060547,-2.335938,0.426575,0.53064,-0.00177,0.732422,down
192025,7.035156,5.578125,4.167969,-1.244141,-0.894531,-2.291016,0.432617,0.531006,-0.002136,0.728577,down
192030,6.960937,5.996094,4.09375,-1.244141,-0.894531,-2.291016,0.444214,0.531494,-0.001343,0.721252,down
192035,6.84375,6.378906,3.902344,-1.244141,-0.894531,-2.291016,0.449585,0.531616,0.000183,0.717834,down
192040,6.652344,6.535156,3.863281,-1.244141,-0.894531,-2.291016,0.454163,0.531677,0.002197,0.714844,down
192045,6.5,6.613281,3.902344,-1.244141,-0.894531,-2.291016,0.454163,0.531677,0.002197,0.714844,down
192050,6.269531,6.691406,3.824219,-0.15625,0.027344,-2.675781,0.463867,0.531494,0.008179,0.70874,down
192055,6.078125,6.796875,3.746094,-0.15625,0.027344,-2.675781,0.469055,0.531006,0.011658,0.705627,down
192060,5.386719,6.953125,3.746094,-0.464844,0.216797,-2.796875,0.474854,0.530029,0.015198,0.702393,down
192065,5.082031,6.953125,3.785156,-0.734375,0.240234,-2.814453,0.480103,0.52887,0.017944,0.699646,down
192070,4.699219,6.917969,3.976563,-0.734375,0.240234,-2.814453,0.486694,0.527039,0.02063,0.69635,down
192075,4.46875,6.917969,3.941406,-0.734375,0.240234,-2.814453,0.49231,0.525269,0.022339,0.693665,down
192080,4.199219,6.796875,3.863281,-1.533203,0.109375,-2.705078,0.49231,0.525269,0.022339,0.693665,down
192085,4.085937,6.570312,4.054687,-1.533203,0.109375,-2.705078,0.499573,0.522827,0.023804,0.690308,down
192090,4.46875,6.070312,4.359375,-1.681641,-0.042969,-2.634766,0.505676,0.520752,0.024536,0.687378,down
192095,4.46875,6.070312,4.359375,-1.681641,-0.042969,-2.634766,0.505676,0.520752,0.024536,0.687378,down
192100,4.890625,5.921875,4.324219,-1.759766,-0.111328,-2.445313,0.505676,0.520752,0.024536,0.687378,down
192106,4.890625,5.921875,4.324219,-1.652344,-0.050781,-2.404297,0.531982,0.511658,0.025146,0.674194,down
192112,5.925781,6.269531,4.132812,-1.652344,-0.050781,-2.404297,0.537903,0.509399,0.025574,0.671204,down
192118,6.039062,6.417969,4.132812,-1.25,0.150391,-2.333984,0.537903,0.509399,0.025574,0.671204,down
192124,6.0,6.796875,4.132812,-0.941406,0.328125,-2.34375,0.537903,0.509399,0.025574,0.671204,down
192129,5.734375,7.640625,4.132812,-0.941406,0.328125,-2.34375,0.553772,0.503113,0.030151,0.662781,down
192135,5.542969,8.179688,4.132812,-0.230469,0.664062,-2.505859,0.553772,0.503113,0.030151,0.662781,down
192140,5.351562,8.683594,4.054687,-0.230469,0.664062,-2.505859,0.562744,0.499634,0.036682,0.657532,down
192145,5.082031,9.292969,4.054687,-0.244141,0.71875,-2.580078,0.562744,0.499634,0.036682,0.657532,down
192150,4.96875,9.40625,4.132812,-0.416016,0.724609,-2.671875,0.576782,0.493591,0.047852,0.64917,down
192155,4.851562,9.523438,4.285156,-0.416016,0.724609,-2.671875,0.576782,0.493591,0.047852,0.64917,down
192160,4.585937,9.488281,4.398437,-0.957031,0.662109,-2.806641,0.588196,0.487732,0.05365,0.642822,down
192165,4.125,8.566406,4.589844,-0.957031,0.662109,-2.806641,0.588196,0.487732,0.05365,0.642822,down
192170,4.125,8.566406,4.589844,-1.738281,0.517578,-2.800781,0.594177,0.484314,0.055359,0.639771,down
192175,3.894531,8.101563,4.742187,-1.738281,0.517578,-2.800781,0.601013,0.480164,0.056396,0.636414,down
192180,3.742188,7.644531,4.972656,-2.449219,0.351563,-2.664063,0.601013,0.480164,0.056396,0.636414,down
192185,3.742188,7.644531,4.972656,-2.677734,0.273438,-2.609375,0.61499,0.470947,0.056213,0.629944,down
192191,3.816406,6.375,5.738281,-2.757813,0.210937,-2.544922,0.629333,0.460999,0.054321,0.62323,down
192197,3.855469,6.152344,6.316406,-2.757813,0.210937,-2.544922,0.636108,0.456299,0.053345,0.619995,down
192202,3.894531,6.265625,6.65625,-2.757813,0.210937,-2.544922,0.642639,0.45166,0.052673,0.616577,down
192207,3.972656,6.457031,6.617187,-1.783203,0.273438,-2.369141,0.642639,0.45166,0.052673,0.616577,down
192212,3.972656,6.691406,6.46875,-1.203125,0.394531,-2.367188,0.642639,0.45166,0.052673,0.616577,down
192218,4.007812,6.996094,6.351562,-1.203125,0.394531,-2.367188,0.658691,0.44165,0.055725,0.606628,down
192224,3.933594,7.722656,6.351562,-1.203125,0.394531,-2.367188,0.658691,0.44165,0.055725,0.606628,down
192229,3.78125,7.988281,6.390625,0.443359,0.644531,-2.410156,0.658691,0.44165,0.055725,0.606628,down
192234,3.359375,8.371094,6.277344,0.443359,0.644531,-2.410156,0.668396,0.438538,0.067322,0.596985,down
192240,3.050781,8.527344,6.160156,0.779297,0.746094,-2.425781,0.668396,0.438538,0.067322,0.596985,down
192245,2.898438,8.683594,6.160156,0.570312,0.685547,-2.414063,0.673645,0.43811,0.077759,0.590088,down
192250,2.898438,8.683594,6.160156,0.570312,0.685547,-2.414063,0.676331,0.437683,0.082581,0.586731,down
192255,2.4375,8.71875,6.199219,0.167969,0.580078,-2.361328,0.679199,0.436829,0.086792,0.583374,down
192260,2.4375,8.71875,6.199219,-0.349609,0.494141,-2.322266,0.682556,0.435303,0.090149,0.580078,down
192265,2.246094,8.296875,6.121094,-0.349609,0.494141,-2.322266,0.686401,0.433105,0.092529,0.576782,down
192270,2.246094,8.296875,6.121094,-1.341797,0.279297,-2.267578,0.690918,0.430054,0.094055,0.573425,down
192275,2.554688,7.296875,6.507812,-1.341797,0.279297,-2.267578,0.695679,0.426514,0.094788,0.57019,down
192281,2.667969,7.074219,6.660156,-1.90625,0.1875,-2.275391,0.706116,0.418091,0.095032,0.563538,down
192287,2.667969,6.648437,6.894531,-1.90625,0.1875,-2.275391,0.711243,0.413696,0.095032,0.560242,down
192292,2.785156,6.496094,7.117187,-1.90625,0.1875,-2.275391,0.716553,0.40918,0.095276,0.556824,down
192297,2.785156,6.535156,7.15625,-1.705078,0.396484,-2.355469,0.716553,0.40918,0.095276,0.556824,down
192303,2.746094,6.609375,7.160156,-1.470703,0.466797,-2.371094,0.716553,0.40918,0.095276,0.556824,down
192308,2.707031,6.957031,7.15625,-1.201172,0.539062,-2.402344,0.716553,0.40918,0.095276,0.556824,down
192314,2.554688,7.148437,7.15625,-1.201172,0.539062,-2.402344,0.734985,0.393616,0.100281,0.54303,down
192320,2.4375,7.261719,7.117187,-0.730469,0.65625,-2.46875,0.734985,0.393616,0.100281,0.54303,down
192325,2.019531,7.566406,7.234375,-0.576172,0.685547,-2.482422,0.734985,0.393616,0.100281,0.54303,down
192330,2.019531,7.566406,7.234375,-0.474609,0.695312,-2.482422,0.734985,0.393616,0.100281,0.54303,down
192336,1.824219,7.800781,7.308594,-0.474609,0.695312,-2.482422,0.746399,0.385132,0.108582,0.531738,down
192342,1.558594,7.957031,7.425781,-0.472656,0.601562,-2.417969,0.756897,0.377808,0.117188,0.520264,down
192347,1.558594,7.957031,7.425781,-0.472656,0.601562,-2.417969,0.756897,0.377808,0.117188,0.520264,down
192352,1.136719,7.757812,7.578125,-0.976562,0.34375,-2.267578,0.764099,0.372192,0.121277,0.512756,down
192358,1.058594,7.375,7.730469,-1.136719,0.244141,-2.236328,0.764099,0.372192,0.121277,0.512756,down
192363,1.097656,7.109375,7.882812,-1.136719,0.244141,-2.236328,0.764099,0.372192,0.121277,0.512756,down
192369,1.214844,6.957031,7.921875,-1.222656,0.085937,-2.177734,0.764099,0.372192,0.121277,0.512756,down
192375,1.175781,6.992187,7.886719,-1.193359,0.050781,-2.179688,0.782959,0.356323,0.125549,0.494202,down
192381,1.25,6.992187,7.730469,-1.193359,0.050781,-2.179688,0.786682,0.353394,0.126221,0.490234,down
192386,1.289063,6.957031,7.617187,-1.193359,0.050781,-2.179688,0.790222,0.350586,0.126953,0.486328,down
192391,1.25,6.992187,7.542969,-0.978516,0.105469,-2.210938,0.794128,0.347473,0.127991,0.481995,down
192396,1.289063,7.070312,7.460937,-0.978516,0.105469,-2.210938,0.797668,0.344482,0.129089,0.477905,down
192401,1.136719,7.300781,7.34375,-0.978516,0.105469,-2.210938,0.800659,0.341858,0.130188,0.474487,down
192406,0.984375,7.417969,7.308594,-0.978516,0.105469,-2.210938,0.800659,0.341858,0.130188,0.474487,down
192411,0.984375,7.417969,7.308594,-1.003906,0.376953,-2.251953,0.804382,0.338379,0.131714,0.470276,down
192416,0.601562,7.148437,7.460937,-1.083984,0.462891,-2.265625,0.807434,0.335327,0.133118,0.466736,down
192421,0.601562,7.148437,7.460937,-1.166016,0.535156,-2.279297,0.810852,0.331726,0.134766,0.463013,down
192426,0.332031,6.765625,7.539062,-1.261719,0.580078,-2.285156,0.81781,0.323608,0.138,0.455444,down
192431,0.179687,6.648437,7.621094,-1.339844,0.644531,-2.3125,0.81781,0.323608,0.138,0.455444,down
192437,-0.011719,6.6875,7.84375,-1.339844,0.644531,-2.3125,0.824768,0.31488,0.141418,0.447937,down
192442,-0.089844,6.765625,7.804687,-1.279297,0.652344,-2.359375,0.828125,0.310608,0.143188,0.444153,down
192447,-0.128906,6.765625,7.765625,-1.261719,0.625,-2.357422,0.831421,0.306396,0.144897,0.440247,down
192452,-0.128906,6.6875,7.65625,-1.261719,0.625,-2.357422,0.834839,0.302063,0.146667,0.436218,down
192458,-0.050781,6.609375,7.578125,-1.261719,0.625,-2.357422,0.838074,0.297913,0.148315,0.432312,down
192464,0.0625,6.648437,7.726562,-1.173828,0.625,-2.330078,0.838074,0.297913,0.148315,0.432312,down
192469,0.0625,6.609375,7.960937,-1.121094,0.679687,-2.328125,0.838074,0.297913,0.148315,0.432312,down
192474,0.027344,6.648437,7.960937,-1.060547,0.738281,-2.337891,0.838074,0.297913,0.148315,0.432312,down
192479,-0.089844,6.648437,8.039063,-1.060547,0.738281,-2.337891,0.850281,0.281616,0.15625,0.416321,down
192485,-0.242187,6.574219,8.082031,-1.007813,0.972656,-2.427734,0.850281,0.281616,0.15625,0.416321,down
192490,-0.320313,6.535156,8.109375,-1.007813,0.972656,-2.427734,0.855896,0.273499,0.161316,0.408264,down
192495,-0.511719,6.957031,8.265625,-1.003906,1.046875,-2.484375,0.858643,0.269287,0.164124,0.404175,down
192500,-0.511719,6.957031,8.265625,-1.003906,1.046875,-2.484375,0.858643,0.269287,0.164124,0.404175,down
192505,-1.160156,7.492187,8.230469,-1.007813,1.130859,-2.535156,0.864136,0.260376,0.170349,0.395508,down
192510,-1.429688,7.722656,8.464844,-1.146484,1.300781,-2.634766,0.86969,0.250427,0.177185,0.38678,down
192515,-1.660156,7.835937,8.648438,-1.146484,1.300781,-2.634766,0.86969,0.250427,0.177185,0.38678,down
192520,-1.890625,7.722656,8.804688,-1.408203,1.378906,-2.601563,0.86969,0.250427,0.177185,0.38678,down
192525,-2.234375,7.453125,8.996094,-1.408203,1.378906,-2.601563,0.875061,0.239685,0.183838,0.378235,down
192530,-2.578125,7.109375,9.378906,-1.408203,1.378906,-2.601563,0.877747,0.233826,0.187073,0.374023,down
192535,-2.65625,6.878906,9.492188,-1.408203,1.378906,-2.601563,0.880371,0.228149,0.189819,0.369995,down
192541,-2.769531,6.304687,9.496094,-1.636719,1.103516,-2.423828,0.880371,0.228149,0.189819,0.369995,down
192546,-2.769531,5.921875,9.457031,-1.636719,1.103516,-2.423828,0.888123,0.210754,0.196167,0.358276,down
192551,-2.617188,5.613281,9.375,-1.636719,1.103516,-2.423828,0.888123,0.210754,0.196167,0.358276,down
192556,-2.464844,5.421875,9.300781,-1.667969,0.679687,-2.203125,0.893188,0.199524,0.19873,0.350647,down
192561,-2.195313,5.230469,9.148438,-1.667969,0.679687,-2.203125,0.895447,0.194519,0.199829,0.346985,down
192566,-2.082031,5.15625,8.917969,-1.667969,0.679687,-2.203125,0.895447,0.194519,0.199829,0.346985,down
192571,-2.082031,5.15625,8.917969,-1.283203,0.642578,-2.091797,0.897583,0.189819,0.20105,0.343384,down
192576,-2.003906,5.117187,8.6875,-1.111328,0.722656,-2.074219,0.897583,0.189819,0.20105,0.343384,down
192581,-1.964844,4.847656,8.230469,-0.951172,0.802734,-2.091797,0.901367,0.181519,0.204346,0.335938,down
192586,-1.964844,4.847656,8.109375,-0.800781,0.910156,-2.117188,0.903137,0.177551,0.206543,0.331909,down
192591,-2.082031,4.925781,7.964844,-0.691406,1.029297,-2.162109,0.906372,0.169861,0.212341,0.323303,down
192596,-2.15625,5.15625,7.925781,-0.691406,1.029297,-2.162109,0.907654,0.166565,0.215027,0.319641,down
192601,-2.464844,5.652344,8.226563,-0.771484,1.197266,-2.306641,0.909241,0.162415,0.218323,0.315063,down
192606,-2.65625,5.691406,8.460938,-0.771484,1.197266,-2.306641,0.909241,0.162415,0.218323,0.315063,down
192611,-2.847656,5.460937,8.570313,-0.958984,1.132813,-2.318359,0.912354,0.153625,0.223755,0.30658,down
192616,-3.308594,4.695312,8.613281,-0.958984,1.132813,-2.318359,0.91394,0.148804,0.225769,0.302612,down
192621,-3.535156,4.695312,8.613281,-0.958984,1.132813,-2.318359,0.91394,0.148804,0.225769,0.302612,down
192626,-3.726563,4.582031,8.6875,-1.642578,0.773437,-2.25,0.91394,0.148804,0.225769,0.302612,down
192631,-3.804688,4.503906,8.953125,-1.833984,0.605469,-2.189453,0.919495,0.131409,0.229126,0.291077,down
192636,-3.921875,4.3125,8.992188,-1.833984,0.605469,-2.189453,0.921631,0.124695,0.229309,0.287109,down
192641,-3.921875,4.082031,9.191406,-1.833984,0.605469,-2.189453,0.921631,0.124695,0.229309,0.287109,down
192646,-3.804688,3.851563,9.414063,-1.998047,0.140625,-2.082031,0.921631,0.124695,0.229309,0.287109,down
192651,-3.652344,3.316406,9.574219,-1.998047,0.140625,-2.082031,0.925476,0.11261,0.228821,0.280029,down
192656,-3.613281,3.316406,9.300781,-1.845703,0.083984,-2.078125,0.927307,0.107117,0.228333,0.27655,down
192661,-3.613281,3.316406,9.300781,-1.845703,0.083984,-2.078125,0.927307,0.107117,0.228333,0.27655,down
192666,-3.613281,3.316406,9.300781,-1.505859,0.070312,-2.074219,0.930847,0.096924,0.227478,0.268921,down
192671,-3.574219,3.125,9.148438,-1.371094,0.095703,-2.076172,0.930847,0.096924,0.227478,0.268921,down
192676,-3.382813,2.664063,8.84375,-1.371094,0.095703,-2.076172,0.934143,0.08783,0.227112,0.260864,down
192681,-3.34375,2.742188,8.726563,-1.244141,0.375,-2.130859,0.935669,0.083557,0.227234,0.256775,down
192687,-3.308594,2.550781,8.535156,-1.244141,0.375,-2.130859,0.937256,0.078735,0.227661,0.252136,down
192693,-3.308594,2.320313,8.386719,-1.304688,0.476562,-2.1875,0.939758,0.069824,0.229004,0.243958,down
192699,-3.34375,2.207031,8.230469,-1.554688,0.701172,-2.333984,0.939758,0.069824,0.229004,0.243958,down
192705,-3.421875,2.089844,8.34375,-1.673828,0.802734,-2.425781,0.939758,0.069824,0.229004,0.243958,down
192711,-3.574219,2.015625,8.574219,-1.673828,0.802734,-2.425781,0.939758,0.069824,0.229004,0.243958,down
192716,-3.726563,1.667969,8.53125,-2.027344,0.947266,-2.613281,0.939758,0.069824,0.229004,0.243958,down
192721,-4.035156,1.054688,8.652344,-2.027344,0.947266,-2.613281,0.94574,0.039429,0.235352,0.22052,down
192727,-4.113281,1.019531,8.765625,-2.027344,0.947266,-2.613281,0.947754,0.025452,0.238037,0.210815,down
192732,-4.113281,1.019531,8.765625,-2.027344,0.947266,-2.613281,0.947754,0.025452,0.238037,0.210815,down
192737,-4.304687,0.941406,8.847656,-2.177734,0.943359,-2.716797,0.947754,0.025452,0.238037,0.210815,down
192742,-4.722656,0.519531,9.074219,-2.158203,0.921875,-2.730469,0.949646,0.010742,0.24054,0.200562,down
192747,-4.722656,0.519531,9.074219,-2.158203,0.921875,-2.730469,0.949646,0.010742,0.24054,0.200562,down
192752,-4.914062,0.863281,9.339844,-1.994141,0.902344,-2.826172,0.952026,-0.010376,0.244019,0.184326,down
192757,-4.992187,0.941406,9.53125,-1.994141,0.902344,-2.826172,0.952759,-0.016785,0.244995,0.178528,down
192763,-5.492187,0.558594,9.957031,-1.994141,0.902344,-2.826172,0.953552,-0.023437,0.245911,0.172363,down
192769,-5.605469,0.058594,9.992188,-1.787109,0.626953,-3.142578,0.954346,-0.029907,0.246521,0.166077,down
192774,-5.683594,-0.398438,10.144531,-1.779297,0.541016,-3.294922,0.954346,-0.029907,0.246521,0.166077,down
192779,-6.027344,-0.015625,10.453125,-1.779297,0.541016,-3.294922,0.954346,-0.029907,0.246521,0.166077,down
192785,-6.257812,0.367188,10.679688,-1.779297,0.541016,-3.294922,0.956909,-0.049561,0.246765,0.144775,down
192791,-6.296875,0.441406,10.90625,-1.75,0.011719,-4.025391,0.956909,-0.049561,0.246765,0.144775,down
192796,-6.21875,-0.09375,11.066406,-1.896484,-0.224609,-4.300781,0.956909,-0.049561,0.246765,0.144775,down
192801,-6.21875,-0.015625,11.027344,-2.126953,-0.642578,-4.751953,0.960388,-0.070679,0.242249,0.118103,down
192806,-6.257812,-0.167969,11.023438,-2.126953,-0.642578,-4.751953,0.961731,-0.078979,0.239319,0.107605,down
192811,-6.257812,-0.167969,11.023438,-2.179688,-0.792969,-4.953125,0.96283,-0.086243,0.236328,0.098206,down
192816,-6.410156,-1.894531,11.21875,-2.160156,-0.888672,-5.175781,0.96283,-0.086243,0.236328,0.098206,down
192821,-6.410156,-1.894531,11.21875,-1.792969,-1.173828,-5.384766,0.96283,-0.086243,0.236328,0.098206,down
192827,-6.21875,-1.050781,12.171875,-1.792969,-1.173828,-5.384766,0.96521,-0.102112,0.228394,0.07605,down
192832,-6.640625,-1.703125,11.140625,-2.396484,-1.052734,-5.417969,0.966919,-0.119324,0.219116,0.053162,down
192837,-6.640625,-1.703125,11.140625,-1.960938,-1.226563,-5.371094,0.967468,-0.12738,0.214539,0.041748,down
192842,-6.5625,-2.351563,11.988281,-1.960938,-1.226563,-5.371094,0.968567,-0.141968,0.203552,0.018372,down
192847,-6.640625,-2.964844,11.710938,-1.960938,-1.226563,-5.371094,0.968872,-0.147583,0.198547,0.008484,down
192852,-7.023437,-3.539063,11.257813,-1.960938,-1.226563,-5.371094,0.968872,-0.147583,0.198547,0.008484,down
192857,-7.023437,-3.539063,11.257813,-1.960938,-1.226563,-5.371094,0.968872,-0.147583,0.198547,0.008484,down
192862,-7.0625,-3.464844,11.332031,-1.101563,-1.617188,-4.707031,0.968872,-0.147583,0.198547,0.008484,down
192867,-7.0625,-3.464844,11.332031,0.234375,-2.181641,-4.09375,0.970703,-0.162903,0.173767,-0.03125,down
192872,-6.984375,-3.578125,10.988281,0.810547,-2.439453,-3.880859,0.971558,-0.163574,0.166565,-0.0401,down
192877,-6.640625,-3.386719,10.605469,0.810547,-2.439453,-3.880859,0.972717,-0.162598,0.157898,-0.0495,down
192882,-6.488281,-3.042969,10.453125,2.005859,-2.939453,-3.443359,0.973999,-0.160217,0.149353,-0.057678,down
192888,-6.332031,-2.8125,10.257813,2.513672,-3.152344,-3.246094,0.975342,-0.156738,0.141052,-0.064819,down
192893,-6.105469,-1.355469,8.953125,2.513672,-3.152344,-3.246094,0.97699,-0.151794,0.13147,-0.072021,down
192898,-5.644531,-0.667969,8.882813,3.390625,-3.724609,-2.755859,0.97699,-0.151794,0.13147,-0.072021,down
192903,-5.109375,-0.324219,8.992188,3.753906,-4.056641,-2.552734,0.97699,-0.151794,0.13147,-0.072021,down
192909,-4.648437,-0.359375,9.148438,3.753906,-4.056641,-2.552734,0.982361,-0.130737,0.098145,-0.090698,down
192915,-4.339844,-0.398438,8.996094,4.291016,-4.138672,-2.248047,0.984131,-0.121826,0.085876,-0.096191,down
192920,-4.339844,-0.398438,8.996094,4.462891,-3.863281,-2.050781,0.985657,-0.11261,0.074402,-0.101135,down
192925,-3.726563,1.054688,8.152344,4.462891,-3.863281,-2.050781,0.985657,-0.11261,0.074402,-0.101135,down
192931,-3.726563,1.054688,8.152344,4.746094,-3.753906,-1.824219,0.988342,-0.091919,0.052124,-0.10968,down
192936,-2.578125,3.929688,7.117187,4.746094,-3.753906,-1.824219,0.990112,-0.072205,0.03009,-0.116333,down
192941,-0.242187,3.394531,8.953125,4.746094,-3.753906,-1.824219,0.990112,-0.072205,0.03009,-0.116333,down
192946,0.027344,2.128906,8.882813,4.746094,-3.753906,-1.824219,0.990479,-0.066162,0.020203,-0.119141,down
192952,0.0625,1.898438,8.648438,1.484375,-2.677734,-0.708984,0.990479,-0.066162,0.020203,-0.119141,down
192957,0.101563,1.324219,9.230469,1.484375,-2.677734,-0.708984,0.990662,-0.055725,-0.002991,-0.12439,down
192962,0.253906,0.980469,9.492188,1.484375,-2.677734,-0.708984,0.990601,-0.054016,-0.008606,-0.125305,down
192967,0.601562,0.828125,9.535156,0.998047,-2.072266,-0.398438,0.99054,-0.052185,-0.014648,-0.126099,down
192972,0.601562,0.828125,9.535156,1.154297,-1.929688,-0.324219,0.990479,-0.050354,-0.019531,-0.126648,down
192977,0.832031,0.367188,8.535156,1.154297,-1.929688,-0.324219,0.990479,-0.050354,-0.019531,-0.126648,down
192982,0.832031,0.367188,8.535156,1.154297,-1.929688,-0.324219,0.990479,-0.050354,-0.019531,-0.126648,down
192987,1.214844,0.289063,8.535156,1.621094,-1.648438,-0.152344,0.990417,-0.044678,-0.029297,-0.127197,down
192992,1.214844,0.289063,8.535156,1.902344,-1.511719,-0.070312,0.99054,-0.036255,-0.038025,-0.126953,down
192997,1.136719,0.25,8.078125,1.902344,-1.511719,-0.070312,0.990601,-0.031128,-0.041809,-0.126465,down
193002,0.792969,0.558594,8.226563,2.685547,-1.068359,0.103516,0.990601,-0.031128,-0.041809,-0.126465,down
193007,0.484375,0.558594,8.230469,2.685547,-1.068359,0.103516,0.990723,-0.018494,-0.048889,-0.125305,down
193012,0.5625,0.710937,8.1875,2.685547,-1.068359,0.103516,0.990723,-0.010498,-0.052429,-0.124817,down
193017,0.636719,0.828125,8.152344,2.685547,-1.068359,0.103516,0.990662,-0.002808,-0.055542,-0.124512,down
193022,0.792969,1.019531,8.152344,3.396484,-0.765625,-0.195312,0.990662,-0.002808,-0.055542,-0.124512,down
193027,0.675781,1.402344,8.191406,3.28125,-0.664062,-0.255859,0.990479,0.00592,-0.058777,-0.12439,down
193033,0.675781,1.402344,8.191406,3.179688,-0.59375,-0.324219,0.989929,0.021301,-0.063965,-0.124695,down
193038,0.792969,1.9375,8.34375,3.027344,-0.515625,-0.375,0.989502,0.029602,-0.066467,-0.125122,down
193043,0.714844,2.050781,8.347656,2.888672,-0.435547,-0.410156,0.989014,0.036987,-0.068604,-0.12561,down
193048,0.832031,2.28125,8.304688,2.888672,-0.435547,-0.410156,0.988586,0.04303,-0.070251,-0.126099,down
193053,0.90625,2.242188,8.425781,2.888672,-0.435547,-0.410156,0.988098,0.049438,-0.071838,-0.12677,down
193058,1.023438,2.359375,8.652344,2.888672,-0.435547,-0.410156,0.987549,0.055847,-0.073303,-0.127441,down
193063,1.097656,2.320313,8.726563,2.429688,-0.179687,-0.449219,0.987549,0.055847,-0.073303,-0.127441,down
193068,1.058594,2.359375,8.84375,2.429688,-0.179687,-0.449219,0.987549,0.055847,-0.073303,-0.127441,down
193073,1.058594,2.359375,8.84375,2.335938,-0.105469,-0.431641,0.98645,0.067627,-0.075562,-0.128723,down
193078,1.023438,2.320313,8.804688,2.335938,-0.105469,-0.431641,0.985901,0.073486,-0.076416,-0.129395,down
193084,1.175781,2.664063,8.6875,2.167969,-0.046875,-0.375,0.984802,0.084045,-0.077881,-0.130432,down
193089,1.175781,2.664063,8.6875,2.167969,-0.046875,-0.375,0.984802,0.084045,-0.077881,-0.130432,down
193094,1.40625,2.78125,8.84375,1.808594,0.037109,-0.292969,0.984802,0.084045,-0.077881,-0.130432,down
193099,1.441406,2.742188,8.847656,1.693359,0.080078,-0.259766,0.984802,0.084045,-0.077881,-0.130432,down
193104,1.480469,2.742188,8.765625,1.693359,0.080078,-0.259766,0.982788,0.102173,-0.079468,-0.131836,down
193109,1.558594,2.550781,8.84375,1.693359,0.080078,-0.259766,0.982788,0.102173,-0.079468,-0.131836,down
193115,1.632813,2.589844,8.847656,1.380859,0.240234,-0.185547,0.982788,0.102173,-0.079468,-0.131836,down
193121,1.632813,2.472656,8.765625,1.380859,0.240234,-0.185547,0.981567,0.11322,-0.079041,-0.132324,down
193127,1.710938,2.511719,8.765625,1.21875,0.478516,-0.152344,0.981567,0.11322,-0.079041,-0.132324,down
193132,1.710938,2.398438,8.882813,1.21875,0.478516,-0.152344,0.980896,0.119568,-0.07782,-0.132385,down
193137,1.75,2.359375,8.957031,1.201172,0.580078,-0.140625,0.980896,0.119568,-0.07782,-0.132385,down
193142,1.75,2.359375,8.957031,1.201172,0.580078,-0.140625,0.97998,0.12915,-0.074341,-0.132141,down
193147,1.597656,2.433594,9.03125,1.201172,0.580078,-0.140625,0.97998,0.12915,-0.074341,-0.132141,down
193152,1.480469,2.433594,8.914063,1.298828,0.908203,-0.095703,0.97998,0.12915,-0.074341,-0.132141,down
193158,1.214844,2.625,9.03125,1.298828,0.908203,-0.095703,0.979004,0.139832,-0.068909,-0.131348,down
193163,1.023438,2.625,9.113281,1.214844,0.957031,-0.082031,0.978699,0.143494,-0.066772,-0.13092,down
193169,0.867187,2.894531,9.417969,1.214844,0.957031,-0.082031,0.978394,0.146362,-0.065125,-0.130676,down
193175,0.792969,3.046875,9.6875,1.263672,0.886719,-0.09375,0.978394,0.146362,-0.065125,-0.130676,down
193181,0.945312,3.164063,9.691406,1.287109,0.832031,-0.09375,0.978394,0.146362,-0.065125,-0.130676,down
193186,1.023438,3.238281,9.761719,1.240234,0.78125,-0.089844,0.978394,0.146362,-0.065125,-0.130676,down
193191,1.023438,3.238281,9.761719,1.197266,0.734375,-0.064453,0.976868,0.159912,-0.05835,-0.129517,down
193196,1.097656,3.277344,9.800781,1.142578,0.708984,-0.037109,0.976868,0.159912,-0.05835,-0.129517,down
193201,1.097656,3.277344,9.800781,1.113281,0.685547,-0.003906,0.976135,0.165894,-0.055603,-0.128784,down
193207,1.214844,3.316406,9.722656,1.113281,0.685547,-0.003906,0.975708,0.168884,-0.05426,-0.128296,down
193212,1.214844,3.316406,9.722656,1.142578,0.679687,0.074219,0.975403,0.171814,-0.052979,-0.127747,down
193217,1.367188,3.394531,9.613281,1.142578,0.679687,0.074219,0.97467,0.177612,-0.050354,-0.126343,down
193222,1.40625,3.429688,9.574219,1.142578,0.679687,0.074219,0.97467,0.177612,-0.050354,-0.126343,down
193227,1.367188,3.429688,9.53125,0.822266,0.767578,0.205078,0.97467,0.177612,-0.050354,-0.126343,down
193232,1.25,3.46875,9.535156,0.822266,0.767578,0.205078,0.973877,0.184692,-0.045959,-0.123657,down
193237,1.214844,3.585938,9.53125,0.822266,0.767578,0.205078,0.973877,0.184692,-0.045959,-0.123657,down
193242,1.25,3.585938,9.496094,0.707031,0.773437,0.246094,0.973877,0.184692,-0.045959,-0.123657,down
193247,1.25,3.546875,9.574219,0.707031,0.773437,0.246094,0.973328,0.190796,-0.041199,-0.120605,down
193252,1.328125,3.621094,9.570313,0.707031,0.773437,0.246094,0.973206,0.192383,-0.039612,-0.119629,down
193257,1.367188,3.46875,9.570313,0.707031,0.773437,0.246094,0.973206,0.192383,-0.039612,-0.119629,down
193262,1.40625,3.429688,9.574219,0.515625,0.783203,0.277344,0.973206,0.192383,-0.039612,-0.119629,down
193267,1.40625,3.46875,9.496094,0.515625,0.783203,0.277344,0.972961,0.195496,-0.036316,-0.117493,down
193273,1.328125,3.507813,9.570313,0.490234,0.791016,0.326172,0.972961,0.195496,-0.036316,-0.117493,down
193278,1.289063,3.507813,9.570313,0.490234,0.791016,0.326172,0.972656,0.19989,-0.03125,-0.113831,down
193284,1.25,3.585938,9.570313,0.490234,0.791016,0.326172,0.972595,0.20105,-0.029785,-0.112732,down
193289,1.136719,3.660156,9.492188,0.490234,0.791016,0.326172,0.972534,0.202332,-0.028076,-0.11145,down
193296,0.984375,3.660156,9.417969,0.402344,0.783203,0.351563,0.972534,0.202332,-0.028076,-0.11145,down
193301,0.832031,3.699219,9.496094,0.396484,0.771484,0.349609,0.972534,0.202332,-0.028076,-0.11145,down
193306,0.753906,3.777344,9.574219,0.408203,0.744141,0.349609,0.972351,0.205872,-0.023254,-0.107666,down
193311,0.753906,3.8125,9.609375,0.427734,0.705078,0.347656,0.972351,0.205872,-0.023254,-0.107666,down
193316,0.753906,3.929688,9.6875,0.425781,0.652344,0.339844,0.972351,0.205872,-0.023254,-0.107666,down
193321,0.753906,4.003906,9.648438,0.425781,0.652344,0.339844,0.972046,0.209473,-0.019104,-0.104126,down
193327,0.832031,4.160156,9.53125,0.425781,0.652344,0.339844,0.972046,0.209473,-0.019104,-0.104126,down
193333,0.867187,4.195312,9.496094,0.333984,0.509766,0.349609,0.972046,0.209473,-0.019104,-0.104126,down
193338,0.984375,4.234375,9.414063,0.333984,0.509766,0.349609,0.971741,0.213501,-0.014832,-0.099609,down
193343,1.023438,4.273437,9.375,0.333984,0.509766,0.349609,0.97168,0.214355,-0.013916,-0.098511,down
193348,1.097656,4.273437,9.339844,0.267578,0.544922,0.361328,0.971619,0.215149,-0.012878,-0.097351,down
193354,1.097656,4.3125,9.300781,0.267578,0.544922,0.361328,0.971619,0.21582,-0.01178,-0.096252,down
