timestamp,ax,ay,az,gx,gy,gz,qw,qx,qy,qz,label
280525,8.671875,3.484375,3.699219,-0.164062,0.011719,-0.113281,0.392029,0.560059,-0.062012,0.727173,down
280531,8.714844,3.5625,3.660156,-0.144531,0.025391,-0.113281,0.392029,0.560059,-0.062012,0.727173,down
280536,8.753906,3.523438,3.699219,-0.144531,0.025391,-0.113281,0.393799,0.559387,-0.062622,0.726685,down
280542,8.75,3.445313,3.699219,-0.142578,0.023437,-0.117188,0.393799,0.559387,-0.062622,0.726685,down
280547,8.789063,3.445313,3.699219,-0.142578,0.023437,-0.123047,0.393799,0.559387,-0.062622,0.726685,down
280553,8.789063,3.445313,3.699219,-0.142578,0.023437,-0.123047,0.39563,0.558716,-0.062866,0.726196,down
280558,8.75,3.445313,3.699219,-0.123047,0.025391,-0.148437,0.39563,0.558716,-0.062866,0.726196,down
280563,8.753906,3.484375,3.699219,-0.107422,0.023437,-0.144531,0.39563,0.558716,-0.062866,0.726196,down
280568,8.753906,3.484375,3.699219,-0.107422,0.023437,-0.144531,0.396912,0.55835,-0.062866,0.725769,down
280573,8.632813,3.523438,3.660156,-0.107422,0.023437,-0.144531,0.396912,0.55835,-0.062866,0.725769,down
280579,8.636719,3.5625,3.660156,-0.058594,0.050781,-0.148437,0.397705,0.558044,-0.062683,0.725586,down
280585,8.636719,3.636719,3.738281,-0.041016,0.054687,-0.146484,0.397705,0.558044,-0.062683,0.725586,down
280590,8.636719,3.753906,3.738281,-0.025391,0.046875,-0.134766,0.397705,0.558044,-0.062683,0.725586,down
280596,8.632813,3.789063,3.8125,-0.019531,0.048828,-0.134766,0.397705,0.558044,-0.062683,0.725586,down
280601,8.675781,3.90625,3.8125,-0.007813,0.052734,-0.132812,0.397705,0.558044,-0.062683,0.725586,down
280606,8.714844,3.945313,3.8125,-0.013672,0.058594,-0.117188,0.397705,0.558044,-0.062683,0.725586,down
280611,8.714844,3.945313,3.8125,-0.013672,0.054687,-0.113281,0.397705,0.558044,-0.062683,0.725586,down
280616,8.714844,3.945313,3.8125,-0.023437,0.052734,-0.115234,0.397705,0.558044,-0.062683,0.725586,down
280621,8.789063,3.90625,3.777344,-0.023437,0.052734,-0.115234,0.400024,0.557251,-0.061279,0.725037,down
280627,8.792969,3.945313,3.8125,-0.023437,0.052734,-0.115234,0.400635,0.557007,-0.061096,0.724976,down
280632,8.753906,3.945313,3.8125,-0.023437,0.052734,-0.115234,0.400635,0.557007,-0.061096,0.724976,down
280637,8.714844,3.945313,3.851563,-0.09375,0.064453,-0.09375,0.400635,0.557007,-0.061096,0.724976,down
280642,8.710938,3.945313,3.929688,-0.09375,0.064453,-0.09375,0.401611,0.556335,-0.061096,0.724915,down
280647,8.671875,3.90625,3.929688,-0.09375,0.064453,-0.09375,0.401611,0.556335,-0.061096,0.724915,down
280652,8.632813,3.90625,4.003906,-0.111328,0.080078,-0.082031,0.402283,0.555847,-0.061096,0.724915,down
280657,8.59375,3.828125,4.042969,-0.111328,0.080078,-0.082031,0.402283,0.555847,-0.061096,0.724915,down
280662,8.519531,3.789063,4.042969,-0.078125,0.099609,-0.099609,0.402588,0.555603,-0.061096,0.724915,down
280667,8.515625,3.753906,4.042969,-0.078125,0.099609,-0.099609,0.403259,0.555115,-0.060974,0.724976,down
280672,8.515625,3.753906,4.121094,-0.078125,0.099609,-0.099609,0.403259,0.555115,-0.060974,0.724976,down
280677,8.519531,3.789063,4.121094,-0.054687,0.089844,-0.091797,0.403564,0.554871,-0.060852,0.724976,down
280682,8.558594,3.789063,4.082031,-0.035156,0.058594,-0.111328,0.403809,0.554687,-0.06073,0.724976,down
280687,8.519531,3.828125,4.042969,-0.035156,0.058594,-0.111328,0.404053,0.554504,-0.060608,0.724976,down
280692,8.519531,3.867188,4.042969,-0.037109,0.044922,-0.115234,0.404053,0.554504,-0.060608,0.724976,down
280697,8.597656,3.945313,4.003906,-0.037109,0.044922,-0.115234,0.404663,0.554321,-0.060364,0.724792,down
280702,8.636719,3.945313,4.003906,-0.037109,0.044922,-0.115234,0.404968,0.55426,-0.060242,0.724731,down
280707,8.59375,3.984375,3.96875,-0.019531,0.0,-0.105469,0.405396,0.55426,-0.060059,0.724487,down
280712,8.636719,4.019531,3.890625,-0.019531,0.0,-0.105469,0.405518,0.55426,-0.059937,0.724365,down
280717,8.632813,4.136719,3.890625,-0.019531,0.0,-0.105469,0.405518,0.55426,-0.059937,0.724365,down
280722,8.632813,4.136719,3.929688,0.007813,0.005859,-0.058594,0.405518,0.55426,-0.059937,0.724365,down
280727,8.597656,4.175781,3.890625,-0.001953,0.005859,-0.046875,0.405884,0.55426,-0.059753,0.724243,down
280732,8.554688,4.136719,3.851563,-0.001953,0.005859,-0.046875,0.405884,0.55426,-0.059753,0.724243,down
280737,8.558594,4.136719,3.890625,-0.009766,0.011719,-0.003906,0.405945,0.554199,-0.059753,0.724243,down
280742,8.59375,4.097656,3.890625,-0.009766,0.011719,-0.003906,0.406006,0.554138,-0.059753,0.724243,down
280747,8.59375,4.097656,3.890625,-0.009766,0.011719,-0.003906,0.406067,0.554138,-0.059753,0.724243,down
280752,8.558594,4.058594,3.851563,-0.009766,0.011719,-0.003906,0.406067,0.554077,-0.059814,0.724243,down
280757,8.597656,4.019531,3.890625,-0.042969,0.037109,0.005859,0.406067,0.554077,-0.059814,0.724243,down
280762,8.636719,4.019531,3.890625,-0.042969,0.037109,0.005859,0.406189,0.553894,-0.059875,0.724304,down
280767,8.636719,4.019531,3.890625,-0.046875,0.054687,0.003906,0.40625,0.553772,-0.059937,0.724365,down
280772,8.59375,3.945313,3.890625,-0.046875,0.054687,0.003906,0.406311,0.55365,-0.059998,0.724426,down
280777,8.597656,3.945313,3.851563,-0.021484,0.068359,-0.001953,0.406311,0.55365,-0.059998,0.724426,down
280782,8.554688,3.984375,3.890625,-0.021484,0.068359,-0.001953,0.406433,0.553345,-0.059998,0.724548,down
280788,8.445313,3.984375,3.890625,-0.021484,0.068359,-0.001953,0.406555,0.553101,-0.059998,0.724731,down
280793,8.410156,3.984375,3.929688,-0.013672,0.068359,0.007813,0.406555,0.552917,-0.059937,0.724854,down
280798,8.332031,3.984375,3.929688,-0.013672,0.068359,0.007813,0.406555,0.552795,-0.059937,0.724915,down
280803,8.328125,3.945313,3.929688,-0.013672,0.068359,0.007813,0.406616,0.552734,-0.059875,0.724976,down
280808,8.371094,3.945313,3.96875,0.007813,0.037109,0.017578,0.406555,0.552612,-0.059875,0.725037,down
280813,8.367188,3.984375,3.96875,0.009766,0.013672,0.015625,0.406555,0.552612,-0.059875,0.725098,down
280818,8.449219,3.984375,3.96875,0.009766,0.013672,0.015625,0.406494,0.552612,-0.059875,0.725098,down
280823,8.476563,3.984375,4.003906,0.009766,0.013672,0.015625,0.406494,0.552612,-0.059937,0.725159,down
280828,8.554688,3.945313,3.96875,-0.042969,-0.023437,0.039063,0.406433,0.552612,-0.060059,0.725159,down
280834,8.632813,3.90625,3.96875,-0.042969,-0.023437,0.039063,0.406433,0.552551,-0.060242,0.725159,down
280840,8.59375,3.828125,4.003906,-0.042969,-0.023437,0.039063,0.406433,0.552551,-0.060425,0.725159,down
280847,8.597656,3.753906,4.003906,-0.060547,0.015625,0.080078,0.406433,0.552551,-0.060425,0.725159,down
280852,8.59375,3.675781,3.96875,-0.066406,0.044922,0.080078,0.40625,0.552124,-0.061035,0.725525,down
280857,8.554688,3.5625,3.96875,-0.066406,0.044922,0.080078,0.40625,0.552124,-0.061035,0.725525,down
280862,8.480469,3.5625,3.96875,-0.066406,0.044922,0.080078,0.406189,0.552002,-0.061218,0.725647,down
280867,8.515625,3.5625,3.96875,-0.007813,0.076172,0.078125,0.406189,0.552002,-0.061218,0.725647,down
280872,8.519531,3.5625,3.929688,-0.007813,0.076172,0.078125,0.406006,0.551636,-0.061401,0.726013,down
280878,8.449219,3.5625,3.929688,-0.007813,0.076172,0.078125,0.405701,0.551392,-0.061401,0.726379,down
280883,8.40625,3.5625,3.890625,-0.007813,0.076172,0.078125,0.405701,0.551392,-0.061401,0.726379,down
280888,8.367188,3.5625,3.890625,0.064453,0.066406,0.041016,0.405396,0.55127,-0.061157,0.726624,down
280893,8.367188,3.636719,3.890625,0.064453,0.066406,0.041016,0.405273,0.55127,-0.061035,0.726746,down
280898,8.40625,3.636719,3.929688,0.097656,0.011719,0.029297,0.405273,0.55127,-0.061035,0.726746,down
280903,8.332031,3.675781,3.929688,0.091797,0.001953,0.023437,0.40509,0.551331,-0.060852,0.726807,down
280909,8.445313,3.714844,4.003906,0.091797,0.001953,0.023437,0.404785,0.551514,-0.060608,0.726868,down
280914,8.558594,3.675781,4.042969,0.091797,0.001953,0.023437,0.404602,0.551575,-0.060547,0.726868,down
280919,8.59375,3.675781,4.003906,0.056641,-0.005859,0.027344,0.404602,0.551575,-0.060547,0.726868,down
280925,8.632813,3.675781,4.003906,0.029297,-0.011719,0.037109,0.404602,0.551575,-0.060547,0.726868,down
280930,8.714844,3.597656,4.042969,0.029297,-0.011719,0.037109,0.404297,0.551758,-0.060486,0.726929,down
280936,8.714844,3.5625,4.003906,-0.052734,-0.001953,0.041016,0.404297,0.551758,-0.060486,0.726929,down
280941,8.710938,3.523438,3.96875,-0.076172,-0.005859,0.039063,0.404297,0.551758,-0.060486,0.726929,down
280946,8.714844,3.523438,3.929688,-0.101563,0.001953,0.037109,0.404297,0.551758,-0.060486,0.726929,down
280951,8.75,3.484375,3.96875,-0.101563,0.001953,0.037109,0.404297,0.551758,-0.060486,0.726929,down
280957,8.671875,3.445313,3.96875,-0.101563,0.001953,0.037109,0.404541,0.551331,-0.061462,0.727051,down
280963,8.675781,3.40625,3.96875,-0.033203,0.029297,0.025391,0.404541,0.551331,-0.061462,0.727051,down
280968,8.597656,3.40625,3.929688,-0.033203,0.029297,0.025391,0.404663,0.551025,-0.061707,0.727234,down
280973,8.59375,3.445313,3.890625,0.054687,0.044922,0.017578,0.404663,0.551025,-0.061707,0.727234,down
280978,8.558594,3.445313,3.890625,0.054687,0.044922,0.017578,0.404541,0.550964,-0.061646,0.727295,down
280983,8.558594,3.445313,3.929688,0.085937,0.048828,0.013672,0.404358,0.550964,-0.061279,0.727478,down
280989,8.519531,3.5625,3.890625,0.085937,0.048828,0.013672,0.404175,0.550964,-0.061035,0.727539,down
280994,8.519531,3.597656,3.890625,0.109375,0.052734,-0.005859,0.404175,0.550964,-0.061035,0.727539,down
280999,8.519531,3.597656,3.890625,0.105469,0.052734,-0.007813,0.404175,0.550964,-0.061035,0.727539,down
281004,8.449219,3.5625,3.890625,0.105469,0.052734,-0.007813,0.40387,0.551025,-0.060303,0.727783,down
281009,8.367188,3.523438,3.8125,0.105469,0.052734,-0.007813,0.403809,0.550964,-0.06012,0.727844,down
281014,8.332031,3.5625,3.851563,0.044922,0.041016,-0.015625,0.403809,0.550964,-0.06012,0.727844,down
281020,8.367188,3.5625,3.929688,0.044922,0.041016,-0.015625,0.403809,0.550964,-0.06012,0.727844,down
281025,8.371094,3.597656,4.042969,0.001953,0.021484,-0.017578,0.403809,0.550964,-0.06012,0.727844,down
281031,8.410156,3.636719,4.042969,-0.013672,0.003906,-0.023437,0.403809,0.550964,-0.06012,0.727844,down
281036,8.445313,3.597656,4.003906,-0.019531,-0.007813,-0.029297,0.403809,0.550964,-0.06012,0.727844,down
281041,8.410156,3.5625,3.96875,-0.019531,-0.007813,-0.029297,0.403809,0.550964,-0.06012,0.727844,down
281046,8.449219,3.484375,3.96875,0.001953,-0.025391,-0.048828,0.403809,0.550964,-0.06012,0.727844,down
281051,8.40625,3.484375,3.96875,0.011719,-0.023437,-0.050781,0.403809,0.550964,-0.06012,0.727844,down
281056,8.449219,3.484375,3.96875,0.011719,-0.023437,-0.050781,0.404297,0.550964,-0.05957,0.7276,down
281061,8.476563,3.484375,3.96875,0.011719,-0.023437,-0.050781,0.404297,0.550964,-0.05957,0.7276,down
281066,8.480469,3.523438,3.929688,-0.005859,-0.003906,-0.058594,0.404297,0.550964,-0.05957,0.7276,down
281071,8.554688,3.484375,3.890625,-0.011719,0.015625,-0.058594,0.404297,0.550964,-0.05957,0.7276,down
281076,8.480469,3.484375,3.890625,-0.011719,0.015625,-0.058594,0.404297,0.550964,-0.05957,0.7276,down
281082,8.476563,3.445313,3.929688,-0.011719,0.015625,-0.058594,0.404907,0.550964,-0.059204,0.727356,down
281088,8.515625,3.484375,3.890625,-0.001953,0.037109,-0.085937,0.405273,0.550842,-0.058899,0.727234,down
281093,8.480469,3.445313,3.851563,-0.001953,0.037109,-0.085937,0.405396,0.550781,-0.058655,0.727234,down
281098,8.519531,3.484375,3.8125,0.029297,0.058594,-0.117188,0.405396,0.550781,-0.058655,0.727234,down
281103,8.558594,3.484375,3.8125,0.029297,0.058594,-0.117188,0.405579,0.55072,-0.058411,0.727173,down
281108,8.554688,3.5625,3.851563,0.054687,0.044922,-0.113281,0.405579,0.55072,-0.058411,0.727173,down
281113,8.59375,3.597656,3.890625,0.054687,0.044922,-0.113281,0.406006,0.55072,-0.057434,0.727051,down
281118,8.636719,3.636719,3.8125,0.054687,0.044922,-0.113281,0.406006,0.55072,-0.057434,0.727051,down
281123,8.597656,3.714844,3.851563,0.123047,0.039063,-0.125,0.406006,0.55072,-0.057434,0.727051,down
281129,8.636719,3.753906,3.8125,0.123047,0.039063,-0.125,0.406189,0.550842,-0.056213,0.726868,down
281134,8.554688,3.753906,3.8125,0.123047,0.042969,-0.119141,0.40625,0.550964,-0.055725,0.726868,down
281139,8.515625,3.753906,3.851563,0.121094,0.041016,-0.115234,0.406311,0.551025,-0.055298,0.726807,down
281145,8.519531,3.753906,3.890625,0.121094,0.041016,-0.115234,0.406372,0.551086,-0.054932,0.726746,down
281150,8.558594,3.753906,3.890625,0.121094,0.041016,-0.115234,0.406494,0.551086,-0.054565,0.726685,down
281155,8.558594,3.753906,3.890625,0.066406,0.03125,-0.113281,0.406494,0.551086,-0.054565,0.726685,down
281160,8.558594,3.753906,3.929688,0.060547,0.039063,-0.109375,0.406494,0.551086,-0.054565,0.726685,down
281166,8.558594,3.753906,3.890625,0.054687,0.039063,-0.121094,0.406494,0.551086,-0.054565,0.726685,down
281172,8.59375,3.714844,3.929688,0.058594,0.044922,-0.117188,0.406494,0.551086,-0.054565,0.726685,down
281177,8.558594,3.753906,3.929688,0.072266,0.046875,-0.125,0.406494,0.551086,-0.054565,0.726685,down
281183,8.515625,3.753906,3.96875,0.066406,0.0625,-0.128906,0.406494,0.551086,-0.054565,0.726685,down
281189,8.476563,3.789063,4.003906,0.097656,0.058594,-0.134766,0.406494,0.551086,-0.054565,0.726685,down
281194,8.449219,3.789063,4.003906,0.097656,0.058594,-0.134766,0.407715,0.551147,-0.051453,0.726196,down
281199,8.40625,3.828125,4.042969,0.097656,0.058594,-0.134766,0.407837,0.551147,-0.050964,0.726135,down
281204,8.371094,3.753906,4.042969,0.097656,0.058594,-0.134766,0.407959,0.551147,-0.050537,0.726135,down
281209,8.332031,3.753906,4.121094,0.119141,0.0625,-0.132812,0.40802,0.551208,-0.050049,0.726074,down
281214,8.253906,3.753906,4.121094,0.107422,0.056641,-0.136719,0.408142,0.551208,-0.049561,0.726013,down
281220,8.253906,3.753906,4.121094,0.107422,0.056641,-0.136719,0.408264,0.551208,-0.049194,0.726013,down
281225,8.253906,3.753906,4.121094,0.09375,0.044922,-0.126953,0.408386,0.55127,-0.048767,0.725952,down
281232,8.214844,3.753906,4.160156,0.09375,0.044922,-0.126953,0.408386,0.55127,-0.048767,0.725952,down
281237,8.214844,3.714844,4.121094,0.078125,0.025391,-0.130859,0.408386,0.55127,-0.048767,0.725952,down
281242,8.171875,3.753906,4.121094,0.087891,0.015625,-0.128906,0.408386,0.55127,-0.048767,0.725952,down
281247,8.25,3.789063,4.160156,0.080078,0.003906,-0.132812,0.408386,0.55127,-0.048767,0.725952,down
281253,8.289063,3.789063,4.160156,0.089844,-0.011719,-0.136719,0.408386,0.55127,-0.048767,0.725952,down
281258,8.292969,3.753906,4.195312,0.089844,-0.011719,-0.136719,0.409119,0.551697,-0.046692,0.725281,down
281263,8.292969,3.753906,4.160156,0.089844,-0.011719,-0.136719,0.409241,0.55188,-0.046387,0.725159,down
281268,8.328125,3.789063,4.160156,0.109375,-0.019531,-0.146484,0.409485,0.552124,-0.045593,0.724792,down
281273,8.332031,3.753906,4.160156,0.109375,-0.019531,-0.146484,0.409485,0.552124,-0.045593,0.724792,down
281278,8.332031,3.753906,4.160156,0.109375,-0.019531,-0.146484,0.409668,0.552307,-0.045227,0.72467,down
281283,8.371094,3.714844,4.160156,0.0625,0.0,-0.164062,0.409668,0.552307,-0.045227,0.72467,down
281289,8.371094,3.714844,4.121094,0.044922,0.003906,-0.171875,0.409668,0.552307,-0.045227,0.72467,down
281294,8.371094,3.714844,4.082031,0.044922,0.003906,-0.171875,0.410706,0.55249,-0.043945,0.723999,down
281299,8.40625,3.675781,4.082031,0.0,0.029297,-0.199219,0.411072,0.552429,-0.04364,0.723816,down
281304,8.410156,3.714844,4.082031,0.0,0.029297,-0.199219,0.411072,0.552429,-0.04364,0.723816,down
281309,8.328125,3.675781,4.082031,0.007813,0.033203,-0.208984,0.411804,0.552429,-0.042969,0.723511,down
281314,8.292969,3.714844,4.042969,0.007813,0.033203,-0.208984,0.41217,0.552429,-0.042603,0.723267,down
281319,8.292969,3.714844,4.042969,0.054687,0.025391,-0.242187,0.412598,0.552429,-0.042114,0.723083,down
281325,8.253906,3.714844,4.042969,0.054687,0.025391,-0.242187,0.412903,0.55249,-0.041687,0.722839,down
281330,8.25,3.789063,4.003906,0.054687,0.025391,-0.242187,0.413269,0.552551,-0.041138,0.722656,down
281336,8.210938,3.828125,4.042969,0.121094,0.025391,-0.248047,0.413269,0.552551,-0.041138,0.722656,down
281342,8.210938,3.867188,4.042969,0.142578,0.021484,-0.246094,0.413269,0.552551,-0.041138,0.722656,down
281347,8.175781,3.90625,4.003906,0.142578,0.021484,-0.246094,0.414062,0.552917,-0.039307,0.721985,down
281352,8.210938,3.90625,4.003906,0.148437,0.033203,-0.248047,0.414062,0.552917,-0.039307,0.721985,down
281357,8.214844,3.945313,4.003906,0.136719,0.035156,-0.246094,0.414062,0.552917,-0.039307,0.721985,down
281362,8.171875,3.945313,4.003906,0.138672,0.029297,-0.246094,0.414062,0.552917,-0.039307,0.721985,down
281368,8.136719,3.984375,3.890625,0.138672,0.029297,-0.246094,0.415405,0.553406,-0.036255,0.721008,down
281373,8.175781,3.945313,3.929688,0.138672,0.029297,-0.246094,0.415405,0.553406,-0.036255,0.721008,down
281378,8.097656,3.945313,3.96875,0.09375,0.037109,-0.253906,0.416138,0.553528,-0.035156,0.720581,down
281383,8.058594,3.90625,3.96875,0.09375,0.037109,-0.253906,0.416138,0.553528,-0.035156,0.720581,down
281389,8.023438,3.90625,4.003906,0.076172,0.0625,-0.275391,0.416138,0.553528,-0.035156,0.720581,down
281394,8.023438,3.867188,4.003906,0.076172,0.0625,-0.275391,0.417358,0.553528,-0.033325,0.719971,down
281399,7.988281,3.828125,4.042969,0.076172,0.0625,-0.275391,0.417725,0.553467,-0.032776,0.719788,down
281404,7.910156,3.90625,4.082031,0.076172,0.083984,-0.300781,0.418213,0.553406,-0.032104,0.719604,down
281409,7.792969,3.90625,4.121094,0.076172,0.083984,-0.300781,0.41864,0.553345,-0.031494,0.719421,down
281414,7.832031,3.90625,4.160156,0.080078,0.072266,-0.314453,0.41864,0.553345,-0.031494,0.719421,down
281419,7.832031,3.984375,4.195312,0.080078,0.072266,-0.314453,0.419556,0.553345,-0.030151,0.718933,down
281424,7.910156,4.058594,4.195312,0.080078,0.072266,-0.314453,0.419556,0.553345,-0.030151,0.718933,down
281429,7.832031,4.058594,4.195312,0.044922,0.033203,-0.347656,0.420654,0.553345,-0.028931,0.718384,down
281434,7.828125,4.019531,4.234375,0.044922,0.033203,-0.347656,0.420654,0.553345,-0.028931,0.718384,down
281439,7.789062,4.058594,4.234375,0.044922,0.033203,-0.347656,0.421814,0.553406,-0.02771,0.717651,down
281444,7.75,4.058594,4.234375,0.044922,0.033203,-0.347656,0.421814,0.553406,-0.02771,0.717651,down
281449,7.714844,3.984375,4.195312,0.0625,0.003906,-0.373047,0.422974,0.553589,-0.026428,0.716858,down
281454,7.640625,3.984375,4.273437,0.0625,0.003906,-0.373047,0.423523,0.553711,-0.025879,0.716492,down
281459,7.605469,3.984375,4.273437,0.070312,-0.023437,-0.376953,0.423523,0.553711,-0.025879,0.716492,down
281464,7.566406,3.984375,4.273437,0.076172,-0.039063,-0.373047,0.424133,0.553833,-0.025208,0.716064,down
281470,7.566406,3.984375,4.273437,0.076172,-0.039063,-0.373047,0.425171,0.554199,-0.024048,0.71521,down
281476,7.5625,4.058594,4.351562,0.076172,-0.039063,-0.373047,0.42572,0.554382,-0.023376,0.714722,down
281482,7.5625,4.097656,4.390625,0.130859,-0.072266,-0.394531,0.42572,0.554382,-0.023376,0.714722,down
281487,7.675781,4.136719,4.503906,0.138672,-0.083984,-0.400391,0.42572,0.554382,-0.023376,0.714722,down
281492,7.753906,4.097656,4.425781,0.150391,-0.099609,-0.40625,0.42572,0.554382,-0.023376,0.714722,down
281497,7.753906,4.097656,4.390625,0.130859,-0.09375,-0.412109,0.42572,0.554382,-0.023376,0.714722,down
281502,7.753906,4.097656,4.390625,0.117188,-0.082031,-0.417969,0.42572,0.554382,-0.023376,0.714722,down
281507,7.714844,4.058594,4.351562,0.097656,-0.072266,-0.421875,0.42572,0.554382,-0.023376,0.714722,down
281512,7.566406,4.058594,4.390625,0.097656,-0.072266,-0.421875,0.42572,0.554382,-0.023376,0.714722,down
281518,7.484375,4.097656,4.3125,0.097656,-0.072266,-0.421875,0.430359,0.556702,-0.017761,0.710327,down
281524,7.410156,4.058594,4.3125,0.058594,-0.115234,-0.466797,0.430359,0.556702,-0.017761,0.710327,down
281529,7.410156,4.097656,4.234375,0.058594,-0.115234,-0.466797,0.432556,0.557495,-0.015869,0.708374,down
281534,7.410156,4.097656,4.234375,0.072266,-0.171875,-0.490234,0.432556,0.557495,-0.015869,0.708374,down
281539,7.40625,4.097656,4.160156,0.09375,-0.207031,-0.511719,0.433411,0.557861,-0.015198,0.707581,down
281544,7.367187,4.136719,4.195312,0.09375,-0.207031,-0.511719,0.434875,0.558838,-0.013916,0.705933,down
281549,7.410156,4.175781,4.160156,0.09375,-0.207031,-0.511719,0.435486,0.559509,-0.013184,0.705078,down
281554,7.410156,4.25,4.160156,0.09375,-0.207031,-0.511719,0.435486,0.559509,-0.013184,0.705078,down
281559,7.410156,4.367187,4.160156,0.253906,-0.302734,-0.552734,0.436768,0.561096,-0.011414,0.703064,down
281564,7.5625,4.25,4.082031,0.253906,-0.302734,-0.552734,0.436768,0.561096,-0.011414,0.703064,down
281569,7.789062,4.367187,3.929688,0.228516,-0.347656,-0.589844,0.436768,0.561096,-0.011414,0.703064,down
281574,7.644531,4.480469,3.890625,0.228516,-0.347656,-0.589844,0.438171,0.562866,-0.009521,0.700806,down
281580,7.640625,4.558594,3.929688,0.228516,-0.347656,-0.589844,0.439636,0.564514,-0.007874,0.698547,down
281586,7.75,4.480469,3.851563,0.228516,-0.347656,-0.589844,0.440491,0.565186,-0.007202,0.69751,down
281591,7.601562,4.519531,3.777344,0.060547,-0.304688,-0.607422,0.441467,0.565857,-0.00647,0.69635,down
281597,7.601562,4.519531,3.738281,0.041016,-0.296875,-0.601562,0.441467,0.565857,-0.00647,0.69635,down
281603,7.445312,4.558594,3.660156,0.041016,-0.296875,-0.601562,0.44342,0.566956,-0.00531,0.694214,down
281609,7.410156,4.558594,3.585938,0.027344,-0.263672,-0.591797,0.44342,0.566956,-0.00531,0.694214,down
281614,7.410156,4.480469,3.546875,0.027344,-0.263672,-0.591797,0.445435,0.567932,-0.00415,0.692139,down
281619,7.410156,4.480469,3.546875,0.080078,-0.257813,-0.599609,0.446472,0.568481,-0.003479,0.690979,down
281624,7.332031,4.480469,3.546875,0.080078,-0.257813,-0.599609,0.447327,0.56897,-0.002869,0.690063,down
281629,7.332031,4.480469,3.546875,0.115234,-0.248047,-0.601562,0.448242,0.569519,-0.002075,0.688965,down
281634,7.144531,4.710937,3.660156,0.142578,-0.246094,-0.613281,0.449097,0.570068,-0.001343,0.687988,down
281639,7.144531,4.710937,3.660156,0.201172,-0.25,-0.623047,0.449097,0.570068,-0.001343,0.687988,down
281644,7.144531,4.710937,3.660156,0.208984,-0.242187,-0.683594,0.450684,0.57135,0.000549,0.685913,down
281649,7.027344,4.863281,3.738281,0.208984,-0.242187,-0.683594,0.451538,0.572021,0.001648,0.684753,down
281654,7.140625,5.015625,3.660156,0.208984,-0.242187,-0.683594,0.452454,0.572693,0.002686,0.683594,down
281659,7.222656,5.054687,3.621094,0.146484,-0.304688,-0.78125,0.45343,0.573364,0.003784,0.682373,down
281664,7.222656,5.171875,3.621094,0.146484,-0.304688,-0.78125,0.45459,0.574097,0.004883,0.680969,down
281669,7.332031,5.09375,3.46875,0.146484,-0.304688,-0.78125,0.455688,0.574646,0.005859,0.679749,down
281674,7.292969,5.132812,3.507813,0.146484,-0.304688,-0.78125,0.458557,0.575867,0.007935,0.676819,down
281679,7.257812,5.09375,3.507813,0.146484,-0.304688,-0.78125,0.458557,0.575867,0.007935,0.676819,down
281684,7.179687,5.09375,3.429688,-0.068359,-0.283203,-0.896484,0.458557,0.575867,0.007935,0.676819,down
281690,6.910156,5.054687,3.429688,-0.068359,-0.283203,-0.896484,0.463135,0.577026,0.010498,0.672607,down
281695,6.867187,5.054687,3.394531,-0.107422,-0.283203,-0.886719,0.464966,0.577393,0.011353,0.671082,down
281700,6.871094,5.09375,3.394531,-0.111328,-0.298828,-0.882812,0.466553,0.577698,0.012085,0.669617,down
281706,6.910156,5.171875,3.316406,-0.111328,-0.298828,-0.882812,0.468079,0.578003,0.012756,0.668274,down
281711,6.800781,5.246094,3.277344,-0.111328,-0.298828,-0.882812,0.469727,0.578369,0.01355,0.666809,down
281716,6.722656,5.324219,3.238281,-0.035156,-0.308594,-0.878906,0.469727,0.578369,0.01355,0.666809,down
281722,6.757812,5.398437,3.316406,0.035156,-0.333984,-0.876953,0.469727,0.578369,0.01355,0.666809,down
281727,6.71875,5.589844,3.46875,0.035156,-0.333984,-0.876953,0.474121,0.579895,0.016296,0.662292,down
281732,6.683594,5.707031,3.394531,0.179687,-0.363281,-0.861328,0.474121,0.579895,0.016296,0.662292,down
281737,6.679687,5.820312,3.429688,0.222656,-0.378906,-0.863281,0.474121,0.579895,0.016296,0.662292,down
281742,6.640625,5.898437,3.394531,0.263672,-0.402344,-0.875,0.474121,0.579895,0.016296,0.662292,down
281747,6.566406,5.972656,3.316406,0.263672,-0.402344,-0.875,0.474121,0.579895,0.016296,0.662292,down
281753,6.488281,6.011719,3.238281,0.275391,-0.423828,-0.900391,0.474121,0.579895,0.016296,0.662292,down
281759,6.375,5.972656,3.164063,0.275391,-0.423828,-0.900391,0.481018,0.585266,0.023499,0.652344,down
281764,6.375,5.972656,3.007813,0.275391,-0.423828,-0.900391,0.482239,0.586243,0.024719,0.650513,down
281770,6.417969,6.050781,2.933594,0.171875,-0.527344,-0.953125,0.482239,0.586243,0.024719,0.650513,down
281775,6.457031,6.089844,2.855469,0.171875,-0.527344,-0.953125,0.486145,0.589172,0.027954,0.644775,down
281780,6.488281,6.164062,2.816406,0.171875,-0.527344,-0.953125,0.487488,0.590088,0.02887,0.642944,down
281785,6.523437,6.242187,2.78125,0.09375,-0.552734,-1.015625,0.489075,0.591064,0.029907,0.640747,down
281791,6.601562,6.320312,2.78125,0.09375,-0.552734,-1.015625,0.49054,0.591919,0.030823,0.638794,down
281796,6.644531,6.320312,2.78125,0.056641,-0.533203,-1.052734,0.49054,0.591919,0.030823,0.638794,down
281801,6.796875,6.394531,2.742188,0.056641,-0.533203,-1.052734,0.493835,0.593628,0.032837,0.634583,down
281807,6.839844,6.394531,2.703125,0.029297,-0.490234,-1.074219,0.495483,0.59436,0.033813,0.632568,down
281813,6.839844,6.394531,2.664063,-0.005859,-0.464844,-1.078125,0.495483,0.59436,0.033813,0.632568,down
281819,6.679687,6.320312,2.589844,-0.054687,-0.429687,-1.085938,0.495483,0.59436,0.033813,0.632568,down
281824,6.601562,6.320312,2.625,-0.054687,-0.429687,-1.085938,0.500793,0.59613,0.036865,0.626465,down
281829,6.601562,6.320312,2.625,-0.070312,-0.414062,-1.076172,0.502625,0.596619,0.037903,0.624451,down
281834,6.601562,6.320312,2.625,-0.058594,-0.400391,-1.072266,0.504456,0.597107,0.038879,0.622498,down
281839,6.296875,6.390625,2.472656,-0.041016,-0.388672,-1.066406,0.504456,0.597107,0.038879,0.622498,down
281845,6.183594,6.394531,2.472656,-0.041016,-0.388672,-1.066406,0.506287,0.597534,0.039917,0.620544,down
281850,5.914062,6.429687,2.398438,0.023437,-0.384766,-1.044922,0.511292,0.59906,0.043274,0.614624,down
281855,5.800781,6.507812,2.320313,0.023437,-0.384766,-1.044922,0.512695,0.599609,0.044434,0.612915,down
281860,5.992187,6.546875,2.28125,0.181641,-0.388672,-1.046875,0.512695,0.599609,0.044434,0.612915,down
281865,6.105469,6.585937,2.242188,0.181641,-0.388672,-1.046875,0.515442,0.601013,0.04718,0.608948,down
281870,6.414062,6.851562,2.089844,0.181641,-0.388672,-1.046875,0.516846,0.601746,0.048706,0.606995,down
281875,6.527344,6.96875,2.167969,0.207031,-0.302734,-1.089844,0.516846,0.601746,0.048706,0.606995,down
281880,6.605469,7.050781,2.242188,0.207031,-0.302734,-1.089844,0.51825,0.602356,0.050354,0.60498,down
281885,6.605469,7.125,2.28125,0.136719,-0.230469,-1.130859,0.51825,0.602356,0.050354,0.60498,down
281890,6.527344,7.195312,2.207031,0.136719,-0.230469,-1.130859,0.522583,0.603638,0.054993,0.599609,down
281895,6.527344,7.195312,2.128906,0.064453,-0.185547,-1.166016,0.522583,0.603638,0.054993,0.599609,down
281900,6.488281,7.238281,2.207031,0.027344,-0.169922,-1.177734,0.524414,0.603882,0.056763,0.597595,down
281905,6.488281,7.273437,2.242188,0.027344,-0.169922,-1.177734,0.527832,0.604065,0.059937,0.593994,down
281910,6.414062,7.351562,2.320313,0.027344,-0.169922,-1.177734,0.527832,0.604065,0.059937,0.593994,down
281915,6.296875,7.3125,2.398438,0.027344,-0.169922,-1.177734,0.531616,0.603943,0.062988,0.590515,down
281920,6.183594,7.234375,2.433594,-0.117188,-0.060547,-1.15625,0.531616,0.603943,0.062988,0.590515,down
281925,5.761719,7.160156,2.398438,-0.117188,-0.060547,-1.15625,0.533508,0.603699,0.064575,0.588867,down
281931,5.226562,7.085937,2.398438,-0.117188,-0.060547,-1.15625,0.537048,0.603088,0.067322,0.585937,down
281936,5.035156,7.046875,2.511719,-0.089844,-0.007813,-1.046875,0.538818,0.602783,0.068848,0.584473,down
281941,4.882812,7.050781,2.550781,-0.035156,-0.035156,-1.003906,0.540405,0.602539,0.070251,0.583069,down
281946,4.84375,7.085937,2.625,-0.035156,-0.035156,-1.003906,0.541809,0.602417,0.071655,0.581726,down
281951,4.957031,7.195312,2.625,0.083984,-0.054687,-0.943359,0.543335,0.602356,0.073303,0.580139,down
281956,5.226562,7.238281,2.625,0.134766,-0.083984,-0.921875,0.544556,0.602417,0.074768,0.578735,down
281962,5.609375,7.734375,2.664063,0.134766,-0.083984,-0.921875,0.545532,0.602539,0.07605,0.577576,down
281967,5.609375,7.734375,2.664063,0.195312,-0.082031,-0.923828,0.546753,0.602783,0.077759,0.575928,down
281974,5.53125,7.855469,2.703125,0.195312,-0.082031,-0.923828,0.546753,0.602783,0.077759,0.575928,down
281979,5.570312,7.933594,2.664063,0.275391,-0.109375,-0.955078,0.546753,0.602783,0.077759,0.575928,down
281984,5.570312,8.0,2.625,0.275391,-0.109375,-0.955078,0.549622,0.603638,0.082581,0.571594,down
281990,5.570312,8.039063,2.625,0.34375,-0.130859,-1.046875,0.549622,0.603638,0.082581,0.571594,down
281995,5.417969,8.117188,2.703125,0.34375,-0.130859,-1.046875,0.551514,0.604492,0.086304,0.568298,down
282001,5.417969,8.117188,2.703125,0.189453,-0.105469,-1.087891,0.553772,0.605164,0.090027,0.564819,down
282006,5.226562,8.078125,2.703125,0.078125,-0.0625,-1.09375,0.555237,0.605225,0.091858,0.563049,down
282011,5.226562,8.078125,2.703125,-0.011719,-0.023437,-1.082031,0.556641,0.605103,0.093384,0.561523,down
282016,4.84375,8.0,2.703125,-0.011719,-0.023437,-1.082031,0.556641,0.605103,0.093384,0.561523,down
282021,4.84375,8.0,2.703125,-0.0625,0.025391,-1.072266,0.558167,0.604736,0.094971,0.560059,down
282026,4.84375,8.0,2.703125,-0.0625,0.025391,-1.072266,0.561523,0.60376,0.098145,0.557251,down
282032,5.339844,8.039063,2.625,-0.0625,0.025391,-1.072266,0.563232,0.603088,0.099731,0.555969,down
282038,5.492187,8.347656,2.742188,-0.0625,0.025391,-1.072266,0.563232,0.603088,0.099731,0.555969,down
282044,5.570312,8.425781,2.742188,-0.201172,0.230469,-1.15625,0.563232,0.603088,0.099731,0.555969,down
282049,5.683594,8.464844,2.625,-0.158203,0.304688,-1.195313,0.563232,0.603088,0.099731,0.555969,down
282054,5.683594,8.503906,2.550781,0.050781,0.394531,-1.287109,0.563232,0.603088,0.099731,0.555969,down
282059,5.648437,8.582031,2.433594,0.050781,0.394531,-1.287109,0.572083,0.598755,0.109619,0.549744,down
282065,5.648437,8.660156,2.398438,0.267578,0.410156,-1.365234,0.572083,0.598755,0.109619,0.549744,down
282070,5.457031,8.734375,2.28125,0.267578,0.410156,-1.365234,0.576355,0.596741,0.118347,0.545593,down
282075,5.339844,8.808594,2.242188,0.267578,0.410156,-1.365234,0.577698,0.596191,0.121704,0.544067,down
282080,5.148437,8.84375,2.207031,0.267578,0.410156,-1.365234,0.577698,0.596191,0.121704,0.544067,down
282085,4.957031,8.804688,2.167969,0.355469,0.570312,-1.392578,0.577698,0.596191,0.121704,0.544067,down
282091,4.460937,8.699219,2.050781,0.355469,0.570312,-1.392578,0.581177,0.594238,0.131531,0.540222,down
282096,4.304687,8.808594,1.9375,0.34375,0.605469,-1.316406,0.582336,0.593384,0.135132,0.539001,down
282101,4.0,8.847656,1.9375,0.34375,0.605469,-1.316406,0.583374,0.592651,0.138306,0.537903,down
282107,4.0,8.921875,1.976563,0.34375,0.605469,-1.316406,0.584412,0.591858,0.141235,0.536865,down
282112,4.039062,9.226563,2.015625,0.34375,0.605469,-1.316406,0.585571,0.591003,0.144348,0.535706,down
282117,4.039062,9.386719,2.089844,0.179687,0.525391,-1.201172,0.586609,0.59021,0.146973,0.534729,down
282122,4.039062,9.460938,2.050781,0.158203,0.519531,-1.201172,0.58783,0.589294,0.14978,0.533691,down
282127,3.960938,9.53125,2.089844,0.158203,0.519531,-1.201172,0.588989,0.588379,0.152466,0.532593,down
282133,3.886719,9.574219,2.050781,0.181641,0.451172,-1.199219,0.588989,0.588379,0.152466,0.532593,down
282138,3.847656,9.574219,2.050781,0.244141,0.396484,-1.212891,0.591309,0.586792,0.157898,0.530212,down
282143,3.808594,9.53125,2.089844,0.244141,0.396484,-1.212891,0.592346,0.586182,0.160583,0.52887,down
282149,3.808594,9.460938,2.050781,0.353516,0.277344,-1.244141,0.592346,0.586182,0.160583,0.52887,down
282154,3.808594,9.386719,1.9375,0.367188,0.222656,-1.271484,0.592346,0.586182,0.160583,0.52887,down
282159,3.769531,9.265625,1.820313,0.367188,0.222656,-1.271484,0.59552,0.585205,0.168701,0.523865,down
282164,3.695313,9.039063,1.785156,0.367188,0.222656,-1.271484,0.59552,0.585205,0.168701,0.523865,down
282170,3.695313,9.039063,1.785156,0.267578,0.09375,-1.349609,0.5979,0.584595,0.173767,0.520142,down
282175,3.695313,9.0,1.707031,0.21875,0.041016,-1.357422,0.599304,0.58429,0.176208,0.518066,down
282181,3.695313,9.0,1.707031,0.171875,0.005859,-1.380859,0.600769,0.583923,0.178467,0.515991,down
282186,4.382812,8.921875,1.667969,0.171875,0.005859,-1.380859,0.602356,0.583557,0.180664,0.513855,down
282191,4.652344,9.0,1.859375,0.052734,-0.019531,-1.414063,0.605957,0.582397,0.18512,0.509338,down
282197,4.6875,9.0,2.050781,0.052734,-0.019531,-1.414063,0.607666,0.581665,0.187134,0.507324,down
282203,4.574219,9.0,1.9375,-0.044922,0.193359,-1.460938,0.607666,0.581665,0.187134,0.507324,down
282209,4.613281,9.078125,1.898438,-0.048828,0.273438,-1.472656,0.607666,0.581665,0.187134,0.507324,down
282215,4.535156,9.1875,1.859375,-0.042969,0.333984,-1.476563,0.607666,0.581665,0.187134,0.507324,down
282220,4.535156,9.265625,1.976563,-0.035156,0.394531,-1.492188,0.607666,0.581665,0.187134,0.507324,down
282225,4.496094,9.421875,1.976563,-0.013672,0.445312,-1.488281,0.607666,0.581665,0.187134,0.507324,down
282230,4.574219,9.574219,2.050781,0.017578,0.478516,-1.476563,0.61969,0.573242,0.205688,0.495117,down
282235,4.535156,9.847656,2.320313,0.017578,0.478516,-1.476563,0.61969,0.573242,0.205688,0.495117,down
282240,4.613281,10.035156,2.359375,0.017578,0.478516,-1.476563,0.621216,0.571716,0.209045,0.493469,down
282246,4.6875,10.265625,2.472656,0.216797,0.753906,-1.439453,0.621216,0.571716,0.209045,0.493469,down
282251,4.726562,10.800781,2.511719,0.255859,0.810547,-1.427734,0.623535,0.569092,0.215515,0.490784,down
282256,4.574219,11.109375,2.550781,0.255859,0.810547,-1.427734,0.625488,0.566284,0.2229,0.488281,down
282261,4.535156,11.417969,2.664063,0.302734,0.851562,-1.380859,0.625488,0.566284,0.2229,0.488281,down
282266,4.460937,11.640625,2.703125,0.302734,0.851562,-1.380859,0.627014,0.563599,0.230042,0.486084,down
282272,4.382812,12.257813,2.816406,0.302734,0.851562,-1.380859,0.627686,0.562256,0.233521,0.485107,down
282277,4.34375,12.332031,2.816406,0.248047,0.947266,-1.287109,0.628296,0.560852,0.237061,0.484253,down
282282,4.304687,12.371094,2.894531,0.183594,0.990234,-1.251953,0.628296,0.560852,0.237061,0.484253,down
282288,4.230469,12.5625,3.085938,0.183594,0.990234,-1.251953,0.629639,0.557495,0.244202,0.482849,down
282294,4.230469,12.601563,3.238281,0.003906,1.048828,-1.167969,0.629639,0.557495,0.244202,0.482849,down
282299,4.230469,12.644531,3.394531,-0.066406,1.095703,-1.126953,0.629639,0.557495,0.244202,0.482849,down
282304,4.269531,12.679688,3.46875,-0.138672,1.179688,-1.099609,0.629639,0.557495,0.244202,0.482849,down
282309,4.191406,12.714844,3.46875,-0.138672,1.179688,-1.099609,0.629639,0.557495,0.244202,0.482849,down
282314,4.191406,12.714844,3.46875,-0.189453,1.273438,-1.078125,0.633423,0.546143,0.26062,0.4823,down
282319,4.191406,12.714844,3.46875,-0.265625,1.429688,-1.027344,0.634094,0.543457,0.263855,0.482666,down
282324,3.769531,13.132813,3.8125,-0.265625,1.429688,-1.027344,0.634705,0.540466,0.267334,0.483276,down
282329,3.65625,13.136719,3.929688,-0.335938,1.482422,-0.974609,0.634705,0.540466,0.267334,0.483276,down
282335,3.464844,13.214844,4.003906,-0.439453,1.466797,-0.892578,0.634705,0.540466,0.267334,0.483276,down
282340,3.195313,13.175781,4.234375,-0.439453,1.466797,-0.892578,0.636658,0.531433,0.276855,0.485413,down
282345,3.117188,13.136719,4.234375,-0.439453,1.466797,-0.892578,0.637329,0.528198,0.279846,0.486328,down
282350,3.003906,13.023438,4.234375,-0.439453,1.466797,-0.892578,0.637878,0.524963,0.282654,0.487427,down
282356,2.890625,13.027344,4.273437,-0.599609,1.523438,-0.699219,0.639038,0.51825,0.287964,0.490051,down
282361,2.621094,12.910156,4.464844,-0.599609,1.523438,-0.699219,0.639526,0.514526,0.290527,0.491699,down
282366,2.507813,12.828125,4.617187,-0.599609,1.523438,-0.699219,0.639526,0.514526,0.290527,0.491699,down
282371,2.46875,12.828125,4.617187,-0.832031,1.462891,-0.457031,0.639526,0.514526,0.290527,0.491699,down
282377,2.277344,12.710938,4.808594,-0.832031,1.462891,-0.457031,0.641113,0.504517,0.296326,0.496643,down
282383,2.160156,12.527344,4.886719,-0.832031,1.462891,-0.457031,0.641663,0.501221,0.297913,0.498352,down
282388,2.085938,12.445313,4.847656,-0.896484,1.365234,-0.378906,0.642273,0.497437,0.299683,0.500305,down
282393,2.046875,12.371094,4.773437,-0.876953,1.335938,-0.373047,0.642273,0.497437,0.299683,0.500305,down
282399,2.046875,12.332031,4.734375,-0.876953,1.335938,-0.373047,0.643311,0.491028,0.302551,0.50354,down
282404,2.121094,12.222656,4.773437,-0.835937,1.28125,-0.388672,0.643311,0.491028,0.302551,0.50354,down
282409,2.121094,12.023438,4.773437,-0.861328,1.279297,-0.40625,0.643311,0.491028,0.302551,0.50354,down
282414,2.199219,11.800781,4.773437,-0.861328,1.279297,-0.40625,0.64502,0.480774,0.307129,0.508423,down
282420,2.007813,11.261719,4.808594,-0.957031,1.324219,-0.490234,0.64502,0.480774,0.307129,0.508423,down
282426,2.007813,11.074219,4.886719,-1.023438,1.341797,-0.556641,0.6474,0.46991,0.311523,0.512817,down
282431,1.96875,10.796875,5.0,-1.023438,1.341797,-0.556641,0.6474,0.46991,0.311523,0.512817,down
282436,1.96875,10.796875,5.0,-1.197266,1.373047,-0.724609,0.6474,0.46991,0.311523,0.512817,down
282442,1.929688,10.757813,5.078125,-1.197266,1.373047,-0.724609,0.648621,0.465637,0.31311,0.514221,down
282447,1.929688,10.757813,5.078125,-1.382813,1.503906,-0.916016,0.653076,0.451416,0.318115,0.51825,down
282453,1.511719,10.957031,4.3125,-1.382813,1.503906,-0.916016,0.654785,0.446106,0.320007,0.51947,down
282458,1.316406,11.183594,4.234375,-1.486328,1.658203,-1.150391,0.654785,0.446106,0.320007,0.51947,down
282464,1.164063,11.605469,4.273437,-1.492188,1.662109,-1.183594,0.654785,0.446106,0.320007,0.51947,down
282469,0.933594,12.0625,4.542969,-1.492188,1.662109,-1.183594,0.660217,0.429443,0.326111,0.522888,down
282474,0.859375,12.296875,4.617187,-1.619141,1.599609,-1.169922,0.660217,0.429443,0.326111,0.522888,down
282479,0.707031,12.523438,4.695312,-1.728516,1.605469,-1.128906,0.660217,0.429443,0.326111,0.522888,down
282484,0.589844,12.753906,4.808594,-1.859375,1.574219,-1.046875,0.660217,0.429443,0.326111,0.522888,down
282489,0.324219,12.988281,5.230469,-1.859375,1.574219,-1.046875,0.660217,0.429443,0.326111,0.522888,down
282495,0.207031,13.027344,5.269531,-1.859375,1.574219,-1.046875,0.670105,0.399475,0.332642,0.529785,down
282501,0.054687,12.945313,5.230469,-2.396484,1.416016,-0.673828,0.674316,0.386353,0.332336,0.534424,down
282506,-0.367188,12.605469,4.847656,-2.396484,1.416016,-0.673828,0.67627,0.380005,0.331421,0.537048,down
282511,-0.597656,12.445313,4.886719,-2.939453,1.001953,-0.167969,0.67627,0.380005,0.331421,0.537048,down
282516,-0.75,12.179688,4.964844,-3.037109,0.785156,-0.007813,0.67865,0.372742,0.329468,0.540344,down
282521,-0.828125,11.722656,5.191406,-3.0625,0.576172,0.138672,0.680786,0.366333,0.327026,0.543518,down
282526,-0.789062,11.527344,5.5,-3.0625,0.576172,0.138672,0.6828,0.360535,0.324097,0.54657,down
282531,-0.789062,11.527344,5.5,-3.0625,0.576172,0.138672,0.684998,0.354492,0.320374,0.549988,down
282536,-0.789062,11.527344,5.5,-2.910156,0.210937,0.359375,0.686707,0.349854,0.316956,0.552795,down
282541,-0.75,10.996094,5.921875,-2.910156,0.210937,0.359375,0.688477,0.344971,0.312866,0.555969,down
282546,-0.75,10.53125,5.882812,-2.910156,0.210937,0.359375,0.688477,0.344971,0.312866,0.555969,down
282551,-0.636719,10.191406,6.074219,-2.480469,-0.154297,0.59375,0.688477,0.344971,0.312866,0.555969,down
282556,-0.367188,10.035156,6.265625,-2.480469,-0.154297,0.59375,0.692871,0.333374,0.300232,0.564514,down
282561,-0.214844,9.992188,6.265625,-2.480469,-0.154297,0.59375,0.694946,0.327576,0.291626,0.569824,down
282566,-0.214844,9.921875,6.265625,-2.480469,-0.154297,0.59375,0.694946,0.327576,0.291626,0.569824,down
282571,-0.214844,9.769531,6.152344,-1.798828,-0.337891,0.777344,0.694946,0.327576,0.291626,0.569824,down
282577,-0.175781,9.53125,6.1875,-1.798828,-0.337891,0.777344,0.696838,0.321167,0.280396,0.576782,down
282583,-0.175781,9.503906,6.226562,-1.798828,-0.337891,0.777344,0.697205,0.31897,0.276428,0.579407,down
282588,-0.175781,9.003906,6.035156,-1.785156,-0.205078,0.865234,0.69751,0.316956,0.272949,0.581848,down
282594,-0.136719,8.695313,6.265625,-1.802734,-0.173828,0.882812,0.69751,0.316956,0.272949,0.581848,down
282600,-0.097656,8.617188,6.457031,-1.800781,-0.148437,0.894531,0.69751,0.316956,0.272949,0.581848,down
282605,-0.136719,8.539063,6.496094,-1.78125,-0.078125,0.892578,0.69751,0.316956,0.272949,0.581848,down
282611,-0.328125,8.503906,6.417969,-1.759766,0.017578,0.896484,0.69751,0.316956,0.272949,0.581848,down
282617,-0.40625,8.464844,6.378906,-1.759766,0.017578,0.896484,0.697937,0.302185,0.252625,0.598083,down
282622,-0.480469,8.460938,6.417969,-1.556641,0.208984,0.880859,0.697937,0.302185,0.252625,0.598083,down
282627,-0.480469,8.425781,6.496094,-1.556641,0.208984,0.880859,0.697388,0.297241,0.247375,0.603394,down
282632,-0.367188,8.273438,6.609375,-1.556641,0.208984,0.880859,0.697388,0.297241,0.247375,0.603394,down
282637,-0.367188,8.347656,6.6875,-1.380859,0.263672,0.857422,0.69696,0.295044,0.245178,0.605835,down
282642,-0.367188,8.347656,6.6875,-1.298828,0.292969,0.845703,0.696472,0.292847,0.243042,0.608337,down
282648,-0.328125,8.542969,6.6875,-1.226563,0.289063,0.863281,0.695312,0.288635,0.239014,0.613281,down
282653,-0.328125,8.542969,6.6875,-1.226563,0.289063,0.863281,0.695312,0.288635,0.239014,0.613281,down
282659,-0.136719,8.699219,6.496094,-1.169922,0.275391,0.898437,0.693909,0.28479,0.235107,0.618164,down
282664,-0.097656,8.65625,6.457031,-1.177734,0.199219,0.966797,0.693909,0.28479,0.235107,0.618164,down
282671,-0.097656,8.660156,6.304687,-1.177734,0.199219,0.966797,0.693909,0.28479,0.235107,0.618164,down
282676,-0.0625,8.617188,6.378906,-1.238281,0.146484,1.052734,0.693909,0.28479,0.235107,0.618164,down
282681,-0.0625,8.578125,6.457031,-1.291016,0.09375,1.101563,0.689575,0.275879,0.223206,0.631287,down
282686,-0.175781,8.421875,6.457031,-1.291016,0.09375,1.101563,0.689575,0.275879,0.223206,0.631287,down
282692,-0.328125,8.277344,6.417969,-1.398438,-0.011719,1.240234,0.689575,0.275879,0.223206,0.631287,down
282697,-0.445312,8.199219,6.417969,-1.398438,-0.011719,1.240234,0.686401,0.270569,0.213806,0.640259,down
282702,-0.558594,8.082031,6.457031,-1.398438,-0.011719,1.240234,0.686401,0.270569,0.213806,0.640259,down
282707,-0.636719,8.0,6.496094,-1.398438,-0.011719,1.240234,0.685303,0.268921,0.210327,0.643311,down
282712,-0.636719,7.894531,6.535156,-1.460938,-0.279297,1.419922,0.685303,0.268921,0.210327,0.643311,down
282717,-0.558594,7.699219,6.496094,-1.460938,-0.279297,1.419922,0.681702,0.264832,0.199158,0.652283,down
282722,-0.558594,7.546875,6.496094,-1.460938,-0.279297,1.419922,0.680603,0.263733,0.195679,0.654907,down
282727,-0.445312,7.394531,6.378906,-1.462891,-0.449219,1.509766,0.680603,0.263733,0.195679,0.654907,down
282732,-0.40625,7.234375,6.417969,-1.462891,-0.449219,1.509766,0.679138,0.262573,0.191162,0.658203,down
282737,-0.253906,6.894531,6.496094,-1.457031,-0.507812,1.558594,0.679138,0.262573,0.191162,0.658203,down
282743,-0.097656,6.511719,6.574219,-1.457031,-0.507812,1.558594,0.675049,0.260071,0.17865,0.666931,down
282749,-0.097656,6.28125,6.570312,-1.396484,-0.619141,1.642578,0.673401,0.259399,0.174133,0.669983,down
282755,-0.097656,6.089844,6.609375,-1.359375,-0.654297,1.662109,0.673401,0.259399,0.174133,0.669983,down
282761,-0.0625,5.667969,6.648437,-1.359375,-0.654297,1.662109,0.668335,0.258118,0.160828,0.678833,down
282766,0.128906,5.476562,6.6875,-1.359375,-0.654297,1.662109,0.668335,0.258118,0.160828,0.678833,down
282771,0.128906,5.476562,6.6875,-1.1875,-0.689453,1.701172,0.666504,0.257935,0.156494,0.681702,down
282776,0.476562,5.285156,6.6875,-1.117188,-0.6875,1.707031,0.664612,0.257813,0.152344,0.68457,down
282781,0.476562,5.285156,6.6875,-1.117188,-0.6875,1.707031,0.664612,0.257813,0.152344,0.68457,down
282786,0.550781,5.171875,6.726562,-1.027344,-0.683594,1.720703,0.664612,0.257813,0.152344,0.68457,down
282791,0.550781,5.171875,6.726562,-0.761719,-0.71875,1.773438,0.658325,0.258423,0.140503,0.692871,down
282796,0.742187,4.863281,6.609375,-0.761719,-0.71875,1.773438,0.655945,0.258972,0.136719,0.695679,down
282801,0.742187,4.863281,6.574219,-0.761719,-0.71875,1.773438,0.65332,0.259705,0.132751,0.698669,down
282807,0.742187,4.785156,6.574219,-0.589844,-0.816406,1.847656,0.65332,0.259705,0.132751,0.698669,down
282812,0.742187,4.59375,6.609375,-0.589844,-0.816406,1.847656,0.645813,0.262573,0.122375,0.70636,down
282817,0.742187,4.441406,6.570312,-0.589844,-0.816406,1.847656,0.642822,0.263977,0.118408,0.709229,down
282822,0.742187,4.328125,6.53125,-0.470703,-0.960937,1.910156,0.642822,0.263977,0.118408,0.709229,down
282827,0.78125,4.210937,6.492187,-0.470703,-0.960937,1.910156,0.637329,0.266907,0.111328,0.714233,down
282832,0.898437,3.867188,6.304687,-0.470703,-0.960937,1.910156,0.637329,0.266907,0.111328,0.714233,down
282837,0.972656,3.753906,6.265625,-0.421875,-1.101563,1.9375,0.63446,0.268555,0.107666,0.716736,down
282842,1.011719,3.636719,6.191406,-0.421875,-1.101563,1.9375,0.628418,0.272278,0.099854,0.721741,down
282847,1.164063,3.5625,6.113281,-0.333984,-1.185547,1.90625,0.628418,0.272278,0.099854,0.721741,down
282852,1.625,3.445313,5.960937,-0.333984,-1.185547,1.90625,0.622681,0.276306,0.09259,0.726196,down
282857,1.738281,3.445313,5.882812,-0.216797,-1.251953,1.857422,0.622681,0.276306,0.09259,0.726196,down
282862,1.816406,3.445313,5.847656,-0.146484,-1.251953,1.835938,0.619446,0.27887,0.088562,0.728516,down
282867,1.855469,3.523438,5.84375,-0.146484,-1.251953,1.835938,0.613586,0.283569,0.081848,0.732361,down
282872,1.894531,3.523438,5.765625,-0.146484,-1.251953,1.835938,0.610596,0.286194,0.078491,0.734253,down
282877,1.894531,3.40625,5.847656,0.013672,-1.324219,1.783203,0.610596,0.286194,0.078491,0.734253,down
282882,1.96875,3.179688,5.964844,0.013672,-1.324219,1.783203,0.6073,0.289185,0.074951,0.736206,down
282887,1.96875,3.0625,5.996094,0.013672,-1.324219,1.783203,0.60144,0.294678,0.068787,0.739441,down
282892,1.96875,3.0625,5.996094,0.013672,-1.324219,1.783203,0.60144,0.294678,0.068787,0.739441,down
282897,1.96875,2.871094,6.152344,0.097656,-1.425781,1.763672,0.60144,0.294678,0.068787,0.739441,down
282902,1.96875,2.871094,6.152344,0.099609,-1.441406,1.773438,0.595093,0.300842,0.062256,0.742615,down
282907,2.046875,2.488281,6.191406,0.099609,-1.441406,1.773438,0.595093,0.300842,0.062256,0.742615,down
282912,2.046875,2.488281,6.191406,0.123047,-1.396484,1.783203,0.588684,0.307007,0.055786,0.745728,down
282917,2.3125,2.105469,6.148437,0.148437,-1.419922,1.791016,0.582092,0.313232,0.049377,0.748718,down
282922,2.660156,2.144531,6.378906,0.148437,-1.419922,1.791016,0.582092,0.313232,0.049377,0.748718,down
282927,2.890625,2.183594,6.492187,0.148437,-1.419922,1.791016,0.575378,0.319702,0.043152,0.751526,down
282932,3.003906,2.183594,6.613281,0.308594,-1.361328,1.724609,0.575378,0.319702,0.043152,0.751526,down
282937,3.234375,2.105469,6.796875,0.308594,-1.361328,1.724609,0.571838,0.32312,0.0401,0.752991,down
282943,3.308594,2.144531,6.835937,0.378906,-1.136719,1.642578,0.568481,0.326233,0.037537,0.754333,down
282948,3.425781,2.257813,6.835937,0.396484,-1.066406,1.609375,0.564941,0.329285,0.035034,0.755737,down
282953,3.425781,2.257813,6.835937,0.408203,-1.033203,1.589844,0.558716,0.334412,0.031128,0.758301,down
282959,3.65625,2.257813,7.644531,0.408203,-1.033203,1.589844,0.555359,0.337158,0.029053,0.759644,down
282966,3.730469,2.296875,7.683594,0.369141,-1.041016,1.560547,0.555359,0.337158,0.029053,0.759644,down
282971,3.847656,2.335938,7.761719,0.34375,-1.021484,1.566406,0.555359,0.337158,0.029053,0.759644,down
282976,3.921875,2.296875,7.988281,0.291016,-1.041016,1.589844,0.555359,0.337158,0.029053,0.759644,down
282981,4.0,2.21875,8.105469,0.246094,-1.0625,1.628906,0.555359,0.337158,0.029053,0.759644,down
282986,4.078125,2.144531,8.105469,0.244141,-1.087891,1.654297,0.555359,0.337158,0.029053,0.759644,down
282992,4.230469,1.953125,7.917969,0.259766,-1.101563,1.667969,0.555359,0.337158,0.029053,0.759644,down
282997,4.230469,1.953125,7.878906,0.330078,-1.160156,1.658203,0.532227,0.354919,0.013245,0.768494,down
283002,4.304687,1.953125,7.984375,0.330078,-1.160156,1.658203,0.528503,0.357727,0.010742,0.769775,down
283007,4.460937,1.992188,7.988281,0.330078,-1.160156,1.658203,0.525024,0.360535,0.008423,0.770874,down
283012,4.652344,2.105469,8.027344,0.486328,-1.304688,1.585938,0.521545,0.363647,0.006165,0.771851,down
283017,4.652344,2.105469,8.027344,0.5625,-1.318359,1.527344,0.518188,0.366699,0.00415,0.772644,down
283022,4.765625,2.296875,7.988281,0.5625,-1.318359,1.527344,0.514832,0.370056,0.002258,0.773315,down
283027,4.957031,2.488281,7.914062,0.753906,-1.34375,1.384766,0.511475,0.373474,0.00061,0.773926,down
283032,4.957031,2.488281,7.914062,0.814453,-1.386719,1.320313,0.507996,0.377197,-0.000854,0.774353,down
283039,5.53125,2.679688,7.71875,0.755859,-1.361328,1.191406,0.507996,0.377197,-0.000854,0.774353,down
283044,5.609375,2.71875,7.640625,0.623047,-1.333984,1.146484,0.507996,0.377197,-0.000854,0.774353,down
283050,5.722656,2.796875,7.605469,0.623047,-1.333984,1.146484,0.49585,0.391296,-0.006775,0.775208,down
283055,5.648437,2.910156,7.535156,0.296875,-1.3125,1.072266,0.49585,0.391296,-0.006775,0.775208,down
283060,5.648437,2.796875,7.53125,0.160156,-1.3125,1.058594,0.49585,0.391296,-0.006775,0.775208,down
283066,5.683594,2.71875,7.566406,0.160156,-1.3125,1.058594,0.48877,0.399841,-0.013428,0.775269,down
283071,5.800781,2.566406,7.5625,0.160156,-1.3125,1.058594,0.486633,0.402527,-0.016174,0.775146,down
283076,5.839844,2.449219,7.496094,-0.095703,-1.492188,1.119141,0.486633,0.402527,-0.016174,0.775146,down
283081,5.953125,2.375,7.378906,-0.095703,-1.492188,1.119141,0.4823,0.40802,-0.0224,0.774841,down
283087,6.105469,2.375,7.074219,-0.095703,-1.492188,1.119141,0.477661,0.413635,-0.028992,0.774536,down
283092,6.144531,2.410156,6.996094,-0.095703,-1.492188,1.119141,0.477661,0.413635,-0.028992,0.774536,down
283098,6.261719,2.410156,6.875,-0.007813,-1.570313,1.210938,0.472595,0.419617,-0.035339,0.77417,down
283104,6.453125,2.527344,6.378906,-0.007813,-1.570313,1.210938,0.470032,0.422424,-0.037842,0.774048,down
283109,6.605469,2.527344,6.265625,0.332031,-1.361328,1.179688,0.467285,0.425293,-0.040161,0.774048,down
283114,6.761719,2.566406,6.226562,0.386719,-1.298828,1.146484,0.467285,0.425293,-0.040161,0.774048,down
283120,6.945312,2.488281,6.152344,0.386719,-1.298828,1.146484,0.467285,0.425293,-0.040161,0.774048,down
283125,7.066406,2.449219,6.152344,0.3125,-1.140625,1.046875,0.467285,0.425293,-0.040161,0.774048,down
283130,7.066406,2.449219,6.152344,0.191406,-1.060547,0.994141,0.456665,0.435974,-0.047974,0.773987,down
283136,7.066406,2.449219,6.152344,0.023437,-0.964844,0.943359,0.45459,0.437866,-0.049927,0.774048,down
283141,7.21875,2.183594,5.996094,0.023437,-0.964844,0.943359,0.45459,0.437866,-0.049927,0.774048,down
283146,7.21875,2.183594,5.996094,-0.308594,-0.806641,0.857422,0.451111,0.440796,-0.054504,0.774109,down
283151,7.21875,2.183594,5.996094,-0.447266,-0.755859,0.824219,0.451111,0.440796,-0.054504,0.774109,down
283157,6.867187,1.453125,6.265625,-0.447266,-0.755859,0.824219,0.449829,0.441711,-0.057007,0.774109,down
283162,6.722656,1.261719,6.378906,-0.541016,-0.71875,0.712891,0.447693,0.443115,-0.062439,0.77417,down
283167,6.71875,1.03125,6.570312,-0.541016,-0.71875,0.712891,0.446716,0.443787,-0.065247,0.774109,down
283172,6.796875,0.957031,6.570312,-0.541016,-0.71875,0.712891,0.445862,0.444519,-0.067627,0.773987,down
283177,6.839844,0.957031,6.570312,-0.541016,-0.71875,0.712891,0.444763,0.445496,-0.070007,0.773865,down
283182,6.949219,0.957031,6.496094,-0.541016,-0.71875,0.712891,0.443604,0.446655,-0.072021,0.773621,down
283188,7.023437,0.957031,6.496094,0.173828,-0.800781,0.529297,0.443604,0.446655,-0.072021,0.773621,down
283193,7.222656,1.070313,6.378906,0.173828,-0.800781,0.529297,0.439697,0.451172,-0.075806,0.772888,down
283199,7.484375,1.261719,6.1875,0.173828,-0.800781,0.529297,0.438049,0.453308,-0.076416,0.772522,down
283204,7.5625,1.414063,6.035156,0.650391,-0.767578,0.345703,0.436646,0.4552,-0.076599,0.772217,down
283209,7.5625,1.414063,6.035156,0.728516,-0.746094,0.291016,0.43512,0.457336,-0.076416,0.771851,down
283214,7.828125,1.835938,5.730469,0.728516,-0.746094,0.291016,0.433594,0.459473,-0.07605,0.771423,down
283219,7.871094,1.953125,5.652344,0.728516,-0.683594,0.169922,0.433594,0.459473,-0.07605,0.771423,down
283224,8.023438,2.144531,5.578125,0.669922,-0.648437,0.128906,0.433594,0.459473,-0.07605,0.771423,down
283230,8.023438,2.296875,5.421875,0.669922,-0.648437,0.128906,0.429871,0.465515,-0.074707,0.77002,down
283236,8.09375,2.410156,5.382812,0.484375,-0.542969,0.039063,0.429871,0.465515,-0.074707,0.77002,down
283241,8.058594,2.488281,5.308594,0.371094,-0.46875,0.0,0.429871,0.465515,-0.074707,0.77002,down
283248,8.097656,2.566406,5.15625,0.251953,-0.392578,-0.042969,0.427795,0.470703,-0.073853,0.768127,down
283253,8.132813,2.601563,5.15625,0.007813,-0.257813,-0.130859,0.427795,0.470703,-0.073853,0.768127,down
283258,8.132813,2.527344,5.15625,-0.087891,-0.208984,-0.164062,0.427856,0.471436,-0.073914,0.767639,down
283264,8.09375,2.488281,5.15625,-0.087891,-0.208984,-0.164062,0.428589,0.472107,-0.07428,0.766724,down
283270,8.054688,2.375,5.191406,-0.087891,-0.208984,-0.164062,0.429077,0.472229,-0.074524,0.766357,down
283277,8.054688,2.335938,5.191406,-0.242187,-0.138672,-0.228516,0.429077,0.472229,-0.074524,0.766357,down
283282,7.984375,2.296875,5.15625,-0.253906,-0.123047,-0.234375,0.429077,0.472229,-0.074524,0.766357,down
283287,7.988281,2.296875,5.191406,-0.253906,-0.123047,-0.234375,0.431152,0.472412,-0.075439,0.765015,down
283292,7.949219,2.335938,5.230469,-0.253906,-0.123047,-0.234375,0.431763,0.472473,-0.075745,0.764587,down
283297,8.027344,2.296875,5.269531,-0.115234,-0.183594,-0.193359,0.431763,0.472473,-0.075745,0.764587,down
283303,8.027344,2.410156,5.230469,0.087891,-0.208984,-0.171875,0.432739,0.473022,-0.076111,0.763672,down
283308,8.132813,2.488281,5.15625,0.087891,-0.208984,-0.171875,0.433105,0.47406,-0.075806,0.762817,down
283313,8.210938,2.601563,5.15625,0.087891,-0.208984,-0.171875,0.433105,0.474731,-0.075439,0.762451,down
283318,8.292969,2.679688,5.078125,0.283203,-0.234375,-0.183594,0.433105,0.474731,-0.075439,0.762451,down
283323,8.292969,2.796875,5.078125,0.283203,-0.234375,-0.183594,0.433105,0.476379,-0.074402,0.761536,down
283328,8.328125,2.871094,5.039062,0.25,-0.226562,-0.208984,0.433105,0.476379,-0.074402,0.761536,down
283333,8.289063,2.910156,5.039062,0.199219,-0.21875,-0.228516,0.433105,0.477051,-0.073975,0.761169,down
283338,8.292969,3.023438,5.078125,0.199219,-0.21875,-0.228516,0.433411,0.478394,-0.07312,0.760254,down
283343,8.289063,2.988281,5.039062,0.056641,-0.185547,-0.263672,0.433411,0.478394,-0.07312,0.760254,down
283348,8.253906,3.023438,5.039062,-0.021484,-0.164062,-0.271484,0.433716,0.479004,-0.072815,0.759705,down
283354,8.132813,2.988281,5.078125,-0.103516,-0.132812,-0.300781,0.434143,0.47937,-0.072632,0.759277,down
283359,8.027344,2.949219,5.078125,-0.103516,-0.132812,-0.300781,0.435425,0.479736,-0.072571,0.75824,down
283365,7.945312,2.988281,5.117187,-0.201172,-0.09375,-0.34375,0.436279,0.479797,-0.072632,0.757751,down
283370,7.871094,2.988281,5.078125,-0.220703,-0.058594,-0.369141,0.436279,0.479797,-0.072632,0.757751,down
283376,7.75,3.023438,5.039062,-0.220703,-0.058594,-0.369141,0.438171,0.479736,-0.072693,0.756714,down
283381,7.753906,3.0625,5.117187,-0.173828,-0.078125,-0.40625,0.438171,0.479736,-0.072693,0.756714,down
283386,7.710937,3.101563,5.191406,-0.128906,-0.101563,-0.412109,0.438171,0.479736,-0.072693,0.756714,down
283391,7.75,3.0625,5.191406,-0.052734,-0.123047,-0.412109,0.438171,0.479736,-0.072693,0.756714,down
283396,7.792969,3.214844,5.15625,-0.052734,-0.123047,-0.412109,0.438171,0.479736,-0.072693,0.756714,down
283402,7.792969,3.332031,5.078125,-0.052734,-0.123047,-0.412109,0.442383,0.480652,-0.071533,0.753723,down
283408,7.753906,3.445313,5.039062,0.142578,-0.160156,-0.367188,0.442383,0.480652,-0.071533,0.753723,down
283413,7.710937,3.523438,5.039062,0.195312,-0.185547,-0.351563,0.443665,0.482361,-0.069885,0.752014,down
283418,7.714844,3.597656,5.0,0.261719,-0.212891,-0.304688,0.443665,0.482361,-0.069885,0.752014,down
283423,7.710937,3.636719,4.964844,0.275391,-0.21875,-0.283203,0.44397,0.483154,-0.069214,0.751404,down
283428,7.75,3.636719,4.964844,0.275391,-0.21875,-0.283203,0.444275,0.484619,-0.068054,0.750427,down
283433,7.714844,3.636719,4.925781,0.275391,-0.21875,-0.283203,0.444397,0.485413,-0.067444,0.749878,down
283438,7.753906,3.597656,4.925781,0.275391,-0.21875,-0.283203,0.444397,0.485413,-0.067444,0.749878,down
283443,7.792969,3.523438,4.886719,0.226562,-0.212891,-0.242187,0.444702,0.486816,-0.066467,0.748901,down
283448,7.871094,3.40625,4.886719,0.226562,-0.212891,-0.242187,0.444885,0.487366,-0.06604,0.748474,down
283453,7.90625,3.371094,4.886719,0.226562,-0.212891,-0.242187,0.444885,0.487366,-0.06604,0.748474,down
283458,7.949219,3.292969,4.886719,0.115234,-0.169922,-0.265625,0.445557,0.488342,-0.065369,0.747498,down
283463,8.027344,3.253906,4.886719,0.115234,-0.169922,-0.265625,0.445557,0.488342,-0.065369,0.747498,down
283468,8.054688,3.253906,4.886719,0.046875,-0.144531,-0.328125,0.445984,0.48877,-0.065002,0.746948,down
283473,8.054688,3.253906,4.886719,0.046875,-0.144531,-0.328125,0.446472,0.489136,-0.064697,0.74646,down
283478,8.09375,3.214844,4.925781,0.048828,-0.154297,-0.351563,0.447021,0.489563,-0.064331,0.745911,down
283483,8.09375,3.214844,4.925781,0.048828,-0.154297,-0.351563,0.447571,0.489929,-0.063965,0.745361,down
283488,8.175781,3.253906,4.925781,0.048828,-0.154297,-0.351563,0.447571,0.489929,-0.063965,0.745361,down
283493,8.175781,3.253906,4.925781,0.126953,-0.171875,-0.40625,0.448792,0.490906,-0.062988,0.74408,down
283498,8.132813,3.292969,4.734375,0.126953,-0.171875,-0.40625,0.449829,0.492126,-0.061768,0.742737,down
283503,8.253906,3.40625,4.65625,0.126953,-0.171875,-0.40625,0.450256,0.492981,-0.061035,0.742004,down
283508,8.25,3.484375,4.503906,0.126953,-0.171875,-0.40625,0.450256,0.492981,-0.061035,0.742004,down
283513,8.332031,3.5625,4.464844,0.369141,-0.242187,-0.388672,0.450256,0.492981,-0.061035,0.742004,down
283519,8.519531,3.789063,4.464844,0.369141,-0.242187,-0.388672,0.450989,0.495544,-0.058472,0.73999,down
283525,8.519531,3.90625,4.351562,0.369141,-0.242187,-0.388672,0.451172,0.49646,-0.057434,0.73938,down
283530,8.597656,3.984375,4.273437,0.378906,-0.148437,-0.367188,0.451294,0.497192,-0.056519,0.738831,down
283536,8.597656,3.984375,4.425781,0.355469,-0.105469,-0.365234,0.451294,0.497192,-0.056519,0.738831,down
283542,8.632813,3.984375,4.464844,0.314453,-0.058594,-0.365234,0.451294,0.497192,-0.056519,0.738831,down
283548,8.632813,3.984375,4.582031,0.191406,0.015625,-0.375,0.451294,0.497192,-0.056519,0.738831,down
283553,8.515625,3.90625,4.773437,0.191406,0.015625,-0.375,0.452454,0.499268,-0.052673,0.737,down
283558,8.519531,3.90625,4.847656,0.191406,0.015625,-0.375,0.453003,0.499451,-0.05188,0.736633,down
283564,8.449219,3.867188,4.964844,0.046875,0.072266,-0.382813,0.453003,0.499451,-0.05188,0.736633,down
283569,8.371094,3.867188,5.0,0.046875,0.072266,-0.382813,0.454834,0.499512,-0.049744,0.735596,down
283575,8.371094,3.984375,5.308594,0.046875,0.072266,-0.382813,0.455444,0.499512,-0.049133,0.735291,down
283581,8.367188,4.058594,5.347656,0.113281,0.023437,-0.390625,0.455444,0.499512,-0.049133,0.735291,down
283586,8.371094,4.058594,5.308594,0.169922,0.003906,-0.384766,0.456665,0.499817,-0.047546,0.734436,down
283591,8.445313,4.097656,5.191406,0.169922,0.003906,-0.384766,0.457031,0.500061,-0.046875,0.73407,down
283597,8.480469,4.175781,5.15625,0.25,-0.03125,-0.369141,0.457031,0.500061,-0.046875,0.73407,down
283602,8.445313,4.25,5.117187,0.279297,-0.041016,-0.355469,0.457031,0.500061,-0.046875,0.73407,down
283607,8.480469,4.289062,5.078125,0.283203,-0.035156,-0.347656,0.457031,0.500061,-0.046875,0.73407,down
283613,8.332031,4.328125,5.0,0.283203,-0.035156,-0.347656,0.458557,0.502075,-0.042419,0.732056,down
283618,8.292969,4.289062,5.039062,0.283203,-0.035156,-0.347656,0.458557,0.502075,-0.042419,0.732056,down
283623,8.253906,4.289062,5.039062,0.191406,0.001953,-0.316406,0.459229,0.502563,-0.040894,0.731384,down
283628,8.136719,4.25,5.117187,0.191406,0.001953,-0.316406,0.459229,0.502563,-0.040894,0.731384,down
283634,8.097656,4.25,5.15625,0.042969,0.072266,-0.304688,0.459229,0.502563,-0.040894,0.731384,down
283639,7.988281,4.289062,5.230469,0.042969,0.072266,-0.304688,0.460693,0.502563,-0.039124,0.73053,down
283644,7.949219,4.25,5.308594,0.042969,0.072266,-0.304688,0.461182,0.502441,-0.038635,0.730347,down
283649,7.828125,4.210937,5.269531,0.007813,0.107422,-0.326172,0.461853,0.502258,-0.038025,0.730042,down
283654,7.714844,4.175781,5.347656,0.007813,0.107422,-0.326172,0.462402,0.502136,-0.037537,0.729858,down
283659,7.710937,4.175781,5.382812,0.029297,0.085937,-0.339844,0.462402,0.502136,-0.037537,0.729858,down
283664,7.5625,4.136719,5.382812,0.029297,0.085937,-0.339844,0.463562,0.501953,-0.036377,0.729248,down
283669,7.523437,4.136719,5.347656,0.029297,0.085937,-0.339844,0.463562,0.501953,-0.036377,0.729248,down
283674,7.523437,4.136719,5.347656,0.128906,0.037109,-0.324219,0.463562,0.501953,-0.036377,0.729248,down
283680,7.484375,4.210937,5.382812,0.128906,0.037109,-0.324219,0.464966,0.502136,-0.034302,0.728333,down
283685,7.488281,4.175781,5.347656,0.128906,0.037109,-0.324219,0.465332,0.502258,-0.033691,0.728027,down
283690,7.488281,4.175781,5.347656,0.146484,0.007813,-0.300781,0.465698,0.502441,-0.032959,0.727722,down
283695,7.566406,4.289062,5.269531,0.136719,0.001953,-0.283203,0.466064,0.502625,-0.032349,0.727417,down
283700,7.601562,4.25,5.230469,0.136719,0.001953,-0.283203,0.466064,0.502625,-0.032349,0.727417,down
283705,7.601562,4.25,5.230469,0.083984,0.005859,-0.285156,0.466064,0.502625,-0.032349,0.727417,down
283710,7.640625,4.210937,5.308594,0.083984,0.005859,-0.285156,0.466064,0.502625,-0.032349,0.727417,down
283715,7.640625,4.210937,5.269531,0.005859,0.033203,-0.283203,0.466064,0.502625,-0.032349,0.727417,down
283720,7.640625,4.210937,5.308594,0.005859,0.033203,-0.283203,0.468262,0.50293,-0.029968,0.725891,down
283725,7.675781,4.210937,5.308594,-0.082031,0.058594,-0.304688,0.468994,0.502747,-0.029541,0.725525,down
283731,7.640625,4.175781,5.269531,-0.082031,0.058594,-0.304688,0.469543,0.502563,-0.029297,0.725281,down
283737,7.644531,4.136719,5.269531,-0.082031,0.058594,-0.304688,0.470398,0.502319,-0.028992,0.724976,down
283742,7.566406,4.175781,5.269531,-0.134766,0.074219,-0.330078,0.470398,0.502319,-0.028992,0.724976,down
283747,7.566406,4.210937,5.308594,-0.138672,0.076172,-0.34375,0.470398,0.502319,-0.028992,0.724976,down
283752,7.527344,4.289062,5.347656,-0.125,0.068359,-0.341797,0.470398,0.502319,-0.028992,0.724976,down
283757,7.488281,4.328125,5.421875,-0.125,0.068359,-0.341797,0.470398,0.502319,-0.028992,0.724976,down
283763,7.523437,4.367187,5.460937,-0.125,0.068359,-0.341797,0.474121,0.501099,-0.027649,0.723389,down
283769,7.640625,4.328125,5.5,-0.041016,0.017578,-0.306641,0.474121,0.501099,-0.027649,0.723389,down
283774,7.675781,4.367187,5.5,-0.041016,0.017578,-0.306641,0.476013,0.500793,-0.026672,0.722412,down
283779,7.714844,4.402344,5.421875,-0.021484,0.017578,-0.289063,0.476013,0.500793,-0.026672,0.722412,down
283784,7.753906,4.441406,5.460937,-0.021484,0.017578,-0.289063,0.476685,0.500732,-0.026245,0.722046,down
283789,7.710937,4.519531,5.539062,-0.023437,0.001953,-0.279297,0.476685,0.500732,-0.026245,0.722046,down
283794,7.710937,4.59375,5.5,-0.029297,0.013672,-0.291016,0.477722,0.500671,-0.025635,0.721436,down
283799,7.753906,4.671875,5.5,-0.029297,0.013672,-0.291016,0.478333,0.500671,-0.025269,0.721069,down
283805,7.640625,4.75,5.460937,-0.029297,0.013672,-0.291016,0.479492,0.500549,-0.024719,0.720398,down
283810,7.605469,4.785156,5.5,-0.029297,0.013672,-0.291016,0.480042,0.500488,-0.024475,0.720032,down
283815,7.5625,4.824219,5.460937,-0.068359,0.011719,-0.314453,0.480713,0.500427,-0.02417,0.719666,down
283820,7.527344,4.863281,5.421875,-0.068359,0.011719,-0.314453,0.481384,0.500305,-0.023865,0.719299,down
283826,7.488281,4.824219,5.382812,-0.068359,0.011719,-0.314453,0.481995,0.500244,-0.023682,0.718933,down
283831,7.488281,4.941406,5.308594,-0.068359,0.011719,-0.314453,0.482666,0.500122,-0.023437,0.718567,down
283836,7.410156,4.941406,5.308594,-0.125,0.013672,-0.306641,0.482666,0.500122,-0.023437,0.718567,down
283842,7.40625,5.015625,5.347656,-0.125,0.013672,-0.306641,0.484192,0.499756,-0.023071,0.717773,down
283848,7.328125,5.015625,5.347656,-0.142578,0.025391,-0.302734,0.484192,0.499756,-0.023071,0.717773,down
283853,7.289062,5.015625,5.347656,-0.140625,0.005859,-0.291016,0.484192,0.499756,-0.023071,0.717773,down
283859,7.261719,5.132812,5.308594,-0.140625,0.011719,-0.285156,0.484192,0.499756,-0.023071,0.717773,down
283864,7.21875,5.132812,5.347656,-0.136719,0.005859,-0.277344,0.48761,0.498901,-0.022461,0.716064,down
283869,7.183594,5.171875,5.308594,-0.136719,0.005859,-0.277344,0.48761,0.498901,-0.022461,0.716064,down
283874,7.144531,5.207031,5.347656,-0.134766,-0.009766,-0.251953,0.488831,0.498657,-0.022339,0.715454,down
283879,7.140625,5.246094,5.308594,-0.134766,-0.009766,-0.251953,0.488831,0.498657,-0.022339,0.715454,down
284255,7.523437,4.558594,5.382812,-0.070312,0.107422,0.025391,0.50238,0.489746,-0.029907,0.711975,down
284260,7.566406,4.519531,5.308594,-0.070312,0.107422,0.025391,0.502441,0.48938,-0.029907,0.712158,down
284265,7.5625,4.480469,5.308594,-0.113281,0.152344,0.015625,0.502441,0.48938,-0.029907,0.712158,down
284270,7.527344,4.480469,5.269531,-0.128906,0.162109,0.013672,0.502625,0.488953,-0.029968,0.712341,down
284275,7.40625,4.441406,5.230469,-0.128906,0.162109,0.013672,0.502747,0.488525,-0.030029,0.712524,down
284280,7.40625,4.441406,5.230469,-0.128906,0.162109,0.013672,0.503052,0.48761,-0.030029,0.712952,down
284285,7.328125,4.402344,5.269531,-0.107422,0.197266,0.003906,0.503052,0.48761,-0.030029,0.712952,down
284290,7.257812,4.402344,5.347656,-0.107422,0.197266,0.003906,0.503357,0.486633,-0.029907,0.71344,down
284295,7.21875,4.367187,5.347656,-0.107422,0.197266,0.003906,0.503357,0.486633,-0.029907,0.71344,down
284300,7.261719,4.402344,5.382812,-0.035156,0.232422,-0.013672,0.503357,0.486633,-0.029907,0.71344,down
284305,7.183594,4.441406,5.460937,-0.035156,0.232422,-0.013672,0.50354,0.485596,-0.029541,0.713989,down
284310,7.261719,4.519531,5.578125,-0.035156,0.232422,-0.013672,0.503662,0.485168,-0.029297,0.714233,down
284315,7.261719,4.59375,5.652344,0.001953,0.212891,-0.027344,0.503723,0.484741,-0.028992,0.714417,down
284320,7.261719,4.59375,5.652344,-0.001953,0.222656,-0.03125,0.503784,0.484375,-0.028748,0.714661,down
284325,7.222656,4.59375,5.613281,-0.001953,0.222656,-0.03125,0.503906,0.484009,-0.028442,0.714844,down
284330,7.222656,4.59375,5.613281,-0.044922,0.210937,-0.050781,0.504028,0.483582,-0.028137,0.715088,down
284335,7.257812,4.59375,5.691406,-0.044922,0.210937,-0.050781,0.504211,0.483093,-0.027954,0.715271,down
284340,7.21875,4.558594,5.730469,-0.044922,0.210937,-0.050781,0.504761,0.482056,-0.02771,0.715576,down
284345,7.183594,4.519531,5.691406,-0.044922,0.210937,-0.050781,0.504761,0.482056,-0.02771,0.715576,down
284350,7.183594,4.441406,5.652344,-0.191406,0.21875,-0.058594,0.504761,0.482056,-0.02771,0.715576,down
284356,7.21875,4.480469,5.578125,-0.257813,0.230469,-0.056641,0.504761,0.482056,-0.02771,0.715576,down
284361,7.261719,4.402344,5.652344,-0.257813,0.230469,-0.056641,0.506348,0.479248,-0.027832,0.716309,down
284366,7.289062,4.367187,5.613281,-0.257813,0.230469,-0.056641,0.506836,0.478394,-0.027954,0.716553,down
284371,7.289062,4.289062,5.652344,-0.257813,0.230469,-0.056641,0.507202,0.477661,-0.027954,0.716797,down
284376,7.289062,4.210937,5.652344,-0.236328,0.349609,-0.076172,0.50769,0.476685,-0.027893,0.717102,down
284381,7.21875,4.210937,5.730469,-0.205078,0.384766,-0.091797,0.508118,0.475708,-0.02771,0.717468,down
284387,7.261719,4.058594,5.769531,-0.205078,0.384766,-0.091797,0.508545,0.474854,-0.027466,0.717712,down
284392,7.328125,4.019531,5.769531,-0.162109,0.474609,-0.128906,0.508972,0.473816,-0.027039,0.71814,down
284397,7.332031,4.019531,5.730469,-0.150391,0.513672,-0.162109,0.508972,0.473816,-0.027039,0.71814,down
284402,7.332031,4.058594,5.804687,-0.150391,0.513672,-0.162109,0.510071,0.471497,-0.025879,0.718933,down
284407,7.292969,4.136719,5.882812,-0.150391,0.513672,-0.162109,0.510071,0.471497,-0.025879,0.718933,down
284412,7.292969,4.136719,5.882812,-0.097656,0.583984,-0.242187,0.510071,0.471497,-0.025879,0.718933,down
284419,7.328125,4.210937,5.882812,-0.097656,0.583984,-0.242187,0.510071,0.471497,-0.025879,0.718933,down
284424,7.328125,4.210937,5.882812,-0.068359,0.632812,-0.298828,0.51239,0.466919,-0.022461,0.720398,down
284430,7.328125,4.328125,5.84375,-0.068359,0.632812,-0.298828,0.51239,0.466919,-0.022461,0.720398,down
284436,7.289062,4.367187,5.769531,-0.058594,0.691406,-0.355469,0.514587,0.463074,-0.018982,0.721436,down
284441,7.21875,4.441406,5.84375,-0.058594,0.691406,-0.355469,0.515381,0.46167,-0.017761,0.721741,down
284446,7.289062,4.519531,5.882812,-0.083984,0.771484,-0.410156,0.516235,0.460144,-0.016357,0.722107,down
284451,7.367187,4.59375,5.882812,-0.083984,0.771484,-0.410156,0.517029,0.458801,-0.015198,0.722412,down
284456,7.410156,4.59375,5.921875,-0.140625,0.869141,-0.458984,0.518127,0.45697,-0.013672,0.722839,down
284463,7.445312,4.671875,6.035156,-0.140625,0.869141,-0.458984,0.519104,0.455322,-0.01239,0.723206,down
284469,7.449219,4.710937,6.113281,-0.238281,0.978516,-0.523437,0.519104,0.455322,-0.01239,0.723206,down
284474,7.449219,4.710937,6.035156,-0.308594,1.050781,-0.550781,0.519104,0.455322,-0.01239,0.723206,down
284480,7.289062,4.59375,5.960937,-0.308594,1.050781,-0.550781,0.519104,0.455322,-0.01239,0.723206,down
284485,7.261719,4.632812,5.960937,-0.494141,1.269531,-0.65625,0.519104,0.455322,-0.01239,0.723206,down
284490,7.179687,4.59375,5.996094,-0.494141,1.269531,-0.65625,0.526367,0.443176,-0.005127,0.725586,down
284495,7.023437,4.59375,5.996094,-0.494141,1.269531,-0.65625,0.528076,0.440308,-0.003662,0.726135,down
284500,6.949219,4.632812,6.035156,-0.494141,1.269531,-0.65625,0.530029,0.437012,-0.002014,0.726685,down
284506,6.90625,4.632812,6.035156,-0.542969,1.480469,-0.777344,0.530029,0.437012,-0.002014,0.726685,down
284511,6.835937,4.632812,6.074219,-0.542969,1.480469,-0.777344,0.536011,0.426819,0.003296,0.728394,down
284517,6.523437,4.785156,5.960937,-0.542969,1.480469,-0.777344,0.537903,0.423462,0.005249,0.728943,down
284522,6.378906,4.824219,5.921875,-0.417969,1.634766,-0.859375,0.537903,0.423462,0.005249,0.728943,down
284528,6.300781,4.941406,5.882812,-0.384766,1.662109,-0.884766,0.537903,0.423462,0.005249,0.728943,down
284533,6.140625,5.207031,5.882812,-0.384766,1.662109,-0.884766,0.543945,0.412598,0.012512,0.730591,down
284539,6.070312,5.246094,5.996094,-0.378906,1.699219,-0.900391,0.543945,0.412598,0.012512,0.730591,down
284544,5.996094,5.285156,5.960937,-0.390625,1.724609,-0.917969,0.543945,0.412598,0.012512,0.730591,down
284549,5.875,5.363281,5.992187,-0.390625,1.751953,-0.916016,0.543945,0.412598,0.012512,0.730591,down
284554,5.722656,5.398437,6.074219,-0.390625,1.751953,-0.916016,0.543945,0.412598,0.012512,0.730591,down
284560,5.609375,5.4375,6.148437,-0.425781,1.808594,-0.927734,0.543945,0.412598,0.012512,0.730591,down
284565,5.609375,5.4375,6.148437,-0.509766,1.802734,-0.898437,0.555847,0.389771,0.028015,0.733704,down
284570,5.300781,5.589844,6.304687,-0.509766,1.802734,-0.898437,0.557861,0.385742,0.030518,0.734192,down
284575,5.300781,5.589844,6.304687,-0.574219,1.777344,-0.873047,0.559875,0.381531,0.032898,0.734741,down
284581,4.84375,5.515625,6.835937,-0.574219,1.777344,-0.873047,0.563904,0.373108,0.037109,0.73584,down
284586,4.652344,5.554687,7.074219,-0.574219,1.777344,-0.873047,0.565857,0.368774,0.038879,0.73645,down
284591,4.496094,5.589844,7.152344,-0.574219,1.777344,-0.873047,0.567566,0.364746,0.040344,0.737,down
284596,4.382812,5.589844,7.339844,-0.810547,1.509766,-0.605469,0.567566,0.364746,0.040344,0.737,down
284601,4.230469,5.628906,7.492187,-0.810547,1.509766,-0.605469,0.569519,0.360229,0.041748,0.737671,down
284607,3.960938,5.707031,7.535156,-0.810547,1.509766,-0.605469,0.572571,0.352844,0.043701,0.73877,down
284612,3.960938,5.707031,7.535156,-0.800781,1.240234,-0.425781,0.573975,0.349304,0.044495,0.739319,down
284617,3.695313,5.746094,7.53125,-0.800781,1.240234,-0.425781,0.573975,0.349304,0.044495,0.739319,down
284622,3.617188,5.589844,7.640625,-0.800781,1.240234,-0.425781,0.576416,0.342834,0.04541,0.740356,down
284628,3.539063,5.246094,7.839844,-0.800781,1.240234,-0.425781,0.577393,0.340149,0.045593,0.740845,down
284633,3.539063,5.246094,7.917969,-0.701172,0.683594,-0.179687,0.577393,0.340149,0.045593,0.740845,down
284639,3.425781,5.207031,7.878906,-0.685547,0.582031,-0.136719,0.577393,0.340149,0.045593,0.740845,down
284644,3.347656,5.171875,7.878906,-0.673828,0.488281,-0.099609,0.577393,0.340149,0.045593,0.740845,down
284650,3.273438,5.132812,7.984375,-0.652344,0.347656,-0.058594,0.577393,0.340149,0.045593,0.740845,down
284656,3.308594,5.015625,8.066406,-0.638672,0.132812,-0.029297,0.581665,0.329285,0.042358,0.742554,down
284661,3.347656,4.902344,8.105469,-0.638672,0.132812,-0.029297,0.582275,0.328552,0.040894,0.742554,down
284666,3.308594,4.863281,8.027344,-0.671875,-0.365234,0.023437,0.582275,0.328552,0.040894,0.742554,down
284671,3.386719,4.824219,7.917969,-0.671875,-0.365234,0.023437,0.583374,0.327942,0.037354,0.742126,down
284676,3.5,4.863281,7.722656,-0.671875,-0.365234,0.023437,0.583984,0.328064,0.035034,0.741699,down
284681,3.539063,4.941406,7.601562,-0.623047,-0.871094,0.03125,0.583984,0.328064,0.035034,0.741699,down
284686,3.578125,4.976562,7.496094,-0.623047,-0.871094,0.03125,0.584534,0.328613,0.032532,0.741089,down
284691,3.730469,4.902344,7.453125,-0.638672,-1.224609,0.044922,0.584534,0.328613,0.032532,0.741089,down
284696,3.921875,4.75,7.335937,-0.638672,-1.224609,0.044922,0.58606,0.332092,0.024109,0.738708,down
284701,3.960938,4.75,7.261719,-0.728516,-1.546875,0.121094,0.58606,0.332092,0.024109,0.738708,down
284706,4.0,4.902344,7.179687,-0.751953,-1.724609,0.195312,0.586609,0.333923,0.020264,0.737549,down
284711,4.039062,5.015625,7.183594,-0.751953,-1.724609,0.195312,0.58728,0.338013,0.012329,0.735352,down
284716,4.113281,4.976562,7.339844,-0.751953,-1.724609,0.195312,0.587341,0.340698,0.007751,0.734131,down
284721,4.269531,4.558594,7.496094,-0.751953,-1.724609,0.195312,0.587341,0.340698,0.007751,0.734131,down
284726,4.304687,4.402344,7.375,-0.628906,-2.400391,0.552734,0.587341,0.340698,0.007751,0.734131,down
284731,4.382812,4.289062,7.296875,-0.628906,-2.400391,0.552734,0.586243,0.350708,-0.007446,0.730286,down
284736,4.535156,4.019531,7.296875,-0.628906,-2.400391,0.552734,0.586243,0.350708,-0.007446,0.730286,down
284741,4.726562,3.828125,7.417969,-0.628906,-2.400391,0.552734,0.584229,0.359741,-0.018921,0.727295,down
284746,4.957031,3.484375,7.179687,-0.628906,-2.400391,0.552734,0.584229,0.359741,-0.018921,0.727295,down
284751,4.957031,3.40625,7.113281,-0.628906,-2.400391,0.552734,0.582947,0.364563,-0.024353,0.725708,down
284756,4.957031,3.40625,7.113281,-0.101563,-3.09375,0.832031,0.581543,0.369324,-0.029358,0.724243,down
284762,4.996094,3.332031,7.03125,0.042969,-3.263672,0.882812,0.581543,0.369324,-0.029358,0.724243,down
284767,5.109375,3.0625,7.070312,0.248047,-3.421875,0.931641,0.577637,0.381226,-0.040283,0.720703,down
284772,5.109375,3.0625,7.070312,0.248047,-3.421875,0.931641,0.577637,0.381226,-0.040283,0.720703,down
284778,5.1875,2.449219,6.457031,0.724609,-3.585938,1.005859,0.569275,0.402527,-0.055176,0.714722,down
284784,5.300781,2.335938,6.269531,1.248047,-3.679688,1.115234,0.569275,0.402527,-0.055176,0.714722,down
284789,5.339844,2.144531,6.304687,1.519531,-3.759766,1.197266,0.561584,0.419006,-0.063477,0.710693,down
284795,5.378906,1.992188,6.304687,1.804688,-3.818359,1.259766,0.561584,0.419006,-0.063477,0.710693,down
284801,5.457031,1.875,6.191406,2.289063,-3.777344,1.353516,0.561584,0.419006,-0.063477,0.710693,down
284806,5.378906,2.21875,5.542969,2.289063,-3.777344,1.353516,0.540771,0.455994,-0.075684,0.702759,down
284811,5.574219,2.679688,4.886719,2.589844,-3.570313,1.402344,0.540771,0.455994,-0.075684,0.702759,down
284816,5.574219,2.679688,4.886719,2.589844,-3.570313,1.402344,0.534607,0.465698,-0.077759,0.700928,down
284821,5.796875,2.910156,4.160156,2.632813,-3.466797,1.373047,0.534607,0.465698,-0.077759,0.700928,down
284826,5.796875,2.910156,4.160156,2.679688,-3.445313,1.365234,0.522278,0.484131,-0.080994,0.697327,down
284832,6.484375,3.753906,3.46875,2.679688,-3.445313,1.365234,0.515747,0.493713,-0.082458,0.695374,down
284838,6.945312,3.867188,3.851563,2.818359,-3.521484,1.248047,0.503052,0.512146,-0.084717,0.69104,down
284843,7.066406,4.480469,3.085938,2.818359,-3.521484,1.248047,0.496643,0.521118,-0.085449,0.688843,down
284849,7.023437,4.59375,2.972656,2.556641,-2.970703,1.132813,0.496643,0.521118,-0.085449,0.688843,down
284854,7.0625,4.402344,3.238281,2.349609,-3.039063,1.167969,0.496643,0.521118,-0.085449,0.688843,down
284859,7.5625,3.90625,4.160156,2.349609,-3.039063,1.167969,0.478943,0.544922,-0.088623,0.682495,down
284864,7.753906,3.753906,4.390625,1.974609,-3.105469,1.273438,0.478943,0.544922,-0.088623,0.682495,down
284869,7.988281,3.753906,4.390625,1.787109,-2.974609,1.330078,0.478943,0.544922,-0.088623,0.682495,down
284874,7.988281,3.753906,4.390625,1.576172,-2.732422,1.367188,0.462402,0.56604,-0.095093,0.675842,down
284879,8.328125,3.675781,3.851563,1.576172,-2.732422,1.367188,0.462402,0.56604,-0.095093,0.675842,down
284884,8.328125,3.675781,3.851563,1.068359,-2.425781,1.376953,0.452698,0.577087,-0.100525,0.672302,down
284889,8.636719,3.332031,3.738281,1.068359,-2.425781,1.376953,0.448425,0.581787,-0.103394,0.670654,down
284894,8.636719,3.332031,3.738281,0.875,-2.205078,1.238281,0.444397,0.586182,-0.106262,0.669006,down
284899,9.285156,3.140625,3.164063,0.875,-2.205078,1.238281,0.440491,0.590454,-0.108948,0.667419,down
284904,9.441406,3.101563,3.085938,0.810547,-1.884766,0.982422,0.440491,0.590454,-0.108948,0.667419,down
284909,9.285156,2.871094,3.046875,0.796875,-1.779297,0.867187,0.440491,0.590454,-0.108948,0.667419,down
284914,9.210938,1.835938,2.855469,0.796875,-1.779297,0.867187,0.440491,0.590454,-0.108948,0.667419,down
284921,9.210938,1.570313,2.664063,0.796875,-1.779297,0.867187,0.427979,0.604736,-0.116699,0.661438,down
284926,9.28125,1.609375,2.398438,0.792969,-1.453125,0.628906,0.422424,0.611145,-0.119202,0.658691,down
284931,9.320313,1.800781,2.207031,0.792969,-1.267578,0.53125,0.422424,0.611145,-0.119202,0.658691,down
284937,9.398438,2.066406,1.9375,0.769531,-1.191406,0.484375,0.420044,0.613831,-0.120056,0.657593,down
284942,9.476563,2.21875,1.9375,0.769531,-1.191406,0.484375,0.4151,0.619263,-0.121582,0.655334,down
284947,9.519531,2.527344,1.785156,0.769531,-1.191406,0.484375,0.412842,0.621704,-0.12207,0.654358,down
284952,9.480469,2.640625,1.59375,0.769531,-1.191406,0.484375,0.410889,0.623657,-0.122314,0.653625,down
284957,9.476563,2.71875,1.402344,0.871094,-0.726562,0.316406,0.408569,0.625916,-0.122253,0.652954,down
284962,9.359375,2.949219,1.210938,0.917969,-0.648437,0.25,0.406433,0.62793,-0.121948,0.652405,down
284967,9.324219,3.179688,1.132813,0.917969,-0.648437,0.25,0.404663,0.629578,-0.12146,0.652039,down
284972,9.175781,3.214844,1.210938,0.853516,-0.445312,0.103516,0.402771,0.631348,-0.120728,0.651611,down
284977,8.976563,3.0625,1.285156,0.853516,-0.445312,0.103516,0.402771,0.631348,-0.120728,0.651611,down
284982,8.636719,2.949219,1.363281,0.787109,-0.308594,0.0625,0.401367,0.632629,-0.119934,0.651367,down
284987,8.636719,2.949219,1.363281,0.787109,-0.308594,0.0625,0.400024,0.63385,-0.119019,0.651245,down
284992,7.949219,2.910156,1.898438,0.642578,-0.121094,-0.001953,0.398926,0.634766,-0.118103,0.651184,down
284997,7.949219,2.910156,1.898438,0.507812,-0.035156,-0.019531,0.39801,0.635437,-0.117249,0.651184,down
285002,7.949219,2.910156,1.898438,0.507812,-0.035156,-0.019531,0.396973,0.636047,-0.116028,0.651428,down
285008,7.828125,2.71875,2.550781,0.507812,-0.035156,-0.019531,0.396851,0.635925,-0.115784,0.651672,down
285013,8.058594,2.601563,2.511719,0.507812,-0.035156,-0.019531,0.397034,0.63562,-0.115784,0.651855,down
285019,8.136719,2.757813,2.550781,-0.265625,0.208984,0.064453,0.397034,0.63562,-0.115784,0.651855,down
285024,7.945312,3.140625,2.742188,-0.265625,0.208984,0.064453,0.397827,0.634338,-0.116455,0.652527,down
285029,7.832031,3.140625,2.742188,-0.388672,0.318359,0.101563,0.397827,0.634338,-0.116455,0.652527,down
285035,7.75,3.101563,2.78125,-0.457031,0.396484,0.099609,0.397827,0.634338,-0.116455,0.652527,down
285040,7.789062,3.179688,2.816406,-0.457031,0.396484,0.099609,0.39978,0.631104,-0.118042,0.654175,down
285045,7.984375,3.101563,3.007813,-0.457031,0.396484,0.099609,0.39978,0.631104,-0.118042,0.654175,down
285050,7.949219,2.988281,3.46875,-0.457031,0.396484,0.099609,0.401733,0.628113,-0.119263,0.65564,down
285055,7.871094,2.796875,3.851563,-0.925781,0.732422,0.052734,0.401733,0.628113,-0.119263,0.65564,down
285061,7.753906,2.410156,4.273437,-0.925781,0.732422,0.052734,0.40686,0.621216,-0.122009,0.658508,down
285066,7.675781,2.296875,4.390625,-0.925781,0.732422,0.052734,0.40686,0.621216,-0.122009,0.658508,down
285071,7.601562,2.066406,4.542969,-1.474609,1.035156,0.064453,0.40686,0.621216,-0.122009,0.658508,down
285076,7.289062,1.761719,5.078125,-1.474609,1.035156,0.064453,0.411316,0.615417,-0.124512,0.660767,down
285081,7.066406,1.722656,5.269531,-1.474609,1.035156,0.064453,0.414001,0.611877,-0.12616,0.661987,down
285087,7.257812,1.414063,5.269531,-1.984375,1.162109,0.091797,0.414001,0.611877,-0.12616,0.661987,down
285092,7.449219,1.378906,5.15625,-1.984375,1.162109,0.091797,0.423401,0.600037,-0.132507,0.665649,down
285097,7.488281,1.414063,5.269531,-1.984375,1.162109,0.091797,0.42688,0.595886,-0.134888,0.666687,down
285102,7.328125,1.261719,5.269531,-2.34375,1.203125,-0.113281,0.42688,0.595886,-0.134888,0.666687,down
285107,7.289062,1.070313,5.578125,-2.402344,1.162109,-0.222656,0.431274,0.590942,-0.137573,0.667725,down
285112,7.101562,0.804687,5.769531,-2.402344,1.162109,-0.222656,0.439575,0.582336,-0.142212,0.668884,down
285117,6.839844,0.613281,6.035156,-2.402344,1.162109,-0.222656,0.444031,0.578186,-0.144348,0.669128,down
285122,6.417969,0.191406,6.304687,-2.175781,0.84375,-0.642578,0.444031,0.578186,-0.144348,0.669128,down
285127,6.183594,-0.117188,6.375,-2.175781,0.84375,-0.642578,0.448853,0.574097,-0.146362,0.669006,down
285133,6.183594,-0.117188,6.375,-1.910156,0.494141,-0.925781,0.457458,0.567993,-0.149292,0.667664,down
285138,6.484375,-0.15625,6.1875,-1.910156,0.494141,-0.925781,0.461914,0.565613,-0.150513,0.666443,down
285143,6.566406,-0.078125,6.035156,-1.701172,0.208984,-1.246094,0.466492,0.563538,-0.151489,0.664734,down
285148,6.601562,0.152344,5.691406,-1.701172,0.208984,-1.246094,0.471069,0.561768,-0.152161,0.662842,down
285153,6.683594,0.304688,5.308594,-1.701172,0.208984,-1.246094,0.47583,0.56012,-0.152527,0.660767,down
285159,6.761719,0.613281,5.039062,-1.701172,0.208984,-1.246094,0.480835,0.558533,-0.152527,0.658447,down
285166,6.722656,0.957031,4.808594,-1.474609,0.263672,-1.794922,0.480835,0.558533,-0.152527,0.658447,down
285172,6.5625,1.148438,4.617187,-1.421875,0.447266,-2.005859,0.480835,0.558533,-0.152527,0.658447,down
285177,6.5625,1.148438,4.617187,-1.421875,0.447266,-2.005859,0.496399,0.553711,-0.150879,0.651306,down
285182,6.378906,1.53125,4.542969,-1.4375,0.548828,-2.119141,0.496399,0.553711,-0.150879,0.651306,down
285187,6.378906,1.53125,4.542969,-1.460938,0.625,-2.220703,0.507568,0.549927,-0.148376,0.646484,down
285193,5.835937,2.566406,4.351562,-1.460938,0.625,-2.220703,0.513672,0.547791,-0.14679,0.64386,down
285198,5.835937,2.566406,4.351562,-1.585938,0.722656,-2.416016,0.526306,0.543091,-0.143433,0.638367,down
285204,5.070312,3.90625,4.390625,-1.585938,0.722656,-2.416016,0.532837,0.540649,-0.141785,0.635376,down
285209,4.886719,4.175781,4.464844,-1.791016,0.603516,-2.591797,0.532837,0.540649,-0.141785,0.635376,down
285215,5.074219,4.289062,4.582031,-1.833984,0.486328,-2.597656,0.546387,0.535706,-0.138794,0.628662,down
285221,5.492187,4.441406,5.039062,-1.871094,0.371094,-2.578125,0.546387,0.535706,-0.138794,0.628662,down
285226,5.652344,4.441406,5.230469,-1.953125,0.285156,-2.53125,0.546387,0.535706,-0.138794,0.628662,down
285231,5.648437,4.480469,5.269531,-2.039063,0.210937,-2.486328,0.546387,0.535706,-0.138794,0.628662,down
285237,6.144531,4.367187,5.421875,-2.148438,0.146484,-2.457031,0.546387,0.535706,-0.138794,0.628662,down
285242,6.5625,4.289062,5.347656,-2.148438,0.146484,-2.457031,0.586975,0.520935,-0.136108,0.604553,down
285247,6.757812,4.289062,5.230469,-2.148438,0.146484,-2.457031,0.586975,0.520935,-0.136108,0.604553,down
285252,7.023437,4.136719,5.230469,-2.267578,0.021484,-2.59375,0.586975,0.520935,-0.136108,0.604553,down
285257,7.105469,4.136719,5.191406,-2.267578,0.021484,-2.59375,0.599976,0.515991,-0.136353,0.595947,down
285262,7.257812,4.097656,5.117187,-2.193359,0.050781,-2.685547,0.606689,0.513489,-0.13623,0.591309,down
285267,7.257812,4.097656,5.117187,-2.193359,0.050781,-2.685547,0.606689,0.513489,-0.13623,0.591309,down
285272,7.292969,4.136719,5.15625,-1.935547,0.154297,-2.896484,0.606689,0.513489,-0.13623,0.591309,down
285277,7.292969,4.136719,5.15625,-1.744141,0.21875,-2.998047,0.626953,0.506531,-0.133545,0.576599,down
285282,6.761719,5.398437,5.191406,-1.744141,0.21875,-2.998047,0.633667,0.504517,-0.131653,0.571472,down
285287,6.417969,5.820312,5.269531,-1.744141,0.21875,-2.998047,0.640076,0.502686,-0.129333,0.566406,down
285292,5.875,6.546875,5.347656,-1.744141,0.21875,-2.998047,0.647095,0.500916,-0.126587,0.560669,down
285298,5.761719,7.089844,5.382812,-1.265625,0.214844,-3.242188,0.658813,0.498291,-0.121643,0.550354,down
285303,5.570312,7.621094,5.421875,-1.1875,-0.035156,-3.164063,0.665283,0.49707,-0.119019,0.544189,down
285308,5.492187,8.425781,5.5,-1.1875,-0.035156,-3.164063,0.670898,0.496155,-0.116943,0.538574,down
285313,5.609375,8.65625,5.5,-1.1875,-0.035156,-3.164063,0.676025,0.4953,-0.115479,0.533264,down
285318,5.800781,8.925781,5.5,-1.380859,-0.427734,-2.890625,0.682068,0.494263,-0.114136,0.526794,down
285324,6.144531,9.230469,5.230469,-1.380859,-0.427734,-2.890625,0.687317,0.493225,-0.113281,0.521057,down
285330,6.488281,9.34375,5.117187,-1.380859,-0.427734,-2.890625,0.692383,0.492065,-0.112793,0.515564,down
285335,6.488281,9.34375,5.117187,-1.380859,-0.427734,-2.890625,0.692383,0.492065,-0.112793,0.515564,down
285340,6.566406,9.421875,5.117187,-1.625,-0.535156,-2.546875,0.692383,0.492065,-0.112793,0.515564,down
285345,6.566406,9.421875,5.117187,-1.712891,-0.507812,-2.443359,0.707397,0.487366,-0.112671,0.49939,down
285350,6.527344,9.308594,5.039062,-1.712891,-0.507812,-2.443359,0.707397,0.487366,-0.112671,0.49939,down
285356,6.527344,9.308594,5.039062,-1.822266,-0.388672,-2.255859,0.717285,0.483093,-0.113037,0.489258,down
285362,6.105469,8.886719,5.269531,-1.822266,-0.388672,-2.255859,0.717285,0.483093,-0.113037,0.489258,down
285367,5.914062,8.84375,5.269531,-1.5625,-0.171875,-2.117188,0.726868,0.478455,-0.113098,0.479553,down
285372,5.722656,8.695313,5.269531,-1.5625,-0.171875,-2.117188,0.731079,0.476379,-0.112854,0.47522,down
285377,5.648437,8.542969,5.347656,-1.195313,-0.195312,-2.082031,0.735413,0.474426,-0.112427,0.470642,down
285383,5.761719,8.578125,5.230469,-1.011719,-0.21875,-2.044922,0.739258,0.472839,-0.111816,0.466248,down
285388,5.683594,8.808594,5.078125,-1.011719,-0.21875,-2.044922,0.746643,0.470581,-0.110107,0.457153,down
285394,5.761719,9.148438,5.078125,-1.011719,-0.21875,-2.044922,0.749329,0.470032,-0.109375,0.453369,down
285399,5.800781,9.34375,5.078125,-0.667969,-0.429687,-1.853516,0.752258,0.469666,-0.108643,0.449097,down
285405,5.953125,9.648438,4.886719,-0.667969,-0.429687,-1.853516,0.754944,0.469421,-0.108154,0.445007,down
285411,6.070312,9.730469,4.734375,-0.701172,-0.582031,-1.652344,0.754944,0.469421,-0.108154,0.445007,down
285416,6.183594,9.6875,4.65625,-0.826172,-0.650391,-1.544922,0.754944,0.469421,-0.108154,0.445007,down
285422,6.335937,9.386719,4.503906,-0.826172,-0.650391,-1.544922,0.765198,0.467224,-0.109497,0.429199,down
285427,6.488281,9.152344,4.65625,-0.826172,-0.650391,-1.544922,0.765198,0.467224,-0.109497,0.429199,down
285432,6.605469,8.886719,4.617187,-1.736328,-0.650391,-1.181641,0.765198,0.467224,-0.109497,0.429199,down
285437,6.605469,8.886719,4.617187,-1.736328,-0.650391,-1.181641,0.770813,0.463806,-0.112305,0.421997,down
285442,6.796875,8.078125,4.964844,-1.736328,-0.650391,-1.181641,0.770813,0.463806,-0.112305,0.421997,down
285447,6.796875,8.078125,4.964844,-2.179688,-0.462891,-1.082031,0.777527,0.457886,-0.116028,0.415161,down
285452,6.527344,7.550781,5.460937,-2.283203,-0.373047,-1.056641,0.777527,0.457886,-0.116028,0.415161,down
285457,6.722656,6.664062,5.730469,-2.283203,-0.373047,-1.056641,0.784668,0.450317,-0.119751,0.408813,down
285462,6.835937,6.433594,5.84375,-2.283203,-0.373047,-1.056641,0.788208,0.446472,-0.12146,0.405762,down
285468,6.601562,6.433594,6.113281,-1.855469,-0.179687,-1.222656,0.788208,0.446472,-0.12146,0.405762,down
285473,6.484375,6.394531,6.304687,-1.855469,-0.179687,-1.222656,0.798279,0.436279,-0.124695,0.396057,down
285478,6.375,6.390625,6.304687,-1.855469,-0.179687,-1.222656,0.800842,0.434387,-0.125,0.392944,down
285483,6.183594,6.585937,6.378906,-0.646484,-0.294922,-1.396484,0.803223,0.433228,-0.124878,0.389343,down
285488,6.105469,6.855469,6.34375,-0.210937,-0.376953,-1.416016,0.804993,0.433105,-0.124451,0.385925,down
285493,5.914062,7.621094,6.226562,-0.210937,-0.376953,-1.416016,0.804993,0.433105,-0.124451,0.385925,down
285498,5.800781,8.0,6.152344,0.3125,-0.5625,-1.396484,0.806152,0.433777,-0.12384,0.382874,down
285503,5.800781,8.34375,5.960937,0.3125,-0.5625,-1.396484,0.807922,0.43689,-0.122498,0.375916,down
285508,5.761719,8.84375,5.691406,0.3125,-0.5625,-1.396484,0.807922,0.43689,-0.122498,0.375916,down
285513,5.839844,8.921875,5.652344,0.3125,-0.5625,-1.396484,0.809143,0.440125,-0.121948,0.369812,down
285518,5.914062,8.925781,5.460937,0.007813,-0.746094,-1.097656,0.809143,0.440125,-0.121948,0.369812,down
285523,5.914062,9.121094,5.421875,-0.246094,-0.751953,-1.007813,0.809937,0.441406,-0.122131,0.366394,down
285528,6.414062,9.003906,5.230469,-0.246094,-0.751953,-1.007813,0.811829,0.442322,-0.123352,0.360657,down
285533,6.679687,8.964844,5.269531,-0.882812,-0.691406,-0.837891,0.811829,0.442322,-0.123352,0.360657,down
285538,6.949219,8.882813,5.230469,-0.882812,-0.691406,-0.837891,0.813293,0.441711,-0.124573,0.357666,down
285543,7.027344,8.65625,5.382812,-1.171875,-0.589844,-0.767578,0.813293,0.441711,-0.124573,0.357666,down
285549,6.910156,8.273438,5.578125,-1.171875,-0.589844,-0.767578,0.818665,0.436401,-0.128601,0.350403,down
285554,6.910156,8.273438,5.578125,-1.595703,-0.291016,-0.630859,0.820923,0.433594,-0.130005,0.348145,down
285560,6.566406,8.277344,5.84375,-1.595703,-0.291016,-0.630859,0.823059,0.430786,-0.131226,0.34613,down
285565,6.296875,8.3125,5.996094,-1.595703,-0.291016,-0.630859,0.825195,0.427856,-0.132507,0.344116,down
285570,6.070312,8.460938,6.304687,-1.595703,-0.291016,-0.630859,0.825195,0.427856,-0.132507,0.344116,down
285575,6.070312,8.460938,6.304687,-1.171875,-0.291016,-0.410156,0.828735,0.422974,-0.134888,0.340698,down
285580,6.070312,8.460938,6.304687,-1.027344,-0.332031,-0.361328,0.829956,0.421326,-0.135925,0.339417,down
285585,5.800781,8.5,6.457031,-1.027344,-0.332031,-0.361328,0.829956,0.421326,-0.135925,0.339417,down
285590,5.800781,8.5,6.457031,-0.878906,-0.392578,-0.3125,0.832092,0.418518,-0.138367,0.33667,down
285596,6.070312,8.421875,6.417969,-0.878906,-0.392578,-0.3125,0.832947,0.417419,-0.139709,0.335327,down
285601,6.453125,8.34375,6.457031,-0.625,-0.503906,-0.255859,0.833618,0.416626,-0.141052,0.334045,down
285606,6.644531,8.273438,6.457031,-0.591797,-0.496094,-0.28125,0.833618,0.416626,-0.141052,0.334045,down
285611,6.796875,8.121094,6.496094,-0.599609,-0.464844,-0.330078,0.833618,0.416626,-0.141052,0.334045,down
285616,6.835937,8.039063,6.535156,-0.601562,-0.447266,-0.384766,0.833618,0.416626,-0.141052,0.334045,down
285621,6.835937,7.964844,6.535156,-0.601562,-0.447266,-0.384766,0.833618,0.416626,-0.141052,0.334045,down
285626,6.910156,7.933594,6.457031,-0.601562,-0.447266,-0.384766,0.837402,0.412964,-0.146301,0.326843,down
285631,6.910156,7.933594,6.417969,-0.402344,-0.341797,-0.615234,0.837402,0.412964,-0.146301,0.326843,down
285636,6.835937,8.078125,6.417969,-0.244141,-0.302734,-0.699219,0.837402,0.412964,-0.146301,0.326843,down
285641,6.527344,8.460938,6.457031,-0.244141,-0.302734,-0.699219,0.837402,0.412964,-0.146301,0.326843,down
285647,6.296875,8.621094,6.496094,-0.244141,-0.302734,-0.699219,0.840088,0.413086,-0.146729,0.319519,down
285653,6.105469,8.765625,6.417969,0.607422,-0.306641,-0.802734,0.840088,0.413086,-0.146729,0.319519,down
285659,5.800781,9.34375,6.226562,0.794922,-0.341797,-0.742187,0.840332,0.415771,-0.14563,0.315796,down
285664,5.683594,9.574219,6.074219,0.794922,-0.341797,-0.742187,0.839661,0.420288,-0.144287,0.312317,down
285670,5.722656,9.992188,5.84375,0.794922,-0.341797,-0.742187,0.838989,0.422791,-0.143799,0.310852,down
285675,5.839844,10.035156,5.691406,0.794922,-0.341797,-0.742187,0.83844,0.424866,-0.143494,0.309753,down
285681,5.875,10.035156,5.613281,0.695312,-0.464844,-0.373047,0.83844,0.424866,-0.143494,0.309753,down
285686,5.953125,9.925781,5.539062,0.515625,-0.435547,-0.283203,0.83844,0.424866,-0.143494,0.309753,down
285692,5.992187,9.535156,5.5,0.298828,-0.410156,-0.208984,0.83844,0.424866,-0.143494,0.309753,down
285698,5.992187,9.226563,5.460937,-0.199219,-0.339844,-0.056641,0.83844,0.424866,-0.143494,0.309753,down
285703,6.03125,8.882813,5.539062,-0.398438,-0.302734,0.013672,0.83667,0.430786,-0.145142,0.305603,down
285709,5.992187,8.273438,5.578125,-0.398438,-0.302734,0.013672,0.83728,0.429626,-0.146973,0.304688,down
285715,5.953125,7.695312,5.652344,-0.398438,-0.302734,0.013672,0.837708,0.42865,-0.147949,0.304382,down
285720,5.875,7.429687,5.691406,-0.558594,-0.181641,0.101563,0.838135,0.427612,-0.148865,0.304138,down
285725,5.839844,7.3125,5.691406,-0.5,-0.162109,0.113281,0.838135,0.427612,-0.148865,0.304138,down
285731,5.722656,7.007812,5.691406,-0.5,-0.162109,0.113281,0.838928,0.425659,-0.150513,0.303894,down
285736,5.570312,6.746094,5.84375,-0.255859,-0.154297,0.095703,0.839111,0.425049,-0.151184,0.303833,down
285741,5.53125,6.746094,5.691406,-0.095703,-0.167969,0.097656,0.839111,0.425049,-0.151184,0.303833,down
285746,5.339844,6.703125,5.730469,0.0625,-0.173828,0.095703,0.839111,0.425049,-0.151184,0.303833,down
285752,5.417969,6.777344,5.730469,0.0625,-0.173828,0.095703,0.838745,0.425232,-0.152649,0.303833,down
285757,5.417969,6.894531,5.804687,0.332031,-0.259766,0.107422,0.838745,0.425232,-0.152649,0.303833,down
285763,5.570312,6.851562,5.691406,0.351563,-0.255859,0.123047,0.838745,0.425232,-0.152649,0.303833,down
285768,5.609375,6.890625,5.691406,0.267578,-0.248047,0.146484,0.837158,0.427673,-0.15387,0.304138,down
285773,5.648437,6.816406,5.691406,0.267578,-0.248047,0.146484,0.836609,0.428528,-0.154358,0.304321,down
285779,5.683594,6.585937,5.539062,0.267578,-0.248047,0.146484,0.835815,0.429565,-0.155334,0.304626,down
285785,5.609375,6.433594,5.613281,0.267578,-0.248047,0.146484,0.83551,0.42981,-0.155762,0.30481,down
285790,5.570312,6.363281,5.613281,0.007813,-0.146484,0.181641,0.83551,0.42981,-0.155762,0.30481,down
285795,5.570312,6.28125,5.691406,-0.027344,-0.126953,0.183594,0.83551,0.42981,-0.155762,0.30481,down
285801,5.609375,6.164062,5.652344,-0.027344,-0.126953,0.183594,0.834961,0.429871,-0.157227,0.305542,down
285806,5.609375,6.046875,5.691406,-0.070312,-0.074219,0.185547,0.834961,0.429871,-0.157227,0.305542,down
285811,5.570312,6.046875,5.613281,-0.058594,-0.050781,0.164062,0.834961,0.429871,-0.157227,0.305542,down
285817,5.457031,6.011719,5.578125,-0.027344,-0.025391,0.15625,0.834961,0.429871,-0.157227,0.305542,down
285822,5.378906,5.941406,5.691406,-0.027344,-0.025391,0.15625,0.834961,0.429871,-0.157227,0.305542,down
285827,5.378906,5.941406,5.691406,-0.027344,-0.025391,0.15625,0.834412,0.429382,-0.158691,0.306946,down
285833,5.300781,5.941406,5.652344,0.113281,-0.003906,0.144531,0.834412,0.429382,-0.158691,0.306946,down
285839,5.1875,5.941406,5.730469,0.113281,-0.003906,0.144531,0.83374,0.429871,-0.158936,0.307983,down
285844,5.148437,5.859375,5.769531,0.130859,-0.015625,0.154297,0.833435,0.430115,-0.159058,0.30835,down
285849,5.074219,5.9375,5.730469,0.142578,-0.033203,0.164062,0.833435,0.430115,-0.159058,0.30835,down
285854,5.035156,5.9375,5.769531,0.142578,-0.033203,0.164062,0.832886,0.430603,-0.159302,0.309082,down
285860,5.035156,6.320312,5.882812,0.142578,-0.033203,0.164062,0.832581,0.430847,-0.159485,0.309448,down
285865,5.035156,6.390625,5.769531,0.128906,-0.072266,0.197266,0.832275,0.431152,-0.159729,0.309814,down
285871,5.074219,6.507812,5.769531,0.099609,-0.078125,0.201172,0.832275,0.431152,-0.159729,0.309814,down
285876,5.226562,6.507812,5.730469,0.099609,-0.078125,0.201172,0.831665,0.431519,-0.160278,0.310608,down
285881,5.339844,6.433594,5.730469,0.039063,-0.074219,0.199219,0.831665,0.431519,-0.160278,0.310608,down
285887,5.417969,6.363281,5.769531,0.007813,-0.054687,0.197266,0.831665,0.431519,-0.160278,0.310608,down
285893,5.492187,6.203125,5.769531,-0.091797,0.011719,0.191406,0.831665,0.431519,-0.160278,0.310608,down
285898,5.457031,6.128906,5.769531,-0.091797,0.011719,0.191406,0.830994,0.431274,-0.16156,0.312073,down
285904,5.417969,6.007812,5.804687,-0.128906,0.046875,0.181641,0.830994,0.430542,-0.161926,0.312866,down
285909,5.339844,5.9375,5.84375,-0.128906,0.046875,0.181641,0.831055,0.430176,-0.162048,0.313171,down
285914,5.339844,5.9375,5.84375,-0.128906,0.046875,0.181641,0.831055,0.429871,-0.162048,0.313477,down
285919,5.300781,5.972656,5.921875,-0.035156,0.101563,0.091797,0.831055,0.429871,-0.162048,0.313477,down
285924,5.1875,5.9375,5.960937,-0.035156,0.101563,0.091797,0.831116,0.429565,-0.161987,0.313843,down
285930,5.148437,5.972656,5.921875,-0.035156,0.101563,0.091797,0.830994,0.429565,-0.161682,0.314331,down
285936,5.148437,6.007812,5.960937,0.220703,0.0625,0.027344,0.830811,0.42981,-0.161438,0.314575,down
285942,5.1875,6.046875,6.035156,0.324219,0.048828,0.009766,0.830811,0.42981,-0.161438,0.314575,down
285948,5.148437,6.242187,6.035156,0.324219,0.048828,0.009766,0.829712,0.431824,-0.1604,0.315186,down
285953,5.109375,6.324219,6.035156,0.324219,0.048828,0.009766,0.829712,0.431824,-0.1604,0.315186,down
285958,5.109375,6.394531,5.960937,0.414062,0.001953,0.021484,0.829712,0.431824,-0.1604,0.315186,down
285963,5.1875,6.394531,5.921875,0.373047,-0.015625,0.029297,0.829712,0.431824,-0.1604,0.315186,down
285968,5.265625,6.507812,5.996094,0.373047,-0.015625,0.029297,0.828369,0.434204,-0.159607,0.315796,down
285973,5.226562,6.589844,5.882812,0.255859,-0.039063,0.060547,0.828369,0.434204,-0.159607,0.315796,down
285979,5.339844,6.507812,5.921875,0.201172,-0.048828,0.074219,0.828369,0.434204,-0.159607,0.315796,down
285984,5.378906,6.511719,5.84375,0.201172,-0.048828,0.074219,0.827209,0.435852,-0.159668,0.316589,down
285989,5.300781,6.46875,5.84375,0.005859,-0.007813,0.117188,0.827209,0.435852,-0.159668,0.316589,down
285994,5.339844,6.390625,5.84375,0.005859,-0.007813,0.117188,0.827087,0.435913,-0.15979,0.316833,down
285999,5.339844,6.28125,5.804687,-0.021484,0.009766,0.132812,0.827087,0.435913,-0.15979,0.316833,down
286004,5.417969,6.207031,5.84375,-0.021484,0.009766,0.132812,0.826904,0.435547,-0.160156,0.317688,down
286009,5.339844,6.203125,5.804687,-0.039063,0.050781,0.138672,0.826904,0.435547,-0.160156,0.317688,down
286014,5.339844,6.089844,5.769531,-0.025391,0.052734,0.136719,0.826843,0.435364,-0.160278,0.317993,down
286019,5.378906,5.972656,5.613281,-0.025391,0.052734,0.136719,0.826721,0.435059,-0.160339,0.318604,down
286024,5.457031,5.9375,5.652344,0.011719,0.080078,0.111328,0.826721,0.435059,-0.160339,0.318604,down
286029,5.378906,5.902344,5.652344,0.039063,0.103516,0.089844,0.82666,0.434937,-0.160339,0.31897,down
286034,5.339844,5.902344,5.652344,0.039063,0.103516,0.089844,0.826538,0.434875,-0.160034,0.31958,down
286039,5.265625,5.898437,5.613281,0.039063,0.103516,0.089844,0.826416,0.434937,-0.159851,0.319885,down
286044,5.109375,5.96875,5.652344,0.039063,0.103516,0.089844,0.826416,0.434937,-0.159851,0.319885,down
286049,5.074219,6.011719,5.691406,0.121094,0.080078,0.068359,0.82605,0.435242,-0.159485,0.320496,down
286054,5.074219,6.046875,5.730469,0.146484,0.017578,0.097656,0.825867,0.435486,-0.159363,0.320801,down
286059,5.109375,6.125,5.84375,0.146484,0.017578,0.097656,0.825562,0.435791,-0.159363,0.321106,down
286064,5.148437,6.164062,5.84375,0.134766,-0.035156,0.128906,0.825562,0.435791,-0.159363,0.321106,down
286069,5.226562,6.324219,5.804687,0.134766,-0.035156,0.128906,0.825317,0.436035,-0.159424,0.32135,down
