timestamp,ax,ay,az,gx,gy,gz,qw,qx,qy,qz,label
312471,9.019531,4.097656,1.976563,0.064453,-0.054687,-0.205078,0.316467,0.641724,-0.029602,0.697998,down
312477,9.058594,4.136719,1.976563,0.064453,-0.068359,-0.1875,0.317322,0.642151,-0.028564,0.697205,down
312482,9.097656,4.136719,1.898438,0.064453,-0.068359,-0.1875,0.317627,0.642273,-0.02832,0.69696,down
312487,9.097656,4.175781,1.9375,-0.109375,-0.054687,-0.128906,0.317627,0.642273,-0.02832,0.69696,down
312492,9.171875,4.097656,1.898438,-0.109375,-0.054687,-0.128906,0.318481,0.642334,-0.028381,0.696533,down
312497,9.132813,4.019531,1.859375,-0.109375,-0.054687,-0.128906,0.31897,0.642273,-0.028564,0.69635,down
312502,9.136719,3.984375,1.820313,-0.246094,-0.029297,-0.126953,0.319641,0.64209,-0.02887,0.696167,down
312507,9.136719,3.90625,1.820313,-0.259766,-0.027344,-0.109375,0.319641,0.64209,-0.02887,0.696167,down
312512,9.214844,3.945313,1.859375,-0.259766,-0.027344,-0.109375,0.320862,0.641846,-0.029419,0.695862,down
312517,9.210938,3.90625,1.859375,-0.259766,-0.027344,-0.109375,0.321472,0.641663,-0.029785,0.69574,down
312522,9.242188,3.828125,1.820313,-0.259766,-0.027344,-0.109375,0.321472,0.641663,-0.029785,0.69574,down
312527,9.246094,3.828125,1.898438,-0.183594,-0.009766,-0.121094,0.321472,0.641663,-0.029785,0.69574,down
312532,9.171875,3.789063,1.9375,-0.183594,-0.009766,-0.121094,0.323181,0.641235,-0.030334,0.695312,down
312537,9.097656,3.753906,1.898438,-0.183594,-0.009766,-0.121094,0.323608,0.641174,-0.030396,0.69519,down
312542,9.015625,3.714844,2.015625,-0.183594,-0.009766,-0.121094,0.323608,0.641174,-0.030396,0.69519,down
312547,9.054688,3.675781,1.976563,-0.060547,-0.029297,-0.138672,0.324341,0.641174,-0.030212,0.694824,down
312552,9.132813,3.675781,2.050781,-0.041016,-0.054687,-0.146484,0.324646,0.641296,-0.030151,0.69458,down
312557,9.210938,3.753906,1.976563,-0.041016,-0.054687,-0.146484,0.324646,0.641296,-0.030151,0.69458,down
312562,9.246094,3.753906,1.9375,-0.009766,-0.060547,-0.152344,0.325012,0.641357,-0.030029,0.694336,down
312567,9.214844,3.753906,1.859375,-0.009766,-0.060547,-0.152344,0.325317,0.641479,-0.029907,0.694092,down
312572,9.136719,3.789063,1.746094,0.001953,-0.060547,-0.164062,0.325623,0.641541,-0.029724,0.693909,down
312578,9.136719,3.789063,1.746094,0.011719,-0.074219,-0.167969,0.326172,0.641785,-0.029297,0.69342,down
312583,9.214844,3.828125,1.785156,0.013672,-0.076172,-0.166016,0.326477,0.641968,-0.029114,0.693115,down
312588,9.242188,3.867188,1.707031,0.013672,-0.076172,-0.166016,0.326782,0.642151,-0.02887,0.692871,down
312594,9.320313,3.945313,1.628906,0.013672,-0.076172,-0.166016,0.327087,0.642273,-0.028687,0.692627,down
312599,9.324219,3.90625,1.628906,0.023437,-0.058594,-0.181641,0.327393,0.642395,-0.028442,0.692322,down
312604,9.242188,3.867188,1.628906,0.023437,-0.058594,-0.181641,0.327698,0.642578,-0.028137,0.692078,down
312609,9.097656,3.90625,1.628906,0.023437,-0.058594,-0.181641,0.327698,0.642578,-0.028137,0.692078,down
312614,9.054688,4.019531,1.59375,0.087891,-0.027344,-0.171875,0.327698,0.642578,-0.028137,0.692078,down
312620,9.058594,4.097656,1.628906,0.119141,-0.042969,-0.160156,0.327698,0.642578,-0.028137,0.692078,down
312625,9.097656,4.25,1.667969,0.119141,-0.042969,-0.160156,0.327698,0.642578,-0.028137,0.692078,down
312631,9.097656,4.289062,1.667969,0.119141,-0.042969,-0.160156,0.328369,0.643372,-0.026184,0.691101,down
312637,9.171875,4.328125,1.628906,0.132812,-0.054687,-0.125,0.328369,0.643372,-0.026184,0.691101,down
312642,9.242188,4.328125,1.628906,0.130859,-0.056641,-0.117188,0.328369,0.643372,-0.026184,0.691101,down
312647,9.214844,4.328125,1.667969,0.119141,-0.035156,-0.117188,0.32843,0.643982,-0.025085,0.690491,down
312653,9.136719,4.289062,1.628906,0.119141,-0.035156,-0.117188,0.328491,0.644287,-0.024414,0.690186,down
312658,9.214844,4.25,1.707031,0.119141,-0.035156,-0.117188,0.328552,0.644409,-0.024109,0.690063,down
312665,9.214844,4.175781,1.667969,0.119141,-0.035156,-0.117188,0.328674,0.64447,-0.023926,0.689941,down
312670,9.171875,4.175781,1.667969,0.001953,0.015625,-0.082031,0.328674,0.64447,-0.023926,0.689941,down
312675,9.214844,4.175781,1.707031,-0.007813,0.027344,-0.083984,0.328674,0.64447,-0.023926,0.689941,down
312680,9.09375,4.136719,1.746094,-0.007813,0.027344,-0.083984,0.329163,0.644409,-0.023499,0.689819,down
312685,9.058594,4.136719,1.746094,0.013672,0.039063,-0.085937,0.329163,0.644409,-0.023499,0.689819,down
312690,9.015625,4.210937,1.667969,0.037109,0.035156,-0.083984,0.329163,0.644409,-0.023499,0.689819,down
312695,8.941406,4.25,1.707031,0.074219,0.019531,-0.085937,0.329163,0.644409,-0.023499,0.689819,down
312701,8.941406,4.328125,1.746094,0.074219,0.019531,-0.085937,0.329163,0.644409,-0.023499,0.689819,down
312706,8.980469,4.367187,1.820313,0.074219,0.019531,-0.085937,0.329529,0.644409,-0.022278,0.689636,down
312712,8.980469,4.402344,1.746094,0.15625,-0.009766,-0.087891,0.329529,0.644409,-0.022278,0.689636,down
312718,9.015625,4.402344,1.820313,0.15625,-0.009766,-0.087891,0.329285,0.644836,-0.021118,0.689392,down
312723,9.019531,4.441406,1.9375,0.126953,0.001953,-0.080078,0.329224,0.64502,-0.020752,0.689331,down
312728,8.980469,4.402344,1.9375,0.126953,0.001953,-0.080078,0.329224,0.645081,-0.020447,0.68927,down
312733,8.976563,4.367187,2.015625,0.037109,0.037109,-0.085937,0.329285,0.645081,-0.020203,0.68927,down
312738,8.980469,4.328125,1.976563,0.037109,0.037109,-0.085937,0.329468,0.64502,-0.02002,0.689209,down
312743,8.976563,4.289062,2.015625,-0.054687,0.0625,-0.087891,0.329651,0.644897,-0.019897,0.689209,down
312748,9.019531,4.175781,2.015625,-0.054687,0.0625,-0.087891,0.329651,0.644897,-0.019897,0.689209,down
312753,8.980469,4.136719,2.015625,-0.054687,0.0625,-0.087891,0.330322,0.644531,-0.019775,0.68927,down
312758,8.941406,4.097656,2.050781,-0.105469,0.085937,-0.125,0.330322,0.644531,-0.019775,0.68927,down
312763,8.898438,4.019531,1.976563,-0.105469,0.085937,-0.125,0.331116,0.644104,-0.019592,0.68927,down
312768,8.898438,3.945313,2.050781,-0.105469,0.085937,-0.125,0.331604,0.64386,-0.019409,0.68927,down
312773,8.859375,3.90625,1.976563,-0.105469,0.085937,-0.125,0.33197,0.643677,-0.019104,0.68927,down
312778,8.828125,3.90625,2.015625,0.013672,0.107422,-0.210937,0.332336,0.643494,-0.018738,0.68927,down
312783,8.75,3.867188,2.050781,0.046875,0.121094,-0.228516,0.332703,0.643372,-0.018188,0.68927,down
312788,8.671875,3.867188,1.976563,0.046875,0.121094,-0.228516,0.333008,0.643188,-0.0177,0.68927,down
312794,8.476563,3.867188,1.898438,0.046875,0.121094,-0.228516,0.333374,0.643066,-0.017029,0.689209,down
312799,8.515625,3.867188,1.976563,0.107422,0.111328,-0.283203,0.33374,0.642944,-0.016296,0.689209,down
312804,8.515625,3.945313,2.015625,0.107422,0.111328,-0.283203,0.334045,0.642883,-0.015625,0.689148,down
312810,8.558594,3.984375,2.015625,0.107422,0.111328,-0.283203,0.334473,0.642761,-0.014893,0.689026,down
312815,8.675781,3.90625,2.015625,0.037109,0.126953,-0.316406,0.334961,0.642578,-0.014282,0.688965,down
312821,8.714844,3.867188,1.976563,0.007813,0.146484,-0.335938,0.334961,0.642578,-0.014282,0.688965,down
312827,8.714844,3.867188,1.976563,0.007813,0.146484,-0.335938,0.334961,0.642578,-0.014282,0.688965,down
312832,8.675781,3.828125,2.050781,-0.056641,0.216797,-0.359375,0.334961,0.642578,-0.014282,0.688965,down
312838,8.636719,3.828125,2.167969,-0.09375,0.263672,-0.367188,0.338501,0.640686,-0.011047,0.689087,down
312843,8.410156,3.867188,2.320313,-0.09375,0.263672,-0.367188,0.339478,0.639954,-0.010376,0.68927,down
312848,8.25,3.828125,2.398438,-0.246094,0.451172,-0.447266,0.340637,0.638977,-0.009705,0.689575,down
312853,8.09375,3.828125,2.398438,-0.246094,0.451172,-0.447266,0.341797,0.638062,-0.009033,0.689941,down
312858,7.910156,3.753906,2.472656,-0.314453,0.484375,-0.515625,0.341797,0.638062,-0.009033,0.689941,down
312864,7.753906,3.714844,2.511719,-0.314453,0.484375,-0.515625,0.344604,0.635864,-0.00769,0.690552,down
312869,7.75,3.753906,2.550781,-0.330078,0.425781,-0.564453,0.344604,0.635864,-0.00769,0.690552,down
312874,7.75,3.753906,2.550781,-0.337891,0.404297,-0.591797,0.347656,0.63385,-0.006287,0.690857,down
312879,7.789062,3.789063,2.589844,-0.337891,0.404297,-0.591797,0.347656,0.63385,-0.006287,0.690857,down
312884,7.789062,3.789063,2.589844,-0.326172,0.376953,-0.615234,0.350891,0.631958,-0.004822,0.690979,down
312889,7.867187,3.828125,2.589844,-0.326172,0.376953,-0.615234,0.350891,0.631958,-0.004822,0.690979,down
312894,8.027344,3.90625,2.511719,-0.298828,0.330078,-0.660156,0.354187,0.630188,-0.003296,0.690918,down
312900,8.214844,4.136719,2.550781,-0.298828,0.330078,-0.660156,0.355774,0.629395,-0.002441,0.690857,down
312905,8.292969,4.175781,2.589844,-0.251953,0.353516,-0.669922,0.355774,0.629395,-0.002441,0.690857,down
312912,8.328125,4.210937,2.625,-0.234375,0.392578,-0.675781,0.355774,0.629395,-0.002441,0.690857,down
312917,8.519531,4.25,2.664063,-0.214844,0.429687,-0.673828,0.355774,0.629395,-0.002441,0.690857,down
312923,8.476563,4.289062,2.703125,-0.207031,0.511719,-0.683594,0.355774,0.629395,-0.002441,0.690857,down
312928,8.519531,4.367187,2.742188,-0.207031,0.511719,-0.683594,0.363586,0.624756,0.002625,0.690979,down
312933,8.519531,4.328125,2.78125,-0.220703,0.560547,-0.691406,0.363586,0.624756,0.002625,0.690979,down
312938,8.519531,4.328125,2.703125,-0.25,0.630859,-0.697266,0.368286,0.621033,0.006226,0.691833,down
312943,8.449219,4.367187,2.742188,-0.328125,0.751953,-0.705078,0.368286,0.621033,0.006226,0.691833,down
312948,8.210938,4.402344,2.894531,-0.328125,0.751953,-0.705078,0.370178,0.619324,0.007568,0.692383,down
312953,8.058594,4.402344,3.007813,-0.328125,0.751953,-0.705078,0.373657,0.615967,0.009827,0.693481,down
312958,7.867187,4.480469,2.894531,-0.328125,0.751953,-0.705078,0.373657,0.615967,0.009827,0.693481,down
312963,7.601562,4.519531,2.78125,-0.46875,0.962891,-0.751953,0.377747,0.611694,0.012329,0.695007,down
312968,7.105469,4.785156,2.816406,-0.46875,0.962891,-0.751953,0.379822,0.609497,0.01355,0.69574,down
312973,7.105469,4.824219,2.933594,-0.46875,0.962891,-0.751953,0.379822,0.609497,0.01355,0.69574,down
312978,7.140625,4.824219,3.007813,-0.517578,0.789062,-0.884766,0.379822,0.609497,0.01355,0.69574,down
312983,7.261719,5.015625,3.203125,-0.517578,0.789062,-0.884766,0.384338,0.605408,0.01593,0.696838,down
312989,7.410156,4.902344,3.238281,-0.517578,0.789062,-0.884766,0.388916,0.602051,0.018188,0.697083,down
312995,7.445312,4.863281,3.277344,-0.416016,0.462891,-0.990234,0.391296,0.600647,0.019409,0.696899,down
313001,7.484375,4.824219,3.277344,-0.326172,0.373047,-0.998047,0.391296,0.600647,0.019409,0.696899,down
313007,7.675781,4.863281,3.355469,-0.326172,0.373047,-0.998047,0.391296,0.600647,0.019409,0.696899,down
313012,7.753906,4.976562,3.394531,-0.154297,0.246094,-0.990234,0.391296,0.600647,0.019409,0.696899,down
313018,7.789062,5.054687,3.394531,-0.162109,0.205078,-0.921875,0.391296,0.600647,0.019409,0.696899,down
313023,7.984375,5.207031,3.429688,-0.162109,0.205078,-0.921875,0.403442,0.596069,0.027344,0.693665,down
313028,8.023438,5.207031,3.394531,-0.162109,0.205078,-0.921875,0.405518,0.595276,0.028503,0.693054,down
313033,8.058594,5.285156,3.394531,-0.162109,0.205078,-0.921875,0.405518,0.595276,0.028503,0.693054,down
313038,8.097656,5.324219,3.238281,-0.332031,0.232422,-0.851562,0.409241,0.593811,0.030273,0.692078,down
313043,7.945312,5.4375,3.203125,-0.332031,0.232422,-0.851562,0.411194,0.593018,0.03125,0.691589,down
313048,7.988281,5.4375,3.203125,-0.332031,0.232422,-0.851562,0.411194,0.593018,0.03125,0.691589,down
313053,7.945312,5.4375,3.203125,-0.208984,0.25,-0.865234,0.411194,0.593018,0.03125,0.691589,down
313058,7.945312,5.4375,3.203125,-0.208984,0.25,-0.865234,0.414917,0.591553,0.033447,0.690491,down
313063,7.789062,5.515625,3.125,-0.208984,0.25,-0.865234,0.414917,0.591553,0.033447,0.690491,down
313068,7.605469,5.515625,3.164063,-0.183594,0.259766,-0.886719,0.414917,0.591553,0.033447,0.690491,down
313073,7.605469,5.515625,3.164063,-0.183594,0.265625,-0.880859,0.420288,0.589355,0.037109,0.688904,down
313079,7.289062,5.589844,2.972656,-0.183594,0.265625,-0.880859,0.423828,0.587891,0.039673,0.687866,down
313084,7.257812,5.628906,2.894531,-0.136719,0.240234,-0.896484,0.42572,0.587158,0.041138,0.687256,down
313090,7.367187,5.78125,2.933594,-0.136719,0.240234,-0.896484,0.427246,0.586609,0.042297,0.686707,down
313095,7.484375,5.859375,2.894531,-0.113281,0.199219,-0.916016,0.427246,0.586609,0.042297,0.686707,down
313102,7.714844,6.050781,2.855469,-0.113281,0.199219,-0.916016,0.427246,0.586609,0.042297,0.686707,down
313107,7.714844,6.128906,2.894531,-0.089844,0.164062,-0.935547,0.427246,0.586609,0.042297,0.686707,down
313112,7.828125,6.128906,2.855469,-0.087891,0.167969,-0.953125,0.427246,0.586609,0.042297,0.686707,down
313117,7.753906,6.164062,2.855469,-0.076172,0.166016,-0.951172,0.427246,0.586609,0.042297,0.686707,down
313122,7.792969,6.164062,2.855469,-0.087891,0.191406,-0.957031,0.427246,0.586609,0.042297,0.686707,down
313127,7.753906,6.203125,2.855469,-0.09375,0.207031,-0.957031,0.427246,0.586609,0.042297,0.686707,down
313132,7.710937,6.128906,2.855469,-0.09375,0.207031,-0.957031,0.441345,0.582214,0.053589,0.680725,down
313138,7.488281,6.089844,2.894531,-0.09375,0.207031,-0.957031,0.445129,0.580505,0.056213,0.679504,down
313143,7.445312,6.011719,2.933594,-0.09375,0.207031,-0.957031,0.445129,0.580505,0.056213,0.679504,down
313148,7.222656,5.9375,2.972656,-0.351563,0.396484,-0.945312,0.445129,0.580505,0.056213,0.679504,down
313153,7.101562,5.820312,2.933594,-0.351563,0.396484,-0.945312,0.451538,0.576538,0.059875,0.678284,down
313158,7.066406,5.746094,2.855469,-0.351563,0.396484,-0.945312,0.451538,0.576538,0.059875,0.678284,down
313163,7.105469,5.628906,2.816406,-0.46875,0.625,-0.988281,0.456055,0.57312,0.0625,0.677979,down
313168,7.289062,5.515625,2.78125,-0.46875,0.625,-0.988281,0.456055,0.57312,0.0625,0.677979,down
313173,7.332031,5.476562,2.78125,-0.46875,0.625,-0.988281,0.458313,0.57135,0.063904,0.677795,down
313178,7.328125,5.476562,2.816406,-0.375,0.798828,-1.119141,0.458313,0.57135,0.063904,0.677795,down
313183,7.105469,5.554687,2.78125,-0.375,0.798828,-1.119141,0.463135,0.567383,0.067261,0.67749,down
313188,7.105469,5.554687,2.78125,-0.375,0.798828,-1.119141,0.467468,0.563538,0.071472,0.677368,down
313193,6.839844,5.515625,2.703125,-0.375,0.798828,-1.119141,0.467468,0.563538,0.071472,0.677368,down
313198,6.683594,5.589844,2.664063,0.001953,0.886719,-1.25,0.467468,0.563538,0.071472,0.677368,down
313203,6.488281,5.820312,2.78125,0.001953,0.886719,-1.25,0.471619,0.559753,0.076721,0.677063,down
313208,6.375,5.898437,2.816406,0.001953,0.886719,-1.25,0.473572,0.558044,0.079651,0.676697,down
313213,6.296875,6.050781,2.933594,0.128906,0.757812,-1.263672,0.473572,0.558044,0.079651,0.676697,down
313219,6.222656,6.242187,3.125,0.226562,0.693359,-1.251953,0.478821,0.554199,0.088501,0.67511,down
313225,6.144531,6.546875,3.46875,0.226562,0.693359,-1.251953,0.480103,0.553467,0.091431,0.674438,down
313231,6.261719,6.585937,3.507813,0.585937,0.505859,-1.162109,0.480103,0.553467,0.091431,0.674438,down
313236,6.261719,6.585937,3.507813,0.599609,0.447266,-1.115234,0.482178,0.552551,0.097717,0.672791,down
313241,6.644531,6.667969,3.621094,0.599609,0.447266,-1.115234,0.482178,0.552551,0.097717,0.672791,down
313246,6.605469,6.777344,3.621094,0.591797,0.435547,-1.089844,0.48407,0.551941,0.10376,0.671021,down
313251,6.605469,6.777344,3.621094,0.591797,0.435547,-1.089844,0.48407,0.551941,0.10376,0.671021,down
313256,6.488281,7.011719,3.277344,0.46875,0.570312,-1.011719,0.48584,0.550903,0.10968,0.669678,down
313261,6.414062,7.046875,2.894531,0.46875,0.570312,-1.011719,0.48584,0.550903,0.10968,0.669678,down
313267,6.375,7.125,2.855469,0.367188,0.568359,-0.980469,0.48584,0.550903,0.10968,0.669678,down
313272,6.261719,7.160156,2.78125,0.328125,0.556641,-0.982422,0.48584,0.550903,0.10968,0.669678,down
313277,6.070312,7.351562,2.703125,0.318359,0.550781,-0.988281,0.48584,0.550903,0.10968,0.669678,down
313283,5.914062,7.472656,2.664063,0.318359,0.550781,-0.988281,0.490845,0.546997,0.122925,0.666931,down
313289,5.800781,7.511719,2.664063,0.449219,0.580078,-1.017578,0.490845,0.546997,0.122925,0.666931,down
313294,5.761719,7.660156,2.703125,0.449219,0.580078,-1.017578,0.493713,0.544678,0.131409,0.6651,down
313300,5.648437,7.960937,2.78125,0.449219,0.580078,-1.017578,0.494507,0.544067,0.134277,0.664368,down
313305,5.570312,8.117188,2.78125,0.574219,0.642578,-1.095703,0.494507,0.544067,0.134277,0.664368,down
313311,5.457031,8.15625,2.78125,0.595703,0.751953,-1.144531,0.494507,0.544067,0.134277,0.664368,down
313316,5.417969,8.199219,2.625,0.595703,0.751953,-1.144531,0.497009,0.541626,0.144287,0.662415,down
313322,5.53125,8.316406,2.472656,0.595703,0.751953,-1.144531,0.497925,0.540588,0.14801,0.661743,down
313327,5.492187,8.503906,2.664063,0.5625,0.730469,-1.236328,0.497925,0.540588,0.14801,0.661743,down
313333,5.648437,8.695313,2.894531,0.5625,0.730469,-1.236328,0.5,0.538635,0.15509,0.660217,down
313339,5.648437,8.769531,3.046875,0.306641,0.648437,-1.332031,0.5,0.538635,0.15509,0.660217,down
313344,5.648437,8.804688,3.085938,0.306641,0.648437,-1.332031,0.504395,0.535095,0.164673,0.65741,down
313349,5.570312,8.769531,3.007813,0.306641,0.648437,-1.332031,0.506104,0.53363,0.16748,0.656555,down
313354,5.226562,8.925781,2.933594,-0.007813,0.630859,-1.398438,0.508118,0.531982,0.170288,0.655579,down
313359,5.035156,9.042969,2.972656,-0.007813,0.630859,-1.398438,0.510254,0.530396,0.172729,0.654602,down
313364,4.765625,9.078125,3.355469,-0.195312,0.359375,-1.382813,0.510254,0.530396,0.172729,0.654602,down
313370,4.613281,8.960938,3.851563,-0.195312,0.359375,-1.382813,0.514954,0.527527,0.176697,0.652222,down
313375,4.613281,8.960938,3.851563,-0.382813,0.115234,-1.28125,0.517395,0.526245,0.17804,0.650879,down
313380,4.421875,8.847656,4.003906,-0.382813,0.115234,-1.28125,0.52002,0.525024,0.179077,0.649475,down
313385,4.34375,8.808594,4.082031,-0.382813,0.115234,-1.28125,0.522522,0.523987,0.179749,0.648132,down
313390,4.460937,8.769531,4.121094,-0.382813,0.115234,-1.28125,0.522522,0.523987,0.179749,0.648132,down
313395,4.460937,8.769531,4.121094,-0.519531,-0.390625,-0.896484,0.527405,0.522583,0.180054,0.645264,down
313400,4.460937,8.769531,4.121094,-0.517578,-0.482422,-0.810547,0.529602,0.522217,0.179749,0.643799,down
313405,4.726562,8.804688,4.273437,-0.517578,-0.482422,-0.810547,0.529602,0.522217,0.179749,0.643799,down
313410,4.957031,9.039063,4.160156,-0.501953,-0.525391,-0.742187,0.531738,0.521973,0.17926,0.642334,down
313415,4.957031,9.039063,4.160156,-0.501953,-0.525391,-0.742187,0.531738,0.521973,0.17926,0.642334,down
313421,5.1875,9.34375,3.8125,-0.443359,-0.570312,-0.667969,0.537659,0.521912,0.17749,0.638,down
313426,5.53125,9.464844,3.621094,-0.443359,-0.570312,-0.667969,0.537659,0.521912,0.17749,0.638,down
313433,5.53125,9.574219,3.585938,-0.333984,-0.677734,-0.642578,0.537659,0.521912,0.17749,0.638,down
313438,5.722656,9.765625,3.699219,-0.292969,-0.685547,-0.642578,0.537659,0.521912,0.17749,0.638,down
313444,5.722656,9.804688,3.699219,-0.265625,-0.652344,-0.646484,0.546448,0.523499,0.174683,0.629944,down
313449,5.761719,9.84375,3.660156,-0.265625,-0.652344,-0.646484,0.546448,0.523499,0.174683,0.629944,down
313454,5.800781,9.886719,3.585938,-0.341797,-0.507812,-0.671875,0.546448,0.523499,0.174683,0.629944,down
313459,5.800781,9.957031,3.699219,-0.341797,-0.507812,-0.671875,0.551636,0.523804,0.173584,0.625427,down
313464,5.875,9.953125,3.777344,-0.507812,-0.404297,-0.681641,0.551636,0.523804,0.173584,0.625427,down
313469,5.875,9.886719,3.777344,-0.507812,-0.404297,-0.681641,0.553589,0.52356,0.173096,0.624023,down
313474,5.839844,9.84375,3.851563,-0.744141,-0.339844,-0.660156,0.553589,0.52356,0.173096,0.624023,down
313479,5.761719,9.808594,3.96875,-0.863281,-0.314453,-0.658203,0.557617,0.522461,0.171936,0.621765,down
313484,5.761719,9.769531,4.003906,-0.863281,-0.314453,-0.658203,0.56012,0.521423,0.170959,0.620605,down
313489,5.683594,9.765625,4.082031,-1.039063,-0.308594,-0.615234,0.562317,0.520386,0.169983,0.619751,down
313494,5.722656,9.6875,4.121094,-1.039063,-0.308594,-0.615234,0.567078,0.517944,0.167603,0.618103,down
313499,5.683594,9.652344,4.234375,-1.039063,-0.308594,-0.615234,0.569397,0.516724,0.16626,0.61731,down
313504,5.648437,9.464844,4.542969,-1.039063,-0.308594,-0.615234,0.569397,0.516724,0.16626,0.61731,down
313509,5.648437,9.347656,4.695312,-1.101563,-0.355469,-0.53125,0.57428,0.514221,0.163208,0.615723,down
313514,5.53125,9.117188,4.773437,-1.101563,-0.355469,-0.53125,0.57428,0.514221,0.163208,0.615723,down
313519,5.457031,9.042969,4.808594,-0.953125,-0.367188,-0.431641,0.57428,0.514221,0.163208,0.615723,down
313524,5.339844,8.960938,4.847656,-0.953125,-0.367188,-0.431641,0.578735,0.511963,0.160217,0.614258,down
313529,5.300781,8.738281,4.964844,-0.953125,-0.367188,-0.431641,0.582581,0.510254,0.157288,0.612793,down
313534,5.265625,8.738281,4.964844,-0.953125,-0.367188,-0.431641,0.584229,0.509583,0.155945,0.612061,down
313539,5.226562,8.734375,4.964844,-0.953125,-0.367188,-0.431641,0.584229,0.509583,0.155945,0.612061,down
313544,5.226562,8.695313,5.039062,-0.722656,-0.421875,-0.310547,0.587402,0.508545,0.153259,0.610596,down
313549,5.265625,8.65625,5.078125,-0.722656,-0.421875,-0.310547,0.588745,0.50824,0.152039,0.609863,down
313554,5.300781,8.734375,5.117187,-0.722656,-0.421875,-0.310547,0.589966,0.507996,0.15094,0.609131,down
313559,5.339844,8.695313,5.15625,-0.722656,-0.421875,-0.310547,0.589966,0.507996,0.15094,0.609131,down
313565,5.339844,8.695313,5.039062,-0.451172,-0.388672,-0.212891,0.589966,0.507996,0.15094,0.609131,down
313571,5.378906,8.621094,5.039062,-0.451172,-0.388672,-0.212891,0.593079,0.507507,0.14801,0.6073,down
313576,5.300781,8.65625,5.039062,-0.455078,-0.269531,-0.140625,0.593994,0.507202,0.147095,0.606873,down
313581,5.300781,8.578125,5.039062,-0.494141,-0.220703,-0.126953,0.593994,0.507202,0.147095,0.606873,down
313587,5.148437,8.5,5.0,-0.494141,-0.220703,-0.126953,0.595825,0.506287,0.145264,0.606262,down
313592,5.035156,8.464844,5.039062,-0.617187,-0.119141,-0.082031,0.595825,0.506287,0.145264,0.606262,down
313597,4.917969,8.386719,5.078125,-0.695312,-0.095703,-0.064453,0.595825,0.506287,0.145264,0.606262,down
313602,4.84375,8.3125,5.15625,-0.763672,-0.078125,-0.037109,0.595825,0.506287,0.145264,0.606262,down
313608,4.652344,8.082031,5.269531,-0.800781,-0.078125,-0.009766,0.595825,0.506287,0.145264,0.606262,down
313613,4.574219,8.0,5.308594,-0.800781,-0.078125,-0.009766,0.600891,0.501648,0.139404,0.606506,down
313619,4.421875,7.773437,5.347656,-0.824219,-0.103516,0.042969,0.600891,0.501648,0.139404,0.606506,down
313624,4.304687,7.695312,5.382812,-0.824219,-0.103516,0.042969,0.60376,0.498596,0.13501,0.607117,down
313629,4.34375,7.660156,5.347656,-0.824219,-0.103516,0.042969,0.60376,0.498596,0.13501,0.607117,down
313634,4.304687,7.507812,5.308594,-0.623047,-0.212891,0.150391,0.60376,0.498596,0.13501,0.607117,down
313639,4.269531,7.511719,5.308594,-0.623047,-0.212891,0.150391,0.605225,0.497192,0.132019,0.607483,down
313644,4.269531,7.511719,5.269531,-0.623047,-0.212891,0.150391,0.605225,0.497192,0.132019,0.607483,down
313649,4.269531,7.511719,5.269531,-0.550781,-0.248047,0.167969,0.606323,0.496338,0.129211,0.607727,down
313654,4.34375,7.46875,5.191406,-0.550781,-0.248047,0.167969,0.60675,0.496155,0.127869,0.607788,down
313659,4.421875,7.433594,5.078125,-0.388672,-0.322266,0.164062,0.607117,0.496033,0.126465,0.607788,down
313665,4.421875,7.394531,5.0,-0.355469,-0.339844,0.138672,0.607117,0.496033,0.126465,0.607788,down
313670,4.460937,7.390625,5.0,-0.355469,-0.339844,0.138672,0.608154,0.496033,0.122681,0.607483,down
313675,4.34375,7.394531,4.886719,-0.355469,-0.339844,0.138672,0.608521,0.496033,0.121521,0.607361,down
313680,4.34375,7.3125,4.847656,-0.355469,-0.339844,0.138672,0.609009,0.495972,0.1203,0.607178,down
313685,4.34375,7.234375,4.808594,-0.451172,-0.326172,0.068359,0.609009,0.495972,0.1203,0.607178,down
313690,4.304687,7.195312,4.65625,-0.470703,-0.333984,0.048828,0.609558,0.495789,0.118896,0.606995,down
313695,4.304687,7.195312,4.65625,-0.486328,-0.349609,0.046875,0.610718,0.495422,0.116455,0.606628,down
313700,4.304687,7.195312,4.617187,-0.492187,-0.371094,0.029297,0.610718,0.495422,0.116455,0.606628,down
313705,4.304687,7.199219,4.695312,-0.492187,-0.371094,0.029297,0.612122,0.495056,0.113647,0.606018,down
313710,4.269531,7.160156,4.695312,-0.492187,-0.371094,0.029297,0.612122,0.495056,0.113647,0.606018,down
313715,4.269531,7.128906,4.734375,-0.492187,-0.371094,0.029297,0.613403,0.494873,0.111145,0.605347,down
313720,4.269531,7.125,4.582031,-0.390625,-0.367188,-0.021484,0.614075,0.494812,0.109924,0.60498,down
313725,4.304687,7.089844,4.464844,-0.351563,-0.373047,-0.03125,0.614746,0.494751,0.108765,0.604553,down
313730,4.34375,7.15625,4.425781,-0.351563,-0.373047,-0.03125,0.615234,0.494812,0.107849,0.604126,down
313735,4.34375,7.195312,4.464844,-0.351563,-0.373047,-0.03125,0.615784,0.494934,0.106812,0.603638,down
313740,4.460937,7.238281,4.503906,-0.279297,-0.439453,-0.050781,0.615784,0.494934,0.106812,0.603638,down
313745,4.613281,7.234375,4.425781,-0.279297,-0.439453,-0.050781,0.616394,0.495178,0.105652,0.603088,down
313751,4.804687,7.160156,4.234375,-0.279297,-0.439453,-0.050781,0.617371,0.495605,0.10376,0.602051,down
313757,4.917969,7.238281,4.160156,-0.230469,-0.427734,-0.039063,0.617859,0.49585,0.102722,0.601501,down
313762,5.035156,7.277344,4.121094,-0.222656,-0.441406,-0.050781,0.617859,0.49585,0.102722,0.601501,down
313767,5.265625,7.390625,4.003906,-0.222656,-0.441406,-0.050781,0.617859,0.49585,0.102722,0.601501,down
313772,5.339844,7.429687,3.929688,-0.197266,-0.441406,-0.046875,0.617859,0.49585,0.102722,0.601501,down
313777,5.457031,7.472656,3.890625,-0.169922,-0.433594,-0.046875,0.617859,0.49585,0.102722,0.601501,down
313783,5.492187,7.511719,3.851563,-0.126953,-0.427734,-0.046875,0.617859,0.49585,0.102722,0.601501,down
313788,5.492187,7.695312,3.890625,-0.126953,-0.427734,-0.046875,0.617859,0.49585,0.102722,0.601501,down
313794,5.570312,7.8125,3.96875,-0.126953,-0.427734,-0.046875,0.620605,0.498657,0.096619,0.597412,down
313799,5.683594,7.894531,3.890625,-0.126953,-0.427734,-0.046875,0.620728,0.499146,0.09613,0.596924,down
313804,5.683594,7.929687,3.851563,-0.126953,-0.427734,-0.046875,0.62085,0.499817,0.095581,0.596313,down
313810,5.722656,8.003906,3.890625,0.134766,-0.376953,0.005859,0.62085,0.499817,0.095581,0.596313,down
313815,5.722656,8.078125,3.851563,0.134766,-0.376953,0.005859,0.620667,0.502014,0.09436,0.594849,down
313821,5.761719,8.273438,3.851563,0.134766,-0.376953,0.005859,0.620544,0.502808,0.093994,0.594421,down
313826,5.722656,8.382813,3.851563,0.171875,-0.419922,0.085937,0.6203,0.503723,0.093445,0.593872,down
313832,5.683594,8.425781,3.890625,0.179687,-0.451172,0.117188,0.620056,0.504639,0.092957,0.593506,down
313837,5.683594,8.425781,3.890625,0.191406,-0.460937,0.162109,0.619751,0.505615,0.092346,0.593079,down
313842,5.609375,8.460938,3.890625,0.191406,-0.460937,0.162109,0.619324,0.506714,0.091675,0.592712,down
313848,5.648437,8.421875,3.96875,0.220703,-0.503906,0.265625,0.619324,0.506714,0.091675,0.592712,down
313853,5.609375,8.421875,4.003906,0.226562,-0.5,0.316406,0.619324,0.506714,0.091675,0.592712,down
313858,5.648437,8.277344,4.082031,0.226562,-0.5,0.316406,0.617493,0.510132,0.089233,0.592041,down
313863,5.648437,8.195313,4.121094,0.230469,-0.460937,0.417969,0.617493,0.510132,0.089233,0.592041,down
313868,5.683594,8.195313,4.160156,0.226562,-0.4375,0.458984,0.617493,0.510132,0.089233,0.592041,down
313874,5.761719,8.117188,4.160156,0.226562,-0.4375,0.458984,0.61499,0.513489,0.086548,0.592102,down
313880,5.683594,8.082031,4.195312,0.226562,-0.4375,0.458984,0.61322,0.515503,0.084778,0.592529,down
313885,5.609375,8.121094,4.195312,0.191406,-0.349609,0.519531,0.61322,0.515503,0.084778,0.592529,down
313890,5.457031,8.0,4.3125,0.191406,-0.349609,0.519531,0.612183,0.516541,0.083801,0.592834,down
313895,5.378906,7.960937,4.390625,0.191406,-0.349609,0.519531,0.610413,0.51825,0.081909,0.593384,down
313900,5.339844,7.890625,4.390625,0.191406,-0.349609,0.519531,0.610413,0.51825,0.081909,0.593384,down
313905,5.265625,7.890625,4.464844,0.173828,-0.365234,0.548828,0.608459,0.520081,0.079895,0.594055,down
313910,5.265625,7.855469,4.695312,0.173828,-0.365234,0.548828,0.607422,0.521118,0.078857,0.59436,down
313915,5.226562,7.773437,4.808594,0.173828,-0.365234,0.548828,0.606323,0.522156,0.07782,0.594666,down
313920,5.226562,7.738281,4.886719,0.173828,-0.365234,0.548828,0.606323,0.522156,0.07782,0.594666,down
313925,5.265625,7.695312,4.925781,0.28125,-0.423828,0.642578,0.603821,0.524536,0.075684,0.595398,down
313930,5.300781,7.699219,4.964844,0.28125,-0.423828,0.642578,0.602478,0.525818,0.074646,0.595825,down
313935,5.378906,7.582031,4.847656,0.28125,-0.423828,0.642578,0.600952,0.527222,0.073547,0.596252,down
313940,5.457031,7.621094,4.847656,0.28125,-0.423828,0.642578,0.600952,0.527222,0.073547,0.596252,down
313945,5.722656,7.660156,4.886719,0.378906,-0.486328,0.765625,0.600952,0.527222,0.073547,0.596252,down
313950,5.875,7.699219,4.847656,0.378906,-0.486328,0.765625,0.596191,0.531677,0.069763,0.597534,down
313955,6.03125,7.699219,4.847656,0.300781,-0.519531,0.808594,0.596191,0.531677,0.069763,0.597534,down
313960,6.105469,7.65625,4.773437,0.300781,-0.519531,0.808594,0.594788,0.532959,0.068481,0.597961,down
313965,6.261719,7.582031,4.464844,0.279297,-0.474609,0.798828,0.594788,0.532959,0.068481,0.597961,down
313970,6.335937,7.507812,4.390625,0.207031,-0.382813,0.791016,0.591797,0.535461,0.065735,0.598938,down
313975,6.375,7.390625,4.3125,0.207031,-0.382813,0.791016,0.590271,0.536621,0.064331,0.599609,down
313980,6.375,7.390625,4.3125,0.177734,-0.357422,0.787109,0.588989,0.537476,0.06311,0.600159,down
313985,6.566406,7.316406,4.234375,0.142578,-0.285156,0.771484,0.588989,0.537476,0.06311,0.600159,down
313990,6.488281,7.316406,4.121094,0.111328,-0.1875,0.755859,0.586365,0.539001,0.060608,0.601624,down
313995,6.488281,7.316406,4.121094,0.111328,-0.1875,0.755859,0.586365,0.539001,0.060608,0.601624,down
314000,6.296875,7.351562,4.121094,0.154297,-0.072266,0.755859,0.586365,0.539001,0.060608,0.601624,down
314005,6.296875,7.351562,4.121094,0.154297,-0.072266,0.755859,0.58252,0.540405,0.057617,0.604431,down
314010,6.222656,7.390625,4.273437,0.255859,-0.050781,0.792969,0.58252,0.540405,0.057617,0.604431,down
314015,6.222656,7.46875,4.351562,0.255859,-0.050781,0.792969,0.579712,0.541382,0.055969,0.606384,down
314020,6.296875,7.550781,4.503906,0.3125,-0.058594,0.8125,0.576416,0.542664,0.054565,0.608521,down
314025,6.296875,7.550781,4.582031,0.3125,-0.058594,0.8125,0.576416,0.542664,0.054565,0.608521,down
314030,6.296875,7.621094,4.695312,0.498047,-0.050781,0.853516,0.576416,0.542664,0.054565,0.608521,down
314035,6.375,7.660156,4.65625,0.498047,-0.050781,0.853516,0.572693,0.544312,0.053406,0.610657,down
314040,6.414062,7.660156,4.65625,0.529297,-0.023437,0.857422,0.568604,0.546143,0.052612,0.612915,down
314045,6.453125,7.621094,4.617187,0.529297,-0.023437,0.857422,0.568604,0.546143,0.052612,0.612915,down
314050,6.453125,7.617187,4.542969,0.4375,0.050781,0.861328,0.568604,0.546143,0.052612,0.612915,down
314055,6.488281,7.511719,4.503906,0.332031,0.082031,0.861328,0.564636,0.547668,0.05188,0.615295,down
314061,6.566406,7.394531,4.464844,0.214844,0.117188,0.855469,0.562744,0.548218,0.051392,0.616516,down
314066,6.527344,7.277344,4.390625,0.214844,0.117188,0.855469,0.559326,0.548706,0.049927,0.619324,down
314071,6.566406,7.046875,4.234375,0.214844,0.117188,0.855469,0.557983,0.548584,0.049072,0.620728,down
314076,6.679687,6.894531,4.195312,0.214844,0.117188,0.855469,0.556885,0.54834,0.048096,0.622009,down
314081,6.71875,6.816406,4.160156,-0.201172,0.207031,0.845703,0.556885,0.54834,0.048096,0.622009,down
314086,6.679687,6.742187,4.160156,-0.201172,0.207031,0.845703,0.554626,0.547302,0.045654,0.625122,down
314091,6.644531,6.511719,4.121094,-0.201172,0.207031,0.845703,0.553589,0.546692,0.044495,0.626648,down
314096,6.601562,6.472656,4.082031,-0.201172,0.207031,0.845703,0.552673,0.546143,0.043579,0.628052,down
314101,6.601562,6.511719,4.121094,-0.097656,0.300781,0.814453,0.551392,0.545532,0.042542,0.6297,down
314106,6.5625,6.511719,4.160156,-0.003906,0.335938,0.800781,0.55011,0.545044,0.041809,0.631287,down
314113,6.527344,6.628906,4.121094,-0.003906,0.335938,0.800781,0.548889,0.544678,0.041321,0.632751,down
314119,6.527344,6.628906,4.082031,0.148437,0.404297,0.753906,0.548889,0.544678,0.041321,0.632751,down
314124,6.527344,6.589844,4.042969,0.208984,0.439453,0.710937,0.548889,0.544678,0.041321,0.632751,down
314129,6.488281,6.546875,3.96875,0.267578,0.474609,0.677734,0.548889,0.544678,0.041321,0.632751,down
314135,6.488281,6.507812,3.890625,0.306641,0.521484,0.644531,0.548889,0.544678,0.041321,0.632751,down
314141,6.488281,6.507812,3.890625,0.3125,0.558594,0.613281,0.5401,0.542419,0.041992,0.64209,down
314146,6.453125,6.546875,3.851563,0.3125,0.558594,0.613281,0.538757,0.54187,0.04248,0.643677,down
314151,6.375,6.546875,3.8125,0.189453,0.65625,0.558594,0.537415,0.541199,0.042969,0.645325,down
314156,6.375,6.546875,3.8125,0.111328,0.693359,0.541016,0.536377,0.540405,0.043335,0.646851,down
314161,6.261719,6.46875,3.8125,0.111328,0.693359,0.541016,0.535217,0.539368,0.043701,0.648682,down
314166,6.222656,6.394531,3.8125,0.111328,0.693359,0.541016,0.534302,0.538391,0.044006,0.650208,down
314171,6.296875,6.394531,3.8125,0.011719,0.763672,0.511719,0.533264,0.53717,0.044373,0.651978,down
314177,6.335937,6.390625,3.8125,0.011719,0.763672,0.511719,0.532471,0.536072,0.044739,0.653564,down
314183,6.457031,6.394531,3.738281,0.011719,0.763672,0.511719,0.531494,0.534851,0.045105,0.655273,down
314189,6.457031,6.394531,3.777344,0.035156,0.789062,0.466797,0.531494,0.534851,0.045105,0.655273,down
314194,6.375,6.429687,3.738281,0.041016,0.800781,0.460937,0.531494,0.534851,0.045105,0.655273,down
314199,6.375,6.429687,3.738281,0.042969,0.806641,0.451172,0.528748,0.531189,0.046631,0.660339,down
314204,6.457031,6.394531,3.738281,0.042969,0.806641,0.451172,0.528748,0.531189,0.046631,0.660339,down
314209,6.457031,6.394531,3.738281,0.019531,0.833984,0.419922,0.5271,0.528748,0.047729,0.663574,down
314214,6.417969,6.359375,3.777344,0.019531,0.833984,0.419922,0.5271,0.528748,0.047729,0.663574,down
314219,6.417969,6.28125,3.738281,-0.023437,0.876953,0.400391,0.525635,0.525879,0.048889,0.666931,down
314225,6.375,6.128906,3.777344,-0.023437,0.876953,0.400391,0.525635,0.525879,0.048889,0.666931,down
314230,6.417969,6.089844,3.890625,-0.126953,0.974609,0.347656,0.525635,0.525879,0.048889,0.666931,down
314235,6.488281,5.898437,3.890625,-0.142578,1.017578,0.341797,0.525635,0.525879,0.048889,0.666931,down
314240,6.484375,5.859375,3.96875,-0.154297,1.060547,0.314453,0.525635,0.525879,0.048889,0.666931,down
314245,6.453125,5.820312,4.042969,-0.154297,1.060547,0.314453,0.522888,0.516846,0.052185,0.675842,down
314251,6.457031,5.78125,4.042969,-0.144531,1.142578,0.289063,0.521973,0.512573,0.053955,0.679626,down
314256,6.457031,5.78125,4.082031,-0.09375,1.220703,0.240234,0.521545,0.510559,0.054993,0.681396,down
314261,6.375,5.746094,4.082031,-0.09375,1.220703,0.240234,0.521545,0.510559,0.054993,0.681396,down
314266,6.414062,5.746094,4.121094,0.001953,1.279297,0.185547,0.520996,0.508118,0.056396,0.683533,down
314272,6.484375,5.707031,4.273437,0.001953,1.279297,0.185547,0.52002,0.503784,0.059204,0.687195,down
314277,6.457031,5.746094,4.234375,0.001953,1.279297,0.185547,0.519531,0.501831,0.060791,0.688904,down
314282,6.417969,5.820312,4.234375,0.103516,1.396484,0.078125,0.518982,0.499268,0.062866,0.690979,down
314287,6.300781,5.820312,4.3125,0.103516,1.396484,0.078125,0.518616,0.497253,0.064514,0.692566,down
314293,6.300781,5.820312,4.464844,0.103516,1.396484,0.078125,0.51825,0.494934,0.066345,0.694275,down
314298,6.21875,5.746094,4.503906,-0.025391,1.439453,-0.019531,0.51825,0.494934,0.066345,0.694275,down
314303,6.140625,5.78125,4.503906,-0.087891,1.470703,-0.058594,0.51825,0.494934,0.066345,0.694275,down
314308,6.179687,5.78125,4.503906,-0.087891,1.470703,-0.058594,0.517944,0.486755,0.072083,0.699707,down
314313,6.070312,5.898437,4.464844,-0.230469,1.511719,-0.130859,0.517944,0.486755,0.072083,0.699707,down
314318,6.074219,5.9375,4.542969,-0.320313,1.539063,-0.154297,0.517944,0.486755,0.072083,0.699707,down
314325,5.953125,6.050781,4.925781,-0.386719,1.537109,-0.171875,0.517944,0.486755,0.072083,0.699707,down
314330,5.914062,5.972656,5.191406,-0.458984,1.455078,-0.164062,0.517944,0.486755,0.072083,0.699707,down
314335,5.914062,6.011719,5.421875,-0.458984,1.455078,-0.164062,0.519897,0.471436,0.079651,0.707947,down
314341,5.839844,5.9375,5.578125,-0.392578,1.443359,-0.123047,0.519897,0.471436,0.079651,0.707947,down
314346,5.609375,5.941406,5.613281,-0.392578,1.443359,-0.123047,0.521118,0.462158,0.083557,0.712646,down
314351,5.53125,5.902344,5.691406,-0.392578,1.443359,-0.123047,0.521362,0.458923,0.084961,0.714417,down
314356,5.457031,5.9375,5.769531,-0.392578,1.443359,-0.123047,0.521362,0.458923,0.084961,0.714417,down
314361,5.457031,5.9375,5.769531,-0.240234,1.271484,0.003906,0.521423,0.456421,0.086121,0.71582,down
314366,5.339844,6.128906,5.960937,-0.175781,1.191406,0.058594,0.521423,0.456421,0.086121,0.71582,down
314371,5.339844,6.128906,5.960937,-0.091797,1.123047,0.097656,0.521057,0.451721,0.088562,0.71875,down
314376,5.265625,6.324219,5.996094,-0.091797,1.123047,0.097656,0.520691,0.449768,0.089722,0.720093,down
314381,5.265625,6.707031,5.921875,0.03125,0.964844,0.144531,0.520203,0.447937,0.090881,0.721436,down
314386,5.300781,6.816406,5.921875,0.095703,0.857422,0.152344,0.520203,0.447937,0.090881,0.721436,down
314391,5.417969,6.890625,5.960937,0.095703,0.857422,0.152344,0.519043,0.444763,0.093323,0.723938,down
314396,5.417969,7.007812,5.921875,0.007813,0.835937,0.138672,0.518494,0.443359,0.09436,0.725037,down
314402,5.378906,7.125,5.921875,0.007813,0.835937,0.138672,0.517639,0.440552,0.09613,0.727112,down
314407,5.378906,7.15625,5.996094,-0.238281,0.878906,0.115234,0.517395,0.438599,0.096924,0.728394,down
314413,5.417969,7.011719,5.960937,-0.238281,0.878906,0.115234,0.517334,0.436768,0.09729,0.729492,down
314418,5.378906,6.96875,5.921875,-0.576172,0.976562,0.09375,0.517334,0.436768,0.09729,0.729492,down
314424,5.339844,6.707031,5.960937,-0.576172,0.976562,0.09375,0.517334,0.436768,0.09729,0.729492,down
314430,5.300781,6.550781,6.035156,-0.855469,1.035156,0.083984,0.517334,0.436768,0.09729,0.729492,down
314435,5.265625,6.433594,6.113281,-0.949219,1.078125,0.072266,0.517334,0.436768,0.09729,0.729492,down
314440,5.300781,6.203125,6.308594,-0.949219,1.078125,0.072266,0.517334,0.436768,0.09729,0.729492,down
314446,5.300781,6.050781,6.34375,-0.964844,1.232422,0.037109,0.517334,0.436768,0.09729,0.729492,down
314451,5.339844,5.898437,6.414062,-0.964844,1.232422,0.037109,0.520691,0.415588,0.095764,0.739563,down
314456,5.300781,5.859375,6.417969,-0.964844,1.232422,0.037109,0.521362,0.411804,0.095703,0.741272,down
314461,5.226562,5.820312,6.417969,-0.964844,1.232422,0.037109,0.521851,0.408508,0.095825,0.742676,down
314466,5.1875,5.820312,6.457031,-0.695312,1.435547,-0.037109,0.522766,0.401062,0.097107,0.745972,down
314471,5.109375,5.859375,6.535156,-0.695312,1.435547,-0.037109,0.522766,0.401062,0.097107,0.745972,down
314476,5.035156,5.820312,6.652344,-0.695312,1.435547,-0.037109,0.523254,0.394226,0.099304,0.748962,down
314481,4.996094,5.859375,6.730469,-0.695312,1.435547,-0.037109,0.523254,0.394226,0.099304,0.748962,down
314486,4.917969,5.820312,6.839844,-0.349609,1.513672,-0.078125,0.523499,0.387695,0.102051,0.751831,down
314491,4.652344,5.820312,6.957031,-0.349609,1.513672,-0.078125,0.523499,0.387695,0.102051,0.751831,down
314496,4.574219,5.859375,6.917969,-0.349609,1.513672,-0.078125,0.523499,0.38446,0.103638,0.753296,down
314501,4.460937,5.820312,6.878906,-0.259766,1.644531,-0.066406,0.523499,0.38446,0.103638,0.753296,down
314506,4.34375,5.9375,6.796875,-0.259766,1.644531,-0.066406,0.523376,0.377625,0.106995,0.756287,down
314511,4.34375,5.9375,6.796875,-0.259766,1.644531,-0.066406,0.523254,0.370728,0.110352,0.759338,down
314516,4.113281,6.011719,6.726562,-0.259766,1.644531,-0.066406,0.523254,0.370728,0.110352,0.759338,down
314521,4.113281,6.011719,6.726562,-0.304688,1.611328,-0.050781,0.523132,0.367065,0.112061,0.760925,down
314526,4.0,6.203125,6.648437,-0.308594,1.597656,-0.056641,0.523071,0.36377,0.113586,0.762329,down
314531,4.0,6.203125,6.648437,-0.310547,1.578125,-0.074219,0.52301,0.360352,0.115112,0.763733,down
314537,3.960938,6.242187,6.648437,-0.310547,1.578125,-0.074219,0.52301,0.356873,0.116638,0.765198,down
314542,3.960938,6.242187,6.648437,-0.308594,1.527344,-0.080078,0.522949,0.35022,0.119568,0.767822,down
314548,3.695313,6.203125,6.613281,-0.308594,1.527344,-0.080078,0.522888,0.346863,0.121094,0.769165,down
314553,3.578125,6.242187,6.609375,-0.324219,1.494141,-0.058594,0.522827,0.343567,0.122498,0.770447,down
314559,3.464844,6.242187,6.6875,-0.34375,1.455078,-0.03125,0.522827,0.343567,0.122498,0.770447,down
314564,3.347656,6.242187,6.878906,-0.34375,1.455078,-0.03125,0.522644,0.336975,0.125,0.773071,down
314570,3.308594,6.28125,6.992187,-0.417969,1.351563,0.019531,0.522644,0.336975,0.125,0.773071,down
314575,3.308594,6.242187,7.148437,-0.445312,1.292969,0.050781,0.522644,0.336975,0.125,0.773071,down
314581,3.273438,6.28125,7.375,-0.482422,1.244141,0.095703,0.522644,0.336975,0.125,0.773071,down
314586,3.234375,6.28125,7.375,-0.482422,1.244141,0.095703,0.522095,0.324707,0.128113,0.778198,down
314591,3.195313,6.28125,7.457031,-0.585937,1.058594,0.234375,0.522095,0.324707,0.128113,0.778198,down
314596,3.15625,6.164062,7.53125,-0.585937,1.058594,0.234375,0.521545,0.318726,0.128601,0.780945,down
314602,3.195313,6.011719,7.53125,-0.628906,0.876953,0.339844,0.521179,0.316101,0.12854,0.782288,down
314607,3.195313,5.9375,7.492187,-0.628906,0.876953,0.339844,0.520264,0.311218,0.127869,0.784912,down
314612,3.15625,5.820312,7.496094,-0.667969,0.679687,0.4375,0.519714,0.309021,0.127197,0.786255,down
314618,3.082031,5.78125,7.496094,-0.675781,0.599609,0.478516,0.519165,0.307251,0.126404,0.787476,down
314623,3.042969,5.398437,7.535156,-0.675781,0.599609,0.478516,0.518555,0.30542,0.125427,0.788696,down
314628,3.082031,5.324219,7.535156,-0.640625,0.445312,0.533203,0.518555,0.30542,0.125427,0.788696,down
314634,3.234375,5.246094,7.566406,-0.630859,0.396484,0.541016,0.518555,0.30542,0.125427,0.788696,down
314639,3.15625,5.171875,7.644531,-0.599609,0.345703,0.541016,0.518555,0.30542,0.125427,0.788696,down
314644,3.273438,5.132812,7.679687,-0.566406,0.304688,0.541016,0.518555,0.30542,0.125427,0.788696,down
314651,3.425781,5.132812,7.640625,-0.544922,0.271484,0.542969,0.518555,0.30542,0.125427,0.788696,down
314656,3.464844,5.054687,7.640625,-0.537109,0.253906,0.537109,0.514221,0.297485,0.118652,0.795593,down
314662,3.5,5.054687,7.5625,-0.505859,0.21875,0.552734,0.514221,0.297485,0.118652,0.795593,down
314667,3.5,5.015625,7.53125,-0.505859,0.21875,0.552734,0.51178,0.294617,0.115112,0.798767,down
314672,3.464844,5.015625,7.457031,-0.505859,0.21875,0.552734,0.511047,0.293823,0.114014,0.799683,down
314677,3.386719,5.015625,7.496094,-0.517578,0.134766,0.621094,0.510132,0.29303,0.112671,0.800781,down
314683,3.308594,4.824219,7.492187,-0.517578,0.134766,0.621094,0.509216,0.292297,0.111389,0.801758,down
314688,3.273438,4.75,7.457031,-0.521484,0.103516,0.691406,0.509216,0.292297,0.111389,0.801758,down
314693,3.195313,4.59375,7.453125,-0.521484,0.103516,0.691406,0.507202,0.291077,0.108582,0.803894,down
314699,3.15625,4.59375,7.535156,-0.435547,0.015625,0.783203,0.50592,0.290588,0.107117,0.805054,down
314704,3.234375,4.558594,7.605469,-0.353516,-0.054687,0.833984,0.50592,0.290588,0.107117,0.805054,down
314709,3.234375,4.558594,7.605469,-0.353516,-0.054687,0.833984,0.503174,0.290405,0.10437,0.80719,down
314714,3.273438,4.671875,7.683594,-0.144531,-0.185547,0.914062,0.503174,0.290405,0.10437,0.80719,down
314719,3.273438,4.671875,7.683594,-0.144531,-0.185547,0.914062,0.503174,0.290405,0.10437,0.80719,down
314724,3.273438,4.710937,7.761719,-0.015625,-0.291016,0.974609,0.497742,0.292358,0.100891,0.810303,down
314729,3.386719,4.671875,7.722656,-0.015625,-0.291016,0.974609,0.497742,0.292358,0.100891,0.810303,down
314734,3.386719,4.671875,7.722656,0.34375,-0.527344,1.091797,0.493408,0.295349,0.099182,0.812073,down
314740,3.425781,4.710937,7.339844,0.34375,-0.527344,1.091797,0.493408,0.295349,0.099182,0.812073,down
314745,3.386719,4.824219,7.261719,0.34375,-0.527344,1.091797,0.488525,0.299255,0.097656,0.813782,down
314750,3.464844,4.824219,7.296875,0.416016,-0.677734,1.177734,0.488525,0.299255,0.097656,0.813782,down
314755,3.5,4.785156,7.296875,0.392578,-0.722656,1.195313,0.488525,0.299255,0.097656,0.813782,down
314760,3.464844,4.75,7.257812,0.34375,-0.75,1.201172,0.488525,0.299255,0.097656,0.813782,down
314766,3.425781,4.632812,7.296875,0.207031,-0.777344,1.21875,0.488525,0.299255,0.097656,0.813782,down
314771,3.386719,4.632812,7.414062,0.207031,-0.777344,1.21875,0.47583,0.310242,0.092285,0.81781,down
314777,3.347656,4.59375,7.53125,0.082031,-0.855469,1.238281,0.47583,0.310242,0.092285,0.81781,down
314782,3.308594,4.519531,7.679687,0.082031,-0.855469,1.238281,0.468567,0.31665,0.087158,0.820129,down
314787,3.347656,4.367187,7.683594,0.082031,-0.855469,1.238281,0.468567,0.31665,0.087158,0.820129,down
314792,3.386719,4.136719,7.722656,-0.041016,-1.025391,1.267578,0.468567,0.31665,0.087158,0.820129,down
314797,3.425781,3.945313,7.644531,-0.041016,-1.025391,1.267578,0.461426,0.323547,0.080505,0.822144,down
314802,3.5,3.675781,7.496094,-0.041016,-1.025391,1.267578,0.461426,0.323547,0.080505,0.822144,down
314807,3.617188,3.597656,7.453125,0.039063,-1.214844,1.339844,0.459045,0.32605,0.078125,0.822754,down
314812,3.695313,3.597656,7.457031,0.039063,-1.214844,1.339844,0.45636,0.328918,0.0755,0.823303,down
314817,3.695313,3.5625,7.457031,0.039063,-1.214844,1.339844,0.453674,0.331909,0.073059,0.823792,down
314822,3.769531,3.523438,7.457031,0.21875,-1.382813,1.384766,0.448364,0.338318,0.068726,0.824463,down
314827,3.769531,3.40625,7.457031,0.400391,-1.515625,1.458984,0.448364,0.338318,0.068726,0.824463,down
314832,3.886719,2.949219,7.5625,0.400391,-1.515625,1.458984,0.445068,0.342346,0.066406,0.824829,down
314837,4.0,2.757813,7.53125,0.400391,-1.515625,1.458984,0.438782,0.35022,0.062561,0.825134,down
314842,4.078125,2.640625,7.535156,0.400391,-1.515625,1.458984,0.438782,0.35022,0.062561,0.825134,down
314847,4.152344,2.601563,7.453125,0.78125,-1.742188,1.589844,0.431274,0.359741,0.059143,0.825317,down
314852,4.382812,2.640625,7.261719,0.78125,-1.742188,1.589844,0.427063,0.364746,0.057739,0.825317,down
314857,4.34375,2.796875,7.070312,0.78125,-1.742188,1.589844,0.427063,0.364746,0.057739,0.825317,down
314862,4.34375,2.796875,7.070312,1.238281,-1.769531,1.783203,0.422913,0.36969,0.056702,0.825378,down
314867,4.304687,2.988281,6.957031,1.410156,-1.832031,1.839844,0.422913,0.36969,0.056702,0.825378,down
314872,4.34375,2.832031,7.03125,1.556641,-1.892578,1.900391,0.422913,0.36969,0.056702,0.825378,down
314877,4.34375,2.832031,7.03125,1.693359,-1.902344,1.947266,0.407959,0.386536,0.054749,0.825317,down
314883,4.882812,2.71875,7.183594,1.826172,-1.847656,1.996094,0.396606,0.398438,0.054687,0.825195,down
314888,4.996094,2.988281,6.875,1.826172,-1.847656,1.996094,0.389893,0.404907,0.055115,0.825195,down
314893,5.035156,2.988281,6.800781,1.826172,-1.847656,1.996094,0.384705,0.40979,0.055664,0.825195,down
314898,5.1875,2.949219,6.6875,2.044922,-1.554688,1.933594,0.378418,0.415588,0.056396,0.825134,down
314903,5.1875,2.949219,6.6875,2.033203,-1.533203,1.867188,0.372864,0.420715,0.057129,0.825012,down
314908,5.226562,3.140625,6.6875,2.019531,-1.550781,1.791016,0.367004,0.426208,0.057983,0.824768,down
314914,5.417969,3.292969,6.800781,2.019531,-1.550781,1.791016,0.361755,0.431274,0.058777,0.824402,down
314919,5.417969,3.292969,6.800781,1.966797,-1.576172,1.609375,0.35614,0.436829,0.059692,0.823853,down
314924,5.609375,3.371094,6.6875,1.966797,-1.576172,1.609375,0.351257,0.441833,0.060547,0.823242,down
314930,5.722656,3.445313,6.730469,1.966797,-1.576172,1.609375,0.346375,0.447021,0.061279,0.822449,down
314935,5.914062,3.445313,6.726562,1.769531,-1.787109,1.441406,0.346375,0.447021,0.061279,0.822449,down
314940,5.914062,3.445313,6.726562,1.681641,-1.8125,1.40625,0.336975,0.457886,0.062256,0.820312,down
314945,6.222656,3.445313,6.375,1.681641,-1.8125,1.40625,0.336975,0.457886,0.062256,0.820312,down
314950,6.339844,3.523438,6.113281,1.587891,-1.779297,1.392578,0.328125,0.468262,0.0625,0.817993,down
314955,6.339844,3.523438,6.113281,1.587891,-1.779297,1.392578,0.328125,0.468262,0.0625,0.817993,down
314960,6.722656,3.753906,5.421875,1.328125,-1.685547,1.400391,0.319702,0.477844,0.06189,0.815857,down
314967,7.140625,3.597656,4.695312,1.328125,-1.685547,1.400391,0.319702,0.477844,0.06189,0.815857,down
314972,7.222656,3.523438,4.65625,0.841797,-1.396484,1.34375,0.319702,0.477844,0.06189,0.815857,down
314977,7.257812,3.484375,4.847656,0.841797,-1.396484,1.34375,0.30835,0.489807,0.059448,0.813293,down
314982,7.710937,3.445313,5.191406,0.896484,-1.429688,1.251953,0.30835,0.489807,0.059448,0.813293,down
314987,7.789062,3.371094,5.191406,0.941406,-1.365234,1.207031,0.301514,0.497314,0.057556,0.811462,down
314992,7.753906,3.214844,5.117187,0.941406,-1.365234,1.207031,0.297729,0.501343,0.056763,0.810425,down
314997,7.828125,3.023438,5.039062,0.984375,-1.333984,1.123047,0.294373,0.504944,0.056213,0.809448,down
315003,8.09375,2.832031,5.117187,1.017578,-1.316406,1.080078,0.29126,0.508301,0.055786,0.808533,down
315008,8.132813,2.871094,5.078125,1.017578,-1.316406,1.080078,0.284241,0.515808,0.055176,0.806274,down
315013,8.097656,2.988281,4.964844,1.017578,-1.316406,1.080078,0.281372,0.51886,0.055115,0.805359,down
315018,8.132813,2.910156,4.617187,1.017578,-1.316406,1.080078,0.278259,0.522217,0.055115,0.80426,down
315023,8.253906,2.949219,4.390625,0.984375,-1.265625,0.917969,0.274841,0.526001,0.054993,0.802979,down
315028,8.371094,3.023438,4.234375,0.953125,-1.28125,0.871094,0.271912,0.529419,0.054871,0.801697,down
315033,8.449219,3.179688,4.082031,0.953125,-1.28125,0.871094,0.269592,0.532227,0.05481,0.800659,down
315039,8.597656,3.523438,3.890625,0.953125,-1.28125,0.871094,0.266785,0.535828,0.054626,0.799194,down
315044,8.558594,3.484375,3.96875,0.818359,-1.335938,0.730469,0.264404,0.539124,0.054443,0.797791,down
315050,8.714844,3.40625,3.929688,0.771484,-1.351563,0.71875,0.264404,0.539124,0.054443,0.797791,down
315055,8.714844,3.40625,3.929688,0.738281,-1.310547,0.716797,0.259949,0.545471,0.053833,0.794983,down
315060,8.636719,3.371094,3.851563,0.738281,-1.310547,0.716797,0.259949,0.545471,0.053833,0.794983,down
315065,8.558594,3.40625,3.777344,0.71875,-1.285156,0.726562,0.255493,0.551636,0.052979,0.792236,down
315070,8.558594,3.40625,3.777344,0.570312,-1.216797,0.789062,0.253235,0.554687,0.052307,0.790833,down
315075,8.710938,3.253906,3.429688,0.570312,-1.216797,0.789062,0.253235,0.554687,0.052307,0.790833,down
315081,8.671875,3.292969,3.394531,0.451172,-1.171875,0.822266,0.249023,0.56012,0.050354,0.788513,down
315087,9.015625,3.214844,3.277344,0.337891,-1.091797,0.851562,0.249023,0.56012,0.050354,0.788513,down
315092,9.09375,3.179688,3.164063,0.337891,-1.091797,0.851562,0.244995,0.565002,0.047974,0.786377,down
315097,9.214844,3.179688,3.046875,0.3125,-1.015625,0.796875,0.244995,0.565002,0.047974,0.786377,down
315103,9.324219,3.140625,2.855469,0.283203,-0.960937,0.740234,0.239563,0.571777,0.044617,0.783386,down
315108,9.515625,3.101563,2.703125,0.283203,-0.960937,0.740234,0.238098,0.573669,0.043701,0.782471,down
315113,9.597656,3.101563,2.625,0.253906,-0.816406,0.513672,0.236633,0.575623,0.042908,0.781555,down
315118,9.558594,3.023438,2.625,0.253906,-0.816406,0.513672,0.235535,0.577271,0.042236,0.780701,down
315123,9.28125,2.910156,2.742188,0.220703,-0.777344,0.414062,0.235535,0.577271,0.042236,0.780701,down
315128,9.019531,2.832031,2.816406,0.220703,-0.777344,0.414062,0.233276,0.580994,0.040894,0.778687,down
315133,8.828125,2.71875,2.972656,0.220703,-0.777344,0.414062,0.232422,0.582397,0.040344,0.777893,down
315138,8.632813,2.640625,3.125,0.220703,-0.777344,0.414062,0.232422,0.582397,0.040344,0.777893,down
315143,8.40625,2.679688,3.238281,0.166016,-0.800781,0.478516,0.230286,0.585876,0.038574,0.776062,down
315148,8.40625,2.601563,3.355469,0.121094,-0.880859,0.628906,0.228882,0.587891,0.037292,0.775024,down
315153,8.554688,2.527344,3.507813,0.121094,-0.880859,0.628906,0.228882,0.587891,0.037292,0.775024,down
315158,8.792969,2.527344,3.585938,0.158203,-0.931641,0.748047,0.228882,0.587891,0.037292,0.775024,down
315163,8.9375,2.640625,3.585938,0.201172,-0.865234,0.755859,0.226135,0.591553,0.034851,0.773132,down
315168,9.398438,2.757813,3.203125,0.201172,-0.865234,0.755859,0.222656,0.595459,0.032349,0.77124,down
315173,9.515625,2.871094,3.007813,0.355469,-0.841797,0.660156,0.222656,0.595459,0.032349,0.77124,down
315178,9.597656,2.910156,2.933594,0.355469,-0.841797,0.660156,0.21936,0.59906,0.030823,0.769409,down
315183,9.703125,2.988281,2.78125,0.355469,-0.841797,0.660156,0.217834,0.600891,0.030579,0.768433,down
315188,9.707031,3.0625,2.511719,0.355469,-0.841797,0.660156,0.217834,0.600891,0.030579,0.768433,down
315193,9.59375,3.140625,2.398438,0.609375,-0.830078,0.322266,0.214783,0.604919,0.030945,0.766113,down
315198,9.476563,3.140625,2.433594,0.654297,-0.896484,0.130859,0.213623,0.606873,0.031433,0.764893,down
315203,9.554688,3.023438,2.511719,0.654297,-0.896484,0.130859,0.212402,0.609253,0.032104,0.763367,down
315208,9.632813,3.0625,2.589844,0.582031,-0.876953,0.033203,0.212402,0.609253,0.032104,0.763367,down
315213,9.476563,3.253906,2.589844,0.582031,-0.876953,0.033203,0.211487,0.611206,0.032715,0.761963,down
315218,9.398438,3.292969,2.625,0.582031,-0.876953,0.033203,0.210144,0.614807,0.033508,0.759399,down
315223,9.441406,3.332031,2.625,0.582031,-0.876953,0.033203,0.210144,0.614807,0.033508,0.759399,down
315228,9.398438,3.253906,2.625,0.224609,-0.84375,0.058594,0.209351,0.618347,0.033325,0.756775,down
315233,9.171875,3.140625,2.511719,0.224609,-0.84375,0.058594,0.209106,0.619934,0.032898,0.755554,down
315238,9.019531,3.023438,2.550781,0.224609,-0.84375,0.058594,0.209106,0.619934,0.032898,0.755554,down
315243,9.019531,3.023438,2.550781,0.058594,-0.84375,0.140625,0.208862,0.621521,0.032349,0.754395,down
315248,8.9375,2.910156,2.589844,0.083984,-0.910156,0.191406,0.208862,0.621521,0.032349,0.754395,down
315253,8.710938,2.566406,2.742188,0.123047,-0.960937,0.242187,0.208008,0.625061,0.031128,0.751709,down
315258,8.710938,2.566406,2.742188,0.193359,-1.046875,0.292969,0.208008,0.625061,0.031128,0.751709,down
315264,9.058594,2.601563,2.589844,0.193359,-1.046875,0.292969,0.205444,0.63147,0.029297,0.747131,down
315270,9.476563,2.796875,1.898438,0.193359,-1.046875,0.292969,0.204346,0.633728,0.028809,0.745544,down
315276,9.703125,2.796875,1.746094,0.425781,-1.175781,0.337891,0.204346,0.633728,0.028809,0.745544,down
315281,9.820313,2.832031,1.59375,0.464844,-1.197266,0.283203,0.204346,0.633728,0.028809,0.745544,down
315286,9.9375,2.871094,1.210938,0.507812,-1.181641,0.214844,0.204346,0.633728,0.028809,0.745544,down
315292,9.976563,2.949219,1.054688,0.533203,-1.132813,0.123047,0.204346,0.633728,0.028809,0.745544,down
315297,9.941406,2.910156,0.980469,0.544922,-1.080078,0.037109,0.204346,0.633728,0.028809,0.745544,down
315303,9.78125,2.832031,1.171875,0.527344,-1.035156,-0.044922,0.204346,0.633728,0.028809,0.745544,down
315308,9.667969,2.832031,1.210938,0.527344,-1.035156,-0.044922,0.197449,0.650269,0.02948,0.733032,down
315313,9.441406,2.796875,1.4375,0.259766,-0.927734,-0.148437,0.197083,0.652344,0.029968,0.731201,down
315318,9.359375,2.679688,1.667969,0.259766,-0.927734,-0.148437,0.19696,0.654175,0.030334,0.729614,down
315323,9.246094,2.757813,1.667969,0.259766,-0.927734,-0.148437,0.197021,0.65741,0.030334,0.726685,down
315328,9.09375,2.71875,1.746094,-0.052734,-0.875,-0.03125,0.197021,0.65741,0.030334,0.726685,down
315333,9.097656,2.527344,1.859375,-0.052734,-0.875,-0.03125,0.197266,0.659119,0.029907,0.725098,down
315338,9.210938,2.488281,1.820313,-0.078125,-0.943359,0.03125,0.197266,0.659119,0.029907,0.725098,down
315344,9.476563,2.527344,1.667969,-0.078125,-0.943359,0.03125,0.197754,0.663879,0.028137,0.720642,down
315349,9.558594,2.527344,1.476563,0.052734,-0.933594,0.021484,0.197754,0.66571,0.027588,0.718994,down
315354,9.632813,2.527344,1.4375,0.125,-0.957031,-0.007813,0.197693,0.667603,0.027222,0.717285,down
315360,9.707031,2.527344,1.4375,0.195312,-0.958984,-0.052734,0.197571,0.669189,0.0271,0.715881,down
315365,9.824219,2.679688,1.09375,0.195312,-0.958984,-0.052734,0.197388,0.670959,0.027161,0.714233,down
315370,9.820313,2.640625,0.980469,0.275391,-0.880859,-0.164062,0.197388,0.670959,0.027161,0.714233,down
315375,9.824219,2.71875,0.941406,0.283203,-0.84375,-0.224609,0.197388,0.670959,0.027161,0.714233,down
315381,9.976563,2.757813,0.75,0.283203,-0.84375,-0.224609,0.197266,0.675964,0.028259,0.709473,down
315386,10.089844,2.832031,0.519531,0.164062,-0.707031,-0.337891,0.197266,0.675964,0.028259,0.709473,down
315391,10.207031,2.832031,0.367188,0.050781,-0.597656,-0.404297,0.197266,0.675964,0.028259,0.709473,down
315397,10.246094,2.871094,0.289063,0.050781,-0.597656,-0.404297,0.198914,0.679504,0.029724,0.705566,down
315402,10.203125,3.023438,0.328125,0.050781,-0.597656,-0.404297,0.198914,0.679504,0.029724,0.705566,down
315407,10.085938,2.949219,0.367188,-0.316406,-0.228516,-0.564453,0.198914,0.679504,0.029724,0.705566,down
315412,9.898438,2.910156,0.480469,-0.316406,-0.228516,-0.564453,0.203369,0.680542,0.030701,0.703247,down
315417,9.746094,2.988281,0.710937,-0.484375,0.001953,-0.648437,0.203369,0.680542,0.030701,0.703247,down
315422,9.480469,2.871094,0.941406,-0.484375,0.001953,-0.648437,0.207214,0.679993,0.031189,0.702637,down
315427,9.242188,2.71875,1.054688,-0.585937,0.158203,-0.683594,0.207214,0.679993,0.031189,0.702637,down
315432,9.136719,2.640625,1.246094,-0.585937,0.158203,-0.683594,0.211548,0.678772,0.031616,0.702515,down
315438,8.902344,2.527344,1.4375,-0.585937,0.158203,-0.683594,0.211548,0.678772,0.031616,0.702515,down
315444,8.902344,2.527344,1.4375,-0.601562,0.169922,-0.65625,0.211548,0.678772,0.031616,0.702515,down
315449,8.859375,2.640625,1.402344,-0.601562,0.169922,-0.65625,0.220459,0.675842,0.032166,0.702576,down
315454,8.863281,2.71875,1.285156,-0.601562,0.169922,-0.65625,0.222351,0.675293,0.032349,0.702515,down
315459,8.789063,2.832031,1.09375,-0.484375,0.115234,-0.697266,0.224487,0.674744,0.032654,0.702332,down
315465,8.75,3.023438,0.980469,-0.484375,0.115234,-0.697266,0.22644,0.674255,0.033081,0.702148,down
315471,8.75,3.253906,1.019531,-0.484375,0.115234,-0.697266,0.228394,0.673889,0.033691,0.701843,down
315476,8.792969,3.523438,1.019531,-0.287109,0.021484,-0.767578,0.228394,0.673889,0.033691,0.701843,down
315481,8.792969,3.523438,1.019531,-0.271484,0.037109,-0.796875,0.232178,0.673279,0.035278,0.701111,down
315486,8.714844,3.867188,1.09375,-0.296875,0.056641,-0.820312,0.234009,0.672974,0.036133,0.700745,down
315491,8.714844,3.867188,1.09375,-0.361328,0.082031,-0.833984,0.234009,0.672974,0.036133,0.700745,down
315496,8.828125,4.058594,1.171875,-0.361328,0.082031,-0.833984,0.236023,0.672607,0.036987,0.700378,down
315502,8.828125,4.058594,1.171875,-0.447266,0.103516,-0.839844,0.240479,0.671509,0.038391,0.699829,down
315508,8.863281,4.097656,1.4375,-0.447266,0.103516,-0.839844,0.243042,0.670776,0.038879,0.699646,down
315513,8.941406,4.058594,1.4375,-0.859375,0.28125,-0.837891,0.243042,0.670776,0.038879,0.699646,down
315518,9.058594,3.945313,1.476563,-0.859375,0.28125,-0.837891,0.248657,0.668823,0.039368,0.699524,down
315523,9.175781,3.945313,1.4375,-1.056641,0.378906,-0.822266,0.251343,0.667725,0.039307,0.699585,down
315528,9.214844,4.019531,1.402344,-1.056641,0.378906,-0.822266,0.254517,0.666382,0.039124,0.699707,down
315533,9.214844,4.019531,1.476563,-1.154297,0.417969,-0.806641,0.254517,0.666382,0.039124,0.699707,down
315539,9.136719,4.019531,1.59375,-1.142578,0.423828,-0.806641,0.261169,0.66333,0.038391,0.700195,down
315544,9.054688,4.019531,1.820313,-1.142578,0.423828,-0.806641,0.267578,0.660278,0.037659,0.700745,down
315549,8.902344,4.019531,1.898438,-1.011719,0.400391,-0.830078,0.270935,0.658691,0.037476,0.700989,down
315554,8.828125,4.058594,2.050781,-0.916016,0.365234,-0.839844,0.274048,0.657227,0.037415,0.701111,down
315559,8.597656,4.25,2.320313,-0.916016,0.365234,-0.839844,0.274048,0.657227,0.037415,0.701111,down
315564,8.597656,4.25,2.320313,-0.755859,0.277344,-0.84375,0.279419,0.654907,0.037659,0.701172,down
315569,8.371094,4.441406,2.550781,-0.703125,0.21875,-0.837891,0.282349,0.653748,0.037964,0.70105,down
315574,8.328125,4.75,2.664063,-0.703125,0.21875,-0.837891,0.282349,0.653748,0.037964,0.70105,down
315579,8.410156,4.785156,2.589844,-0.703125,0.21875,-0.837891,0.284973,0.652893,0.038208,0.700806,down
315584,8.367188,4.863281,2.550781,-0.669922,0.072266,-0.847656,0.284973,0.652893,0.038208,0.700806,down
315589,8.367188,4.941406,2.589844,-0.669922,0.072266,-0.847656,0.292603,0.650696,0.039001,0.699585,down
315594,8.515625,4.976562,2.511719,-0.669922,0.072266,-0.847656,0.292603,0.650696,0.039001,0.699585,down
315599,8.558594,4.976562,2.433594,-0.669922,0.072266,-0.847656,0.297974,0.649292,0.039001,0.698669,down
315604,8.59375,4.941406,2.320313,-0.943359,0.068359,-0.853516,0.297974,0.649292,0.039001,0.698669,down
315609,8.792969,4.824219,2.28125,-0.943359,0.068359,-0.853516,0.30127,0.648315,0.038818,0.698181,down
315614,8.980469,4.632812,2.167969,-1.011719,0.087891,-0.859375,0.30127,0.648315,0.038818,0.698181,down
315619,9.019531,4.59375,2.015625,-1.085938,0.134766,-0.869141,0.30719,0.646423,0.038269,0.697327,down
315624,9.132813,4.558594,2.015625,-1.085938,0.134766,-0.869141,0.313721,0.644104,0.037537,0.696594,down
315629,9.019531,4.519531,2.050781,-1.085938,0.134766,-0.869141,0.313721,0.644104,0.037537,0.696594,down
315634,8.898438,4.558594,2.128906,-1.085938,0.134766,-0.869141,0.320374,0.641602,0.036926,0.695923,down
315639,8.671875,4.558594,2.167969,-0.953125,0.158203,-0.935547,0.320374,0.641602,0.036926,0.695923,down
315644,8.671875,4.558594,2.167969,-0.953125,0.158203,-0.935547,0.323792,0.640381,0.036804,0.695496,down
315649,7.988281,4.632812,2.28125,-0.873047,0.117188,-0.951172,0.326599,0.639404,0.036865,0.695068,down
315654,7.988281,4.632812,2.28125,-0.783203,0.054687,-0.941406,0.329651,0.638489,0.036987,0.694519,down
315659,7.90625,4.75,2.320313,-0.783203,0.054687,-0.941406,0.332458,0.637756,0.03717,0.693848,down
315664,7.90625,4.75,2.320313,-0.646484,-0.068359,-0.916016,0.337769,0.636658,0.03772,0.6922,down
315671,7.828125,5.054687,2.433594,-0.646484,-0.068359,-0.916016,0.340271,0.636292,0.037964,0.691345,down
315677,7.910156,5.09375,2.398438,-0.599609,-0.160156,-0.896484,0.340271,0.636292,0.037964,0.691345,down
315682,7.949219,5.09375,2.320313,-0.615234,-0.173828,-0.900391,0.340271,0.636292,0.037964,0.691345,down
315688,8.097656,5.246094,2.320313,-0.625,-0.189453,-0.904297,0.340271,0.636292,0.037964,0.691345,down
315694,8.136719,5.285156,2.320313,-0.697266,-0.162109,-0.925781,0.340271,0.636292,0.037964,0.691345,down
315699,8.097656,5.324219,2.28125,-0.697266,-0.162109,-0.925781,0.356018,0.634094,0.039063,0.685303,down
315705,8.132813,5.363281,2.28125,-0.697266,-0.162109,-0.925781,0.358887,0.633545,0.039124,0.684326,down
315711,8.058594,5.363281,2.550781,-0.818359,-0.119141,-0.912109,0.362061,0.632874,0.039063,0.683289,down
315717,7.988281,5.324219,2.589844,-0.847656,-0.119141,-0.896484,0.362061,0.632874,0.039063,0.683289,down
315722,7.910156,5.285156,2.625,-0.888672,-0.121094,-0.873047,0.367554,0.631592,0.038757,0.681519,down
315728,7.828125,5.171875,2.625,-0.888672,-0.121094,-0.873047,0.367554,0.631592,0.038757,0.681519,down
315734,7.867187,5.054687,2.625,-0.935547,-0.203125,-0.867187,0.367554,0.631592,0.038757,0.681519,down
315739,7.789062,5.015625,2.625,-0.935547,-0.203125,-0.867187,0.376404,0.629578,0.03772,0.67865,down
315744,7.828125,5.015625,2.550781,-0.863281,-0.283203,-0.90625,0.379395,0.628967,0.037292,0.677551,down
315749,7.792969,5.015625,2.511719,-0.863281,-0.283203,-0.90625,0.382751,0.628418,0.036926,0.676208,down
315754,7.789062,5.132812,2.511719,-0.664062,-0.367188,-0.957031,0.385559,0.628052,0.036682,0.674927,down
315760,7.832031,5.363281,2.359375,-0.664062,-0.367188,-0.957031,0.390625,0.627869,0.036682,0.672241,down
315765,7.871094,5.398437,2.320313,-0.443359,-0.410156,-1.025391,0.393494,0.62793,0.037109,0.67041,down
315770,7.945312,5.554687,2.207031,-0.351563,-0.417969,-1.052734,0.395935,0.628174,0.037659,0.668762,down
315776,7.949219,5.859375,2.050781,-0.351563,-0.417969,-1.052734,0.397888,0.628418,0.038269,0.667297,down
315781,7.949219,6.128906,1.976563,-0.351563,-0.417969,-1.052734,0.400208,0.628784,0.039185,0.665527,down
315788,7.945312,6.242187,1.9375,-0.197266,-0.390625,-1.130859,0.400208,0.628784,0.039185,0.665527,down
315793,7.871094,6.472656,2.015625,-0.191406,-0.371094,-1.130859,0.400208,0.628784,0.039185,0.665527,down
315798,7.832031,6.585937,1.976563,-0.191406,-0.371094,-1.130859,0.406921,0.6297,0.042297,0.660339,down
315803,7.832031,6.585937,1.976563,-0.255859,-0.339844,-1.113281,0.409119,0.629944,0.043335,0.658691,down
315808,7.832031,6.585937,1.976563,-0.324219,-0.322266,-1.089844,0.411438,0.630066,0.044189,0.657104,down
315813,7.710937,6.742187,1.859375,-0.324219,-0.322266,-1.089844,0.413879,0.630066,0.044983,0.655518,down
315818,7.710937,6.933594,1.898438,-0.324219,-0.322266,-1.089844,0.413879,0.630066,0.044983,0.655518,down
315823,7.710937,6.933594,1.898438,-0.486328,-0.3125,-1.033203,0.418884,0.629883,0.046021,0.652466,down
315828,7.644531,6.894531,2.207031,-0.486328,-0.3125,-1.033203,0.418884,0.629883,0.046021,0.652466,down
315833,7.675781,6.742187,2.359375,-0.486328,-0.3125,-1.033203,0.424133,0.629333,0.046204,0.649597,down
315839,7.710937,6.703125,2.359375,-0.755859,-0.333984,-0.882812,0.424133,0.629333,0.046204,0.649597,down
315844,7.710937,6.585937,2.433594,-0.763672,-0.330078,-0.861328,0.432068,0.628235,0.045593,0.645447,down
315849,7.710937,6.585937,2.550781,-0.763672,-0.330078,-0.861328,0.432068,0.628235,0.045593,0.645447,down
315854,7.714844,6.625,2.589844,-0.667969,-0.363281,-0.800781,0.43457,0.627869,0.045349,0.644104,down
315859,7.671875,6.664062,2.589844,-0.667969,-0.363281,-0.800781,0.437195,0.627625,0.045105,0.642639,down
315864,7.566406,6.742187,2.664063,-0.667969,-0.363281,-0.800781,0.439331,0.627441,0.044922,0.641357,down
315869,7.523437,6.777344,2.664063,-0.667969,-0.363281,-0.800781,0.441833,0.627258,0.044739,0.639771,down
315874,7.449219,6.777344,2.664063,-0.472656,-0.394531,-0.839844,0.443848,0.627197,0.044739,0.638428,down
315879,7.445312,6.816406,2.664063,-0.472656,-0.394531,-0.839844,0.446167,0.627197,0.0448,0.636841,down
315885,7.445312,6.855469,2.703125,-0.419922,-0.425781,-0.871094,0.44812,0.627258,0.044922,0.635437,down
315890,7.445312,6.855469,2.703125,-0.419922,-0.425781,-0.871094,0.452576,0.627441,0.045349,0.632019,down
315895,7.484375,6.894531,2.664063,-0.419922,-0.425781,-0.871094,0.454407,0.627502,0.045471,0.630615,down
315900,7.484375,6.894531,2.664063,-0.484375,-0.421875,-0.855469,0.454407,0.627502,0.045471,0.630615,down
315905,7.605469,6.933594,2.625,-0.484375,-0.421875,-0.855469,0.45874,0.627563,0.045654,0.627441,down
315910,7.566406,6.894531,2.625,-0.576172,-0.421875,-0.84375,0.461243,0.627441,0.045654,0.625671,down
315915,7.5625,6.816406,2.625,-0.601562,-0.410156,-0.824219,0.461243,0.627441,0.045654,0.625671,down
315920,7.523437,6.742187,2.625,-0.601562,-0.410156,-0.824219,0.465698,0.627197,0.04541,0.622681,down
315926,7.527344,6.855469,2.625,-0.601562,-0.410156,-0.824219,0.467834,0.627136,0.045288,0.621155,down
315931,7.484375,6.894531,2.664063,-0.501953,-0.472656,-0.820312,0.467834,0.627136,0.045288,0.621155,down
315937,7.523437,6.96875,2.625,-0.445312,-0.492187,-0.828125,0.467834,0.627136,0.045288,0.621155,down
315943,7.40625,7.125,2.550781,-0.445312,-0.492187,-0.828125,0.47406,0.62738,0.045288,0.61615,down
315949,7.328125,7.199219,2.472656,-0.333984,-0.505859,-0.849609,0.47406,0.62738,0.045288,0.61615,down
315954,7.328125,7.277344,2.433594,-0.271484,-0.515625,-0.847656,0.479614,0.628357,0.046082,0.610779,down
315959,7.21875,7.390625,2.359375,-0.271484,-0.515625,-0.847656,0.479614,0.628357,0.046082,0.610779,down
315965,7.179687,7.394531,2.359375,-0.253906,-0.496094,-0.832031,0.479614,0.628357,0.046082,0.610779,down
315970,7.101562,7.46875,2.320313,-0.253906,-0.496094,-0.832031,0.484924,0.629456,0.047119,0.605286,down
315976,7.101562,7.511719,2.242188,-0.253906,-0.496094,-0.832031,0.486755,0.6297,0.047302,0.603577,down
315981,7.101562,7.550781,2.207031,-0.253906,-0.496094,-0.832031,0.488403,0.629761,0.047424,0.602173,down
315987,7.140625,7.546875,2.207031,-0.496094,-0.421875,-0.757812,0.488403,0.629761,0.047424,0.602173,down
315993,6.988281,7.429687,2.359375,-0.552734,-0.410156,-0.736328,0.488403,0.629761,0.047424,0.602173,down
315998,6.988281,7.394531,2.320313,-0.601562,-0.414062,-0.707031,0.494446,0.629456,0.046997,0.597595,down
316003,6.988281,7.394531,2.320313,-0.623047,-0.433594,-0.679687,0.496521,0.629211,0.046631,0.59613,down
316008,6.988281,7.394531,2.320313,-0.626953,-0.460937,-0.650391,0.498535,0.629028,0.046204,0.594666,down
316013,7.027344,7.355469,2.28125,-0.626953,-0.460937,-0.650391,0.500488,0.628906,0.045715,0.593201,down
316018,7.0625,7.429687,2.242188,-0.626953,-0.460937,-0.650391,0.500488,0.628906,0.045715,0.593201,down
316024,7.027344,7.46875,2.128906,-0.605469,-0.558594,-0.585937,0.504333,0.628845,0.044434,0.590149,down
316030,7.0625,7.507812,2.089844,-0.597656,-0.599609,-0.580078,0.508057,0.628906,0.042969,0.586914,down
316035,7.101562,7.546875,2.050781,-0.580078,-0.630859,-0.566406,0.510071,0.629028,0.042175,0.585144,down
316041,7.179687,7.550781,2.015625,-0.580078,-0.630859,-0.566406,0.511719,0.62915,0.041443,0.583618,down
316046,7.21875,7.46875,2.089844,-0.585937,-0.605469,-0.5625,0.511719,0.62915,0.041443,0.583618,down
316051,7.179687,7.390625,2.089844,-0.585937,-0.605469,-0.5625,0.515381,0.629272,0.039917,0.580322,down
316056,7.101562,7.277344,2.167969,-0.585937,-0.605469,-0.5625,0.517212,0.629272,0.039185,0.578796,down
316062,7.0625,7.195312,2.128906,-0.640625,-0.533203,-0.554687,0.517212,0.629272,0.039185,0.578796,down
316067,7.027344,7.195312,2.167969,-0.640625,-0.533203,-0.554687,0.52124,0.629028,0.037598,0.575562,down
316072,7.027344,7.195312,2.167969,-0.607422,-0.511719,-0.566406,0.52124,0.629028,0.037598,0.575562,down
316077,7.027344,7.195312,2.128906,-0.595703,-0.501953,-0.578125,0.52124,0.629028,0.037598,0.575562,down
316082,6.988281,7.195312,2.128906,-0.558594,-0.517578,-0.582031,0.52124,0.629028,0.037598,0.575562,down
316087,6.835937,7.277344,2.089844,-0.558594,-0.517578,-0.582031,0.52124,0.629028,0.037598,0.575562,down
316092,6.757812,7.316406,2.015625,-0.492187,-0.556641,-0.589844,0.52124,0.629028,0.037598,0.575562,down
316097,6.757812,7.394531,1.976563,-0.462891,-0.59375,-0.574219,0.52124,0.629028,0.037598,0.575562,down
316102,6.71875,7.507812,1.976563,-0.435547,-0.623047,-0.572266,0.52124,0.629028,0.037598,0.575562,down
316108,6.71875,7.621094,1.9375,-0.425781,-0.642578,-0.5625,0.52124,0.629028,0.037598,0.575562,down
316113,6.757812,7.617187,1.898438,-0.460937,-0.650391,-0.552734,0.52124,0.629028,0.037598,0.575562,down
316118,6.679687,7.699219,1.820313,-0.478516,-0.638672,-0.533203,0.52124,0.629028,0.037598,0.575562,down
316123,6.679687,7.773437,1.746094,-0.525391,-0.625,-0.519531,0.52124,0.629028,0.037598,0.575562,down
316129,6.71875,7.738281,1.746094,-0.525391,-0.625,-0.519531,0.540955,0.630066,0.030273,0.556335,down
316135,6.71875,7.621094,1.785156,-0.621094,-0.578125,-0.498047,0.544373,0.629883,0.028564,0.553284,down
316140,6.71875,7.46875,1.820313,-0.621094,-0.578125,-0.498047,0.544373,0.629883,0.028564,0.553284,down
316145,6.679687,7.394531,1.898438,-0.675781,-0.449219,-0.482422,0.544373,0.629883,0.028564,0.553284,down
316150,6.679687,7.273437,1.9375,-0.675781,-0.449219,-0.482422,0.548096,0.629272,0.026794,0.550354,down
316155,6.566406,7.15625,2.167969,-0.632812,-0.382813,-0.503906,0.549866,0.628906,0.026062,0.549072,down
316160,6.566406,7.15625,2.167969,-0.632812,-0.382813,-0.503906,0.553101,0.628174,0.024902,0.546692,down
316165,6.488281,7.085937,2.128906,-0.632812,-0.382813,-0.503906,0.553101,0.628174,0.024902,0.546692,down
316170,6.488281,7.046875,2.242188,-0.574219,-0.347656,-0.541016,0.556458,0.627441,0.024048,0.544128,down
316175,6.335937,7.046875,2.398438,-0.574219,-0.347656,-0.541016,0.558044,0.627197,0.023743,0.542847,down
316180,6.335937,7.089844,2.433594,-0.574219,-0.347656,-0.541016,0.55957,0.626953,0.023499,0.541504,down
316185,6.335937,7.128906,2.398438,-0.574219,-0.347656,-0.541016,0.55957,0.626953,0.023499,0.541504,down
316190,6.296875,7.195312,2.359375,-0.449219,-0.388672,-0.572266,0.562622,0.626709,0.022949,0.538696,down
316195,6.296875,7.273437,2.320313,-0.449219,-0.388672,-0.572266,0.564087,0.626587,0.022644,0.537292,down
316200,6.335937,7.316406,2.28125,-0.535156,-0.412109,-0.580078,0.564087,0.626587,0.022644,0.537292,down
316205,6.375,7.3125,2.320313,-0.535156,-0.412109,-0.580078,0.565674,0.626343,0.022217,0.535889,down
316210,6.296875,7.273437,2.320313,-0.568359,-0.402344,-0.589844,0.565674,0.626343,0.022217,0.535889,down
316215,6.222656,7.277344,2.28125,-0.568359,-0.402344,-0.589844,0.569214,0.625732,0.021423,0.532898,down
316220,6.222656,7.316406,2.207031,-0.626953,-0.363281,-0.619141,0.571167,0.625305,0.020935,0.531372,down
316225,6.222656,7.316406,2.207031,-0.626953,-0.363281,-0.619141,0.572754,0.624939,0.02063,0.53009,down
316230,6.183594,7.3125,2.320313,-0.632812,-0.332031,-0.630859,0.574524,0.624451,0.020264,0.528687,down
316235,6.183594,7.3125,2.320313,-0.632812,-0.306641,-0.636719,0.576355,0.623962,0.019958,0.527344,down
316241,6.03125,7.355469,2.359375,-0.623047,-0.296875,-0.644531,0.576355,0.623962,0.019958,0.527344,down
316247,6.03125,7.355469,2.359375,-0.603516,-0.277344,-0.654297,0.581848,0.622314,0.019348,0.523254,down
316252,5.839844,7.394531,2.433594,-0.603516,-0.277344,-0.654297,0.583557,0.621826,0.019226,0.521912,down
316257,5.914062,7.46875,2.472656,-0.496094,-0.306641,-0.644531,0.583557,0.621826,0.019226,0.521912,down
316262,5.953125,7.546875,2.433594,-0.484375,-0.318359,-0.632812,0.583557,0.621826,0.019226,0.521912,down
316267,6.03125,7.65625,2.359375,-0.484375,-0.318359,-0.632812,0.583557,0.621826,0.019226,0.521912,down
316272,6.03125,7.65625,2.433594,-0.519531,-0.304688,-0.619141,0.583557,0.621826,0.019226,0.521912,down
316277,6.03125,7.617187,2.398438,-0.550781,-0.316406,-0.613281,0.583557,0.621826,0.019226,0.521912,down
316282,6.03125,7.578125,2.398438,-0.585937,-0.308594,-0.611328,0.583557,0.621826,0.019226,0.521912,down
316287,5.953125,7.472656,2.433594,-0.585937,-0.308594,-0.611328,0.583557,0.621826,0.019226,0.521912,down
316292,5.914062,7.390625,2.550781,-0.662109,-0.300781,-0.619141,0.583557,0.621826,0.019226,0.521912,down
316297,5.875,7.355469,2.550781,-0.697266,-0.287109,-0.626953,0.583557,0.621826,0.019226,0.521912,down
316303,5.839844,7.3125,2.625,-0.697266,-0.287109,-0.626953,0.600708,0.616943,0.016968,0.508179,down
316308,5.800781,7.15625,2.703125,-0.730469,-0.292969,-0.644531,0.600708,0.616943,0.016968,0.508179,down
316314,5.839844,7.085937,2.742188,-0.716797,-0.285156,-0.65625,0.600708,0.616943,0.016968,0.508179,down
316319,5.839844,7.125,2.78125,-0.716797,-0.285156,-0.65625,0.606689,0.614624,0.01593,0.503906,down
316325,5.800781,7.15625,2.78125,-0.716797,-0.285156,-0.65625,0.608337,0.614136,0.015686,0.502502,down
316330,5.761719,7.277344,2.78125,-0.716797,-0.285156,-0.65625,0.611755,0.613403,0.015503,0.499207,down
316335,5.683594,7.511719,2.78125,-0.716797,-0.285156,-0.65625,0.611755,0.613403,0.015503,0.499207,down
316340,5.722656,7.582031,2.742188,-0.716797,-0.285156,-0.65625,0.61322,0.613342,0.015564,0.497559,down
316345,5.761719,7.695312,2.742188,-0.244141,-0.423828,-0.728516,0.61322,0.613342,0.015564,0.497559,down
316350,5.683594,7.734375,2.742188,-0.244141,-0.423828,-0.728516,0.615845,0.613403,0.015808,0.494202,down
316356,5.683594,7.894531,2.589844,-0.244141,-0.423828,-0.728516,0.618347,0.613708,0.016113,0.490662,down
316361,5.648437,7.933594,2.589844,-0.28125,-0.427734,-0.726562,0.619629,0.61377,0.016235,0.489014,down
316366,5.648437,7.960937,2.550781,-0.34375,-0.421875,-0.716797,0.621155,0.61377,0.016357,0.487061,down
316371,5.722656,7.964844,2.550781,-0.34375,-0.421875,-0.716797,0.62262,0.613647,0.016296,0.485291,down
316376,5.722656,7.933594,2.550781,-0.34375,-0.421875,-0.716797,0.624023,0.613403,0.016174,0.483765,down
316381,5.722656,7.851562,2.550781,-0.566406,-0.376953,-0.685547,0.624023,0.613403,0.016174,0.483765,down
316386,5.683594,7.855469,2.550781,-0.566406,-0.376953,-0.685547,0.627441,0.612488,0.015747,0.480469,down
316391,5.492187,7.8125,2.589844,-0.566406,-0.376953,-0.685547,0.629395,0.611877,0.015503,0.478821,down
316396,5.492187,7.734375,2.625,-0.566406,-0.376953,-0.685547,0.631042,0.611328,0.015259,0.477295,down
316401,5.53125,7.816406,2.625,-0.570312,-0.365234,-0.681641,0.632812,0.61084,0.015015,0.475647,down
316407,5.53125,7.855469,2.664063,-0.570312,-0.365234,-0.681641,0.634399,0.610413,0.014832,0.47406,down
316412,5.53125,8.121094,2.703125,-0.570312,-0.365234,-0.681641,0.635986,0.610046,0.014709,0.472351,down
316417,5.53125,8.195313,2.664063,-0.398438,-0.412109,-0.693359,0.635986,0.610046,0.014709,0.472351,down
316422,5.53125,8.195313,2.664063,-0.347656,-0.414062,-0.705078,0.638916,0.60968,0.014587,0.468872,down
316427,5.53125,8.195313,2.664063,-0.326172,-0.414062,-0.701172,0.640259,0.609619,0.014587,0.467163,down
316432,5.492187,8.3125,2.550781,-0.326172,-0.414062,-0.701172,0.640259,0.609619,0.014587,0.467163,down
316437,5.417969,8.382813,2.625,-0.326172,-0.419922,-0.703125,0.640259,0.609619,0.014587,0.467163,down
316442,5.417969,8.382813,2.625,-0.363281,-0.416016,-0.683594,0.642944,0.609497,0.014648,0.463623,down
316448,5.265625,8.460938,2.589844,-0.363281,-0.416016,-0.683594,0.64563,0.609192,0.014526,0.460266,down
316453,5.226562,8.464844,2.589844,-0.476562,-0.386719,-0.658203,0.64563,0.609192,0.014526,0.460266,down
316458,5.226562,8.464844,2.511719,-0.519531,-0.373047,-0.630859,0.64563,0.609192,0.014526,0.460266,down
316463,5.226562,8.464844,2.511719,-0.5625,-0.361328,-0.615234,0.64563,0.609192,0.014526,0.460266,down
316468,5.1875,8.425781,2.550781,-0.578125,-0.371094,-0.599609,0.64563,0.609192,0.014526,0.460266,down
316474,5.265625,8.3125,2.550781,-0.582031,-0.373047,-0.587891,0.64563,0.609192,0.014526,0.460266,down
316479,5.300781,8.3125,2.664063,-0.570312,-0.371094,-0.568359,0.64563,0.609192,0.014526,0.460266,down
316486,5.300781,8.238281,2.550781,-0.564453,-0.363281,-0.5625,0.657898,0.605347,0.012085,0.447937,down
316491,5.339844,8.234375,2.703125,-0.474609,-0.394531,-0.552734,0.657898,0.605347,0.012085,0.447937,down
316496,5.378906,8.273438,2.742188,-0.474609,-0.394531,-0.552734,0.660706,0.604553,0.011353,0.444824,down
316501,5.339844,8.199219,2.742188,-0.474609,-0.394531,-0.552734,0.660706,0.604553,0.011353,0.444824,down
316506,5.300781,8.195313,2.78125,-0.474609,-0.394531,-0.552734,0.663452,0.60376,0.010681,0.441833,down
316511,5.378906,8.15625,2.78125,-0.566406,-0.398438,-0.574219,0.664917,0.603271,0.010254,0.440308,down
316516,5.226562,8.078125,2.703125,-0.566406,-0.398438,-0.574219,0.664917,0.603271,0.010254,0.440308,down
316521,5.226562,8.199219,2.703125,-0.566406,-0.398438,-0.574219,0.666443,0.602722,0.009827,0.438721,down
316526,5.1875,8.273438,2.703125,-0.570312,-0.388672,-0.589844,0.666443,0.602722,0.009827,0.438721,down
316531,5.148437,8.277344,2.703125,-0.570312,-0.388672,-0.589844,0.670959,0.601074,0.008606,0.434082,down
316536,5.074219,8.3125,2.664063,-0.570312,-0.388672,-0.589844,0.670959,0.601074,0.008606,0.434082,down
316541,4.996094,8.316406,2.625,-0.570312,-0.388672,-0.589844,0.672546,0.600464,0.00824,0.432495,down
316546,4.957031,8.34375,2.664063,-0.646484,-0.34375,-0.568359,0.672546,0.600464,0.00824,0.432495,down
316551,4.996094,8.34375,2.742188,-0.646484,-0.34375,-0.568359,0.677307,0.598267,0.006958,0.428101,down
316556,4.957031,8.316406,2.742188,-0.646484,-0.34375,-0.568359,0.678772,0.597595,0.006531,0.426758,down
316561,4.957031,8.316406,2.742188,-0.6875,-0.353516,-0.535156,0.678772,0.597595,0.006531,0.426758,down
316566,4.996094,8.316406,2.742188,-0.6875,-0.353516,-0.535156,0.680481,0.596741,0.005981,0.425232,down
316571,4.957031,8.273438,2.78125,-0.705078,-0.361328,-0.517578,0.680481,0.596741,0.005981,0.425232,down
316577,4.957031,8.195313,2.816406,-0.705078,-0.361328,-0.517578,0.685181,0.594299,0.004272,0.421082,down
316582,4.957031,8.195313,2.816406,-0.667969,-0.369141,-0.539062,0.686768,0.593506,0.003723,0.419556,down
316587,4.917969,8.234375,2.78125,-0.617187,-0.371094,-0.550781,0.688538,0.592712,0.003174,0.417908,down
316593,4.804687,8.316406,2.816406,-0.617187,-0.371094,-0.550781,0.689819,0.592102,0.002808,0.416565,down
316599,4.765625,8.34375,2.816406,-0.53125,-0.367188,-0.576172,0.689819,0.592102,0.002808,0.416565,down
316604,4.6875,8.386719,2.816406,-0.503906,-0.371094,-0.572266,0.689819,0.592102,0.002808,0.416565,down
316610,4.574219,8.425781,2.816406,-0.484375,-0.371094,-0.585937,0.689819,0.592102,0.002808,0.416565,down
316615,4.574219,8.421875,2.78125,-0.470703,-0.373047,-0.582031,0.689819,0.592102,0.002808,0.416565,down
316620,4.535156,8.460938,2.78125,-0.470703,-0.363281,-0.583984,0.689819,0.592102,0.002808,0.416565,down
316626,4.535156,8.539063,2.78125,-0.480469,-0.349609,-0.580078,0.689819,0.592102,0.002808,0.416565,down
316631,4.535156,8.539063,2.78125,-0.480469,-0.349609,-0.580078,0.700623,0.587952,0.000488,0.404297,down
316636,4.574219,8.539063,2.816406,-0.603516,-0.287109,-0.542969,0.700623,0.587952,0.000488,0.404297,down
316641,4.574219,8.539063,2.855469,-0.603516,-0.287109,-0.542969,0.703491,0.586426,-0.000122,0.40155,down
316646,4.460937,8.464844,2.972656,-0.603516,-0.287109,-0.542969,0.703491,0.586426,-0.000122,0.40155,down
316651,4.460937,8.425781,3.007813,-0.6875,-0.287109,-0.519531,0.704895,0.58551,-0.000549,0.400269,down
316656,4.460937,8.425781,3.007813,-0.6875,-0.287109,-0.519531,0.704895,0.58551,-0.000549,0.400269,down
316661,4.460937,8.347656,3.046875,-0.726562,-0.314453,-0.5,0.704895,0.58551,-0.000549,0.400269,down
316666,4.460937,8.347656,3.046875,-0.71875,-0.333984,-0.490234,0.709534,0.582642,-0.002075,0.39624,down
316671,4.460937,8.078125,3.277344,-0.71875,-0.333984,-0.490234,0.711121,0.581726,-0.002686,0.394897,down
316676,4.460937,8.042969,3.316406,-0.632812,-0.355469,-0.494141,0.712585,0.580811,-0.003296,0.393494,down
316682,4.460937,8.0,3.238281,-0.632812,-0.355469,-0.494141,0.715393,0.579285,-0.004333,0.390686,down
316688,4.421875,8.082031,3.238281,-0.632812,-0.355469,-0.494141,0.716797,0.578613,-0.004822,0.389099,down
316693,4.382812,8.117188,3.277344,-0.441406,-0.371094,-0.537109,0.717896,0.578186,-0.005127,0.387756,down
316700,4.382812,8.199219,3.203125,-0.392578,-0.367188,-0.560547,0.717896,0.578186,-0.005127,0.387756,down
316705,4.269531,8.316406,3.125,-0.392578,-0.367188,-0.560547,0.717896,0.578186,-0.005127,0.387756,down
316711,4.230469,8.386719,3.164063,-0.324219,-0.341797,-0.621094,0.717896,0.578186,-0.005127,0.387756,down
316716,4.078125,8.460938,3.085938,-0.324219,-0.341797,-0.621094,0.722229,0.576904,-0.005798,0.38147,down
316721,4.078125,8.539063,3.085938,-0.324219,-0.341797,-0.621094,0.723328,0.57666,-0.005859,0.3797,down
316726,4.113281,8.578125,3.085938,-0.349609,-0.341797,-0.626953,0.724304,0.576416,-0.005859,0.378235,down
316731,4.191406,8.617188,3.046875,-0.349609,-0.341797,-0.626953,0.725464,0.576111,-0.00592,0.376465,down
316737,4.191406,8.765625,3.125,-0.349609,-0.341797,-0.626953,0.7276,0.575439,-0.006042,0.373352,down
316742,4.152344,8.734375,3.238281,-0.419922,-0.316406,-0.591797,0.728882,0.574951,-0.006165,0.371643,down
316748,4.078125,8.65625,3.277344,-0.419922,-0.316406,-0.591797,0.729919,0.574524,-0.006287,0.370239,down
316754,4.078125,8.660156,3.316406,-0.416016,-0.318359,-0.5625,0.729919,0.574524,-0.006287,0.370239,down
316759,4.0,8.699219,3.394531,-0.400391,-0.332031,-0.552734,0.729919,0.574524,-0.006287,0.370239,down
316764,4.039062,8.660156,3.355469,-0.376953,-0.34375,-0.550781,0.729919,0.574524,-0.006287,0.370239,down
316769,4.039062,8.660156,3.355469,-0.359375,-0.335938,-0.544922,0.729919,0.574524,-0.006287,0.370239,down
316774,3.960938,8.660156,3.355469,-0.359375,-0.335938,-0.544922,0.729919,0.574524,-0.006287,0.370239,down
316779,3.960938,8.695313,3.316406,-0.314453,-0.361328,-0.566406,0.729919,0.574524,-0.006287,0.370239,down
316785,3.960938,8.695313,3.355469,-0.283203,-0.363281,-0.574219,0.729919,0.574524,-0.006287,0.370239,down
316790,3.921875,8.699219,3.316406,-0.283203,-0.363281,-0.574219,0.738159,0.571838,-0.007446,0.357788,down
316795,3.886719,8.695313,3.238281,-0.283203,-0.363281,-0.574219,0.738159,0.571838,-0.007446,0.357788,down
316800,3.921875,8.695313,3.238281,-0.283203,-0.363281,-0.574219,0.739868,0.571533,-0.007507,0.354797,down
316806,3.921875,8.695313,3.203125,-0.255859,-0.337891,-0.615234,0.741699,0.571167,-0.007446,0.351501,down
316811,3.921875,8.804688,3.203125,-0.255859,-0.337891,-0.615234,0.741699,0.571167,-0.007446,0.351501,down
316816,3.921875,8.847656,3.238281,-0.267578,-0.294922,-0.601562,0.742737,0.570984,-0.007385,0.349731,down
316821,3.921875,8.886719,3.164063,-0.267578,-0.294922,-0.601562,0.743591,0.57074,-0.007324,0.348206,down
316826,3.921875,9.003906,3.238281,-0.267578,-0.294922,-0.601562,0.744446,0.570496,-0.007263,0.346741,down
316832,3.886719,9.039063,3.316406,-0.279297,-0.261719,-0.558594,0.744446,0.570496,-0.007263,0.346741,down
316837,3.886719,9.117188,3.355469,-0.279297,-0.261719,-0.558594,0.747131,0.569641,-0.006958,0.342407,down
316842,3.847656,9.148438,3.394531,-0.330078,-0.265625,-0.515625,0.748047,0.569275,-0.007019,0.341003,down
316848,3.769531,9.078125,3.585938,-0.330078,-0.265625,-0.515625,0.748901,0.568909,-0.00708,0.339783,down
316853,3.730469,9.003906,3.621094,-0.414062,-0.304688,-0.464844,0.748901,0.568909,-0.00708,0.339783,down
316860,3.695313,9.042969,3.738281,-0.466797,-0.316406,-0.433594,0.748901,0.568909,-0.00708,0.339783,down
316865,3.769531,8.882813,3.8125,-0.466797,-0.316406,-0.433594,0.751892,0.567261,-0.008057,0.335876,down
316870,3.808594,8.84375,3.8125,-0.466797,-0.316406,-0.433594,0.75293,0.566589,-0.008484,0.334656,down
316875,3.808594,8.769531,3.8125,-0.582031,-0.337891,-0.378906,0.75293,0.566589,-0.008484,0.334656,down
316880,3.847656,8.695313,3.777344,-0.582031,-0.337891,-0.378906,0.75531,0.56488,-0.009705,0.332153,down
316886,3.886719,8.582031,3.8125,-0.582031,-0.337891,-0.378906,0.757446,0.563354,-0.010803,0.329895,down
316891,3.886719,8.464844,3.777344,-0.582031,-0.337891,-0.378906,0.757446,0.563354,-0.010803,0.329895,down
316896,3.847656,8.421875,3.8125,-0.488281,-0.314453,-0.402344,0.75946,0.562012,-0.011658,0.327454,down
316901,3.886719,8.421875,3.8125,-0.488281,-0.314453,-0.402344,0.75946,0.562012,-0.011658,0.327454,down
316907,3.886719,8.421875,3.8125,-0.341797,-0.3125,-0.453125,0.760376,0.561523,-0.011963,0.326172,down
316912,3.886719,8.386719,3.851563,-0.341797,-0.3125,-0.453125,0.761169,0.561218,-0.012146,0.324829,down
316917,3.808594,8.539063,3.777344,-0.222656,-0.292969,-0.501953,0.761902,0.560974,-0.012207,0.323486,down
316922,3.808594,8.539063,3.777344,-0.222656,-0.292969,-0.501953,0.761902,0.560974,-0.012207,0.323486,down
316927,3.808594,8.539063,3.777344,-0.152344,-0.294922,-0.527344,0.763245,0.560791,-0.012146,0.320618,down
316933,3.769531,8.769531,3.8125,-0.181641,-0.292969,-0.529297,0.764587,0.560669,-0.012085,0.317627,down
316938,3.539063,8.886719,3.929688,-0.181641,-0.292969,-0.529297,0.765198,0.560547,-0.012024,0.316345,down
316944,3.425781,8.886719,3.929688,-0.261719,-0.298828,-0.486328,0.76593,0.560303,-0.012146,0.314941,down
316951,3.386719,8.964844,3.96875,-0.316406,-0.306641,-0.455078,0.76593,0.560303,-0.012146,0.314941,down
316957,3.347656,8.886719,4.042969,-0.376953,-0.304688,-0.435547,0.768494,0.559082,-0.012817,0.310974,down
316962,3.308594,8.804688,3.929688,-0.376953,-0.304688,-0.435547,0.768494,0.559082,-0.012817,0.310974,down
316967,3.386719,8.738281,4.003906,-0.466797,-0.314453,-0.400391,0.770386,0.5578,-0.013611,0.308533,down
316972,3.5,8.617188,4.003906,-0.466797,-0.314453,-0.400391,0.771301,0.55719,-0.013977,0.307312,down
316977,3.578125,8.539063,4.003906,-0.408203,-0.314453,-0.421875,0.771301,0.55719,-0.013977,0.307312,down
316982,3.578125,8.5,3.96875,-0.341797,-0.316406,-0.433594,0.772217,0.55658,-0.014404,0.305969,down
316987,3.65625,8.460938,3.96875,-0.341797,-0.316406,-0.433594,0.77301,0.556152,-0.014648,0.30481,down
316992,3.65625,8.460938,3.96875,-0.341797,-0.316406,-0.433594,0.774414,0.555603,-0.015015,0.302185,down
316997,3.617188,8.539063,4.042969,-0.154297,-0.318359,-0.492187,0.774414,0.555603,-0.015015,0.302185,down
317002,3.617188,8.578125,4.003906,-0.154297,-0.318359,-0.492187,0.775635,0.555542,-0.015137,0.299316,down
317007,3.5,8.617188,3.96875,-0.154297,-0.318359,-0.492187,0.776184,0.555603,-0.015137,0.297791,down
317012,3.5,8.695313,3.929688,-0.091797,-0.330078,-0.525391,0.776184,0.555603,-0.015137,0.297791,down
317017,3.464844,8.695313,3.851563,-0.091797,-0.330078,-0.525391,0.776672,0.555664,-0.015076,0.296265,down
317022,3.464844,8.765625,3.851563,-0.142578,-0.333984,-0.523437,0.776672,0.555664,-0.015076,0.296265,down
317028,3.425781,8.765625,3.890625,-0.142578,-0.333984,-0.523437,0.778259,0.555664,-0.015137,0.291992,down
317033,3.464844,8.765625,3.8125,-0.242187,-0.339844,-0.496094,0.779053,0.555481,-0.015259,0.290344,down
317039,3.425781,8.765625,3.929688,-0.242187,-0.339844,-0.496094,0.779663,0.555298,-0.015381,0.289063,down
317044,3.347656,8.769531,3.929688,-0.316406,-0.345703,-0.464844,0.779663,0.555298,-0.015381,0.289063,down
317049,3.347656,8.734375,3.890625,-0.316406,-0.345703,-0.464844,0.781189,0.554565,-0.015869,0.286255,down
317055,3.347656,8.734375,3.890625,-0.349609,-0.361328,-0.4375,0.781189,0.554565,-0.015869,0.286255,down
317060,3.386719,8.699219,3.890625,-0.355469,-0.363281,-0.443359,0.781189,0.554565,-0.015869,0.286255,down
317065,3.386719,8.617188,3.929688,-0.355469,-0.363281,-0.443359,0.781189,0.554565,-0.015869,0.286255,down
317070,3.386719,8.621094,3.96875,-0.355469,-0.363281,-0.443359,0.784302,0.552979,-0.017212,0.280762,down
317075,3.386719,8.582031,3.96875,-0.291016,-0.380859,-0.457031,0.784302,0.552979,-0.017212,0.280762,down
317080,3.347656,8.65625,3.929688,-0.291016,-0.380859,-0.457031,0.785767,0.552368,-0.017883,0.277771,down
317087,3.273438,8.738281,3.890625,-0.291016,-0.380859,-0.457031,0.786926,0.552124,-0.018372,0.274963,down
317092,3.234375,8.808594,3.851563,-0.175781,-0.414062,-0.472656,0.786926,0.552124,-0.018372,0.274963,down
317097,3.273438,8.964844,3.890625,-0.175781,-0.414062,-0.472656,0.787537,0.552063,-0.018677,0.273315,down
317102,3.273438,9.0,3.851563,-0.175781,-0.414062,-0.472656,0.788574,0.551941,-0.019226,0.270447,down
317107,3.308594,9.039063,3.8125,-0.175781,-0.414062,-0.472656,0.788574,0.551941,-0.019226,0.270447,down
317112,3.273438,9.039063,3.8125,-0.232422,-0.453125,-0.460937,0.789795,0.551697,-0.020081,0.267273,down
317117,3.234375,9.039063,3.8125,-0.232422,-0.453125,-0.460937,0.790466,0.551392,-0.020569,0.265808,down
317122,3.234375,9.0,3.8125,-0.232422,-0.453125,-0.460937,0.791199,0.551086,-0.021057,0.264343,down
317127,3.195313,9.042969,3.851563,-0.232422,-0.453125,-0.460937,0.791199,0.551086,-0.021057,0.264343,down
317132,3.234375,9.042969,3.890625,-0.412109,-0.460937,-0.380859,0.792786,0.55011,-0.022339,0.261536,down
317137,3.273438,9.0,3.8125,-0.412109,-0.460937,-0.380859,0.793701,0.549377,-0.023193,0.260071,down
317142,3.273438,8.960938,3.8125,-0.564453,-0.429687,-0.333984,0.793701,0.549377,-0.023193,0.260071,down
317147,3.308594,8.882813,3.8125,-0.591797,-0.416016,-0.337891,0.794617,0.548645,-0.023865,0.25885,down
317153,3.308594,8.617188,3.851563,-0.591797,-0.416016,-0.337891,0.79657,0.546875,-0.02533,0.256287,down
317159,3.273438,8.421875,3.929688,-0.591797,-0.416016,-0.337891,0.797729,0.545898,-0.026062,0.254944,down
317164,3.273438,8.234375,3.96875,-0.552734,-0.365234,-0.378906,0.798584,0.545105,-0.026611,0.253784,down
317169,3.234375,8.15625,3.96875,-0.552734,-0.365234,-0.378906,0.799622,0.54425,-0.027161,0.25238,down
317174,3.082031,8.039063,3.929688,-0.552734,-0.365234,-0.378906,0.799622,0.54425,-0.027161,0.25238,down
317179,3.042969,8.117188,3.890625,-0.359375,-0.333984,-0.478516,0.799622,0.54425,-0.027161,0.25238,down
317184,3.042969,8.117188,3.890625,-0.257813,-0.345703,-0.509766,0.80188,0.542664,-0.028015,0.248352,down
317189,3.003906,8.238281,3.777344,-0.257813,-0.345703,-0.509766,0.80188,0.542664,-0.028015,0.248352,down
317194,3.003906,8.238281,3.777344,-0.146484,-0.367188,-0.542969,0.80249,0.542542,-0.028137,0.246765,down
317199,2.890625,8.382813,3.738281,-0.042969,-0.396484,-0.574219,0.80249,0.542542,-0.028137,0.246765,down
317204,2.8125,8.621094,3.738281,0.138672,-0.482422,-0.607422,0.803467,0.543457,-0.028259,0.241577,down
317210,2.699219,8.808594,3.851563,0.138672,-0.482422,-0.607422,0.803467,0.543457,-0.028259,0.241577,down
317215,2.8125,8.804688,3.851563,0.228516,-0.544922,-0.607422,0.803467,0.543457,-0.028259,0.241577,down
317220,2.8125,8.921875,3.8125,0.238281,-0.572266,-0.603516,0.803467,0.543457,-0.028259,0.241577,down
317225,2.890625,9.078125,3.851563,0.230469,-0.578125,-0.589844,0.803467,0.543457,-0.028259,0.241577,down
317230,2.925781,9.148438,3.890625,0.230469,-0.578125,-0.589844,0.803467,0.543457,-0.028259,0.241577,down
317236,2.890625,9.265625,3.890625,0.230469,-0.578125,-0.589844,0.80365,0.548096,-0.029297,0.22998,down
317242,2.8125,9.347656,3.8125,0.078125,-0.572266,-0.537109,0.80365,0.548096,-0.029297,0.22998,down
317248,2.8125,9.421875,3.777344,0.046875,-0.572266,-0.521484,0.804138,0.549622,-0.030396,0.224426,down
317253,2.8125,9.464844,3.777344,0.003906,-0.566406,-0.519531,0.804382,0.550049,-0.030823,0.222473,down
317258,2.773438,9.535156,3.738281,-0.019531,-0.572266,-0.525391,0.804626,0.550354,-0.03125,0.220581,down
317264,2.773438,9.574219,3.699219,-0.025391,-0.582031,-0.507812,0.804871,0.550659,-0.031677,0.218933,down
317269,2.8125,9.574219,3.660156,-0.025391,-0.582031,-0.507812,0.805176,0.550903,-0.032166,0.217163,down
317274,2.773438,9.613281,3.621094,-0.044922,-0.560547,-0.494141,0.805176,0.550903,-0.032166,0.217163,down
317279,2.734375,9.574219,3.546875,-0.046875,-0.550781,-0.480469,0.805176,0.550903,-0.032166,0.217163,down
317284,2.660156,9.574219,3.621094,-0.046875,-0.550781,-0.480469,0.80603,0.551636,-0.033569,0.211914,down
317289,2.621094,9.574219,3.585938,-0.054687,-0.539062,-0.449219,0.80603,0.551636,-0.033569,0.211914,down
317295,2.621094,9.609375,3.621094,-0.070312,-0.529297,-0.433594,0.80603,0.551636,-0.033569,0.211914,down
317300,2.582031,9.613281,3.546875,-0.070312,-0.529297,-0.433594,0.80603,0.551636,-0.033569,0.211914,down
317305,2.542969,9.53125,3.621094,-0.09375,-0.529297,-0.394531,0.80603,0.551636,-0.033569,0.211914,down
317311,2.507813,9.464844,3.660156,-0.091797,-0.529297,-0.375,0.80603,0.551636,-0.033569,0.211914,down
317316,2.507813,9.347656,3.738281,-0.091797,-0.529297,-0.375,0.807678,0.552612,-0.036804,0.202393,down
317321,2.621094,9.230469,3.851563,-0.091797,-0.529297,-0.375,0.807678,0.552612,-0.036804,0.202393,down
317326,2.621094,9.191406,3.851563,-0.013672,-0.556641,-0.349609,0.807678,0.552612,-0.036804,0.202393,down
317331,2.621094,9.191406,3.777344,0.027344,-0.558594,-0.341797,0.807678,0.552612,-0.036804,0.202393,down
317337,2.8125,9.121094,3.777344,0.027344,-0.558594,-0.341797,0.808228,0.554199,-0.039917,0.195129,down
317342,2.8125,9.148438,3.777344,0.027344,-0.558594,-0.341797,0.808228,0.554199,-0.039917,0.195129,down
317347,2.925781,9.226563,3.777344,0.167969,-0.511719,-0.355469,0.808228,0.554199,-0.039917,0.195129,down
317352,3.003906,9.347656,3.585938,0.167969,-0.511719,-0.355469,0.808044,0.555298,-0.041016,0.1922,down
317357,3.042969,9.421875,3.46875,0.167969,-0.511719,-0.355469,0.807922,0.555969,-0.041382,0.190857,down
317362,3.003906,9.503906,3.394531,0.226562,-0.416016,-0.357422,0.807922,0.555969,-0.041382,0.190857,down
317368,2.964844,9.609375,3.277344,0.226562,-0.371094,-0.363281,0.807922,0.555969,-0.041382,0.190857,down
317373,2.925781,9.652344,3.238281,0.226562,-0.371094,-0.363281,0.807312,0.558533,-0.042053,0.185852,down
317378,2.773438,9.6875,3.203125,0.130859,-0.248047,-0.330078,0.807312,0.558533,-0.042053,0.185852,down
317383,2.621094,9.691406,3.164063,0.130859,-0.248047,-0.330078,0.80719,0.559326,-0.041992,0.183899,down
317388,2.507813,9.648438,3.238281,0.130859,-0.248047,-0.330078,0.80719,0.55957,-0.041992,0.183105,down
317393,2.390625,9.613281,3.507813,0.130859,-0.248047,-0.330078,0.80719,0.559937,-0.042053,0.182129,down
317399,2.429688,9.53125,3.355469,0.072266,-0.240234,-0.212891,0.807129,0.560242,-0.042175,0.181335,down
317404,2.390625,9.421875,3.355469,0.072266,-0.240234,-0.212891,0.807129,0.560486,-0.042358,0.180664,down
317410,2.660156,9.269531,3.429688,0.072266,-0.240234,-0.212891,0.807068,0.56073,-0.042664,0.179932,down
317416,2.773438,9.226563,3.394531,0.0625,-0.259766,-0.144531,0.807068,0.56073,-0.042664,0.179932,down
317421,2.8125,9.308594,3.355469,0.078125,-0.220703,-0.146484,0.807068,0.56073,-0.042664,0.179932,down
317426,2.890625,9.304688,3.355469,0.078125,-0.220703,-0.146484,0.806885,0.561523,-0.043335,0.178101,down
317431,2.925781,9.347656,3.355469,0.128906,-0.185547,-0.175781,0.806885,0.561523,-0.043335,0.178101,down
317436,2.964844,9.34375,3.355469,0.123047,-0.177734,-0.189453,0.806885,0.561523,-0.043335,0.178101,down
317441,2.925781,9.347656,3.355469,0.123047,-0.158203,-0.205078,0.806885,0.561523,-0.043335,0.178101,down
317446,2.734375,9.425781,3.277344,0.123047,-0.158203,-0.205078,0.806885,0.561523,-0.043335,0.178101,down
317451,2.660156,9.382813,3.355469,0.123047,-0.158203,-0.205078,0.806396,0.563171,-0.043274,0.17511,down
317456,2.542969,9.386719,3.507813,0.117188,-0.117188,-0.216797,0.806396,0.563171,-0.043274,0.17511,down
317461,2.46875,9.304688,3.621094,0.117188,-0.117188,-0.216797,0.806274,0.563782,-0.042969,0.173889,down
317467,2.507813,9.425781,3.546875,0.132812,-0.160156,-0.210937,0.806274,0.563782,-0.042969,0.173889,down
317472,2.46875,9.464844,3.507813,0.132812,-0.160156,-0.210937,0.80603,0.564514,-0.042847,0.172729,down
317478,2.507813,9.535156,3.355469,0.121094,-0.177734,-0.197266,0.80603,0.564514,-0.042847,0.172729,down
317483,2.507813,9.53125,3.238281,0.119141,-0.205078,-0.166016,0.805786,0.565186,-0.042847,0.171448,down
317488,2.542969,9.503906,3.238281,0.119141,-0.205078,-0.166016,0.805542,0.565857,-0.043091,0.170227,down
317493,2.582031,9.53125,3.203125,0.146484,-0.232422,-0.148437,0.805542,0.565857,-0.043091,0.170227,down
317498,2.660156,9.464844,3.164063,0.146484,-0.232422,-0.148437,0.805237,0.56665,-0.043457,0.169067,down
317503,2.699219,9.425781,3.125,0.083984,-0.244141,-0.138672,0.805237,0.56665,-0.043457,0.169067,down
317508,2.734375,9.382813,3.238281,0.083984,-0.244141,-0.138672,0.805115,0.567017,-0.043701,0.168396,down
317513,2.773438,9.226563,3.164063,0.035156,-0.238281,-0.142578,0.805115,0.567017,-0.043701,0.168396,down
317518,2.773438,9.226563,3.164063,0.035156,-0.238281,-0.142578,0.805176,0.567383,-0.044373,0.166687,down
317523,2.8125,9.042969,3.164063,0.035156,-0.238281,-0.142578,0.805176,0.567383,-0.044373,0.166687,down
317528,2.773438,9.039063,3.164063,-0.058594,-0.164062,-0.126953,0.80542,0.567322,-0.044739,0.16571,down
317533,2.734375,9.039063,3.203125,-0.058594,-0.164062,-0.126953,0.805542,0.567322,-0.0448,0.165222,down
317538,2.699219,9.0,3.164063,-0.064453,-0.095703,-0.117188,0.805542,0.567322,-0.0448,0.165222,down
317543,2.621094,8.964844,3.125,-0.054687,-0.076172,-0.125,0.805664,0.5672,-0.044861,0.164795,down
317548,2.621094,8.964844,3.125,-0.035156,-0.074219,-0.125,0.805847,0.567139,-0.044861,0.164124,down
317553,2.621094,8.964844,3.085938,-0.035156,-0.074219,-0.125,0.805847,0.567139,-0.044861,0.164124,down
317558,2.507813,9.003906,3.125,-0.035156,-0.074219,-0.125,0.805847,0.567139,-0.044861,0.164124,down
317563,2.351563,9.003906,3.164063,0.003906,-0.085937,-0.126953,0.805847,0.567139,-0.044861,0.164124,down
317568,2.351563,9.003906,3.164063,0.082031,-0.105469,-0.123047,0.805847,0.567444,-0.0448,0.163025,down
317573,2.390625,9.117188,3.125,0.082031,-0.105469,-0.123047,0.805786,0.567688,-0.0448,0.162659,down
317578,2.46875,9.191406,3.164063,0.111328,-0.142578,-0.070312,0.805786,0.567688,-0.0448,0.162659,down
317584,2.46875,9.191406,3.164063,0.087891,-0.136719,-0.058594,0.805359,0.568481,-0.045105,0.161682,down
317590,2.699219,9.226563,3.007813,0.087891,-0.136719,-0.058594,0.805237,0.568726,-0.045288,0.161438,down
317596,2.734375,9.269531,3.007813,0.054687,-0.111328,-0.058594,0.805237,0.568726,-0.045288,0.161438,down
317601,2.734375,9.269531,3.007813,0.042969,-0.103516,-0.054687,0.805237,0.568726,-0.045288,0.161438,down
317606,2.734375,9.1875,3.007813,0.029297,-0.089844,-0.058594,0.805237,0.568726,-0.045288,0.161438,down
317611,2.699219,9.152344,3.007813,-0.001953,-0.0625,-0.068359,0.805237,0.568726,-0.045288,0.161438,down
317616,2.699219,9.1875,3.007813,-0.023437,-0.048828,-0.070312,0.805237,0.568726,-0.045288,0.161438,down
317622,2.621094,9.148438,3.007813,-0.041016,-0.035156,-0.074219,0.805237,0.568726,-0.045288,0.161438,down
317628,2.542969,9.148438,3.007813,-0.041016,-0.035156,-0.074219,0.805359,0.569031,-0.045471,0.159668,down
317633,2.507813,9.148438,3.085938,-0.041016,-0.035156,-0.074219,0.805359,0.569031,-0.045471,0.159668,down
317638,2.46875,9.121094,3.164063,-0.058594,-0.001953,-0.078125,0.805603,0.568848,-0.045288,0.159363,down
317643,2.429688,9.117188,3.277344,-0.058594,-0.001953,-0.078125,0.805603,0.568848,-0.045288,0.159363,down
317648,2.46875,9.121094,3.238281,-0.044922,0.019531,-0.087891,0.805603,0.568848,-0.045288,0.159363,down
317653,2.429688,9.148438,3.355469,-0.044922,0.019531,-0.087891,0.805847,0.568604,-0.044983,0.159058,down
317659,2.351563,9.191406,3.394531,-0.044922,0.019531,-0.087891,0.805969,0.568481,-0.044678,0.158752,down
317665,2.3125,9.191406,3.46875,-0.044922,0.019531,-0.087891,0.806091,0.56842,-0.044495,0.158691,down
317670,2.238281,9.191406,3.46875,-0.019531,0.011719,-0.085937,0.806152,0.568359,-0.044373,0.158508,down
317676,2.277344,9.230469,3.507813,-0.005859,-0.003906,-0.083984,0.806152,0.568359,-0.044373,0.158508,down
317681,2.351563,9.230469,3.507813,-0.005859,-0.003906,-0.083984,0.806213,0.568359,-0.044128,0.158203,down
317687,2.390625,9.226563,3.507813,0.023437,-0.023437,-0.072266,0.806213,0.568359,-0.044128,0.158203,down
317693,2.46875,9.230469,3.46875,0.035156,-0.019531,-0.074219,0.806213,0.568359,-0.044128,0.158203,down
317699,2.507813,9.191406,3.46875,0.035156,-0.019531,-0.074219,0.806152,0.568665,-0.043762,0.157532,down
317704,2.46875,9.148438,3.46875,0.035156,-0.019531,-0.074219,0.806091,0.568787,-0.04364,0.15741,down
317709,2.46875,9.152344,3.429688,0.078125,-0.007813,-0.058594,0.806091,0.568787,-0.04364,0.15741,down
317714,2.507813,9.152344,3.429688,0.078125,-0.007813,-0.058594,0.805908,0.569153,-0.043457,0.157227,down
317719,2.429688,9.191406,3.429688,0.078125,0.007813,-0.035156,0.805786,0.569336,-0.043335,0.157166,down
317725,2.507813,9.226563,3.429688,0.078125,0.007813,-0.035156,0.805725,0.569458,-0.043213,0.157104,down
317730,2.542969,9.265625,3.46875,0.080078,0.039063,-0.021484,0.805603,0.56958,-0.04303,0.157104,down
317735,2.542969,9.269531,3.355469,0.080078,0.039063,-0.021484,0.805481,0.569763,-0.042908,0.157166,down
317740,2.507813,9.269531,3.355469,0.082031,0.048828,-0.013672,0.805481,0.569763,-0.042908,0.157166,down
317745,2.390625,9.265625,3.355469,0.060547,0.0625,-0.003906,0.805298,0.570007,-0.042542,0.157349,down
317750,2.351563,9.269531,3.429688,0.060547,0.0625,-0.003906,0.805298,0.570007,-0.042542,0.157349,down
317755,2.429688,9.230469,3.429688,0.03125,0.0625,-0.001953,0.805298,0.570007,-0.042542,0.157349,down
317760,2.351563,9.152344,3.429688,0.025391,0.046875,0.003906,0.805298,0.570007,-0.042542,0.157349,down
317765,2.351563,9.148438,3.394531,0.003906,0.050781,0.009766,0.805115,0.57019,-0.041992,0.157715,down
317771,2.351563,9.078125,3.429688,0.003906,0.050781,0.009766,0.805115,0.57019,-0.041931,0.157837,down
317777,2.351563,9.042969,3.394531,-0.025391,0.035156,0.003906,0.805115,0.57019,-0.041931,0.157837,down
317783,2.390625,9.0,3.394531,-0.029297,0.037109,0.003906,0.805115,0.57019,-0.041931,0.157837,down
317788,2.3125,8.921875,3.46875,-0.011719,0.021484,-0.003906,0.805237,0.570007,-0.041626,0.15802,down
317793,2.3125,8.921875,3.507813,-0.011719,0.021484,-0.003906,0.805237,0.570007,-0.041626,0.15802,down
317798,2.238281,8.921875,3.46875,0.070312,-0.013672,-0.009766,0.805237,0.570007,-0.041626,0.15802,down
317803,2.277344,8.921875,3.46875,0.070312,-0.013672,-0.009766,0.805115,0.570129,-0.041565,0.15802,down
317808,2.3125,9.003906,3.46875,0.070312,-0.013672,-0.009766,0.804993,0.570312,-0.041504,0.15802,down
317814,2.390625,9.042969,3.316406,0.167969,-0.042969,-0.021484,0.804993,0.570312,-0.041504,0.15802,down
317819,2.390625,9.042969,3.355469,0.167969,-0.042969,-0.021484,0.804321,0.57135,-0.041443,0.157776,down
317824,2.429688,9.042969,3.355469,0.185547,-0.037109,-0.025391,0.804321,0.57135,-0.041443,0.157776,down
317829,2.46875,9.121094,3.277344,0.185547,-0.037109,-0.025391,0.803833,0.572144,-0.041382,0.157654,down
317834,2.507813,9.148438,3.277344,0.189453,-0.005859,-0.015625,0.803833,0.572144,-0.041382,0.157654,down
317839,2.429688,9.148438,3.316406,0.189453,-0.005859,-0.015625,0.803528,0.57251,-0.04126,0.157654,down
317844,2.429688,9.152344,3.277344,0.189453,-0.005859,-0.015625,0.803101,0.57312,-0.041016,0.157654,down
317849,2.429688,9.117188,3.238281,0.087891,0.039063,-0.003906,0.803101,0.57312,-0.041016,0.157654,down
317854,2.390625,9.117188,3.238281,0.060547,0.056641,0.0,0.802917,0.573364,-0.040833,0.157715,down
317859,2.351563,9.078125,3.316406,0.060547,0.056641,0.0,0.802734,0.573547,-0.040588,0.157898,down
317864,2.3125,9.042969,3.203125,0.060547,0.056641,0.0,0.802673,0.573669,-0.040405,0.15802,down
317869,2.238281,9.003906,3.277344,0.041016,0.074219,0.005859,0.802673,0.573669,-0.040405,0.15802,down
317874,2.160156,9.003906,3.277344,0.041016,0.074219,0.005859,0.802612,0.57373,-0.040222,0.158203,down
317880,2.160156,9.003906,3.277344,0.041016,0.074219,0.005859,0.80249,0.573853,-0.039917,0.158386,down
317886,2.238281,9.0,3.316406,0.072266,0.033203,-0.003906,0.802368,0.573975,-0.039795,0.158508,down
317892,2.277344,9.0,3.316406,0.087891,0.017578,-0.009766,0.802368,0.573975,-0.039795,0.158508,down
317898,2.351563,8.964844,3.277344,0.087891,0.017578,-0.009766,0.802368,0.573975,-0.039795,0.158508,down
317903,2.46875,8.925781,3.316406,0.105469,-0.009766,-0.029297,0.802368,0.573975,-0.039795,0.158508,down
317909,2.507813,8.886719,3.277344,0.107422,-0.001953,-0.041016,0.801697,0.575012,-0.039307,0.158386,down
317914,2.660156,8.886719,3.203125,0.107422,-0.001953,-0.041016,0.801575,0.575256,-0.039124,0.158325,down
317919,2.660156,8.886719,3.203125,0.123047,0.035156,-0.078125,0.801575,0.575256,-0.039124,0.158325,down
317924,2.542969,8.964844,3.125,0.128906,0.048828,-0.076172,0.801392,0.5755,-0.038879,0.158264,down
317929,2.542969,8.964844,3.125,0.125,0.044922,-0.089844,0.801086,0.575989,-0.038391,0.158142,down
317934,2.277344,9.121094,3.125,0.125,0.044922,-0.089844,0.801086,0.575989,-0.038391,0.158142,down
317939,2.238281,9.191406,3.164063,0.158203,-0.003906,-0.085937,0.800903,0.576294,-0.038086,0.15802,down
317944,2.277344,9.265625,3.085938,0.158203,-0.003906,-0.085937,0.800537,0.576904,-0.03772,0.157715,down
317949,2.277344,9.34375,3.046875,0.158203,-0.003906,-0.085937,0.800354,0.577271,-0.037598,0.157532,down
317954,2.429688,9.425781,3.085938,0.158203,-0.003906,-0.085937,0.80011,0.577637,-0.037415,0.157349,down
317959,2.507813,9.464844,3.085938,0.195312,-0.037109,-0.083984,0.80011,0.577637,-0.037415,0.157349,down
317964,2.582031,9.464844,3.085938,0.195312,-0.037109,-0.083984,0.799622,0.578491,-0.03717,0.156982,down
317969,2.582031,9.5,3.046875,0.195312,-0.037109,-0.083984,0.799316,0.578918,-0.036987,0.156799,down
317974,2.507813,9.535156,2.972656,0.195312,-0.037109,-0.083984,0.799316,0.578918,-0.036987,0.156799,down
317979,2.46875,9.570313,2.972656,0.205078,0.021484,-0.054687,0.799316,0.578918,-0.036987,0.156799,down
317984,2.390625,9.574219,2.972656,0.205078,0.021484,-0.054687,0.798462,0.5802,-0.036377,0.156555,down
317989,2.351563,9.648438,2.933594,0.205078,0.021484,-0.054687,0.798218,0.580566,-0.036194,0.156555,down
317994,2.277344,9.648438,2.894531,0.205078,0.021484,-0.054687,0.798218,0.580566,-0.036194,0.156555,down
317999,2.199219,9.652344,2.894531,0.136719,0.044922,-0.017578,0.797791,0.581116,-0.035828,0.156677,down
318004,2.199219,9.613281,2.894531,0.136719,0.044922,-0.017578,0.797791,0.581116,-0.035828,0.156677,down
318009,2.238281,9.574219,2.933594,0.144531,0.025391,0.001953,0.797791,0.581116,-0.035828,0.156677,down
318014,2.277344,9.574219,2.933594,0.144531,0.025391,0.001953,0.797363,0.581665,-0.035522,0.156799,down
318020,2.390625,9.464844,2.972656,0.144531,0.025391,0.001953,0.796997,0.582214,-0.035278,0.156982,down
318025,2.390625,9.425781,3.007813,0.144531,0.025391,0.001953,0.796814,0.582397,-0.035217,0.157104,down
318030,2.390625,9.347656,2.972656,0.134766,0.042969,0.025391,0.79657,0.582703,-0.035095,0.157227,down
318035,2.390625,9.304688,2.972656,0.144531,0.048828,0.03125,0.796326,0.582947,-0.034973,0.157349,down
318041,2.351563,9.1875,3.046875,0.144531,0.048828,0.03125,0.796143,0.583191,-0.034851,0.157532,down
318046,2.390625,9.1875,3.085938,0.121094,0.064453,0.035156,0.795959,0.583435,-0.034668,0.157654,down
318051,2.351563,9.191406,3.007813,0.123047,0.072266,0.025391,0.795959,0.583435,-0.034668,0.157654,down
318056,2.351563,9.121094,3.007813,0.119141,0.074219,0.027344,0.795959,0.583435,-0.034668,0.157654,down
318061,2.277344,9.078125,3.046875,0.119141,0.074219,0.027344,0.795959,0.583435,-0.034668,0.157654,down
318066,2.3125,9.082031,3.085938,0.154297,0.070312,0.005859,0.795959,0.583435,-0.034668,0.157654,down
