timestamp,ax,ay,az,gx,gy,gz,qw,qx,qy,qz,label
104218,7.304687,4.695312,3.25,0.001953,-0.138672,-0.478516,0.26593,0.573792,0.114014,0.766174,down
104223,7.308594,4.734375,3.289063,0.001953,-0.138672,-0.478516,0.269714,0.574341,0.117432,0.763977,down
104228,7.269531,4.808594,3.210938,0.013672,-0.119141,-0.548828,0.269714,0.574341,0.117432,0.763977,down
104233,7.265625,4.808594,3.136719,0.013672,-0.119141,-0.548828,0.271667,0.574402,0.118958,0.762939,down
104239,7.308594,4.847656,3.136719,0.013672,-0.119141,-0.548828,0.273621,0.574402,0.120667,0.761963,down
104244,7.265625,4.886719,3.058594,0.019531,-0.083984,-0.623047,0.273621,0.574402,0.120667,0.761963,down
104249,7.230469,4.847656,3.019531,0.019531,-0.083984,-0.623047,0.27594,0.57428,0.12262,0.760925,down
104255,7.074219,4.886719,3.019531,0.019531,-0.083984,-0.623047,0.276978,0.574219,0.123474,0.760437,down
104260,6.964844,4.925781,2.945313,0.019531,-0.083984,-0.623047,0.278259,0.574097,0.12439,0.759949,down
104265,6.882812,4.964844,2.980469,-0.060547,-0.078125,-0.642578,0.278259,0.574097,0.12439,0.759949,down
104270,6.886719,4.964844,3.019531,-0.068359,-0.083984,-0.630859,0.278259,0.574097,0.12439,0.759949,down
104275,6.847656,5.0,2.980469,-0.078125,-0.083984,-0.615234,0.278259,0.574097,0.12439,0.759949,down
104280,6.769531,5.191406,3.097656,-0.078125,-0.083984,-0.615234,0.278259,0.574097,0.12439,0.759949,down
104285,6.765625,5.308594,3.171875,-0.058594,-0.115234,-0.572266,0.278259,0.574097,0.12439,0.759949,down
104290,6.730469,5.386719,3.210938,-0.039063,-0.142578,-0.556641,0.2854,0.573486,0.129028,0.756958,down
104296,6.691406,5.421875,3.210938,-0.039063,-0.142578,-0.556641,0.286438,0.573547,0.1297,0.756409,down
104302,6.726562,5.5,3.328125,-0.039063,-0.142578,-0.556641,0.287476,0.573608,0.130432,0.755859,down
104307,6.726562,5.613281,3.363281,0.023437,-0.201172,-0.519531,0.287476,0.573608,0.130432,0.755859,down
104313,6.726562,5.613281,3.328125,0.046875,-0.216797,-0.525391,0.289368,0.573975,0.131897,0.754639,down
104318,6.726562,5.578125,3.363281,0.066406,-0.234375,-0.546875,0.289368,0.573975,0.131897,0.754639,down
104324,6.726562,5.613281,3.402344,0.074219,-0.261719,-0.556641,0.292297,0.57489,0.134399,0.752319,down
104330,6.808594,5.539062,3.363281,0.074219,-0.261719,-0.556641,0.293274,0.575195,0.135132,0.751587,down
104336,6.726562,5.5,3.363281,0.037109,-0.298828,-0.615234,0.294373,0.5755,0.135986,0.750732,down
104342,6.652344,5.460937,3.328125,0.003906,-0.296875,-0.642578,0.294373,0.5755,0.135986,0.750732,down
104347,6.460937,5.460937,3.210938,-0.029297,-0.308594,-0.652344,0.294373,0.5755,0.135986,0.750732,down
104352,6.347656,5.5,3.171875,-0.052734,-0.322266,-0.667969,0.294373,0.5755,0.135986,0.750732,down
104357,6.304687,5.5,3.171875,-0.060547,-0.361328,-0.671875,0.294373,0.5755,0.135986,0.750732,down
104362,6.230469,5.539062,3.171875,-0.0625,-0.378906,-0.689453,0.294373,0.5755,0.135986,0.750732,down
104368,6.121094,5.539062,3.171875,-0.0625,-0.378906,-0.689453,0.303894,0.577942,0.14093,0.744141,down
104373,6.082031,5.5,3.136719,-0.0625,-0.378906,-0.689453,0.303894,0.577942,0.14093,0.744141,down
104378,6.082031,5.578125,3.097656,-0.003906,-0.455078,-0.740234,0.303894,0.577942,0.14093,0.744141,down
104384,6.078125,5.691406,3.136719,0.050781,-0.457031,-0.761719,0.306885,0.578918,0.142395,0.741882,down
104389,6.078125,5.730469,3.171875,0.050781,-0.457031,-0.761719,0.30835,0.579468,0.143188,0.740723,down
104394,6.082031,5.804687,3.210938,0.152344,-0.431641,-0.804687,0.30835,0.579468,0.143188,0.740723,down
104399,6.0,5.960937,3.289063,0.152344,-0.431641,-0.804687,0.311157,0.580627,0.145386,0.738159,down
104405,6.0,5.960937,3.289063,0.195312,-0.384766,-0.837891,0.313843,0.581726,0.147827,0.735657,down
104410,5.773437,6.152344,3.402344,0.197266,-0.373047,-0.853516,0.315308,0.582275,0.149353,0.734314,down
104416,5.695312,6.148437,3.402344,0.197266,-0.373047,-0.853516,0.316589,0.582703,0.150635,0.733154,down
104421,5.617187,6.230469,3.441406,0.197266,-0.373047,-0.853516,0.316589,0.582703,0.150635,0.733154,down
104443,4.621094,5.921875,3.210938,-0.039063,-0.287109,-0.935547,0.323181,0.583862,0.155457,0.728333,down
104449,4.546875,5.847656,2.980469,-0.341797,-0.339844,-0.966797,0.323181,0.583862,0.155457,0.728333,down
104454,4.429687,5.882812,2.867188,-0.341797,-0.339844,-0.966797,0.329529,0.58374,0.15802,0.725037,down
104459,4.777344,5.730469,2.789063,-0.443359,-0.439453,-0.976562,0.334656,0.58374,0.158691,0.722534,down
104464,5.042969,5.765625,2.867188,-0.443359,-0.439453,-0.976562,0.334656,0.58374,0.158691,0.722534,down
104469,5.273437,5.769531,3.019531,-0.5625,-0.693359,-1.005859,0.340393,0.584412,0.158569,0.71936,down
104474,5.542969,5.964844,3.363281,-0.5625,-0.693359,-1.005859,0.340393,0.584412,0.158569,0.71936,down
104479,5.617187,5.960937,3.363281,-0.474609,-0.796875,-1.082031,0.340393,0.584412,0.158569,0.71936,down
104484,5.582031,5.960937,3.441406,-0.474609,-0.796875,-1.082031,0.346497,0.585449,0.158508,0.715576,down
104490,5.734375,6.035156,3.363281,-0.292969,-0.779297,-1.119141,0.349426,0.585999,0.158691,0.713623,down
104495,5.617187,6.035156,3.25,-0.292969,-0.779297,-1.119141,0.354492,0.587219,0.159607,0.709961,down
104500,5.617187,6.035156,3.25,-0.146484,-0.824219,-1.164063,0.357422,0.588074,0.160461,0.707581,down
104505,5.503906,5.992187,3.058594,-0.123047,-0.849609,-1.189453,0.359985,0.588928,0.161255,0.705383,down
104511,4.96875,5.925781,2.714844,-0.123047,-0.849609,-1.189453,0.362244,0.589722,0.161987,0.70343,down
104516,4.96875,5.925781,2.714844,-0.107422,-0.955078,-1.210938,0.365173,0.59082,0.162842,0.700806,down
104521,4.585937,5.804687,2.484375,-0.107422,-0.955078,-1.210938,0.367615,0.591797,0.163513,0.698547,down
104528,4.238281,5.84375,2.214844,-0.169922,-1.089844,-1.207031,0.367615,0.591797,0.163513,0.698547,down
104534,4.164062,5.84375,2.101563,-0.212891,-1.208984,-1.214844,0.367615,0.591797,0.163513,0.698547,down
104539,4.164062,5.769531,2.0625,-0.316406,-1.486328,-1.246094,0.367615,0.591797,0.163513,0.698547,down
104544,4.890625,5.613281,2.023438,-0.316406,-1.486328,-1.246094,0.379333,0.59729,0.164917,0.687134,down
104549,5.503906,5.691406,2.023438,-0.316406,-1.486328,-1.246094,0.382751,0.599182,0.164795,0.683594,down
104554,5.925781,5.84375,1.949219,-0.298828,-1.681641,-1.326172,0.382751,0.599182,0.164795,0.683594,down
104559,6.160156,5.960937,1.832031,-0.232422,-1.685547,-1.365234,0.392883,0.605164,0.164856,0.672485,down
104564,6.265625,6.074219,1.679688,-0.232422,-1.685547,-1.365234,0.39563,0.606873,0.165283,0.66925,down
104569,6.230469,6.1875,1.257813,-0.232422,-1.685547,-1.365234,0.39563,0.606873,0.165283,0.66925,down
104574,6.117187,6.265625,0.988281,0.046875,-1.541016,-1.410156,0.39563,0.606873,0.165283,0.66925,down
104579,6.117187,6.265625,0.988281,0.123047,-1.621094,-1.398438,0.401489,0.610901,0.166626,0.661682,down
104584,5.964844,6.453125,0.570312,0.212891,-1.761719,-1.392578,0.401489,0.610901,0.166626,0.661682,down
104589,5.964844,6.453125,0.570312,0.277344,-1.939453,-1.392578,0.406921,0.615906,0.168152,0.65332,down
104594,5.808594,6.878906,0.339844,0.277344,-1.939453,-1.392578,0.409546,0.618896,0.168701,0.648682,down
104599,5.808594,6.878906,0.339844,0.378906,-2.416016,-1.351563,0.412231,0.622498,0.169006,0.643494,down
104604,5.65625,7.53125,0.53125,0.378906,-2.416016,-1.351563,0.412231,0.622498,0.169006,0.643494,down
104610,5.65625,7.796875,0.722656,0.527344,-2.845703,-1.324219,0.412231,0.622498,0.169006,0.643494,down
104615,5.65625,7.796875,0.722656,0.548828,-2.783203,-1.361328,0.422119,0.63916,0.169312,0.620178,down
104621,5.195312,8.257813,0.375,0.548828,-2.783203,-1.361328,0.424561,0.643433,0.169495,0.614014,down
104626,4.929687,8.445313,-0.425781,0.548828,-2.783203,-1.361328,0.427002,0.6474,0.169678,0.608093,down
104631,5.003906,8.410156,-0.695312,0.337891,-2.720703,-1.423828,0.429626,0.651245,0.169739,0.602112,down
104637,5.542969,8.410156,-0.847656,0.337891,-2.720703,-1.423828,0.432556,0.65509,0.169556,0.595886,down
104643,5.734375,8.449219,-1.003906,0.039063,-2.767578,-1.455078,0.432556,0.65509,0.169556,0.595886,down
104648,5.734375,8.261719,-1.195313,-0.082031,-2.699219,-1.445313,0.432556,0.65509,0.169556,0.595886,down
104654,5.234375,9.253906,-1.882813,-0.171875,-2.580078,-1.427734,0.432556,0.65509,0.169556,0.595886,down
104659,5.234375,9.253906,-1.882813,-0.177734,-2.486328,-1.433594,0.44574,0.667725,0.167297,0.572205,down
104664,5.121094,9.632813,-2.152344,-0.140625,-2.453125,-1.492188,0.44574,0.667725,0.167297,0.572205,down
104669,5.121094,9.632813,-2.152344,-0.285156,-2.443359,-1.613281,0.452576,0.673096,0.166382,0.56073,down
104674,5.3125,10.671875,-2.265625,-0.285156,-2.443359,-1.613281,0.452576,0.673096,0.166382,0.56073,down
104679,5.808594,10.515625,-1.960938,-0.363281,-2.326172,-1.583984,0.459961,0.677856,0.165527,0.549194,down
104685,5.582031,10.515625,-1.921875,-0.378906,-2.144531,-1.46875,0.467224,0.68158,0.164612,0.538574,down
104690,5.160156,10.742188,-2.191406,-0.378906,-2.144531,-1.46875,0.470215,0.683167,0.164307,0.534058,down
104695,4.929687,10.824219,-2.34375,-0.378906,-2.144531,-1.46875,0.472839,0.68457,0.164124,0.529968,down
104700,4.851562,10.636719,-2.191406,-0.378906,-2.144531,-1.46875,0.475403,0.685974,0.16394,0.525818,down
104705,4.8125,10.4375,-2.035156,-0.300781,-1.654297,-1.128906,0.475403,0.685974,0.16394,0.525818,down
104710,4.8125,10.175781,-1.882813,-0.300781,-1.654297,-1.128906,0.480774,0.688599,0.163269,0.517761,down
104715,4.851562,9.9375,-1.84375,-0.300781,-1.654297,-1.128906,0.480774,0.688599,0.163269,0.517761,down
104720,4.96875,9.75,-1.769531,-0.201172,-1.449219,-1.046875,0.480774,0.688599,0.163269,0.517761,down
104725,5.3125,9.488281,-1.730469,-0.201172,-1.449219,-1.046875,0.488037,0.692078,0.162598,0.506409,down
104730,5.386719,9.40625,-1.652344,-0.201172,-1.449219,-1.046875,0.489929,0.693054,0.162598,0.503174,down
104735,5.503906,9.367188,-1.652344,-0.140625,-1.310547,-1.011719,0.489929,0.693054,0.162598,0.503174,down
104740,5.503906,9.253906,-1.691406,-0.091797,-1.269531,-1.003906,0.492126,0.694153,0.162598,0.499512,down
104745,5.425781,9.101563,-1.882813,-0.091797,-1.269531,-1.003906,0.495789,0.696167,0.162842,0.492981,down
104750,5.464844,9.105469,-2.0,0.214844,-1.193359,-0.974609,0.495789,0.696167,0.162842,0.492981,down
104755,5.464844,9.105469,-2.035156,0.214844,-1.193359,-0.974609,0.497498,0.69751,0.16333,0.489197,down
104760,5.464844,9.105469,-2.035156,0.449219,-1.148438,-0.962891,0.498413,0.69873,0.16394,0.486267,down
104765,5.273437,9.488281,-2.34375,0.705078,-1.097656,-0.966797,0.498413,0.69873,0.16394,0.486267,down
104770,5.273437,9.488281,-2.34375,0.884766,-1.068359,-0.951172,0.499268,0.702271,0.166321,0.479492,down
104775,4.929687,9.871094,-2.457031,0.884766,-1.068359,-0.951172,0.499207,0.704285,0.167786,0.476074,down
104780,4.929687,9.871094,-2.457031,1.041016,-1.076172,-0.927734,0.498962,0.70636,0.169312,0.472656,down
104785,4.507812,10.210938,-2.878906,1.041016,-1.076172,-0.927734,0.498657,0.708557,0.170959,0.469116,down
104791,4.316406,10.171875,-2.957031,1.041016,-1.076172,-0.927734,0.497559,0.713074,0.174133,0.462219,down
104797,4.085937,10.171875,-2.992188,1.130859,-1.107422,-0.779297,0.497559,0.713074,0.174133,0.462219,down
104802,4.046875,10.058594,-3.109375,1.074219,-1.105469,-0.728516,0.497559,0.713074,0.174133,0.462219,down
104807,3.972656,10.054688,-3.339844,1.0625,-1.105469,-0.695312,0.497559,0.713074,0.174133,0.462219,down
104812,3.972656,9.976563,-3.300781,0.996094,-1.130859,-0.654297,0.497559,0.713074,0.174133,0.462219,down
104817,3.972656,9.976563,-3.300781,0.943359,-1.148438,-0.609375,0.494568,0.724121,0.179993,0.445679,down
104822,3.933594,9.867188,-3.378906,0.943359,-1.148438,-0.609375,0.49408,0.726318,0.180725,0.442383,down
104827,3.894531,9.871094,-3.414063,0.917969,-1.177734,-0.527344,0.49408,0.726318,0.180725,0.442383,down
104833,3.855469,9.867188,-3.414063,0.923828,-1.185547,-0.490234,0.49408,0.726318,0.180725,0.442383,down
104838,3.78125,9.488281,-3.492188,0.923828,-1.185547,-0.490234,0.492249,0.732788,0.182312,0.432922,down
104843,3.625,9.332031,-3.492188,0.994141,-1.140625,-0.382813,0.492249,0.732788,0.182312,0.432922,down
104848,3.433594,9.488281,-3.683594,1.039063,-1.105469,-0.314453,0.492249,0.732788,0.182312,0.432922,down
104853,3.320313,9.9375,-3.953125,1.107422,-1.105469,-0.306641,0.492249,0.732788,0.182312,0.432922,down
104859,3.550781,9.792969,-3.835938,1.107422,-1.105469,-0.306641,0.487183,0.744324,0.184265,0.417908,down
104864,3.664063,9.714844,-3.644531,1.107422,-1.105469,-0.306641,0.487183,0.744324,0.184265,0.417908,down
104870,3.625,9.710938,-3.761719,1.013672,-1.208984,-0.302734,0.487183,0.744324,0.184265,0.417908,down
104875,3.625,9.632813,-3.722656,0.888672,-1.050781,-0.199219,0.485168,0.748962,0.184631,0.411804,down
104880,3.511719,9.636719,-3.761719,0.888672,-1.050781,-0.199219,0.48407,0.751282,0.184753,0.408813,down
104885,3.511719,9.636719,-3.761719,0.759766,-0.996094,-0.169922,0.482605,0.7547,0.184631,0.404236,down
104890,3.472656,9.671875,-3.796875,0.759766,-0.996094,-0.169922,0.482605,0.7547,0.184631,0.404236,down
104895,3.398438,9.753906,-3.875,0.759766,-0.996094,-0.169922,0.482605,0.7547,0.184631,0.404236,down
104900,3.398438,9.753906,-3.875,0.302734,-0.863281,-0.136719,0.482117,0.757446,0.18396,0.400024,down
104905,3.28125,9.484375,-3.722656,0.302734,-0.863281,-0.136719,0.482178,0.759644,0.182861,0.396301,down
104910,3.398438,9.488281,-3.492188,0.302734,-0.863281,-0.136719,0.482117,0.76062,0.182373,0.394714,down
104915,3.320313,9.488281,-3.378906,0.302734,-0.863281,-0.136719,0.481995,0.761719,0.181763,0.393005,down
104920,3.359375,9.445313,-3.300781,0.220703,-0.822266,-0.025391,0.481995,0.761719,0.181763,0.393005,down
104925,3.433594,9.289063,-3.339844,0.201172,-0.845703,-0.019531,0.481934,0.762817,0.18103,0.391235,down
104930,3.511719,9.253906,-3.261719,0.201172,-0.845703,-0.019531,0.481995,0.763794,0.180359,0.389587,down
104935,3.550781,9.25,-3.1875,0.201172,-0.845703,-0.019531,0.481934,0.764954,0.179626,0.387695,down
104940,3.78125,9.332031,-3.03125,0.339844,-0.910156,-0.013672,0.481934,0.764954,0.179626,0.387695,down
104945,3.78125,9.332031,-3.03125,0.339844,-0.910156,-0.013672,0.48114,0.768677,0.177734,0.382263,down
104950,3.894531,9.371094,-2.765625,0.339844,-0.910156,-0.013672,0.48114,0.768677,0.177734,0.382263,down
104955,3.972656,9.371094,-2.726563,0.443359,-0.912109,-0.007813,0.48114,0.768677,0.177734,0.382263,down
104960,4.046875,9.449219,-2.574219,0.390625,-0.910156,-0.003906,0.48114,0.768677,0.177734,0.382263,down
104965,4.046875,9.449219,-2.609375,0.390625,-0.910156,-0.003906,0.479919,0.773865,0.174927,0.374451,down
104970,4.046875,9.449219,-2.574219,0.390625,-0.910156,-0.003906,0.479919,0.773865,0.174927,0.374451,down
104975,4.085937,9.40625,-2.535156,0.048828,-0.851562,-0.001953,0.479919,0.773865,0.174927,0.374451,down
104980,4.164062,9.523438,-2.457031,0.048828,-0.851562,-0.001953,0.480225,0.775635,0.17334,0.371094,down
104985,4.199219,9.554688,-2.417969,-0.03125,-0.787109,0.015625,0.480225,0.775635,0.17334,0.371094,down
104990,4.238281,9.675781,-2.417969,-0.03125,-0.787109,0.015625,0.480957,0.777161,0.171387,0.367859,down
104995,4.277344,9.75,-2.457031,-0.117188,-0.724609,-0.015625,0.481384,0.777771,0.17041,0.366394,down
105001,4.355469,9.871094,-2.382813,-0.117188,-0.724609,-0.015625,0.482483,0.778748,0.168762,0.36377,down
105006,4.316406,9.871094,-2.417969,-0.154297,-0.660156,-0.082031,0.483154,0.779114,0.167847,0.362366,down
105012,4.199219,9.941406,-2.457031,-0.154297,-0.660156,-0.082031,0.483765,0.779419,0.167297,0.361206,down
105017,4.199219,9.980469,-2.417969,-0.158203,-0.615234,-0.148437,0.483765,0.779419,0.167297,0.361206,down
105023,4.238281,9.90625,-2.34375,-0.158203,-0.615234,-0.148437,0.483765,0.779419,0.167297,0.361206,down
105029,4.316406,9.910156,-2.226563,-0.195312,-0.605469,-0.203125,0.483765,0.779419,0.167297,0.361206,down
105035,4.355469,9.941406,-2.113281,-0.195312,-0.605469,-0.203125,0.486938,0.780396,0.165161,0.355774,down
105041,4.429687,9.9375,-2.074219,-0.261719,-0.53125,-0.255859,0.488708,0.780457,0.16449,0.353455,down
105046,4.46875,9.867188,-2.0,-0.316406,-0.417969,-0.306641,0.489868,0.780334,0.164307,0.352234,down
105051,4.546875,9.714844,-1.769531,-0.316406,-0.417969,-0.306641,0.490967,0.780151,0.164185,0.351257,down
105056,4.621094,9.675781,-1.652344,-0.316406,-0.417969,-0.306641,0.491943,0.779846,0.164246,0.350464,down
105061,4.585937,9.59375,-1.613281,-0.328125,-0.144531,-0.392578,0.493103,0.779419,0.164551,0.349731,down
105067,4.46875,9.367188,-1.460938,-0.328125,-0.144531,-0.392578,0.494019,0.778931,0.164917,0.349243,down
105072,4.355469,9.140625,-1.421875,-0.328125,-0.144531,-0.392578,0.494019,0.778931,0.164917,0.349243,down
105077,4.238281,9.0625,-1.386719,-0.3125,0.134766,-0.457031,0.494019,0.778931,0.164917,0.349243,down
105082,4.238281,8.90625,-1.269531,-0.302734,0.203125,-0.46875,0.494019,0.778931,0.164917,0.349243,down
105088,4.164062,8.832031,-1.230469,-0.285156,0.251953,-0.470703,0.494019,0.778931,0.164917,0.349243,down
105094,4.125,8.828125,-1.117188,-0.255859,0.263672,-0.458984,0.494019,0.778931,0.164917,0.349243,down
105099,4.125,8.867188,-1.039063,-0.212891,0.259766,-0.455078,0.494019,0.778931,0.164917,0.349243,down
105104,4.125,9.027344,-0.847656,-0.171875,0.222656,-0.443359,0.494019,0.778931,0.164917,0.349243,down
105110,4.085937,9.144531,-0.8125,-0.166016,0.119141,-0.431641,0.494019,0.778931,0.164917,0.349243,down
105115,4.046875,9.210938,-0.8125,-0.166016,0.119141,-0.431641,0.501465,0.772827,0.173218,0.348267,down
105120,4.007812,9.253906,-0.8125,-0.267578,-0.039063,-0.425781,0.501465,0.772827,0.173218,0.348267,down
105125,4.046875,9.253906,-0.734375,-0.267578,-0.039063,-0.425781,0.502991,0.77179,0.174683,0.347534,down
105130,4.046875,9.25,-0.847656,-0.267578,-0.039063,-0.425781,0.503967,0.771301,0.175171,0.347046,down
105135,4.046875,9.210938,-0.886719,-0.470703,-0.164062,-0.400391,0.503967,0.771301,0.175171,0.347046,down
105141,4.125,9.144531,-1.003906,-0.591797,-0.21875,-0.384766,0.503967,0.771301,0.175171,0.347046,down
105147,4.164062,8.984375,-1.078125,-0.591797,-0.21875,-0.384766,0.510254,0.768311,0.175171,0.344421,down
105152,4.125,8.945313,-1.230469,-0.894531,-0.302734,-0.359375,0.510254,0.768311,0.175171,0.344421,down
105158,4.085937,8.90625,-1.269531,-0.925781,-0.306641,-0.355469,0.510254,0.768311,0.175171,0.344421,down
105163,3.972656,8.71875,-1.308594,-0.925781,-0.306641,-0.355469,0.516846,0.765076,0.173889,0.342468,down
105169,3.933594,8.683594,-1.421875,-0.884766,-0.292969,-0.363281,0.516846,0.765076,0.173889,0.342468,down
105174,3.816406,8.722656,-1.421875,-0.798828,-0.283203,-0.365234,0.516846,0.765076,0.173889,0.342468,down
105179,3.816406,8.722656,-1.421875,-0.697266,-0.287109,-0.371094,0.522949,0.762085,0.172791,0.340454,down
105184,3.589844,8.644531,-1.578125,-0.697266,-0.287109,-0.371094,0.522949,0.762085,0.172791,0.340454,down
105189,3.511719,8.683594,-1.613281,-0.583984,-0.296875,-0.371094,0.526001,0.760742,0.172485,0.338806,down
105194,3.511719,8.683594,-1.613281,-0.583984,-0.296875,-0.371094,0.526001,0.760742,0.172485,0.338806,down
105200,3.472656,9.066406,-1.804688,-0.296875,-0.347656,-0.384766,0.528198,0.760193,0.172546,0.336731,down
105205,3.433594,9.210938,-1.769531,-0.033203,-0.451172,-0.392578,0.528198,0.760193,0.172546,0.336731,down
105210,3.472656,9.289063,-1.730469,-0.033203,-0.451172,-0.392578,0.529663,0.760254,0.172852,0.334106,down
105216,3.433594,9.445313,-1.730469,-0.003906,-0.470703,-0.398438,0.529663,0.760254,0.172852,0.334106,down
105221,3.472656,9.484375,-1.691406,0.013672,-0.492187,-0.386719,0.531311,0.760864,0.173218,0.329834,down
105226,3.511719,9.59375,-1.691406,-0.048828,-0.525391,-0.359375,0.531311,0.760864,0.173218,0.329834,down
105231,3.433594,9.753906,-1.730469,-0.048828,-0.525391,-0.359375,0.532654,0.761292,0.173157,0.326782,down
105236,3.433594,9.714844,-1.804688,-0.048828,-0.525391,-0.359375,0.533386,0.761292,0.172913,0.325562,down
105241,3.433594,9.710938,-1.769531,-0.324219,-0.560547,-0.275391,0.533386,0.761292,0.172913,0.325562,down
105246,3.433594,9.753906,-1.804688,-0.324219,-0.560547,-0.275391,0.535706,0.761108,0.171997,0.322815,down
105251,3.472656,9.75,-1.730469,-0.324219,-0.560547,-0.275391,0.535706,0.761108,0.171997,0.322815,down
105256,3.472656,9.675781,-1.730469,-0.324219,-0.560547,-0.275391,0.53833,0.760498,0.170654,0.320496,down
105261,3.472656,9.632813,-1.730469,-0.589844,-0.583984,-0.210937,0.53833,0.760498,0.170654,0.320496,down
105266,3.511719,9.558594,-1.804688,-0.589844,-0.583984,-0.210937,0.539978,0.760071,0.1698,0.319214,down
105272,3.472656,9.449219,-1.730469,-0.587891,-0.591797,-0.203125,0.542908,0.759277,0.168152,0.317017,down
105277,3.359375,9.328125,-1.769531,-0.587891,-0.591797,-0.203125,0.544434,0.75885,0.167358,0.315796,down
105282,3.28125,9.292969,-1.804688,-0.474609,-0.59375,-0.212891,0.544434,0.75885,0.167358,0.315796,down
105287,3.167969,9.210938,-1.804688,-0.429687,-0.607422,-0.216797,0.544434,0.75885,0.167358,0.315796,down
105293,3.089844,9.144531,-1.84375,-0.429687,-0.607422,-0.216797,0.54834,0.758118,0.1651,0.312012,down
105298,3.011719,9.144531,-1.84375,-0.34375,-0.648437,-0.201172,0.549438,0.757996,0.164368,0.310669,down
105303,2.976563,9.101563,-1.882813,-0.294922,-0.667969,-0.195312,0.549438,0.757996,0.164368,0.310669,down
105308,2.859375,9.0625,-1.921875,-0.294922,-0.667969,-0.195312,0.549438,0.757996,0.164368,0.310669,down
105314,2.820313,9.066406,-1.921875,-0.183594,-0.726562,-0.167969,0.549438,0.757996,0.164368,0.310669,down
105319,2.820313,9.023438,-1.921875,-0.142578,-0.773437,-0.152344,0.549438,0.757996,0.164368,0.310669,down
105324,2.820313,9.066406,-1.921875,-0.142578,-0.773437,-0.152344,0.553772,0.758789,0.160339,0.303101,down
105329,2.820313,9.101563,-1.960938,-0.142578,-0.773437,-0.152344,0.553772,0.758789,0.160339,0.303101,down
105334,2.859375,9.105469,-1.960938,-0.142578,-0.773437,-0.152344,0.554932,0.759766,0.158386,0.2995,down
105339,2.898438,9.066406,-2.0,-0.052734,-0.908203,-0.089844,0.554932,0.759766,0.158386,0.2995,down
105344,2.9375,9.066406,-2.074219,-0.052734,-0.908203,-0.089844,0.555969,0.760864,0.156189,0.295898,down
105350,2.976563,9.027344,-2.113281,-0.052734,-0.908203,-0.089844,0.555969,0.760864,0.156189,0.295898,down
105355,3.011719,8.988281,-2.152344,-0.052734,-0.908203,-0.089844,0.557068,0.762085,0.153809,0.291931,down
105360,3.011719,8.832031,-2.226563,-0.052734,-0.908203,-0.089844,0.557495,0.762512,0.152954,0.290405,down
105366,3.050781,8.832031,-2.304688,-0.011719,-0.818359,-0.09375,0.557495,0.762512,0.152954,0.290405,down
105371,3.011719,8.828125,-2.304688,-0.011719,-0.818359,-0.09375,0.558838,0.76416,0.149902,0.285095,down
105376,3.011719,8.871094,-2.382813,-0.011719,-0.818359,-0.09375,0.559143,0.764648,0.14917,0.283569,down
105381,2.9375,8.984375,-2.574219,-0.011719,-0.818359,-0.09375,0.559387,0.76532,0.148254,0.281738,down
105386,2.9375,8.984375,-2.574219,-0.011719,-0.818359,-0.09375,0.559387,0.76532,0.148254,0.281738,down
105391,2.9375,9.023438,-2.609375,0.201172,-0.789062,-0.119141,0.559387,0.76532,0.148254,0.281738,down
105396,2.976563,9.066406,-2.648438,0.201172,-0.789062,-0.119141,0.55957,0.767456,0.146118,0.276672,down
105401,2.9375,9.140625,-2.648438,0.201172,-0.789062,-0.119141,0.559509,0.76825,0.145447,0.275024,down
105406,3.011719,9.484375,-2.765625,0.201172,-0.789062,-0.119141,0.559509,0.76825,0.145447,0.275024,down
105411,3.089844,9.445313,-2.6875,0.220703,-0.775391,-0.111328,0.559509,0.76825,0.145447,0.275024,down
105416,3.050781,9.59375,-2.6875,0.220703,-0.775391,-0.111328,0.559326,0.769897,0.144043,0.271423,down
105422,3.011719,9.671875,-2.726563,0.203125,-0.744141,-0.099609,0.559265,0.771362,0.142639,0.268127,down
105427,2.976563,9.710938,-2.648438,0.011719,-0.714844,-0.076172,0.559448,0.771912,0.141846,0.266479,down
105432,2.9375,9.671875,-2.6875,0.011719,-0.714844,-0.076172,0.559875,0.772278,0.14093,0.265015,down
105437,2.9375,9.671875,-2.726563,0.011719,-0.714844,-0.076172,0.559875,0.772278,0.14093,0.265015,down
105442,2.9375,9.671875,-2.726563,-0.230469,-0.685547,-0.054687,0.561218,0.772522,0.139099,0.262451,down
105447,2.898438,9.636719,-2.765625,-0.230469,-0.685547,-0.054687,0.561218,0.772522,0.139099,0.262451,down
105452,2.898438,9.554688,-2.800781,-0.332031,-0.685547,-0.050781,0.562073,0.772522,0.138062,0.26123,down
105457,2.898438,9.554688,-2.800781,-0.34375,-0.673828,-0.052734,0.563049,0.772461,0.136963,0.259888,down
105462,2.859375,9.40625,-2.957031,-0.34375,-0.673828,-0.052734,0.563965,0.772339,0.135925,0.258667,down
105467,2.820313,9.410156,-2.917969,-0.271484,-0.652344,-0.091797,0.563965,0.772339,0.135925,0.258667,down
105472,2.820313,9.488281,-2.957031,-0.271484,-0.652344,-0.091797,0.566528,0.772278,0.133179,0.254822,down
105477,2.785156,9.554688,-2.917969,-0.271484,-0.652344,-0.091797,0.5672,0.772339,0.132385,0.253479,down
105482,2.746094,9.636719,-2.957031,-0.117188,-0.623047,-0.125,0.5672,0.772339,0.132385,0.253479,down
105487,2.707031,9.675781,-2.992188,-0.117188,-0.623047,-0.125,0.568237,0.772644,0.131042,0.250854,down
105492,2.628906,9.832031,-2.957031,-0.117188,-0.623047,-0.125,0.568237,0.772644,0.131042,0.250854,down
105497,2.628906,9.832031,-2.957031,-0.019531,-0.568359,-0.117188,0.568237,0.772644,0.131042,0.250854,down
105502,2.554688,9.867188,-2.957031,-0.021484,-0.554687,-0.113281,0.569275,0.773437,0.129272,0.246948,down
105508,2.4375,10.136719,-2.878906,-0.021484,-0.554687,-0.113281,0.56958,0.773682,0.128723,0.24585,down
105513,2.324219,10.210938,-2.878906,-0.080078,-0.511719,-0.072266,0.56958,0.773682,0.128723,0.24585,down
105519,2.285156,10.214844,-2.839844,-0.146484,-0.494141,-0.066406,0.56958,0.773682,0.128723,0.24585,down
105524,2.246094,10.210938,-2.800781,-0.214844,-0.488281,-0.035156,0.56958,0.773682,0.128723,0.24585,down
105529,2.210938,10.210938,-2.765625,-0.285156,-0.482422,-0.009766,0.56958,0.773682,0.128723,0.24585,down
105534,2.171875,10.175781,-2.6875,-0.363281,-0.472656,0.005859,0.56958,0.773682,0.128723,0.24585,down
105539,2.132813,10.058594,-2.765625,-0.4375,-0.472656,0.025391,0.56958,0.773682,0.128723,0.24585,down
105544,2.054688,9.9375,-2.726563,-0.4375,-0.472656,0.025391,0.56958,0.773682,0.128723,0.24585,down
105550,2.132813,9.832031,-2.726563,-0.4375,-0.472656,0.025391,0.575439,0.772583,0.122314,0.238892,down
105556,2.09375,9.714844,-2.6875,-0.523437,-0.460937,0.072266,0.575439,0.772583,0.122314,0.238892,down
105562,2.09375,9.554688,-2.726563,-0.523437,-0.460937,0.072266,0.578796,0.771118,0.11908,0.237,down
105567,2.132813,9.488281,-2.6875,-0.462891,-0.457031,0.080078,0.579956,0.770691,0.117859,0.236267,down
105572,2.09375,9.410156,-2.6875,-0.416016,-0.447266,0.085937,0.580933,0.770325,0.116821,0.235657,down
105577,2.132813,9.371094,-2.726563,-0.416016,-0.447266,0.085937,0.580933,0.770325,0.116821,0.235657,down
105582,2.171875,9.371094,-2.648438,-0.355469,-0.449219,0.089844,0.582336,0.769836,0.114929,0.234497,down
105587,2.132813,9.367188,-2.648438,-0.232422,-0.435547,0.095703,0.582336,0.769836,0.114929,0.234497,down
105592,2.09375,9.367188,-2.609375,-0.232422,-0.435547,0.095703,0.583496,0.769653,0.113037,0.233215,down
105597,2.09375,9.328125,-2.609375,-0.232422,-0.435547,0.095703,0.583862,0.769714,0.112183,0.232605,down
105602,2.132813,9.367188,-2.609375,-0.232422,-0.435547,0.095703,0.584167,0.769775,0.111389,0.231995,down
105607,2.09375,9.40625,-2.648438,-0.099609,-0.417969,0.109375,0.584473,0.769897,0.110474,0.231323,down
105612,2.09375,9.367188,-2.609375,-0.099609,-0.417969,0.109375,0.584717,0.769958,0.109619,0.230713,down
105617,2.09375,9.367188,-2.648438,-0.099609,-0.417969,0.109375,0.584961,0.77002,0.108826,0.230164,down
105622,2.132813,9.328125,-2.609375,-0.142578,-0.378906,0.119141,0.584961,0.77002,0.108826,0.230164,down
105627,2.132813,9.328125,-2.574219,-0.142578,-0.378906,0.119141,0.585693,0.770081,0.107117,0.229126,down
105633,2.054688,9.214844,-2.574219,-0.142578,-0.378906,0.119141,0.58606,0.77002,0.106323,0.228699,down
105638,2.019531,9.175781,-2.574219,-0.224609,-0.355469,0.132812,0.586487,0.769958,0.105469,0.228271,down
105643,2.054688,9.175781,-2.535156,-0.25,-0.375,0.132812,0.586487,0.769958,0.105469,0.228271,down
105648,2.054688,9.105469,-2.496094,-0.269531,-0.375,0.128906,0.586487,0.769958,0.105469,0.228271,down
105653,2.09375,8.945313,-2.496094,-0.269531,-0.375,0.128906,0.586487,0.769958,0.105469,0.228271,down
105658,2.132813,8.945313,-2.457031,-0.298828,-0.367188,0.121094,0.586487,0.769958,0.105469,0.228271,down
105663,2.132813,8.871094,-2.382813,-0.302734,-0.367188,0.107422,0.586487,0.769958,0.105469,0.228271,down
105668,2.09375,8.832031,-2.382813,-0.302734,-0.367188,0.107422,0.589905,0.76886,0.100037,0.225525,down
105674,2.054688,8.789063,-2.417969,-0.302734,-0.367188,0.107422,0.590515,0.768616,0.099182,0.225037,down
105679,2.019531,8.753906,-2.382813,-0.296875,-0.363281,0.064453,0.591187,0.768433,0.098328,0.224487,down
105685,2.019531,8.792969,-2.34375,-0.285156,-0.378906,0.048828,0.591187,0.768433,0.098328,0.224487,down
105691,2.019531,8.75,-2.304688,-0.285156,-0.378906,0.048828,0.591187,0.768433,0.098328,0.224487,down
105697,2.054688,8.789063,-2.34375,-0.28125,-0.414062,0.042969,0.591187,0.768433,0.098328,0.224487,down
105702,2.054688,8.867188,-2.382813,-0.269531,-0.429687,0.044922,0.591187,0.768433,0.098328,0.224487,down
105708,2.019531,8.910156,-2.417969,-0.269531,-0.429687,0.044922,0.594788,0.767334,0.093445,0.220642,down
105713,2.019531,8.988281,-2.417969,-0.154297,-0.435547,0.042969,0.595215,0.767334,0.09259,0.219849,down
105718,2.054688,9.023438,-2.417969,-0.113281,-0.445312,0.039063,0.595581,0.767334,0.091858,0.219116,down
105723,2.054688,9.105469,-2.496094,-0.113281,-0.445312,0.039063,0.595825,0.767456,0.091064,0.218323,down
105728,2.054688,9.140625,-2.496094,-0.113281,-0.445312,0.039063,0.595825,0.767456,0.091064,0.218323,down
105733,2.054688,9.210938,-2.496094,-0.03125,-0.4375,0.019531,0.595825,0.767456,0.091064,0.218323,down
105738,1.980469,9.289063,-2.535156,-0.009766,-0.4375,0.011719,0.595825,0.767456,0.091064,0.218323,down
105744,1.941406,9.367188,-2.535156,-0.009766,-0.4375,0.011719,0.596497,0.768188,0.088318,0.215149,down
105750,1.941406,9.40625,-2.535156,-0.009766,-0.419922,0.007813,0.596497,0.768188,0.088318,0.215149,down
105756,1.941406,9.449219,-2.535156,-0.015625,-0.421875,0.003906,0.596497,0.768188,0.088318,0.215149,down
105761,1.902344,9.554688,-2.535156,-0.027344,-0.421875,0.003906,0.596497,0.768188,0.088318,0.215149,down
105767,1.902344,9.59375,-2.574219,-0.068359,-0.421875,0.011719,0.596497,0.768188,0.088318,0.215149,down
105772,1.902344,9.527344,-2.535156,-0.068359,-0.421875,0.011719,0.597229,0.769043,0.085205,0.211182,down
105777,1.863281,9.59375,-2.648438,-0.085937,-0.416016,0.015625,0.597229,0.769043,0.085205,0.211182,down
105782,1.863281,9.59375,-2.648438,-0.099609,-0.412109,0.025391,0.597229,0.769043,0.085205,0.211182,down
105788,1.824219,9.554688,-2.574219,-0.099609,-0.412109,0.025391,0.597717,0.769226,0.083862,0.209656,down
105793,1.789063,9.523438,-2.609375,-0.119141,-0.410156,0.033203,0.598633,0.769348,0.081665,0.20752,down
105798,1.789063,9.523438,-2.609375,-0.119141,-0.410156,0.033203,0.598633,0.769348,0.081665,0.20752,down
105803,1.824219,9.527344,-2.574219,-0.101563,-0.417969,0.041016,0.599121,0.76947,0.0802,0.206055,down
105810,1.863281,9.40625,-2.574219,-0.101563,-0.417969,0.041016,0.599121,0.76947,0.0802,0.206055,down
105816,1.863281,9.371094,-2.535156,-0.101563,-0.417969,0.041016,0.599609,0.769714,0.078735,0.20459,down
105821,1.863281,9.371094,-2.535156,-0.044922,-0.417969,0.039063,0.599609,0.769714,0.078735,0.20459,down
105827,1.902344,9.371094,-2.535156,0.019531,-0.425781,0.025391,0.599609,0.769714,0.078735,0.20459,down
105832,1.902344,9.410156,-2.496094,0.019531,-0.425781,0.025391,0.599976,0.770508,0.07605,0.201538,down
105837,1.863281,9.40625,-2.574219,0.019531,-0.425781,0.025391,0.599915,0.770752,0.075439,0.200745,down
105842,1.941406,9.367188,-2.496094,0.019531,-0.425781,0.025391,0.599915,0.770752,0.075439,0.200745,down
105847,1.902344,9.410156,-2.535156,0.109375,-0.390625,0.041016,0.599915,0.770752,0.075439,0.200745,down
105852,1.824219,9.40625,-2.535156,0.109375,-0.390625,0.041016,0.599487,0.771851,0.073608,0.198486,down
105857,1.863281,9.410156,-2.535156,0.154297,-0.386719,0.050781,0.599487,0.771851,0.073608,0.198486,down
105862,1.863281,9.445313,-2.535156,0.154297,-0.386719,0.050781,0.599304,0.772217,0.073059,0.197876,down
105867,1.902344,9.488281,-2.535156,0.160156,-0.375,0.054687,0.599304,0.772217,0.073059,0.197876,down
105872,1.941406,9.40625,-2.535156,0.162109,-0.355469,0.054687,0.598755,0.773132,0.07196,0.196472,down
105877,1.941406,9.410156,-2.609375,0.162109,-0.355469,0.054687,0.598206,0.773926,0.070923,0.195251,down
105882,2.019531,9.371094,-2.535156,0.162109,-0.355469,0.054687,0.598206,0.773926,0.070923,0.195251,down
105887,1.980469,9.328125,-2.535156,0.162109,-0.355469,0.054687,0.597717,0.774719,0.069946,0.194031,down
105892,2.019531,9.332031,-2.496094,0.162109,-0.355469,0.054687,0.597717,0.774719,0.069946,0.194031,down
105897,1.980469,9.289063,-2.496094,0.125,-0.316406,0.027344,0.597717,0.774719,0.069946,0.194031,down
105902,2.019531,9.292969,-2.417969,0.105469,-0.306641,0.019531,0.597717,0.774719,0.069946,0.194031,down
105907,1.980469,9.289063,-2.382813,0.105469,-0.306641,0.019531,0.597229,0.775696,0.068665,0.192261,down
105912,1.941406,9.289063,-2.382813,0.015625,-0.298828,0.003906,0.597229,0.775696,0.068665,0.192261,down
105917,1.941406,9.289063,-2.457031,0.015625,-0.298828,0.003906,0.597168,0.776123,0.067749,0.19104,down
105923,1.980469,9.253906,-2.304688,0.015625,-0.298828,0.003906,0.59729,0.776367,0.066956,0.18988,down
105928,1.941406,9.253906,-2.304688,-0.021484,-0.314453,-0.017578,0.597412,0.776489,0.066528,0.189148,down
105934,1.941406,9.214844,-2.304688,-0.021484,-0.314453,-0.017578,0.597473,0.77655,0.066162,0.188599,down
105939,1.980469,9.140625,-2.34375,-0.011719,-0.316406,-0.027344,0.597473,0.77655,0.066162,0.188599,down
105945,1.980469,9.101563,-2.304688,-0.011719,-0.316406,-0.027344,0.597473,0.77655,0.066162,0.188599,down
105951,2.019531,9.144531,-2.34375,0.039063,-0.320313,-0.035156,0.597473,0.77655,0.066162,0.188599,down
105956,2.019531,9.140625,-2.304688,0.054687,-0.308594,-0.044922,0.597473,0.77655,0.066162,0.188599,down
105961,2.019531,9.171875,-2.382813,0.054687,-0.308594,-0.044922,0.597656,0.777405,0.06427,0.185303,down
105966,2.019531,9.171875,-2.382813,0.107422,-0.275391,-0.054687,0.597656,0.777405,0.06427,0.185303,down
105971,1.980469,9.210938,-2.417969,0.142578,-0.251953,-0.068359,0.597656,0.777405,0.06427,0.185303,down
105976,1.941406,9.289063,-2.417969,0.142578,-0.251953,-0.068359,0.597107,0.77832,0.06366,0.183411,down
105982,1.863281,9.410156,-2.417969,0.191406,-0.230469,-0.072266,0.597107,0.77832,0.06366,0.183411,down
105987,1.863281,9.488281,-2.417969,0.191406,-0.230469,-0.072266,0.596558,0.779053,0.063416,0.18219,down
105992,1.824219,9.558594,-2.382813,0.193359,-0.226562,-0.076172,0.596558,0.779053,0.063416,0.18219,down
105997,1.863281,9.554688,-2.417969,0.193359,-0.226562,-0.076172,0.595947,0.779785,0.063293,0.180969,down
106002,1.863281,9.597656,-2.457031,0.179687,-0.216797,-0.085937,0.595642,0.780151,0.063232,0.18042,down
106007,1.824219,9.632813,-2.417969,0.179687,-0.216797,-0.085937,0.595337,0.780518,0.063171,0.179749,down
106013,1.824219,9.675781,-2.417969,0.179687,-0.216797,-0.085937,0.59491,0.781128,0.063049,0.17865,down
106018,1.863281,9.636719,-2.382813,0.089844,-0.208984,-0.083984,0.594788,0.781372,0.062927,0.178101,down
106023,1.824219,9.632813,-2.382813,0.046875,-0.197266,-0.083984,0.594727,0.781555,0.062866,0.177551,down
106028,1.824219,9.558594,-2.496094,0.046875,-0.197266,-0.083984,0.594727,0.781677,0.062744,0.177002,down
106033,1.863281,9.527344,-2.382813,0.046875,-0.197266,-0.083984,0.594788,0.781738,0.062683,0.176575,down
106038,1.941406,9.558594,-2.417969,-0.023437,-0.177734,-0.087891,0.594788,0.781738,0.062683,0.176575,down
106043,1.941406,9.523438,-2.382813,-0.023437,-0.177734,-0.087891,0.595032,0.781799,0.0625,0.175598,down
106048,1.902344,9.445313,-2.382813,-0.023437,-0.177734,-0.087891,0.595154,0.781799,0.0625,0.17511,down
106053,1.902344,9.410156,-2.382813,-0.023437,-0.177734,-0.087891,0.595276,0.781799,0.0625,0.174744,down
106058,1.902344,9.371094,-2.417969,-0.029297,-0.128906,-0.111328,0.595398,0.781799,0.0625,0.174316,down
106063,1.902344,9.371094,-2.417969,-0.007813,-0.128906,-0.113281,0.59552,0.781799,0.0625,0.173889,down
106068,1.902344,9.445313,-2.457031,0.019531,-0.119141,-0.115234,0.595581,0.78186,0.062561,0.173462,down
106073,1.902344,9.445313,-2.382813,0.046875,-0.113281,-0.117188,0.595581,0.78186,0.062561,0.173462,down
106078,1.902344,9.527344,-2.382813,0.046875,-0.113281,-0.117188,0.595581,0.782043,0.062805,0.172668,down
106083,1.902344,9.488281,-2.457031,0.046875,-0.113281,-0.117188,0.595459,0.782166,0.062927,0.172241,down
106088,1.941406,9.523438,-2.457031,0.046875,-0.113281,-0.117188,0.595398,0.782288,0.06311,0.171875,down
106093,1.902344,9.527344,-2.496094,0.105469,-0.089844,-0.130859,0.595398,0.782288,0.06311,0.171875,down
106098,1.902344,9.597656,-2.457031,0.105469,-0.089844,-0.130859,0.595093,0.782654,0.063477,0.171082,down
106103,1.902344,9.632813,-2.574219,0.105469,-0.089844,-0.130859,0.594971,0.782837,0.063721,0.170715,down
106108,1.863281,9.671875,-2.535156,0.105469,-0.089844,-0.130859,0.594971,0.782837,0.063721,0.170715,down
106113,1.863281,9.671875,-2.535156,0.0625,-0.052734,-0.130859,0.594971,0.782837,0.063721,0.170715,down
106118,1.824219,9.753906,-2.609375,0.0625,-0.052734,-0.130859,0.594727,0.783142,0.064392,0.169739,down
106123,1.789063,9.75,-2.574219,0.0625,-0.052734,-0.130859,0.594727,0.783203,0.064575,0.169495,down
106128,1.75,9.828125,-2.574219,0.023437,-0.011719,-0.111328,0.594727,0.783203,0.064575,0.169495,down
106133,1.710938,9.828125,-2.609375,0.023437,-0.011719,-0.111328,0.594727,0.783264,0.065063,0.169067,down
106138,1.710938,9.867188,-2.574219,0.023437,-0.011719,-0.111328,0.594788,0.783203,0.065247,0.168945,down
106143,1.671875,9.90625,-2.535156,0.023437,-0.011719,-0.111328,0.594849,0.783142,0.06543,0.168762,down
106148,1.710938,9.910156,-2.535156,-0.058594,0.003906,-0.083984,0.594849,0.783142,0.06543,0.168762,down
106153,1.710938,9.910156,-2.535156,-0.058594,0.003906,-0.083984,0.595215,0.782959,0.065796,0.168579,down
106158,1.671875,9.867188,-2.496094,-0.058594,0.003906,-0.083984,0.595215,0.782959,0.065796,0.168579,down
106163,1.671875,9.867188,-2.457031,-0.140625,0.017578,-0.070312,0.595398,0.782776,0.065918,0.168457,down
106168,1.632813,9.792969,-2.457031,-0.140625,0.017578,-0.070312,0.596069,0.782288,0.066162,0.168396,down
106173,1.671875,9.710938,-2.382813,-0.140625,0.017578,-0.070312,0.596069,0.782288,0.066162,0.168396,down
106178,1.632813,9.714844,-2.417969,-0.140625,0.017578,-0.070312,0.596741,0.781799,0.066406,0.168335,down
106183,1.632813,9.714844,-2.417969,-0.140625,0.017578,-0.070312,0.596741,0.781799,0.066406,0.168335,down
106188,1.632813,9.671875,-2.382813,-0.175781,0.027344,-0.070312,0.596741,0.781799,0.066406,0.168335,down
106193,1.632813,9.636719,-2.34375,-0.175781,0.027344,-0.070312,0.5979,0.780884,0.066772,0.168274,down
106198,1.597656,9.632813,-2.34375,-0.175781,0.027344,-0.070312,0.598206,0.78064,0.066895,0.168213,down
106203,1.597656,9.554688,-2.304688,-0.175781,0.027344,-0.070312,0.598206,0.78064,0.066895,0.168213,down
106208,1.597656,9.527344,-2.265625,-0.117188,0.023437,-0.052734,0.598694,0.780212,0.067139,0.168213,down
106213,1.597656,9.527344,-2.265625,-0.117188,0.023437,-0.052734,0.598877,0.78009,0.0672,0.168152,down
106218,1.632813,9.554688,-2.226563,-0.0625,0.007813,-0.041016,0.598877,0.78009,0.0672,0.168152,down
106223,1.597656,9.523438,-2.226563,-0.0625,0.007813,-0.041016,0.599182,0.779907,0.067383,0.168091,down
106228,1.558594,9.523438,-2.191406,-0.0625,0.007813,-0.041016,0.599182,0.779907,0.067383,0.168091,down
106233,1.558594,9.484375,-2.191406,-0.048828,-0.013672,-0.039063,0.599304,0.779785,0.067444,0.16803,down
106238,1.558594,9.410156,-2.226563,-0.039063,-0.021484,-0.037109,0.599426,0.779724,0.067505,0.167908,down
106243,1.558594,9.410156,-2.226563,-0.039063,-0.021484,-0.037109,0.599609,0.779602,0.067566,0.167725,down
106248,1.558594,9.449219,-2.191406,-0.039063,-0.021484,-0.037109,0.599731,0.779541,0.067566,0.167603,down
106253,1.558594,9.445313,-2.152344,-0.068359,-0.060547,-0.021484,0.599731,0.779541,0.067566,0.167603,down
106258,1.558594,9.449219,-2.191406,-0.068359,-0.060547,-0.021484,0.600037,0.779358,0.067505,0.167358,down
106263,1.558594,9.40625,-2.265625,-0.078125,-0.072266,-0.025391,0.600037,0.779358,0.067505,0.167358,down
106269,1.558594,9.332031,-2.226563,-0.078125,-0.072266,-0.025391,0.600342,0.779175,0.067322,0.166992,down
106274,1.597656,9.332031,-2.265625,-0.089844,-0.101563,-0.027344,0.600342,0.779175,0.067322,0.166992,down
106279,1.558594,9.289063,-2.265625,-0.087891,-0.111328,-0.027344,0.600342,0.779175,0.067322,0.166992,down
106285,1.597656,9.292969,-2.304688,-0.087891,-0.111328,-0.027344,0.600952,0.778931,0.066895,0.16626,down
106290,1.597656,9.25,-2.226563,-0.083984,-0.119141,-0.03125,0.600952,0.778931,0.066895,0.16626,down
106296,1.597656,9.25,-2.226563,-0.099609,-0.125,-0.035156,0.600952,0.778931,0.066895,0.16626,down
106301,1.632813,9.210938,-2.304688,-0.099609,-0.128906,-0.033203,0.600952,0.778931,0.066895,0.16626,down
106307,1.597656,9.140625,-2.226563,-0.089844,-0.130859,-0.039063,0.600952,0.778931,0.066895,0.16626,down
106313,1.597656,9.144531,-2.265625,-0.074219,-0.150391,-0.054687,0.600952,0.778931,0.066895,0.16626,down
106318,1.632813,9.175781,-2.265625,-0.074219,-0.150391,-0.054687,0.602173,0.778442,0.066101,0.16449,down
106323,1.597656,9.171875,-2.265625,-0.044922,-0.148437,-0.058594,0.602478,0.778381,0.065857,0.163696,down
106328,1.597656,9.171875,-2.265625,-0.033203,-0.15625,-0.076172,0.602478,0.778381,0.065857,0.163696,down
106333,1.597656,9.214844,-2.304688,-0.033203,-0.15625,-0.076172,0.6026,0.778381,0.065735,0.163269,down
106338,1.558594,9.210938,-2.304688,-0.023437,-0.181641,-0.089844,0.6026,0.778381,0.065735,0.163269,down
106343,1.597656,9.292969,-2.304688,-0.023437,-0.181641,-0.089844,0.602844,0.778381,0.065552,0.162415,down
106348,1.597656,9.332031,-2.304688,-0.027344,-0.197266,-0.109375,0.602844,0.778381,0.065552,0.162415,down
106353,1.597656,9.289063,-2.417969,-0.027344,-0.197266,-0.109375,0.603088,0.778442,0.065369,0.161316,down
106358,1.597656,9.328125,-2.457031,-0.03125,-0.208984,-0.113281,0.60321,0.778503,0.065247,0.160767,down
106363,1.597656,9.328125,-2.496094,-0.03125,-0.208984,-0.113281,0.603333,0.778503,0.065186,0.160217,down
106368,1.597656,9.40625,-2.535156,-0.029297,-0.212891,-0.119141,0.603516,0.778503,0.065063,0.159607,down
106373,1.597656,9.449219,-2.535156,-0.029297,-0.212891,-0.119141,0.603638,0.778564,0.065002,0.158997,down
106378,1.597656,9.445313,-2.574219,-0.029297,-0.212891,-0.119141,0.60376,0.778564,0.06488,0.158447,down
106383,1.558594,9.449219,-2.574219,0.001953,-0.214844,-0.115234,0.60376,0.778564,0.06488,0.158447,down
106388,1.597656,9.445313,-2.574219,0.009766,-0.210937,-0.119141,0.603943,0.778687,0.064758,0.157288,down
106394,1.632813,9.488281,-2.535156,0.009766,-0.210937,-0.119141,0.604065,0.778809,0.064575,0.156067,down
106399,1.597656,9.527344,-2.609375,0.03125,-0.181641,-0.121094,0.604065,0.778931,0.064575,0.155457,down
106405,1.597656,9.527344,-2.609375,0.03125,-0.181641,-0.121094,0.604065,0.779053,0.064575,0.154968,down
106410,1.558594,9.59375,-2.574219,0.03125,-0.181641,-0.121094,0.604065,0.779175,0.064636,0.154419,down
106416,1.558594,9.636719,-2.535156,0.03125,-0.181641,-0.121094,0.604065,0.779175,0.064636,0.154419,down
106421,1.519531,9.671875,-2.496094,0.037109,-0.142578,-0.138672,0.604004,0.779419,0.064758,0.153381,down
106427,1.480469,9.671875,-2.574219,0.015625,-0.144531,-0.140625,0.604004,0.779419,0.064758,0.153381,down
106432,1.40625,9.671875,-2.457031,0.015625,-0.144531,-0.140625,0.604004,0.779419,0.064758,0.153381,down
106438,1.40625,9.636719,-2.457031,-0.035156,-0.142578,-0.152344,0.604004,0.779419,0.064758,0.153381,down
106443,1.367188,9.636719,-2.496094,-0.078125,-0.154297,-0.134766,0.604004,0.779419,0.064758,0.153381,down
106449,1.328125,9.597656,-2.457031,-0.078125,-0.154297,-0.134766,0.604858,0.779297,0.065125,0.150391,down
106454,1.367188,9.636719,-2.382813,-0.119141,-0.169922,-0.121094,0.605103,0.779175,0.065063,0.149841,down
106460,1.328125,9.636719,-2.417969,-0.119141,-0.169922,-0.121094,0.605408,0.779053,0.065002,0.149353,down
106466,1.40625,9.597656,-2.417969,-0.119141,-0.169922,-0.121094,0.605713,0.778931,0.065002,0.148865,down
106471,1.40625,9.527344,-2.382813,-0.097656,-0.179687,-0.126953,0.605713,0.778931,0.065002,0.148865,down
106476,1.367188,9.527344,-2.382813,-0.080078,-0.191406,-0.123047,0.605713,0.778931,0.065002,0.148865,down
106481,1.40625,9.488281,-2.34375,-0.064453,-0.191406,-0.130859,0.605713,0.778931,0.065002,0.148865,down
106486,1.367188,9.410156,-2.34375,-0.064453,-0.191406,-0.130859,0.605713,0.778931,0.065002,0.148865,down
106492,1.367188,9.371094,-2.34375,-0.050781,-0.179687,-0.140625,0.605713,0.778931,0.065002,0.148865,down
106497,1.40625,9.40625,-2.304688,-0.044922,-0.179687,-0.136719,0.605713,0.778931,0.065002,0.148865,down
106503,1.367188,9.40625,-2.265625,-0.033203,-0.169922,-0.144531,0.607239,0.778564,0.064819,0.144409,down
106508,1.40625,9.328125,-2.304688,-0.033203,-0.169922,-0.144531,0.607239,0.778564,0.064819,0.144409,down
106513,1.367188,9.328125,-2.265625,-0.027344,-0.166016,-0.171875,0.607239,0.778564,0.064819,0.144409,down
106518,1.328125,9.328125,-2.304688,-0.027344,-0.166016,-0.171875,0.607544,0.778564,0.064941,0.143311,down
106524,1.289063,9.25,-2.304688,-0.027344,-0.169922,-0.177734,0.607849,0.778564,0.065186,0.142029,down
106529,1.328125,9.328125,-2.304688,-0.03125,-0.169922,-0.183594,0.607849,0.778564,0.065186,0.142029,down
106534,1.328125,9.328125,-2.265625,-0.03125,-0.169922,-0.183594,0.608154,0.778503,0.065369,0.140808,down
106539,1.328125,9.328125,-2.304688,-0.03125,-0.169922,-0.183594,0.608276,0.778503,0.06543,0.140259,down
106544,1.289063,9.328125,-2.304688,-0.052734,-0.175781,-0.1875,0.608276,0.778503,0.06543,0.140259,down
106549,1.328125,9.328125,-2.265625,-0.052734,-0.175781,-0.1875,0.608704,0.778381,0.065613,0.138916,down
106554,1.328125,9.367188,-2.304688,-0.052734,-0.175781,-0.1875,0.608887,0.77832,0.065735,0.138306,down
106559,1.328125,9.328125,-2.304688,-0.052734,-0.167969,-0.1875,0.608887,0.77832,0.065735,0.138306,down
106564,1.367188,9.328125,-2.304688,-0.052734,-0.167969,-0.1875,0.609253,0.778259,0.065979,0.137085,down
106569,1.25,9.410156,-2.34375,-0.052734,-0.167969,-0.1875,0.609253,0.778259,0.065979,0.137085,down
106574,1.214844,9.410156,-2.265625,-0.052734,-0.167969,-0.1875,0.609558,0.778137,0.066284,0.135986,down
106579,1.214844,9.488281,-2.265625,-0.056641,-0.136719,-0.207031,0.609558,0.778137,0.066284,0.135986,down
106584,1.214844,9.488281,-2.304688,-0.056641,-0.136719,-0.207031,0.609924,0.778015,0.06665,0.134827,down
106589,1.136719,9.488281,-2.265625,-0.056641,-0.136719,-0.207031,0.610168,0.777954,0.066833,0.134155,down
106594,1.136719,9.484375,-2.226563,-0.056641,-0.136719,-0.207031,0.610352,0.777893,0.067017,0.133606,down
106599,1.097656,9.523438,-2.226563,-0.068359,-0.167969,-0.201172,0.610352,0.777893,0.067017,0.133606,down
106604,1.097656,9.523438,-2.226563,-0.068359,-0.167969,-0.201172,0.610596,0.777832,0.067139,0.132935,down
106609,1.097656,9.523438,-2.226563,-0.083984,-0.164062,-0.205078,0.61084,0.77771,0.067261,0.132324,down
106614,1.097656,9.523438,-2.226563,-0.089844,-0.173828,-0.195312,0.611084,0.777649,0.067383,0.131714,down
106620,1.097656,9.445313,-2.304688,-0.076172,-0.169922,-0.183594,0.611084,0.777649,0.067383,0.131714,down
106625,1.097656,9.445313,-2.304688,-0.068359,-0.171875,-0.181641,0.611755,0.777405,0.067627,0.129883,down
106631,1.136719,9.484375,-2.34375,-0.068359,-0.171875,-0.181641,0.611877,0.777344,0.067688,0.129333,down
106636,1.214844,9.488281,-2.304688,0.003906,-0.171875,-0.158203,0.611877,0.777344,0.067688,0.129333,down
106642,1.25,9.484375,-2.265625,0.017578,-0.167969,-0.162109,0.611877,0.777344,0.067688,0.129333,down
106648,1.214844,9.488281,-2.304688,0.017578,-0.167969,-0.162109,0.612061,0.777466,0.067871,0.127563,down
106653,1.25,9.449219,-2.304688,0.072266,-0.164062,-0.171875,0.612061,0.777466,0.067871,0.127563,down
106658,1.214844,9.523438,-2.34375,0.072266,-0.164062,-0.171875,0.612,0.77771,0.068115,0.126343,down
106663,1.25,9.558594,-2.304688,0.072266,-0.164062,-0.171875,0.611938,0.777832,0.068237,0.125732,down
106669,1.25,9.597656,-2.34375,0.09375,-0.154297,-0.189453,0.611938,0.777832,0.068237,0.125732,down
106674,1.289063,9.597656,-2.34375,0.050781,-0.144531,-0.199219,0.611938,0.777832,0.068237,0.125732,down
106679,1.289063,9.636719,-2.34375,0.050781,-0.144531,-0.199219,0.611694,0.778381,0.068909,0.12323,down
106684,1.289063,9.636719,-2.34375,0.050781,-0.144531,-0.199219,0.611755,0.778442,0.069153,0.122681,down
106689,1.289063,9.597656,-2.417969,0.011719,-0.117188,-0.210937,0.611755,0.778442,0.069153,0.122681,down
106694,1.25,9.636719,-2.382813,0.011719,-0.117188,-0.210937,0.611877,0.778503,0.069641,0.121521,down
106699,1.175781,9.714844,-2.417969,0.011719,-0.117188,-0.210937,0.611877,0.778503,0.069641,0.121521,down
106704,1.175781,9.714844,-2.457031,0.017578,-0.080078,-0.21875,0.611877,0.778503,0.069946,0.121033,down
106709,1.175781,9.714844,-2.417969,0.017578,-0.080078,-0.21875,0.612,0.778503,0.070618,0.119934,down
106714,1.097656,9.710938,-2.382813,0.017578,-0.080078,-0.21875,0.612,0.778503,0.070618,0.119934,down
106719,1.023438,9.792969,-2.417969,0.017578,-0.080078,-0.21875,0.612,0.778564,0.070984,0.119446,down
106724,0.984375,9.832031,-2.417969,0.029297,-0.0625,-0.224609,0.612,0.778564,0.070984,0.119446,down
106729,0.945312,9.867188,-2.417969,0.039063,-0.074219,-0.226562,0.612,0.778564,0.070984,0.119446,down
106735,0.90625,9.941406,-2.382813,0.039063,-0.074219,-0.226562,0.612061,0.778687,0.072388,0.117432,down
106741,0.867187,9.980469,-2.417969,0.039063,-0.074219,-0.226562,0.612061,0.778748,0.072632,0.117004,down
106747,0.90625,9.980469,-2.417969,0.03125,-0.09375,-0.199219,0.612061,0.778748,0.072632,0.117004,down
106752,0.867187,10.054688,-2.457031,0.027344,-0.085937,-0.191406,0.612061,0.778748,0.072632,0.117004,down
106758,0.832031,10.09375,-2.457031,0.03125,-0.09375,-0.177734,0.612061,0.778748,0.072632,0.117004,down
106764,0.792969,10.132813,-2.496094,0.037109,-0.089844,-0.171875,0.612061,0.778748,0.072632,0.117004,down
106769,0.832031,10.09375,-2.457031,0.044922,-0.083984,-0.158203,0.612061,0.778748,0.072632,0.117004,down
106774,0.792969,10.09375,-2.417969,0.044922,-0.083984,-0.158203,0.612,0.779114,0.07428,0.113708,down
106779,0.792969,10.09375,-2.457031,0.044922,-0.083984,-0.158203,0.612,0.779114,0.07428,0.113708,down
106784,0.792969,10.09375,-2.417969,0.029297,-0.078125,-0.132812,0.612,0.779114,0.07428,0.113708,down
106790,0.792969,10.09375,-2.457031,0.029297,-0.078125,-0.132812,0.611938,0.779236,0.074768,0.112549,down
106796,0.792969,10.019531,-2.417969,0.029297,-0.078125,-0.132812,0.611938,0.779297,0.07489,0.112244,down
106802,0.792969,10.019531,-2.457031,0.015625,-0.0625,-0.107422,0.611938,0.779297,0.075012,0.111938,down
106807,0.832031,9.976563,-2.382813,0.009766,-0.050781,-0.103516,0.611938,0.779297,0.075012,0.111938,down
106812,0.832031,9.976563,-2.417969,0.009766,-0.050781,-0.103516,0.612,0.779358,0.075256,0.111389,down
106817,0.792969,9.9375,-2.417969,-0.017578,-0.046875,-0.087891,0.612,0.779358,0.075256,0.111389,down
106822,0.832031,9.867188,-2.34375,-0.035156,-0.046875,-0.082031,0.612,0.779358,0.075256,0.111389,down
106827,0.832031,9.871094,-2.304688,-0.035156,-0.046875,-0.082031,0.612244,0.779236,0.075562,0.110718,down
106832,0.792969,9.710938,-2.34375,-0.035156,-0.046875,-0.082031,0.612244,0.779236,0.075562,0.110718,down
106838,0.832031,9.671875,-2.304688,-0.035156,-0.046875,-0.082031,0.612488,0.779053,0.075684,0.110352,down
106844,0.792969,9.636719,-2.304688,-0.058594,-0.03125,-0.044922,0.612488,0.779053,0.075684,0.110352,down
106849,0.792969,9.632813,-2.226563,-0.046875,-0.025391,-0.041016,0.612732,0.778931,0.075745,0.110107,down
106854,0.832031,9.59375,-2.226563,-0.046875,-0.025391,-0.041016,0.612854,0.778809,0.075806,0.109985,down
106859,0.832031,9.59375,-2.226563,-0.046875,-0.025391,-0.041016,0.612976,0.778748,0.075867,0.109863,down
106864,0.832031,9.523438,-2.226563,-0.041016,-0.025391,-0.044922,0.612976,0.778748,0.075867,0.109863,down
106869,0.832031,9.523438,-2.226563,-0.027344,-0.025391,-0.042969,0.613098,0.778625,0.075928,0.109619,down
106874,0.832031,9.488281,-2.191406,-0.027344,-0.025391,-0.042969,0.61322,0.778625,0.075989,0.109497,down
106879,0.832031,9.527344,-2.191406,-0.023437,-0.019531,-0.054687,0.613281,0.778564,0.07605,0.109375,down
106885,0.753906,9.527344,-2.191406,-0.023437,-0.019531,-0.054687,0.613342,0.778503,0.076172,0.10907,down
106890,0.753906,9.558594,-2.226563,-0.021484,-0.033203,-0.058594,0.613403,0.778503,0.076294,0.108887,down
106895,0.714844,9.527344,-2.191406,-0.021484,-0.033203,-0.058594,0.613464,0.778442,0.076355,0.108765,down
106900,0.675781,9.554688,-2.226563,-0.021484,-0.033203,-0.058594,0.613525,0.778381,0.076416,0.108582,down
106906,0.675781,9.554688,-2.152344,-0.021484,-0.033203,-0.058594,0.613647,0.778381,0.076416,0.108398,down
106911,0.675781,9.554688,-2.226563,-0.039063,-0.078125,-0.056641,0.613647,0.778381,0.076416,0.108398,down
106917,0.714844,9.597656,-2.265625,-0.041016,-0.089844,-0.050781,0.613647,0.778381,0.076416,0.108398,down
106922,0.714844,9.558594,-2.226563,-0.042969,-0.103516,-0.044922,0.613953,0.778198,0.076294,0.107605,down
106928,0.714844,9.597656,-2.265625,-0.033203,-0.105469,-0.039063,0.613953,0.778198,0.076294,0.107605,down
106933,0.714844,9.636719,-2.265625,-0.048828,-0.095703,-0.035156,0.613953,0.778198,0.076294,0.107605,down
106939,0.675781,9.632813,-2.304688,-0.042969,-0.111328,-0.035156,0.613953,0.778198,0.076294,0.107605,down
106944,0.714844,9.671875,-2.304688,-0.035156,-0.107422,-0.039063,0.613953,0.778198,0.076294,0.107605,down
106949,0.714844,9.671875,-2.304688,-0.039063,-0.109375,-0.029297,0.614563,0.778015,0.075684,0.106018,down
106954,0.636719,9.632813,-2.34375,-0.039063,-0.109375,-0.029297,0.614685,0.778015,0.075562,0.105774,down
106959,0.636719,9.675781,-2.34375,-0.039063,-0.109375,-0.029297,0.614685,0.778015,0.075562,0.105774,down
106964,0.636719,9.675781,-2.34375,-0.046875,-0.111328,-0.019531,0.614685,0.778015,0.075562,0.105774,down
106970,0.636719,9.710938,-2.382813,-0.033203,-0.105469,-0.007813,0.614685,0.778015,0.075562,0.105774,down
106975,0.675781,9.714844,-2.382813,-0.033203,-0.105469,-0.007813,0.61499,0.777954,0.074951,0.104736,down
106980,0.601562,9.789063,-2.417969,-0.011719,-0.109375,0.005859,0.615051,0.777954,0.074768,0.104553,down
106985,0.636719,9.789063,-2.417969,-0.011719,-0.109375,0.005859,0.615051,0.777954,0.074585,0.10437,down
106990,0.675781,9.792969,-2.457031,-0.011719,-0.109375,0.005859,0.615051,0.778015,0.074402,0.104126,down
106995,0.636719,9.789063,-2.457031,0.025391,-0.105469,0.009766,0.615051,0.778076,0.074219,0.103943,down
107000,0.636719,9.828125,-2.457031,0.025391,-0.105469,0.009766,0.61499,0.778198,0.074036,0.10376,down
107005,0.601562,9.867188,-2.496094,0.029297,-0.09375,0.009766,0.61499,0.778198,0.074036,0.10376,down
107011,0.601562,9.90625,-2.535156,0.029297,-0.09375,0.009766,0.614868,0.77832,0.07373,0.103394,down
107016,0.5625,9.9375,-2.496094,0.03125,-0.101563,0.013672,0.614807,0.778442,0.073547,0.103149,down
107021,0.5625,9.9375,-2.496094,0.017578,-0.097656,0.009766,0.614807,0.778503,0.073364,0.102966,down
107027,0.5625,9.9375,-2.496094,0.017578,-0.097656,0.009766,0.614746,0.778564,0.073181,0.102783,down
107034,0.5625,9.90625,-2.535156,-0.015625,-0.107422,0.023437,0.614746,0.778564,0.073181,0.102783,down
107040,0.5625,9.90625,-2.496094,-0.035156,-0.117188,0.042969,0.614746,0.778564,0.073181,0.102783,down
107045,0.5625,9.871094,-2.574219,-0.035156,-0.117188,0.042969,0.61499,0.778564,0.072205,0.102051,down
107050,0.601562,9.832031,-2.609375,-0.066406,-0.101563,0.050781,0.61499,0.778564,0.072205,0.102051,down
107055,0.601562,9.789063,-2.535156,-0.066406,-0.101563,0.050781,0.615234,0.778442,0.071655,0.101807,down
107060,0.636719,9.753906,-2.574219,-0.060547,-0.080078,0.054687,0.615356,0.778381,0.07135,0.101685,down
107065,0.601562,9.753906,-2.574219,-0.060547,-0.080078,0.054687,0.615417,0.778381,0.071167,0.101624,down
107070,0.601562,9.710938,-2.535156,-0.044922,-0.068359,0.042969,0.615417,0.778381,0.071167,0.101624,down
107075,0.601562,9.75,-2.535156,-0.044922,-0.068359,0.042969,0.615601,0.778259,0.07074,0.101501,down
107080,0.601562,9.675781,-2.535156,-0.044922,-0.068359,0.042969,0.615601,0.778259,0.07074,0.101501,down
107085,0.5625,9.675781,-2.496094,-0.029297,-0.046875,0.03125,0.615662,0.778259,0.070557,0.10144,down
107090,0.5625,9.59375,-2.496094,-0.029297,-0.046875,0.03125,0.615784,0.778198,0.070251,0.101318,down
107095,0.5625,9.59375,-2.496094,-0.029297,-0.046875,0.03125,0.615784,0.778198,0.070251,0.101318,down
107100,0.5625,9.59375,-2.496094,-0.029297,-0.046875,0.03125,0.615784,0.778259,0.070068,0.101257,down
107105,0.5625,9.59375,-2.535156,0.003906,-0.048828,0.048828,0.615784,0.778259,0.070068,0.101257,down
107110,0.5625,9.632813,-2.457031,0.003906,-0.048828,0.048828,0.615723,0.77832,0.069763,0.101196,down
107115,0.5625,9.632813,-2.417969,0.003906,-0.048828,0.048828,0.615662,0.778381,0.069397,0.101135,down
107120,0.5625,9.632813,-2.417969,0.003906,-0.048828,0.048828,0.615662,0.778442,0.069153,0.101074,down
107125,0.601562,9.632813,-2.417969,0.0,-0.074219,0.050781,0.615662,0.778442,0.069153,0.101074,down
107130,0.601562,9.59375,-2.417969,-0.003906,-0.080078,0.050781,0.615662,0.778442,0.068909,0.101013,down
107135,0.636719,9.558594,-2.417969,-0.003906,-0.080078,0.050781,0.615662,0.778503,0.068481,0.10083,down
107140,0.636719,9.59375,-2.417969,-0.003906,-0.080078,0.050781,0.615662,0.778503,0.068481,0.10083,down
107145,0.636719,9.558594,-2.417969,-0.023437,-0.080078,0.033203,0.615662,0.778503,0.068481,0.10083,down
107151,0.601562,9.523438,-2.382813,-0.023437,-0.080078,0.033203,0.615723,0.778564,0.067871,0.100464,down
107157,0.636719,9.558594,-2.382813,-0.023437,-0.080078,0.033203,0.615784,0.778564,0.067749,0.100342,down
107162,0.601562,9.59375,-2.382813,-0.027344,-0.068359,0.013672,0.615845,0.778503,0.067627,0.100281,down
107168,0.636719,9.632813,-2.382813,-0.029297,-0.056641,0.007813,0.615845,0.778503,0.067627,0.100281,down
107174,0.601562,9.675781,-2.417969,-0.029297,-0.056641,0.007813,0.615845,0.778503,0.067627,0.100281,down
107179,0.601562,9.632813,-2.382813,-0.019531,-0.046875,-0.001953,0.615845,0.778503,0.067627,0.100281,down
107185,0.5625,9.632813,-2.382813,-0.007813,-0.054687,-0.001953,0.615845,0.778503,0.067627,0.100281,down
107190,0.523437,9.636719,-2.382813,-0.007813,-0.054687,-0.001953,0.616089,0.778442,0.067017,0.099548,down
107195,0.5625,9.632813,-2.34375,-0.007813,-0.054687,-0.001953,0.616089,0.778442,0.067017,0.099548,down
107200,0.601562,9.675781,-2.34375,-0.007813,-0.066406,0.007813,0.616089,0.778442,0.067017,0.099548,down
107205,0.601562,9.671875,-2.304688,-0.021484,-0.058594,0.009766,0.616089,0.778442,0.067017,0.099548,down
107211,0.601562,9.671875,-2.304688,-0.029297,-0.050781,0.025391,0.61615,0.778503,0.06665,0.099121,down
107216,0.601562,9.636719,-2.304688,-0.029297,-0.046875,0.027344,0.616211,0.778503,0.066528,0.09906,down
107222,0.601562,9.632813,-2.34375,-0.029297,-0.046875,0.027344,0.616211,0.778503,0.066406,0.098999,down
107227,0.601562,9.632813,-2.382813,-0.029297,-0.046875,0.027344,0.616211,0.778503,0.066345,0.098938,down
107234,0.601562,9.675781,-2.34375,0.001953,-0.048828,0.023437,0.616211,0.778503,0.066345,0.098938,down
107239,0.601562,9.710938,-2.34375,0.0,-0.048828,0.021484,0.616211,0.778503,0.066345,0.098938,down
107244,0.5625,9.710938,-2.34375,0.015625,-0.054687,0.015625,0.616211,0.778503,0.066345,0.098938,down
107250,0.601562,9.710938,-2.417969,0.007813,-0.056641,0.015625,0.616211,0.778503,0.066345,0.098938,down
107255,0.601562,9.710938,-2.34375,0.003906,-0.044922,0.007813,0.616211,0.778503,0.066345,0.098938,down
107260,0.5625,9.710938,-2.34375,0.0,-0.044922,0.017578,0.616211,0.778503,0.066345,0.098938,down
107265,0.601562,9.753906,-2.304688,0.013672,-0.046875,0.017578,0.615906,0.77887,0.065613,0.098328,down
107270,0.636719,9.714844,-2.304688,0.013672,-0.046875,0.017578,0.615906,0.77887,0.065613,0.098328,down
107275,0.636719,9.671875,-2.304688,-0.033203,-0.039063,0.021484,0.615906,0.77887,0.065613,0.098328,down
107280,0.636719,9.636719,-2.304688,-0.033203,-0.039063,0.021484,0.615967,0.77887,0.065369,0.098145,down
107285,0.636719,9.671875,-2.265625,-0.033203,-0.039063,0.021484,0.616028,0.77887,0.065308,0.098083,down
107290,0.636719,9.671875,-2.265625,-0.033203,-0.039063,0.021484,0.616028,0.77887,0.065308,0.098083,down
107295,0.601562,9.636719,-2.304688,-0.048828,-0.035156,0.009766,0.616028,0.77887,0.065308,0.098083,down
107300,0.5625,9.675781,-2.226563,-0.052734,-0.044922,0.009766,0.616211,0.778748,0.065125,0.098022,down
107305,0.601562,9.636719,-2.265625,-0.052734,-0.044922,0.009766,0.616272,0.778687,0.065063,0.097961,down
107310,0.5625,9.636719,-2.265625,-0.0625,-0.064453,0.005859,0.616272,0.778687,0.065063,0.097961,down
107316,0.601562,9.597656,-2.265625,-0.0625,-0.064453,0.005859,0.616516,0.778564,0.064819,0.097656,down
107321,0.601562,9.597656,-2.265625,-0.044922,-0.066406,0.005859,0.616638,0.778503,0.064697,0.097534,down
107327,0.636719,9.671875,-2.304688,-0.044922,-0.066406,0.005859,0.616699,0.778503,0.064575,0.097412,down
107332,0.675781,9.671875,-2.226563,-0.001953,-0.068359,0.019531,0.616699,0.778503,0.064575,0.097412,down
107338,0.636719,9.714844,-2.265625,-0.001953,-0.068359,0.019531,0.616638,0.778564,0.064331,0.097168,down
107343,0.636719,9.714844,-2.265625,0.03125,-0.066406,0.023437,0.616577,0.778625,0.064209,0.097046,down
107349,0.636719,9.753906,-2.265625,0.039063,-0.0625,0.03125,0.616577,0.778625,0.064209,0.097046,down
107355,0.636719,9.714844,-2.265625,0.050781,-0.068359,0.029297,0.616577,0.778625,0.064209,0.097046,down
107360,0.636719,9.753906,-2.304688,0.050781,-0.068359,0.029297,0.616272,0.778931,0.063843,0.096802,down
107365,0.636719,9.792969,-2.304688,0.041016,-0.060547,0.025391,0.616272,0.778931,0.063843,0.096802,down
107371,0.636719,9.792969,-2.265625,0.041016,-0.060547,0.025391,0.615967,0.779236,0.063477,0.096497,down
107376,0.636719,9.832031,-2.265625,0.023437,-0.058594,0.015625,0.615967,0.779236,0.063477,0.096497,down
107381,0.636719,9.792969,-2.265625,0.023437,-0.058594,0.015625,0.615906,0.779358,0.063293,0.096252,down
107386,0.636719,9.832031,-2.265625,0.023437,-0.058594,0.015625,0.615845,0.779419,0.063171,0.096191,down
107391,0.601562,9.832031,-2.265625,0.023437,-0.058594,0.015625,0.615845,0.779419,0.063049,0.096069,down
107396,0.601562,9.792969,-2.265625,-0.023437,-0.060547,0.013672,0.615906,0.779419,0.062927,0.096008,down
107401,0.636719,9.792969,-2.265625,-0.023437,-0.060547,0.013672,0.615906,0.779419,0.062866,0.095886,down
107406,0.5625,9.753906,-2.304688,-0.042969,-0.056641,0.007813,0.615906,0.779419,0.062866,0.095886,down
107412,0.5625,9.671875,-2.304688,-0.042969,-0.056641,0.007813,0.616089,0.779358,0.062683,0.095703,down
107417,0.5625,9.671875,-2.265625,-0.039063,-0.050781,0.005859,0.61615,0.779297,0.062622,0.095581,down
107423,0.601562,9.59375,-2.226563,-0.025391,-0.0625,0.003906,0.61615,0.779297,0.062622,0.095581,down
107430,0.601562,9.597656,-2.265625,-0.021484,-0.056641,0.003906,0.61615,0.779297,0.062622,0.095581,down
107435,0.601562,9.558594,-2.226563,-0.009766,-0.058594,0.005859,0.61615,0.779297,0.062622,0.095581,down
107440,0.636719,9.527344,-2.265625,-0.013672,-0.046875,0.001953,0.61615,0.779297,0.062622,0.095581,down
107446,0.636719,9.523438,-2.226563,-0.013672,-0.048828,0.009766,0.616272,0.779297,0.062134,0.094971,down
107451,0.636719,9.523438,-2.226563,-0.009766,-0.03125,-0.003906,0.616272,0.779297,0.062073,0.09491,down
107456,0.601562,9.523438,-2.226563,-0.009766,-0.03125,-0.003906,0.616272,0.779297,0.062073,0.09491,down
107461,0.5625,9.488281,-2.265625,-0.009766,-0.03125,-0.003906,0.616272,0.779358,0.062073,0.094727,down
107466,0.5625,9.527344,-2.265625,-0.009766,-0.03125,-0.003906,0.616272,0.779358,0.062134,0.094666,down
107471,0.523437,9.523438,-2.191406,-0.009766,-0.025391,-0.027344,0.616272,0.779358,0.062134,0.094666,down
107476,0.445312,9.527344,-2.191406,-0.009766,-0.025391,-0.027344,0.616272,0.779358,0.062134,0.094421,down
107481,0.484375,9.558594,-2.191406,-0.009766,-0.025391,-0.027344,0.616333,0.779358,0.062134,0.09436,down
107486,0.523437,9.597656,-2.226563,-0.009766,-0.025391,-0.027344,0.616333,0.779358,0.062134,0.09436,down
107491,0.523437,9.59375,-2.191406,-0.023437,-0.056641,-0.011719,0.616333,0.779358,0.062134,0.09436,down
107496,0.484375,9.554688,-2.152344,-0.023437,-0.056641,-0.011719,0.616455,0.779297,0.062012,0.093933,down
124501,4.316406,14.578125,-3.988281,-0.703125,1.759766,0.640625,0.634216,0.728394,0.18634,0.180237,down
124506,4.546875,15.0,-4.257812,-0.728516,1.853516,0.699219,0.634338,0.726807,0.187622,0.184875,down
124511,4.546875,15.0,-4.257812,-0.763672,1.958984,0.761719,0.63446,0.725037,0.189026,0.189941,down
124517,4.507812,15.34375,-4.449219,-0.763672,1.958984,0.761719,0.634521,0.723206,0.190308,0.195129,down
124522,4.507812,15.34375,-4.449219,-0.802734,2.111328,0.896484,0.634521,0.721375,0.19165,0.200562,down
124528,4.164062,16.269531,-4.984375,-0.845703,2.171875,0.957031,0.634521,0.717346,0.194214,0.212341,down
124533,3.972656,16.335937,-5.023437,-1.027344,2.246094,1.050781,0.634644,0.714905,0.195496,0.218933,down
124538,3.855469,16.339844,-5.0625,-1.027344,2.246094,1.050781,0.634827,0.712646,0.196472,0.224731,down
124543,3.589844,16.074219,-5.175781,-1.027344,2.246094,1.050781,0.635254,0.709717,0.197571,0.231689,down
124548,3.433594,15.886719,-5.214844,-1.474609,2.433594,1.185547,0.635925,0.706482,0.198547,0.238892,down
124553,3.359375,15.730469,-5.292969,-1.474609,2.433594,1.185547,0.635925,0.706482,0.198547,0.238892,down
124558,3.28125,15.496094,-5.40625,-1.847656,2.671875,1.287109,0.635925,0.706482,0.198547,0.238892,down
124563,3.167969,14.765625,-5.523437,-1.847656,2.671875,1.287109,0.638733,0.695496,0.200989,0.260559,down
124568,3.128906,14.578125,-5.371094,-2.201172,2.847656,1.4375,0.638733,0.695496,0.200989,0.260559,down
124573,3.089844,14.34375,-5.214844,-2.302734,2.957031,1.511719,0.640198,0.690491,0.201721,0.269531,down
124578,3.050781,14.078125,-5.023437,-2.302734,2.957031,1.511719,0.642822,0.680908,0.202759,0.286377,down
124583,3.089844,13.960938,-4.832031,-2.302734,2.957031,1.511719,0.643982,0.675964,0.203308,0.294983,down
124588,2.9375,13.816406,-4.527344,-2.271484,3.244141,1.736328,0.643982,0.675964,0.203308,0.294983,down
124593,2.9375,13.65625,-4.375,-2.183594,3.289063,1.818359,0.64502,0.670288,0.203918,0.305054,down
124598,2.820313,13.582031,-4.179687,-2.183594,3.289063,1.818359,0.645996,0.660217,0.205017,0.323669,down
124604,2.285156,13.511719,-3.683594,-2.183594,3.289063,1.818359,0.645935,0.655457,0.205444,0.33313,down
124609,2.054688,13.429688,-3.605469,-1.738281,3.238281,2.064453,0.645508,0.650879,0.205872,0.34259,down
124615,1.863281,13.277344,-3.605469,-1.644531,3.189453,2.101563,0.645508,0.650879,0.205872,0.34259,down
124620,1.671875,12.96875,-3.53125,-1.644531,3.189453,2.101563,0.645508,0.650879,0.205872,0.34259,down
124625,1.558594,12.628906,-3.414063,-1.601563,3.132813,2.130859,0.645508,0.650879,0.205872,0.34259,down
124631,1.558594,12.628906,-3.414063,-1.585938,3.041016,2.126953,0.641846,0.633423,0.206421,0.379822,down
124636,1.328125,12.050781,-2.917969,-1.585938,3.041016,2.126953,0.641846,0.633423,0.206421,0.379822,down
124641,1.328125,11.824219,-2.6875,-1.728516,2.876953,2.09375,0.64032,0.624451,0.205688,0.397156,down
124646,1.136719,11.519531,-2.457031,-2.152344,2.855469,2.001953,0.64032,0.624451,0.205688,0.397156,down
124651,0.867187,10.859375,-2.0,-2.152344,2.855469,2.001953,0.639954,0.613525,0.204163,0.4151,down
124656,0.753906,10.59375,-1.769531,-2.738281,2.962891,1.949219,0.639954,0.613525,0.204163,0.4151,down
124661,0.675781,10.359375,-1.460938,-2.970703,3.001953,1.958984,0.639954,0.613525,0.204163,0.4151,down
124667,0.601562,10.171875,-1.230469,-3.253906,3.085938,1.982422,0.639954,0.613525,0.204163,0.4151,down
124673,0.410156,9.558594,-0.617187,-3.351563,3.087891,1.998047,0.642822,0.586121,0.198914,0.451294,down
124678,0.371094,9.25,-0.199219,-3.351563,3.087891,1.998047,0.64386,0.578064,0.197144,0.460876,down
124683,0.371094,9.25,-0.199219,-3.388672,3.095703,2.027344,0.64563,0.562073,0.19342,0.47937,down
124688,0.371094,9.023438,0.070312,-3.388672,3.095703,2.027344,0.64563,0.562073,0.19342,0.47937,down
124693,0.292969,8.527344,0.914062,-3.388672,3.095703,2.027344,0.64563,0.562073,0.19342,0.47937,down
124698,0.292969,8.140625,1.296875,-3.242188,3.082031,2.107422,0.646851,0.545715,0.189392,0.497986,down
124704,0.140625,7.566406,1.566406,-3.242188,3.082031,2.107422,0.646851,0.529114,0.185608,0.516846,down
124709,0.027344,7.417969,1.757813,-3.242188,3.082031,2.107422,0.646484,0.522156,0.184082,0.524902,down
124714,-0.050781,7.535156,1.910156,-2.550781,2.966797,2.130859,0.646484,0.522156,0.184082,0.524902,down
124719,-0.050781,7.535156,1.910156,-2.318359,2.871094,2.111328,0.644592,0.507935,0.181274,0.54187,down
124725,-0.320313,7.496094,2.558594,-2.318359,2.871094,2.111328,0.64325,0.501587,0.180176,0.549683,down
124730,-0.359375,7.453125,2.828125,-1.900391,2.59375,2.019531,0.64325,0.501587,0.180176,0.549683,down
124735,-0.433594,7.417969,3.136719,-1.728516,2.488281,1.978516,0.639954,0.489929,0.178101,0.564453,down
124741,-0.359375,7.339844,3.554688,-1.59375,2.433594,1.929688,0.639954,0.489929,0.178101,0.564453,down
124747,-0.394531,7.335937,3.746094,-1.486328,2.349609,1.873047,0.639954,0.489929,0.178101,0.564453,down
124753,-0.28125,7.335937,3.863281,-1.433594,2.287109,1.832031,0.639954,0.489929,0.178101,0.564453,down
124758,-0.320313,7.261719,3.902344,-1.447266,2.228516,1.78125,0.639954,0.489929,0.178101,0.564453,down
124763,-0.320313,7.257812,4.015625,-1.535156,2.179688,1.751953,0.639954,0.489929,0.178101,0.564453,down
124768,-0.320313,7.070312,4.207031,-1.628906,2.089844,1.744141,0.628601,0.460266,0.173218,0.602539,down
124773,-0.320313,7.070312,4.207031,-1.628906,2.089844,1.744141,0.628601,0.460266,0.173218,0.602539,down
124778,-0.128906,6.800781,4.359375,-1.955078,1.912109,1.740234,0.628601,0.460266,0.173218,0.602539,down
124783,-0.128906,6.800781,4.359375,-2.085938,1.904297,1.734375,0.62439,0.444763,0.167908,0.619812,down
124789,0.179687,6.492187,4.78125,-2.085938,1.904297,1.734375,0.621948,0.432983,0.163147,0.631775,down
124794,-0.050781,6.457031,4.515625,-2.085938,1.904297,1.734375,0.620728,0.427246,0.160889,0.63739,down
124800,-0.164062,6.570312,4.515625,-2.085938,1.904297,1.734375,0.619568,0.421997,0.158875,0.642517,down
124805,-0.28125,6.730469,4.667969,-2.085938,1.904297,1.734375,0.618164,0.416199,0.156738,0.648193,down
124811,-0.203125,6.839844,4.78125,-1.847656,1.888672,1.677734,0.618164,0.416199,0.156738,0.648193,down
124816,-0.203125,7.148437,5.128906,-1.847656,1.888672,1.677734,0.61499,0.405823,0.153015,0.658508,down
124822,-0.164062,7.183594,5.355469,-1.566406,1.736328,1.65625,0.61499,0.405823,0.153015,0.658508,down
124828,-0.050781,7.148437,5.511719,-1.25,1.603516,1.640625,0.61499,0.405823,0.153015,0.658508,down
124834,0.140625,7.113281,5.546875,-1.25,1.603516,1.640625,0.606995,0.388611,0.147156,0.677429,down
124839,0.179687,7.222656,5.511719,-1.25,1.603516,1.640625,0.606995,0.388611,0.147156,0.677429,down
124844,0.179687,7.222656,5.511719,-0.867187,1.408203,1.642578,0.604553,0.385071,0.146118,0.681824,down
124849,0.21875,7.257812,5.511719,-0.867187,1.408203,1.642578,0.604553,0.385071,0.146118,0.681824,down
124854,0.0625,6.953125,5.472656,-0.894531,1.318359,1.65625,0.59967,0.378845,0.144104,0.690002,down
124859,0.0625,6.953125,5.472656,-0.894531,1.318359,1.65625,0.59967,0.378845,0.144104,0.690002,down
124864,0.0625,6.914062,5.472656,-1.136719,1.111328,1.742188,0.592346,0.369812,0.138733,0.702209,down
124869,0.484375,6.613281,5.511719,-1.136719,1.111328,1.742188,0.589905,0.36676,0.136047,0.70636,down
124874,0.445312,6.570312,5.394531,-1.136719,1.111328,1.742188,0.58783,0.364197,0.133606,0.7099,down
124879,0.445312,6.375,5.355469,-1.328125,0.802734,1.808594,0.58783,0.364197,0.133606,0.7099,down
124884,0.445312,6.375,5.355469,-1.292969,0.738281,1.828125,0.58313,0.358704,0.127869,0.71759,down
124890,0.523437,6.074219,5.625,-1.292969,0.738281,1.828125,0.58075,0.356262,0.125,0.721191,down
124895,0.601562,5.996094,5.703125,-1.136719,0.642578,1.833984,0.578186,0.353943,0.12207,0.724915,down
124900,0.636719,5.882812,5.738281,-1.056641,0.615234,1.810547,0.575684,0.351807,0.119385,0.728394,down
124906,0.601562,5.730469,5.734375,-1.019531,0.613281,1.794922,0.575684,0.351807,0.119385,0.728394,down
124912,0.675781,5.691406,5.777344,-0.984375,0.589844,1.783203,0.575684,0.351807,0.119385,0.728394,down
124918,0.714844,5.730469,5.890625,-0.990234,0.580078,1.792969,0.575684,0.351807,0.119385,0.728394,down
124923,0.714844,5.730469,5.890625,-0.972656,0.59375,1.783203,0.565247,0.343872,0.109009,0.741882,down
124928,0.410156,6.1875,5.585937,-0.972656,0.59375,1.783203,0.565247,0.343872,0.109009,0.741882,down
124933,0.410156,6.1875,5.585937,-1.066406,0.574219,1.763672,0.560059,0.339905,0.103943,0.748352,down
124938,1.058594,5.808594,5.355469,-1.066406,0.574219,1.763672,0.557434,0.337769,0.101013,0.751648,down
124943,1.097656,5.921875,5.855469,-1.15625,0.535156,1.800781,0.554932,0.335632,0.098145,0.754822,down
124949,0.945312,5.882812,5.894531,-1.572266,0.591797,1.763672,0.554932,0.335632,0.098145,0.754822,down
124954,1.023438,5.730469,5.851562,-1.572266,0.591797,1.763672,0.547791,0.327576,0.087524,0.764832,down
124959,1.136719,5.460937,5.8125,-1.691406,0.560547,1.746094,0.545654,0.324524,0.083557,0.768127,down
124965,1.097656,5.15625,5.664062,-1.691406,0.560547,1.746094,0.543701,0.321777,0.080017,0.770996,down
124971,1.097656,4.964844,5.929687,-1.671875,0.566406,1.75,0.543701,0.321777,0.080017,0.770996,down
124976,1.136719,4.847656,6.234375,-1.671875,0.566406,1.75,0.539124,0.31543,0.071716,0.777649,down
124981,1.136719,4.351562,6.699219,-1.671875,0.566406,1.75,0.537109,0.312927,0.068237,0.780334,down
124987,1.175781,4.082031,6.621094,-1.576172,0.537109,1.800781,0.537109,0.312927,0.068237,0.780334,down
124992,1.097656,3.738281,6.617187,-1.566406,0.560547,1.802734,0.537109,0.312927,0.068237,0.780334,down
124998,1.214844,3.316406,6.621094,-1.613281,0.582031,1.775391,0.537109,0.312927,0.068237,0.780334,down
125003,1.25,3.085938,6.777344,-1.613281,0.582031,1.775391,0.527527,0.301453,0.053101,0.79248,down
125009,1.441406,2.855469,7.160156,-1.695313,0.585937,1.722656,0.527527,0.301453,0.053101,0.79248,down
125014,1.597656,2.433594,7.117187,-1.695313,0.585937,1.722656,0.520569,0.291809,0.041321,0.801331,down
125019,1.632813,2.511719,6.855469,-1.695313,0.585937,1.722656,0.520569,0.291809,0.041321,0.801331,down
125024,1.632813,2.511719,6.855469,-1.814453,0.763672,1.603516,0.518555,0.288269,0.037537,0.804077,down
125029,1.632813,2.550781,6.621094,-1.814453,0.763672,1.603516,0.516663,0.284607,0.033691,0.806824,down
125034,1.671875,2.589844,6.46875,-1.947266,0.720703,1.542969,0.514771,0.280823,0.029724,0.809448,down
125039,1.671875,2.589844,6.46875,-1.947266,0.720703,1.542969,0.514771,0.280823,0.029724,0.809448,down
125044,1.75,2.550781,6.351562,-2.027344,0.734375,1.515625,0.509583,0.268799,0.016663,0.8172,down
125050,1.902344,2.816406,7.5,-2.027344,0.734375,1.515625,0.507874,0.264893,0.012024,0.81958,down
125055,1.789063,2.625,7.964844,-2.027344,0.734375,1.515625,0.506348,0.261841,0.008179,0.821533,down
125060,1.789063,2.625,7.964844,-1.783203,0.419922,1.359375,0.504578,0.258423,0.003662,0.823792,down
125065,1.597656,2.703125,7.617187,-1.783203,0.365234,1.337891,0.503052,0.255676,-6.1e-05,0.825562,down
125070,1.632813,2.664063,7.695312,-1.783203,0.365234,1.337891,0.501465,0.252747,-0.004211,0.827393,down
125075,1.75,2.359375,8.078125,-1.783203,0.365234,1.337891,0.499878,0.249817,-0.00885,0.829224,down
125081,1.863281,2.167969,8.082031,-2.150391,0.181641,1.357422,0.498413,0.246887,-0.013611,0.830933,down
125087,1.902344,1.707031,7.925781,-2.150391,0.181641,1.357422,0.496765,0.243225,-0.019714,0.832886,down
125092,1.863281,1.324219,7.886719,-2.664063,0.191406,1.429688,0.496765,0.243225,-0.019714,0.832886,down
125097,1.941406,0.941406,7.882812,-2.876953,0.207031,1.470703,0.496765,0.243225,-0.019714,0.832886,down
125103,1.941406,0.941406,7.882812,-2.976563,0.205078,1.525391,0.492737,0.231995,-0.038147,0.83783,down
125108,1.902344,0.328125,8.191406,-2.976563,0.205078,1.525391,0.492737,0.231995,-0.038147,0.83783,down
125113,1.941406,-0.476562,7.964844,-2.992188,0.248047,1.595703,0.489563,0.223389,-0.051697,0.841309,down
125118,1.941406,-0.476562,7.964844,-2.992188,0.248047,1.595703,0.489563,0.223389,-0.051697,0.841309,down
125123,2.054688,-1.242188,8.648438,-2.833984,0.390625,1.75,0.485352,0.214294,-0.064636,0.845154,down
125129,2.09375,-1.855469,8.691406,-2.416016,0.5625,1.892578,0.47998,0.205383,-0.075684,0.849548,down
125134,2.054688,-2.007813,8.804688,-1.658203,0.685547,1.992188,0.47998,0.205383,-0.075684,0.849548,down
125139,2.132813,-2.125,8.996094,-1.658203,0.685547,1.992188,0.473511,0.197876,-0.083069,0.854248,down
125145,1.863281,-1.742188,9.339844,-1.658203,0.685547,1.992188,0.469788,0.194885,-0.08551,0.85675,down
125150,1.75,-1.816406,9.300781,-0.482422,0.585937,2.105469,0.46521,0.192017,-0.087402,0.85968,down
125156,1.632813,-1.703125,9.113281,-0.482422,0.585937,2.105469,0.461609,0.190308,-0.088379,0.861877,down
125161,1.671875,-1.703125,9.453125,0.027344,0.404297,2.130859,0.461609,0.190308,-0.088379,0.861877,down
125166,1.632813,-1.433594,9.296875,0.21875,0.298828,2.126953,0.461609,0.190308,-0.088379,0.861877,down
125172,1.632813,-1.320313,9.335938,0.386719,0.183594,2.125,0.461609,0.190308,-0.088379,0.861877,down
125177,1.671875,-1.050781,9.648438,0.482422,0.056641,2.119141,0.461609,0.190308,-0.088379,0.861877,down
125183,1.671875,-0.78125,9.691406,0.537109,-0.082031,2.130859,0.461609,0.190308,-0.088379,0.861877,down
125189,1.671875,-0.628906,9.570313,0.570312,-0.203125,2.138672,0.427979,0.18811,-0.089355,0.879456,down
125194,1.597656,-0.78125,9.335938,0.570312,-0.203125,2.138672,0.422607,0.188965,-0.089661,0.881836,down
125199,1.632813,-0.9375,9.148438,0.570312,-0.203125,2.138672,0.422607,0.188965,-0.089661,0.881836,down
125204,1.632813,-0.9375,9.148438,0.482422,-0.476562,2.226563,0.417847,0.18988,-0.090088,0.88385,down
125209,1.632813,-0.859375,8.996094,0.296875,-0.572266,2.238281,0.417847,0.18988,-0.090088,0.88385,down
125214,1.980469,-1.355469,9.761719,0.203125,-0.671875,2.248047,0.407349,0.192078,-0.092041,0.888062,down
125219,1.980469,-1.355469,9.761719,0.228516,-0.746094,2.242188,0.407349,0.192078,-0.092041,0.888062,down
125225,2.132813,-1.933594,9.839844,0.228516,-0.746094,2.242188,0.391724,0.196472,-0.096069,0.893738,down
125231,2.054688,-2.199219,9.917969,0.228516,-0.746094,2.242188,0.386414,0.198486,-0.097229,0.895447,down
125237,2.09375,-2.773438,9.953125,0.228516,-0.746094,2.242188,0.386414,0.198486,-0.097229,0.895447,down
125243,2.054688,-2.773438,9.839844,0.775391,-1.273438,1.927734,0.376465,0.203735,-0.098694,0.898376,down
125248,2.132813,-2.964844,9.957031,1.013672,-1.443359,1.839844,0.376465,0.203735,-0.098694,0.898376,down
125253,2.019531,-2.851563,9.839844,1.013672,-1.443359,1.839844,0.366394,0.211243,-0.098816,0.900757,down
125259,1.902344,-2.582031,9.6875,1.412109,-1.8125,1.6875,0.366394,0.211243,-0.098816,0.900757,down
125264,1.902344,-2.351563,9.496094,1.582031,-2.005859,1.642578,0.351074,0.227173,-0.096619,0.903198,down
125269,1.902344,-2.390625,9.300781,1.582031,-2.005859,1.642578,0.351074,0.227173,-0.096619,0.903198,down
125274,1.863281,-2.199219,9.453125,1.867188,-2.669922,1.597656,0.345459,0.234192,-0.09552,0.903748,down
125279,1.863281,-1.855469,9.691406,1.867188,-2.669922,1.597656,0.340454,0.240784,-0.094543,0.903992,down
125284,1.863281,-1.855469,9.691406,1.867188,-2.669922,1.597656,0.335022,0.248291,-0.093628,0.904053,down
125289,1.902344,-1.664063,9.957031,1.867188,-2.669922,1.597656,0.335022,0.248291,-0.093628,0.904053,down
125294,2.019531,-2.160156,9.917969,1.931641,-3.548828,1.722656,0.335022,0.248291,-0.093628,0.904053,down
125299,2.019531,-2.160156,9.917969,1.931641,-3.548828,1.722656,0.335022,0.248291,-0.093628,0.904053,down
125304,2.324219,-2.007813,8.804688,1.832031,-4.146484,1.673828,0.335022,0.248291,-0.093628,0.904053,down
125309,2.746094,-2.199219,8.648438,1.832031,-4.146484,1.673828,0.305359,0.294434,-0.092285,0.900879,down
125314,3.011719,-2.046875,8.265625,1.779297,-4.34375,1.431641,0.298767,0.305969,-0.09259,0.89917,down
125319,3.472656,-1.96875,8.078125,1.779297,-4.34375,1.431641,0.293152,0.316406,-0.092957,0.8974,down
125324,4.238281,-1.933594,7.882812,1.792969,-4.515625,1.039063,0.287781,0.327148,-0.093201,0.895264,down
125329,4.46875,-1.855469,7.765625,1.792969,-4.515625,1.039063,0.282959,0.337646,-0.093323,0.892883,down
125334,4.660156,-1.703125,7.425781,1.839844,-4.580078,0.626953,0.277832,0.349915,-0.093323,0.889771,down
125339,4.929687,-1.664063,7.121094,1.839844,-4.580078,0.626953,0.27356,0.361023,-0.093079,0.886658,down
125344,5.425781,-2.125,6.621094,1.839844,-4.580078,0.626953,0.269836,0.371765,-0.09259,0.883362,down
125349,5.425781,-2.125,6.621094,1.833984,-4.541016,0.25,0.266479,0.382446,-0.09198,0.879883,down
125354,5.464844,-2.199219,6.46875,1.878906,-4.472656,0.099609,0.266479,0.382446,-0.09198,0.879883,down
125359,5.617187,-2.085938,6.3125,1.884766,-4.375,-0.035156,0.266479,0.382446,-0.09198,0.879883,down
125364,5.617187,-2.085938,6.3125,1.820313,-4.246094,-0.148437,0.257751,0.4151,-0.088562,0.867981,down
125370,6.117187,-1.472656,5.855469,1.757813,-4.164062,-0.220703,0.253174,0.435547,-0.085815,0.859558,down
125375,6.34375,-1.128906,5.320312,1.757813,-4.164062,-0.220703,0.250916,0.446533,-0.08429,0.854736,down
125380,6.386719,-0.78125,5.128906,1.757813,-4.164062,-0.220703,0.249329,0.454712,-0.082886,0.851013,down
125385,6.503906,-0.476562,4.78125,1.853516,-3.738281,-0.472656,0.247314,0.464844,-0.08075,0.846313,down
125390,6.6875,-0.476562,4.4375,1.853516,-3.738281,-0.472656,0.245667,0.472839,-0.078674,0.84259,down
125395,7.035156,0.214844,4.015625,1.853516,-3.738281,-0.472656,0.24353,0.482361,-0.075562,0.838013,down
125400,7.226562,0.828125,3.746094,1.853516,-3.738281,-0.472656,0.24353,0.482361,-0.075562,0.838013,down
125405,7.226562,0.828125,3.746094,2.478516,-3.478516,-0.703125,0.241516,0.490845,-0.072144,0.833984,down
125410,7.53125,1.285156,3.554688,2.478516,-3.478516,-0.703125,0.239319,0.499878,-0.067932,0.82959,down
125415,7.992187,1.707031,3.441406,2.492188,-3.203125,-0.875,0.239319,0.499878,-0.067932,0.82959,down
125420,7.992187,1.707031,3.441406,2.410156,-2.960938,-0.992187,0.235657,0.516052,-0.059265,0.82135,down
125425,8.183594,2.28125,3.097656,2.222656,-2.753906,-1.101563,0.233643,0.530334,-0.050659,0.813354,down
125430,8.296875,2.398438,3.210938,2.222656,-2.753906,-1.101563,0.233521,0.536438,-0.046997,0.809631,down
125436,8.300781,2.242188,3.480469,2.222656,-2.753906,-1.101563,0.23407,0.542847,-0.043457,0.805359,down
125441,8.183594,2.167969,3.710938,0.755859,-2.15625,-1.322266,0.235046,0.547363,-0.041321,0.802185,down
125446,7.953125,1.476563,4.015625,0.755859,-2.15625,-1.322266,0.236755,0.551941,-0.039673,0.798584,down
125452,7.730469,1.515625,4.132812,0.755859,-2.15625,-1.322266,0.239075,0.556274,-0.038635,0.794922,down
125457,7.769531,1.4375,4.246094,-0.201172,-1.923828,-1.402344,0.239075,0.556274,-0.038635,0.794922,down
125462,7.652344,1.054688,4.054687,-0.318359,-1.826172,-1.460938,0.239075,0.556274,-0.038635,0.794922,down
125467,7.535156,0.941406,3.441406,-0.318359,-1.826172,-1.460938,0.248535,0.56781,-0.037292,0.783813,down
125472,7.648437,0.941406,3.058594,-0.265625,-1.669922,-1.589844,0.248535,0.56781,-0.037292,0.783813,down
125478,7.730469,1.09375,2.980469,-0.101563,-1.617188,-1.689453,0.248535,0.56781,-0.037292,0.783813,down
125483,7.730469,1.09375,2.980469,0.21875,-1.613281,-1.798828,0.257935,0.577148,-0.034302,0.774048,down
125488,7.769531,1.59375,3.25,0.21875,-1.613281,-1.798828,0.257935,0.577148,-0.034302,0.774048,down
125494,7.6875,1.9375,3.363281,1.082031,-1.583984,-1.990234,0.257935,0.577148,-0.034302,0.774048,down
125500,7.6875,1.9375,3.363281,1.462891,-1.501953,-2.056641,0.265076,0.588501,-0.023987,0.763428,down
125506,7.6875,1.9375,3.363281,1.916016,-1.390625,-2.105469,0.267822,0.596497,-0.013123,0.756531,down
125511,7.6875,4.808594,2.558594,1.916016,-1.390625,-2.105469,0.268921,0.600342,-0.007324,0.753113,down
125516,7.726562,5.117187,2.523438,1.763672,-1.304688,-2.142578,0.268921,0.600342,-0.007324,0.753113,down
125522,7.726562,5.578125,2.484375,1.763672,-1.304688,-2.142578,0.271729,0.607666,0.003967,0.746277,down
125527,7.652344,5.769531,2.523438,1.046875,-1.201172,-2.234375,0.271729,0.607666,0.003967,0.746277,down
125532,7.496094,5.882812,2.523438,0.539062,-1.164063,-2.257813,0.271729,0.607666,0.003967,0.746277,down
125538,7.347656,5.652344,2.597656,-0.017578,-1.148438,-2.318359,0.271729,0.607666,0.003967,0.746277,down
125543,7.152344,4.65625,2.675781,-0.017578,-1.148438,-2.318359,0.271729,0.607666,0.003967,0.746277,down
125549,6.996094,4.273437,2.675781,-1.091797,-1.037109,-2.476563,0.271729,0.607666,0.003967,0.746277,down
125555,6.882812,4.082031,2.597656,-1.494141,-0.949219,-2.529297,0.305542,0.619568,0.020996,0.722717,down
125560,6.652344,4.160156,2.714844,-1.494141,-0.949219,-2.529297,0.305542,0.619568,0.020996,0.722717,down
125565,6.652344,4.160156,2.714844,-1.882813,-0.755859,-2.601563,0.313049,0.619507,0.021118,0.719604,down
125570,6.652344,4.3125,2.714844,-1.882813,-0.755859,-2.601563,0.320618,0.619141,0.02124,0.716553,down
125575,6.6875,4.542969,2.753906,-1.794922,-0.626953,-2.648438,0.320618,0.619141,0.02124,0.716553,down
125580,6.6875,4.542969,2.753906,-1.669922,-0.539062,-2.671875,0.335754,0.618103,0.022034,0.710449,down
125586,6.117187,5.613281,2.484375,-1.369141,-0.421875,-2.734375,0.349792,0.617004,0.024902,0.704529,down
125592,5.695312,6.304687,2.175781,-1.369141,-0.421875,-2.734375,0.35614,0.616638,0.027283,0.701538,down
125597,5.582031,7.035156,2.101563,-1.369141,-0.421875,-2.734375,0.362,0.616638,0.030151,0.698425,down
125602,5.425781,7.414062,2.0625,-0.398438,-0.488281,-2.822266,0.362,0.616638,0.030151,0.698425,down
125608,5.3125,7.644531,2.023438,-0.460937,-0.525391,-2.777344,0.362,0.616638,0.030151,0.698425,down
125613,5.195312,7.722656,1.910156,-0.460937,-0.525391,-2.777344,0.379272,0.617126,0.039185,0.688354,down
125618,5.273437,7.335937,2.0625,-1.244141,-0.578125,-2.664063,0.379272,0.617126,0.039185,0.688354,down
125624,5.195312,6.570312,2.253906,-1.880859,-0.544922,-2.638672,0.379272,0.617126,0.039185,0.688354,down
125630,5.460937,4.464844,2.597656,-2.548828,-0.462891,-2.613281,0.379272,0.617126,0.039185,0.688354,down
125635,5.964844,3.890625,2.636719,-3.394531,-0.083984,-2.583984,0.409241,0.611816,0.040527,0.675659,down
125640,6.269531,3.777344,2.597656,-3.394531,-0.083984,-2.583984,0.419556,0.608154,0.038635,0.672791,down
125645,6.269531,3.777344,2.597656,-3.498047,0.068359,-2.578125,0.428345,0.604614,0.036865,0.670532,down
125650,6.15625,3.929688,2.90625,-3.533203,0.091797,-2.582031,0.428345,0.604614,0.036865,0.670532,down
125655,6.15625,3.929688,2.90625,-3.517578,0.085937,-2.615234,0.447388,0.596191,0.033142,0.665833,down
125660,6.226562,4.390625,3.363281,-3.517578,0.085937,-2.615234,0.457153,0.591797,0.031372,0.663208,down
125665,5.808594,5.652344,3.363281,-3.111328,0.162109,-2.736328,0.466309,0.587646,0.03009,0.660522,down
125670,5.464844,6.308594,3.136719,-1.984375,0.490234,-2.882813,0.466309,0.587646,0.03009,0.660522,down
125675,4.929687,6.800781,2.945313,-1.984375,0.490234,-2.882813,0.491028,0.576538,0.032959,0.652222,down
125680,4.621094,7.21875,2.675781,-1.984375,0.490234,-2.882813,0.496765,0.574524,0.03595,0.649475,down
125685,4.085937,8.105469,2.558594,-1.984375,0.490234,-2.882813,0.50238,0.573059,0.039795,0.64624,down
125690,3.816406,8.527344,2.558594,-0.222656,0.0,-3.048828,0.50238,0.573059,0.039795,0.64624,down
125695,3.664063,8.90625,2.558594,-0.222656,0.0,-3.048828,0.507996,0.572144,0.044128,0.642334,down
125700,3.703125,9.0625,2.597656,-0.943359,-0.273438,-3.019531,0.507996,0.572144,0.044128,0.642334,down
125705,4.085937,8.296875,2.828125,-0.943359,-0.273438,-3.019531,0.518921,0.570557,0.050598,0.634521,down
125710,4.085937,8.296875,2.828125,-1.599609,-0.291016,-2.978516,0.525513,0.56897,0.052429,0.630371,down
125715,4.199219,7.722656,3.019531,-1.599609,-0.291016,-2.978516,0.533142,0.566284,0.053284,0.626282,down
125720,4.507812,5.726562,3.671875,-2.935547,-0.080078,-2.916016,0.541382,0.562622,0.053101,0.622559,down
125725,4.507812,5.726562,3.671875,-3.429688,0.0625,-2.900391,0.550232,0.557922,0.052246,0.619019,down
125730,4.585937,5.15625,3.824219,-3.71875,0.154297,-2.904297,0.550232,0.557922,0.052246,0.619019,down
125735,4.277344,5.386719,4.285156,-3.71875,0.154297,-2.904297,0.569397,0.546387,0.049377,0.612183,down
125740,4.007812,5.613281,4.550781,-3.71875,0.154297,-2.904297,0.580078,0.539734,0.047729,0.608215,down
125745,3.816406,5.730469,4.859375,-3.623047,0.044922,-2.966797,0.580078,0.539734,0.047729,0.608215,down
125750,3.703125,5.769531,5.203125,-3.435547,0.023437,-2.962891,0.606995,0.523132,0.044189,0.596619,down
125755,3.359375,6.113281,5.242187,-3.435547,0.023437,-2.962891,0.606995,0.523132,0.044189,0.596619,down
125760,3.050781,6.457031,4.933594,-1.646484,0.412109,-3.003906,0.614929,0.518372,0.044434,0.59259,down
125765,2.707031,6.839844,4.4375,-1.646484,0.412109,-3.003906,0.622131,0.514282,0.045959,0.588562,down
125770,2.707031,6.839844,4.4375,-1.0625,0.396484,-3.009766,0.627686,0.511414,0.048218,0.5849,down
125775,2.4375,7.109375,4.015625,-0.691406,0.259766,-3.003906,0.627686,0.511414,0.048218,0.5849,down
125780,2.4375,7.453125,3.941406,-0.691406,0.259766,-3.003906,0.627686,0.511414,0.048218,0.5849,down
125785,2.4375,7.453125,3.941406,-0.484375,0.074219,-3.005859,0.643188,0.506104,0.057861,0.571655,down
125791,3.207031,7.839844,3.902344,-0.830078,0.041016,-3.050781,0.643188,0.506104,0.057861,0.571655,down
125797,3.242188,7.988281,3.976563,-0.830078,0.041016,-3.050781,0.658936,0.500793,0.066467,0.557251,down
125802,3.242188,7.988281,3.976563,-1.652344,0.056641,-3.089844,0.665649,0.497498,0.068604,0.552063,down
125807,3.359375,7.457031,4.054687,-2.162109,0.091797,-3.105469,0.671692,0.493958,0.069824,0.547668,down
125812,3.242188,6.800781,4.246094,-2.162109,0.091797,-3.105469,0.671692,0.493958,0.069824,0.547668,down
125819,3.167969,6.613281,4.476562,-2.916016,0.212891,-3.082031,0.671692,0.493958,0.069824,0.547668,down
125824,3.089844,6.570312,4.820312,-3.060547,0.244141,-3.072266,0.671692,0.493958,0.069824,0.547668,down
125829,2.9375,6.609375,5.242187,-3.060547,0.292969,-3.072266,0.671692,0.493958,0.069824,0.547668,down
125834,2.707031,6.496094,5.855469,-3.060547,0.292969,-3.072266,0.671692,0.493958,0.069824,0.547668,down
125839,2.515625,6.34375,5.894531,-3.060547,0.292969,-3.072266,0.716492,0.458801,0.072083,0.520508,down
125844,2.515625,6.34375,5.894531,-2.240234,0.603516,-3.054688,0.723022,0.453186,0.073364,0.516174,down
125849,2.515625,6.34375,5.894531,-1.759766,0.595703,-3.041016,0.729248,0.448059,0.075378,0.511597,down
125854,1.671875,6.347656,6.199219,-1.759766,0.595703,-3.041016,0.729248,0.448059,0.075378,0.511597,down
125859,1.632813,6.417969,6.046875,-1.251953,0.552734,-3.03125,0.729248,0.448059,0.075378,0.511597,down
125864,1.632813,6.417969,6.046875,-0.517578,0.408203,-2.982422,0.744019,0.438293,0.084229,0.497253,down
125869,1.789063,7.21875,6.160156,-0.517578,0.408203,-2.982422,0.748047,0.436401,0.087524,0.492249,down
125874,1.902344,7.601562,6.277344,-0.207031,0.21875,-2.935547,0.748047,0.436401,0.087524,0.492249,down
125880,1.941406,7.984375,6.351562,-0.236328,0.179687,-2.912109,0.748047,0.436401,0.087524,0.492249,down
125885,1.941406,8.296875,6.316406,-0.236328,0.179687,-2.912109,0.763123,0.430542,0.100647,0.471313,down
125890,1.632813,8.789063,6.160156,-0.236328,0.179687,-2.912109,0.763123,0.430542,0.100647,0.471313,down
125895,1.632813,8.90625,6.007812,-0.236328,0.179687,-2.912109,0.767456,0.428406,0.103821,0.465515,down
125901,1.597656,8.910156,6.007812,-1.126953,0.150391,-3.009766,0.767456,0.428406,0.103821,0.465515,down
125906,1.441406,9.027344,6.160156,-1.126953,0.150391,-3.009766,0.780457,0.4198,0.110718,0.449951,down
125911,1.367188,9.105469,6.277344,-1.662109,0.162109,-3.125,0.78595,0.415283,0.112732,0.44397,down
125917,0.984375,9.171875,6.199219,-1.662109,0.162109,-3.125,0.791382,0.410522,0.114441,0.438293,down
125922,0.792969,8.984375,6.429687,-1.662109,0.162109,-3.125,0.791382,0.410522,0.114441,0.438293,down
125927,0.832031,8.71875,6.582031,-2.140625,0.207031,-3.224609,0.796204,0.405945,0.115723,0.433411,down
125932,0.832031,8.71875,6.582031,-2.140625,0.207031,-3.224609,0.802063,0.400085,0.117065,0.427673,down
125938,0.753906,8.300781,6.507812,-2.453125,0.390625,-3.304688,0.813538,0.387573,0.119934,0.416687,down
125943,0.753906,8.300781,6.507812,-2.5625,0.566406,-3.353516,0.819397,0.380676,0.121643,0.41095,down
125950,0.714844,7.875,7.117187,-2.5625,0.566406,-3.353516,0.819397,0.380676,0.121643,0.41095,down
125955,0.523437,7.492187,7.621094,-2.488281,0.771484,-3.337891,0.819397,0.380676,0.121643,0.41095,down
125960,0.445312,7.339844,7.695312,-2.236328,0.951172,-3.294922,0.835815,0.359619,0.127808,0.394592,down
125965,0.410156,7.222656,7.847656,-2.236328,0.951172,-3.294922,0.841003,0.3526,0.130493,0.389099,down
125971,0.332031,7.261719,7.921875,-2.060547,1.0,-3.275391,0.850281,0.339661,0.136414,0.378235,down
125976,0.140625,7.566406,8.148438,-2.060547,1.0,-3.275391,0.854919,0.333191,0.139893,0.372131,down
125981,-0.164062,7.492187,8.082031,-2.060547,1.0,-3.275391,0.858459,0.328308,0.142761,0.367188,down
125986,-0.320313,7.261719,8.109375,-1.521484,0.861328,-3.253906,0.858459,0.328308,0.142761,0.367188,down
125991,-0.394531,7.148437,8.421875,-1.521484,0.861328,-3.253906,0.866455,0.317383,0.14917,0.355286,down
125996,-0.359375,7.339844,8.5,-1.521484,0.861328,-3.253906,0.870056,0.3125,0.151917,0.349609,down
126001,-0.511719,7.453125,8.535156,-1.513672,0.630859,-3.330078,0.870056,0.3125,0.151917,0.349609,down
126006,-0.511719,7.453125,8.535156,-1.513672,0.630859,-3.330078,0.873962,0.30719,0.154785,0.343323,down
126011,-0.664062,7.761719,8.6875,-1.642578,0.523437,-3.367188,0.877625,0.302124,0.157104,0.337402,down
126016,-0.664062,7.761719,8.6875,-1.84375,0.496094,-3.421875,0.881653,0.296326,0.159363,0.330811,down
126021,-0.855469,7.453125,8.535156,-2.085938,0.505859,-3.484375,0.881653,0.296326,0.159363,0.330811,down
126026,-0.855469,7.453125,8.535156,-2.308594,0.533203,-3.53125,0.894165,0.276123,0.165161,0.31134,down
126031,-0.933594,6.992187,8.464844,-2.308594,0.533203,-3.53125,0.898376,0.268372,0.167114,0.30481,down
126036,-0.96875,6.839844,8.535156,-2.308594,0.533203,-3.53125,0.898376,0.268372,0.167114,0.30481,down
126041,-1.046875,6.648437,8.535156,-2.738281,0.855469,-3.666016,0.906738,0.251465,0.171692,0.291626,down
126046,-1.277344,6.113281,8.535156,-2.794922,1.230469,-3.777344,0.906738,0.251465,0.171692,0.291626,down
126051,-1.390625,6.035156,8.503906,-2.794922,1.230469,-3.777344,0.914917,0.232666,0.178284,0.277527,down
126056,-1.507813,6.226562,8.652344,-2.720703,1.515625,-3.962891,0.914917,0.232666,0.178284,0.277527,down
126061,-1.699219,6.34375,8.914063,-2.720703,1.515625,-3.962891,0.921814,0.214905,0.185669,0.263855,down
126066,-1.964844,5.921875,8.953125,-2.720703,1.515625,-3.962891,0.921814,0.214905,0.185669,0.263855,down
126071,-1.964844,5.921875,8.953125,-2.746094,1.644531,-4.234375,0.925049,0.205933,0.189636,0.256775,down
126076,-2.234375,5.652344,8.574219,-2.746094,1.644531,-4.234375,0.928345,0.196411,0.193848,0.249023,down
126081,-2.234375,5.652344,8.574219,-2.970703,1.464844,-4.777344,0.931702,0.18634,0.198242,0.24054,down
126086,-2.234375,5.652344,8.574219,-2.970703,1.464844,-4.777344,0.934998,0.17627,0.202271,0.231934,down
126091,-3.691406,5.460937,9.796875,-2.970703,1.464844,-4.777344,0.941772,0.15509,0.209167,0.212708,down
126096,-3.957031,5.460937,9.835938,-2.970703,1.464844,-4.777344,0.941772,0.15509,0.209167,0.212708,down
126102,-4.265625,4.964844,10.101563,-3.390625,0.890625,-5.304687,0.941772,0.15509,0.209167,0.212708,down
126108,-4.648437,4.234375,10.722656,-3.638672,0.671875,-5.40625,0.952026,0.120422,0.215088,0.181335,down
126114,-4.800781,3.929688,10.984375,-3.857422,0.259766,-5.40625,0.952026,0.120422,0.215088,0.181335,down
126119,-4.953125,3.277344,11.292969,-3.894531,0.134766,-5.339844,0.952026,0.120422,0.215088,0.181335,down
126124,-5.070312,2.703125,11.484375,-3.894531,0.134766,-5.339844,0.952026,0.120422,0.215088,0.181335,down
126129,-5.070312,2.703125,11.484375,-3.794922,0.017578,-5.15625,0.963989,0.071167,0.215637,0.13855,down
126134,-5.070312,2.703125,11.484375,-3.642578,-0.039063,-5.072266,0.966248,0.05957,0.21521,0.128296,down
126139,-5.875,3.316406,11.40625,-3.642578,-0.039063,-5.072266,0.966248,0.05957,0.21521,0.128296,down
126144,-5.875,3.316406,11.40625,-3.464844,-0.113281,-4.916016,0.970215,0.036926,0.213867,0.107788,down
126150,-6.140625,2.742188,11.484375,-3.464844,-0.113281,-4.916016,0.970215,0.036926,0.213867,0.107788,down
126156,-6.140625,3.203125,11.640625,-3.085938,-0.21875,-4.878906,0.970215,0.036926,0.213867,0.107788,down
126161,-6.257812,3.007813,11.792969,-2.851563,-0.376953,-4.927734,0.974365,0.005859,0.210999,0.077515,down
126166,-6.296875,2.78125,11.75,-2.851563,-0.376953,-4.927734,0.975525,-0.004395,0.209595,0.066406,down
126171,-6.296875,2.78125,11.75,-2.921875,-0.634766,-4.888672,0.976379,-0.013489,0.208008,0.056396,down
126176,-6.371094,2.433594,11.910156,-2.921875,-0.634766,-4.888672,0.976379,-0.013489,0.208008,0.056396,down
126181,-6.296875,1.667969,11.753906,-2.921875,-0.634766,-4.888672,0.976379,-0.013489,0.208008,0.056396,down
126186,-6.296875,1.667969,11.753906,-2.966797,-0.9375,-4.810547,0.978333,-0.042419,0.200928,0.025391,down
126191,-6.140625,0.980469,11.949219,-2.953125,-1.310547,-4.621094,0.978333,-0.042419,0.200928,0.025391,down
126196,-6.066406,0.558594,12.097656,-2.953125,-1.310547,-4.621094,0.979065,-0.061829,0.193848,0.005249,down
126201,-6.140625,-0.324219,12.132813,-2.953125,-1.310547,-4.621094,0.979248,-0.072205,0.189209,-0.005188,down
126206,-6.140625,-0.324219,12.132813,-2.953125,-1.310547,-4.621094,0.97937,-0.0802,0.184937,-0.013672,down
126211,-5.375,0.367188,12.449219,-2.582031,-1.886719,-4.144531,0.979492,-0.088379,0.17981,-0.022461,down
126216,-5.375,0.367188,12.449219,-2.529297,-1.876953,-3.966797,0.979431,-0.096558,0.174438,-0.030762,down
126221,-5.605469,-1.242188,12.066406,-1.941406,-2.037109,-3.796875,0.979431,-0.096558,0.174438,-0.030762,down
126226,-5.605469,-1.242188,12.066406,-1.486328,-2.212891,-3.632813,0.979431,-0.109985,0.162781,-0.046631,down
126231,-5.222656,-0.554687,11.484375,-1.486328,-2.212891,-3.632813,0.979492,-0.114868,0.156433,-0.054138,down
126236,-5.070312,-0.4375,11.410156,-0.724609,-2.392578,-3.394531,0.979797,-0.121948,0.142761,-0.068909,down
126241,-4.6875,-0.398438,11.140625,-0.724609,-2.392578,-3.394531,0.980042,-0.124084,0.135742,-0.075806,down
126246,-3.957031,-0.898437,10.839844,-0.724609,-2.392578,-3.394531,0.980225,-0.125488,0.128601,-0.082642,down
126251,-3.765625,-1.164063,10.5625,0.373047,-2.361328,-2.808594,0.980225,-0.125488,0.128601,-0.082642,down
126256,-3.613281,-1.164063,10.296875,0.373047,-2.361328,-2.808594,0.980469,-0.126282,0.121277,-0.089417,down
126261,-3.5,-1.320313,10.101563,0.646484,-2.130859,-2.548828,0.980469,-0.126282,0.121277,-0.089417,down
126267,-3.152344,-1.050781,10.140625,0.646484,-2.130859,-2.548828,0.980774,-0.126587,0.108459,-0.101196,down
126272,-3.152344,-1.050781,10.140625,0.800781,-2.050781,-2.453125,0.980896,-0.126099,0.102417,-0.10675,down
126277,-3.039063,-1.011719,10.101563,0.800781,-2.050781,-2.453125,0.981018,-0.125183,0.096558,-0.112183,down
126282,-2.769531,-0.628906,9.757813,1.050781,-1.921875,-2.296875,0.981018,-0.125183,0.096558,-0.112183,down
126287,-2.769531,-0.628906,9.757813,1.15625,-1.896484,-2.210938,0.981201,-0.122253,0.084961,-0.122803,down
126293,-2.347656,-0.324219,9.800781,1.419922,-1.943359,-2.015625,0.981201,-0.122253,0.084961,-0.122803,down
126300,-2.195313,-0.285156,9.796875,1.582031,-1.982422,-1.902344,0.981201,-0.122253,0.084961,-0.122803,down
126305,-1.851563,-0.207031,9.652344,1.582031,-1.982422,-1.902344,0.981689,-0.112366,0.061523,-0.141113,down
126310,-1.699219,-0.207031,9.757813,1.982422,-2.072266,-1.599609,0.981689,-0.112366,0.061523,-0.141113,down
126316,-1.390625,-0.246094,9.800781,1.982422,-2.072266,-1.599609,0.982178,-0.10437,0.048462,-0.148682,down
126322,-1.351563,-0.324219,9.53125,2.3125,-2.123047,-1.027344,0.982178,-0.10437,0.048462,-0.148682,down
126327,-1.277344,-0.285156,9.339844,2.3125,-2.123047,-1.027344,0.983154,-0.090881,0.029663,-0.155945,down
126332,-1.238281,-0.246094,9.378906,2.441406,-2.191406,-0.6875,0.983521,-0.085449,0.022522,-0.157654,down
126337,-1.085938,-0.246094,9.339844,2.441406,-2.191406,-0.6875,0.983887,-0.080933,0.016846,-0.158691,down
126342,-0.703125,0.058594,9.152344,2.550781,-2.160156,-0.484375,0.984253,-0.075134,0.009766,-0.159729,down
126347,-0.511719,0.328125,9.074219,2.550781,-2.160156,-0.484375,0.984253,-0.075134,0.009766,-0.159729,down
126352,-0.511719,0.328125,9.074219,2.568359,-2.134766,-0.384766,0.984558,-0.07019,0.003845,-0.1604,down
126357,0.332031,0.632812,8.957031,2.568359,-2.134766,-0.384766,0.984558,-0.07019,0.003845,-0.1604,down
126362,0.332031,0.632812,8.957031,2.568359,-2.134766,-0.384766,0.984558,-0.07019,0.003845,-0.1604,down
126367,0.984375,1.054688,8.652344,2.5625,-2.025391,-0.3125,0.985229,-0.053772,-0.015015,-0.161987,down
126372,1.175781,0.902344,8.886719,2.5625,-2.025391,-0.3125,0.985413,-0.042786,-0.027039,-0.162598,down
126377,1.558594,0.671875,8.6875,2.5625,-2.025391,-0.3125,0.985413,-0.042786,-0.027039,-0.162598,down
126382,1.558594,0.671875,8.6875,2.210938,-1.548828,-0.138672,0.985413,-0.042786,-0.027039,-0.162598,down
126387,1.519531,0.558594,8.503906,2.210938,-1.548828,-0.138672,0.985352,-0.02771,-0.042542,-0.162659,down
126392,1.480469,0.40625,8.382813,2.210938,-1.548828,-0.138672,0.985352,-0.023865,-0.045959,-0.162476,down
126397,1.632813,0.558594,8.304688,1.699219,-0.869141,0.085937,0.985352,-0.019531,-0.049377,-0.162048,down
126403,1.632813,0.367188,8.421875,1.699219,-0.869141,0.085937,0.985352,-0.016052,-0.051758,-0.161499,down
126408,1.632813,0.214844,8.425781,1.671875,-0.501953,0.236328,0.985413,-0.012329,-0.053894,-0.160767,down
126414,1.671875,0.214844,8.421875,1.671875,-0.501953,0.236328,0.985535,-0.00824,-0.055664,-0.15979,down
126420,1.75,0.214844,8.613281,1.876953,-0.271484,0.367188,0.985535,-0.00824,-0.055664,-0.15979,down
126425,1.75,0.214844,8.613281,1.986328,-0.173828,0.421875,0.985779,0.000549,-0.058472,-0.157471,down
126430,1.710938,0.597656,8.808594,1.986328,-0.173828,0.421875,0.985779,0.000549,-0.058472,-0.157471,down
126436,1.632813,0.789062,8.886719,2.193359,0.005859,0.460937,0.986084,0.010681,-0.060486,-0.154602,down
126441,1.632813,0.789062,8.886719,2.193359,0.005859,0.460937,0.986084,0.010681,-0.060486,-0.154602,down
126446,1.367188,1.019531,9.03125,2.240234,0.183594,0.398438,0.986084,0.010681,-0.060486,-0.154602,down
126451,1.214844,1.171875,8.992188,2.240234,0.183594,0.398438,0.986328,0.027222,-0.062439,-0.150269,down
126457,1.136719,1.285156,9.070313,2.162109,0.173828,0.328125,0.986328,0.027222,-0.062439,-0.150269,down
126462,1.097656,1.285156,9.1875,2.162109,0.173828,0.328125,0.986206,0.043579,-0.06366,-0.146484,down
126467,1.097656,1.324219,9.335938,2.162109,0.173828,0.328125,0.986084,0.048462,-0.064209,-0.145447,down
126472,0.984375,1.363281,9.574219,2.162109,0.173828,0.328125,0.986084,0.048462,-0.064209,-0.145447,down
