timestamp,ax,ay,az,gx,gy,gz,qw,qx,qy,qz,label
356123,7.945312,4.441406,4.390625,-0.072266,0.001953,-0.050781,0.299072,0.515259,0.071716,0.799927,down
356128,7.988281,4.441406,4.390625,0.007813,-0.027344,-0.054687,0.299072,0.515259,0.071716,0.799927,down
356133,8.023438,4.441406,4.425781,0.007813,-0.027344,-0.054687,0.299194,0.51532,0.071716,0.799866,down
356138,8.097656,4.480469,4.542969,0.029297,-0.021484,-0.052734,0.299194,0.51532,0.071716,0.799866,down
356143,8.136719,4.480469,4.542969,0.029297,-0.021484,-0.052734,0.299561,0.515381,0.072021,0.799683,down
356148,8.058594,4.519531,4.503906,0.029297,-0.021484,-0.052734,0.299622,0.515259,0.072144,0.799683,down
356153,7.988281,4.519531,4.503906,-0.023437,0.070312,-0.042969,0.299622,0.515259,0.072144,0.799683,down
356158,7.988281,4.519531,4.542969,-0.023437,0.070312,-0.042969,0.299866,0.514954,0.072266,0.799805,down
356163,7.988281,4.558594,4.542969,-0.023437,0.070312,-0.042969,0.300049,0.514771,0.072266,0.799866,down
356168,7.949219,4.59375,4.617187,-0.023437,0.070312,-0.042969,0.300049,0.514771,0.072266,0.799866,down
356173,7.945312,4.59375,4.542969,-0.056641,0.072266,-0.039063,0.300049,0.514771,0.072266,0.799866,down
356179,7.945312,4.59375,4.582031,-0.056641,0.072266,-0.039063,0.300476,0.514221,0.072205,0.800049,down
356184,7.949219,4.632812,4.617187,-0.021484,0.068359,-0.017578,0.300537,0.514099,0.072205,0.80011,down
356189,7.945312,4.558594,4.695312,-0.027344,0.082031,-0.013672,0.300598,0.513916,0.072205,0.800171,down
356195,7.984375,4.558594,4.734375,-0.027344,0.082031,-0.013672,0.300659,0.513733,0.072205,0.800293,down
356200,7.984375,4.558594,4.808594,-0.029297,0.103516,0.001953,0.300659,0.513733,0.072205,0.800293,down
356205,7.988281,4.558594,4.847656,-0.046875,0.107422,0.003906,0.300659,0.513733,0.072205,0.800293,down
356210,7.988281,4.558594,4.847656,-0.064453,0.113281,0.007813,0.300842,0.513,0.072205,0.80072,down
356215,7.910156,4.519531,4.964844,-0.064453,0.113281,0.007813,0.300903,0.512695,0.072083,0.800842,down
356221,7.90625,4.519531,5.0,-0.095703,0.121094,0.007813,0.300903,0.512695,0.072083,0.800842,down
356226,7.871094,4.480469,4.925781,-0.107422,0.126953,0.005859,0.300903,0.512695,0.072083,0.800842,down
356231,7.75,4.480469,4.964844,-0.119141,0.132812,0.007813,0.300903,0.512695,0.072083,0.800842,down
356237,7.792969,4.441406,5.0,-0.119141,0.132812,0.007813,0.301392,0.511414,0.071533,0.801575,down
356242,7.710937,4.402344,5.039062,-0.111328,0.095703,0.007813,0.301392,0.511414,0.071533,0.801575,down
356247,7.710937,4.402344,5.039062,-0.111328,0.095703,0.007813,0.301636,0.510864,0.071167,0.80188,down
356253,7.640625,4.402344,5.0,-0.09375,0.074219,0.013672,0.301819,0.510437,0.070862,0.802063,down
356258,7.605469,4.402344,5.0,-0.09375,0.074219,0.013672,0.301819,0.510437,0.070862,0.802063,down
356263,7.527344,4.367187,4.964844,-0.070312,0.044922,0.025391,0.301941,0.510132,0.070557,0.802246,down
356268,7.527344,4.328125,4.964844,-0.070312,0.044922,0.025391,0.301941,0.510132,0.070557,0.802246,down
356273,7.601562,4.328125,4.964844,-0.019531,-0.033203,0.046875,0.301941,0.510132,0.070557,0.802246,down
356278,7.671875,4.328125,4.964844,-0.019531,-0.033203,0.046875,0.30188,0.510193,0.070312,0.802246,down
356284,7.714844,4.328125,4.964844,-0.019531,-0.033203,0.046875,0.301758,0.510315,0.070007,0.802246,down
356289,7.75,4.367187,4.925781,-0.019531,-0.033203,0.046875,0.301697,0.510376,0.069885,0.802246,down
356294,7.75,4.328125,4.925781,-0.001953,-0.021484,0.050781,0.301636,0.510437,0.069763,0.802246,down
356299,7.753906,4.289062,4.847656,-0.001953,-0.021484,0.050781,0.301575,0.510498,0.069702,0.802246,down
356304,7.710937,4.289062,4.773437,-0.001953,-0.021484,0.050781,0.301514,0.510498,0.069641,0.802246,down
356309,7.710937,4.289062,4.773437,-0.001953,-0.021484,0.050781,0.301453,0.510559,0.06958,0.802246,down
356314,7.710937,4.289062,4.773437,-0.005859,-0.013672,0.03125,0.301392,0.51062,0.069519,0.802246,down
356319,7.714844,4.328125,4.695312,-0.005859,-0.013672,0.03125,0.301392,0.51062,0.069458,0.802246,down
356324,7.710937,4.289062,4.65625,-0.005859,-0.013672,0.03125,0.301331,0.51062,0.069397,0.802246,down
356329,7.710937,4.289062,4.617187,0.0,0.001953,0.037109,0.30127,0.51062,0.069336,0.802307,down
356335,7.644531,4.25,4.582031,0.0,0.001953,0.037109,0.301208,0.51062,0.069275,0.802307,down
356340,7.601562,4.289062,4.542969,0.0,0.001953,0.037109,0.301147,0.51062,0.069275,0.802368,down
356346,7.5625,4.289062,4.503906,0.0,0.001953,0.037109,0.301147,0.51062,0.069275,0.802368,down
356351,7.527344,4.289062,4.464844,-0.001953,0.050781,0.027344,0.301025,0.510498,0.069214,0.80249,down
356356,7.601562,4.328125,4.542969,-0.009766,0.042969,0.017578,0.301025,0.510498,0.069214,0.80249,down
356363,7.671875,4.328125,4.542969,-0.025391,0.023437,0.011719,0.301025,0.510498,0.069214,0.80249,down
356368,7.714844,4.328125,4.542969,-0.052734,0.019531,0.007813,0.301025,0.510498,0.069214,0.80249,down
356373,7.753906,4.328125,4.503906,-0.070312,0.027344,0.005859,0.301025,0.510498,0.069214,0.80249,down
356378,7.753906,4.328125,4.542969,-0.070312,0.027344,0.005859,0.301208,0.51001,0.068848,0.802734,down
356383,7.789062,4.328125,4.617187,-0.066406,0.035156,-0.007813,0.301208,0.51001,0.068848,0.802734,down
356388,7.75,4.25,4.65625,-0.066406,0.035156,-0.007813,0.301453,0.509827,0.068604,0.802795,down
356393,7.671875,4.175781,4.582031,-0.066406,0.035156,-0.007813,0.301575,0.509705,0.068481,0.802856,down
356399,7.671875,4.136719,4.617187,-0.054687,0.039063,-0.001953,0.301636,0.509521,0.06842,0.802917,down
356404,7.710937,4.136719,4.695312,-0.054687,0.039063,-0.001953,0.301819,0.509277,0.068237,0.80304,down
356409,7.753906,4.136719,4.773437,-0.027344,0.033203,0.009766,0.30188,0.509155,0.068176,0.803101,down
356415,7.75,4.210937,4.65625,-0.027344,0.033203,0.009766,0.30188,0.509094,0.068176,0.803162,down
356420,7.753906,4.136719,4.65625,0.023437,0.027344,-0.005859,0.30188,0.509094,0.068176,0.803162,down
356425,7.792969,4.175781,4.695312,0.058594,0.021484,-0.009766,0.30188,0.509094,0.068176,0.803162,down
356430,7.792969,4.25,4.695312,0.058594,0.021484,-0.009766,0.301819,0.509033,0.068481,0.803162,down
356436,7.753906,4.25,4.695312,0.058594,0.021484,-0.009766,0.301819,0.509033,0.068481,0.803162,down
356441,7.714844,4.289062,4.695312,0.089844,0.033203,-0.033203,0.301819,0.509033,0.068481,0.803162,down
356446,7.75,4.25,4.734375,0.089844,0.033203,-0.033203,0.301697,0.509033,0.069214,0.803162,down
356451,7.828125,4.367187,4.773437,0.089844,0.033203,-0.033203,0.301636,0.509094,0.069336,0.803162,down
356457,7.867187,4.367187,4.773437,0.050781,-0.013672,-0.009766,0.301636,0.509094,0.069336,0.803162,down
356462,7.828125,4.402344,4.773437,0.042969,-0.023437,-0.007813,0.301636,0.509094,0.069336,0.803162,down
356467,7.867187,4.402344,4.773437,0.037109,-0.03125,-0.003906,0.301636,0.509094,0.069336,0.803162,down
356472,7.90625,4.402344,4.773437,0.03125,-0.039063,-0.003906,0.301636,0.509094,0.069336,0.803162,down
356477,7.910156,4.441406,4.773437,0.029297,-0.037109,-0.001953,0.301636,0.509094,0.069336,0.803162,down
356482,7.867187,4.441406,4.695312,0.029297,-0.037109,-0.001953,0.301575,0.509583,0.069763,0.802795,down
356487,7.832031,4.402344,4.695312,0.029297,-0.037109,-0.001953,0.301514,0.509644,0.069824,0.802795,down
356493,7.871094,4.402344,4.695312,0.017578,-0.029297,-0.011719,0.301514,0.509644,0.069824,0.802795,down
356498,7.867187,4.441406,4.695312,0.025391,-0.027344,-0.003906,0.301575,0.509888,0.069885,0.802612,down
356503,7.910156,4.480469,4.734375,0.025391,-0.027344,-0.003906,0.301575,0.509888,0.069885,0.802612,down
356508,7.871094,4.441406,4.773437,0.025391,-0.027344,-0.003906,0.301575,0.509949,0.069946,0.802551,down
356514,7.910156,4.441406,4.734375,0.037109,-0.001953,-0.013672,0.301575,0.509949,0.069946,0.802551,down
356519,7.910156,4.441406,4.773437,0.037109,-0.001953,-0.013672,0.301575,0.510071,0.07019,0.80249,down
356524,7.832031,4.480469,4.734375,0.037109,-0.001953,-0.013672,0.301575,0.51001,0.070251,0.80249,down
356529,7.789062,4.480469,4.695312,0.013672,0.029297,-0.021484,0.301575,0.509949,0.070312,0.80249,down
356534,7.753906,4.441406,4.808594,0.015625,0.013672,-0.025391,0.301575,0.509949,0.070312,0.80249,down
356540,7.832031,4.441406,4.925781,0.015625,0.013672,-0.025391,0.301697,0.509949,0.070496,0.80249,down
356545,7.828125,4.441406,4.886719,0.001953,0.009766,-0.017578,0.301697,0.509949,0.070496,0.80249,down
356550,7.871094,4.480469,4.925781,-0.013672,0.001953,-0.027344,0.301819,0.509888,0.070496,0.80249,down
356556,7.867187,4.441406,4.964844,-0.013672,0.001953,-0.027344,0.301819,0.509888,0.070496,0.80249,down
356562,7.871094,4.441406,5.0,-0.015625,-0.001953,-0.027344,0.301819,0.509888,0.070496,0.80249,down
356567,7.832031,4.480469,4.925781,-0.009766,0.005859,-0.039063,0.301819,0.509888,0.070496,0.80249,down
356572,7.792969,4.441406,4.925781,0.0,0.009766,-0.039063,0.301819,0.509888,0.070496,0.80249,down
356577,7.75,4.480469,4.964844,0.0,0.009766,-0.039063,0.301819,0.509888,0.070496,0.80249,down
356583,7.753906,4.480469,5.0,0.0,0.009766,-0.039063,0.302368,0.509827,0.070679,0.802307,down
356589,7.792969,4.480469,5.0,-0.044922,-0.027344,-0.052734,0.302368,0.509827,0.070679,0.802307,down
356594,7.910156,4.480469,4.925781,-0.044922,-0.027344,-0.052734,0.302856,0.509827,0.070618,0.802124,down
356599,7.871094,4.519531,4.886719,-0.044922,-0.027344,-0.052734,0.302856,0.509827,0.070618,0.802124,down
356604,7.949219,4.519531,4.925781,-0.066406,-0.035156,-0.044922,0.303223,0.509888,0.070435,0.801941,down
356609,7.984375,4.519531,4.925781,-0.066406,-0.044922,-0.044922,0.303223,0.509888,0.070435,0.801941,down
356614,8.027344,4.480469,4.886719,-0.066406,-0.044922,-0.044922,0.303589,0.509888,0.07019,0.801819,down
356619,7.949219,4.480469,4.886719,-0.091797,-0.027344,-0.050781,0.303589,0.509888,0.07019,0.801819,down
356624,7.988281,4.402344,4.847656,-0.095703,-0.033203,-0.033203,0.303833,0.509888,0.070007,0.801758,down
356629,7.984375,4.402344,4.808594,-0.095703,-0.033203,-0.033203,0.30426,0.509888,0.069702,0.801636,down
356634,7.984375,4.367187,4.808594,-0.095703,-0.033203,-0.033203,0.304443,0.509888,0.069519,0.801575,down
356639,8.054688,4.402344,4.808594,-0.070312,-0.037109,-0.013672,0.304443,0.509888,0.069519,0.801575,down
356644,8.054688,4.328125,4.773437,-0.070312,-0.037109,-0.013672,0.304626,0.509888,0.069336,0.801514,down
356649,8.097656,4.367187,4.773437,-0.070312,-0.037109,-0.013672,0.304749,0.509949,0.069153,0.801453,down
356654,8.09375,4.367187,4.695312,-0.070312,-0.037109,-0.013672,0.304749,0.509949,0.069153,0.801453,down
356659,8.054688,4.367187,4.65625,0.005859,-0.025391,0.001953,0.30481,0.510071,0.069092,0.801331,down
356664,7.984375,4.402344,4.65625,0.005859,-0.025391,0.001953,0.30481,0.510132,0.069153,0.80127,down
356669,8.023438,4.441406,4.65625,0.005859,-0.025391,0.001953,0.30481,0.510254,0.069214,0.801208,down
356674,7.988281,4.480469,4.65625,0.005859,-0.025391,0.001953,0.30481,0.510254,0.069214,0.801208,down
356679,7.984375,4.519531,4.65625,0.041016,-0.046875,-0.021484,0.30481,0.510498,0.069336,0.801025,down
356684,7.949219,4.558594,4.617187,0.041016,-0.046875,-0.021484,0.304871,0.51062,0.069397,0.800903,down
356689,7.984375,4.519531,4.65625,0.041016,-0.046875,-0.021484,0.304932,0.510742,0.069336,0.800842,down
356694,8.023438,4.480469,4.617187,0.041016,-0.046875,-0.021484,0.304932,0.510742,0.069336,0.800842,down
356699,8.027344,4.480469,4.582031,-0.042969,-0.070312,-0.003906,0.304932,0.510742,0.069336,0.800842,down
356704,7.984375,4.480469,4.542969,-0.042969,-0.070312,-0.003906,0.305176,0.511108,0.068909,0.800598,down
356709,7.988281,4.519531,4.542969,-0.052734,-0.0625,0.007813,0.305176,0.511108,0.068909,0.800598,down
356714,7.988281,4.519531,4.542969,-0.052734,-0.0625,0.007813,0.305237,0.511169,0.068787,0.800476,down
356719,7.90625,4.480469,4.503906,-0.044922,-0.056641,0.015625,0.305237,0.511169,0.068787,0.800476,down
356724,7.90625,4.480469,4.464844,-0.044922,-0.056641,0.015625,0.305359,0.511414,0.068298,0.800293,down
356729,7.910156,4.519531,4.464844,-0.035156,-0.082031,0.013672,0.305359,0.511414,0.068298,0.800293,down
356734,7.945312,4.519531,4.503906,-0.035156,-0.082031,0.013672,0.30542,0.511536,0.068176,0.800232,down
356740,7.945312,4.519531,4.503906,-0.005859,-0.085937,0.021484,0.30542,0.511902,0.067871,0.800049,down
356745,7.945312,4.480469,4.425781,0.007813,-0.085937,0.017578,0.30542,0.512085,0.06781,0.799927,down
356750,7.90625,4.441406,4.582031,0.007813,-0.085937,0.017578,0.30542,0.512207,0.067749,0.799866,down
356755,7.910156,4.367187,4.503906,0.007813,-0.085937,0.017578,0.305359,0.51239,0.067627,0.799744,down
356760,7.910156,4.328125,4.542969,0.007813,-0.085937,0.017578,0.305359,0.512512,0.067566,0.799683,down
356765,7.871094,4.367187,4.542969,-0.035156,-0.042969,0.041016,0.305298,0.512634,0.067383,0.799683,down
356771,7.910156,4.367187,4.542969,-0.035156,-0.042969,0.041016,0.305298,0.512634,0.067261,0.799683,down
356776,7.871094,4.328125,4.582031,-0.035156,-0.042969,0.041016,0.305298,0.512695,0.067078,0.799683,down
356781,7.871094,4.289062,4.503906,-0.042969,-0.005859,0.027344,0.305298,0.512695,0.067078,0.799683,down
356786,7.832031,4.25,4.503906,-0.025391,-0.007813,0.017578,0.305298,0.512695,0.067078,0.799683,down
356791,7.832031,4.25,4.464844,-0.005859,-0.021484,0.015625,0.305359,0.512695,0.066772,0.799683,down
356797,7.792969,4.25,4.542969,-0.005859,-0.021484,0.015625,0.305359,0.512695,0.066772,0.799683,down
356803,7.714844,4.289062,4.464844,0.044922,-0.013672,-0.001953,0.305359,0.512695,0.066772,0.799683,down
356809,7.714844,4.25,4.503906,0.076172,-0.017578,-0.009766,0.305359,0.512695,0.066772,0.799683,down
356815,7.714844,4.289062,4.503906,0.068359,-0.023437,-0.015625,0.305359,0.512695,0.066772,0.799683,down
356820,7.714844,4.289062,4.464844,0.068359,-0.023437,-0.015625,0.305115,0.513184,0.067322,0.799377,down
356825,7.792969,4.25,4.464844,0.068359,-0.023437,-0.015625,0.305115,0.513245,0.067383,0.799316,down
356830,7.792969,4.25,4.464844,0.068359,-0.023437,-0.015625,0.305176,0.513306,0.067444,0.799255,down
356835,7.792969,4.210937,4.503906,-0.017578,-0.029297,-0.050781,0.305298,0.513367,0.067444,0.799194,down
356840,7.832031,4.175781,4.464844,-0.029297,-0.025391,-0.044922,0.305481,0.513428,0.067444,0.799072,down
356845,7.871094,4.175781,4.542969,-0.029297,-0.025391,-0.044922,0.305603,0.513428,0.067444,0.799011,down
356850,7.871094,4.175781,4.503906,-0.029297,-0.025391,-0.044922,0.305847,0.513367,0.067383,0.799011,down
356855,7.910156,4.175781,4.582031,-0.068359,0.011719,-0.0625,0.30603,0.513306,0.067322,0.79895,down
356860,7.871094,4.210937,4.582031,-0.078125,0.013672,-0.078125,0.306274,0.513184,0.067261,0.798889,down
356867,7.832031,4.210937,4.695312,-0.078125,0.013672,-0.078125,0.306519,0.513123,0.067261,0.798889,down
356873,7.828125,4.175781,4.65625,-0.054687,0.007813,-0.099609,0.306519,0.513123,0.067261,0.798889,down
356878,7.753906,4.210937,4.695312,-0.033203,0.0,-0.101563,0.306519,0.513123,0.067261,0.798889,down
356884,7.789062,4.25,4.773437,-0.033203,0.0,-0.101563,0.307617,0.513,0.067505,0.798523,down
356889,7.75,4.25,4.808594,-0.033203,0.0,-0.101563,0.307617,0.513,0.067505,0.798523,down
356894,7.753906,4.289062,4.695312,-0.015625,-0.025391,-0.125,0.307617,0.513,0.067505,0.798523,down
356899,7.828125,4.289062,4.773437,-0.015625,-0.025391,-0.125,0.308167,0.513,0.067749,0.798279,down
356904,7.867187,4.289062,4.734375,-0.015625,-0.025391,-0.125,0.308472,0.513062,0.067871,0.798157,down
356909,7.945312,4.289062,4.695312,-0.044922,-0.046875,-0.123047,0.308472,0.513062,0.067871,0.798157,down
356915,7.90625,4.328125,4.65625,-0.056641,-0.033203,-0.125,0.309448,0.513062,0.067932,0.797729,down
356921,7.871094,4.328125,4.695312,-0.056641,-0.033203,-0.125,0.309814,0.513062,0.067993,0.797607,down
356926,7.828125,4.328125,4.734375,-0.083984,-0.009766,-0.146484,0.309814,0.513062,0.067993,0.797607,down
356931,7.792969,4.328125,4.695312,-0.09375,-0.017578,-0.148437,0.310669,0.512939,0.067993,0.797363,down
356936,7.789062,4.367187,4.734375,-0.09375,-0.017578,-0.148437,0.311157,0.512878,0.067993,0.797241,down
356942,7.828125,4.402344,4.773437,-0.09375,-0.017578,-0.148437,0.311157,0.512878,0.067993,0.797241,down
356947,7.832031,4.402344,4.847656,-0.105469,-0.044922,-0.144531,0.311157,0.512878,0.067993,0.797241,down
356953,7.867187,4.480469,4.847656,-0.115234,-0.042969,-0.138672,0.311157,0.512878,0.067993,0.797241,down
356958,7.910156,4.367187,4.847656,-0.115234,-0.042969,-0.138672,0.311157,0.512878,0.067993,0.797241,down
356963,7.910156,4.367187,4.886719,-0.113281,-0.035156,-0.152344,0.311157,0.512878,0.067993,0.797241,down
356968,7.910156,4.328125,4.847656,-0.107422,-0.042969,-0.164062,0.311157,0.512878,0.067993,0.797241,down
356974,7.945312,4.367187,4.886719,-0.115234,-0.037109,-0.158203,0.314819,0.512573,0.067505,0.796021,down
356979,7.910156,4.328125,4.886719,-0.115234,-0.037109,-0.158203,0.314819,0.512573,0.067505,0.796021,down
356984,7.945312,4.289062,4.886719,-0.136719,-0.033203,-0.173828,0.314819,0.512573,0.067505,0.796021,down
356989,7.945312,4.289062,4.847656,-0.144531,-0.033203,-0.183594,0.315857,0.512451,0.067383,0.795715,down
356994,7.910156,4.289062,4.847656,-0.144531,-0.033203,-0.183594,0.316406,0.512329,0.067261,0.795532,down
356999,7.828125,4.289062,4.808594,-0.144531,-0.033203,-0.183594,0.316956,0.512268,0.0672,0.795349,down
357005,7.867187,4.328125,4.808594,-0.125,-0.042969,-0.177734,0.318054,0.512207,0.067078,0.794983,down
357011,7.871094,4.328125,4.847656,-0.082031,-0.056641,-0.177734,0.318542,0.512207,0.067078,0.7948,down
357016,7.867187,4.367187,4.808594,-0.074219,-0.066406,-0.179687,0.319092,0.512207,0.067139,0.794556,down
357021,7.90625,4.402344,4.773437,-0.066406,-0.064453,-0.183594,0.31958,0.512268,0.067139,0.794312,down
357026,7.832031,4.441406,4.734375,-0.066406,-0.064453,-0.183594,0.320068,0.512329,0.0672,0.794067,down
357032,7.832031,4.480469,4.734375,-0.066406,-0.064453,-0.183594,0.320496,0.51239,0.067261,0.793884,down
357037,7.871094,4.480469,4.65625,-0.080078,-0.078125,-0.193359,0.320496,0.51239,0.067261,0.793884,down
357043,7.832031,4.558594,4.695312,-0.087891,-0.074219,-0.195312,0.320496,0.51239,0.067261,0.793884,down
357049,7.828125,4.59375,4.65625,-0.087891,-0.074219,-0.195312,0.322021,0.512512,0.067322,0.793152,down
357054,7.789062,4.59375,4.617187,-0.134766,-0.058594,-0.193359,0.322021,0.512512,0.067322,0.793152,down
357060,7.789062,4.632812,4.65625,-0.160156,-0.056641,-0.195312,0.323792,0.51239,0.067017,0.792542,down
357065,7.714844,4.59375,4.582031,-0.160156,-0.056641,-0.195312,0.324463,0.512329,0.066895,0.792358,down
357071,7.710937,4.59375,4.617187,-0.160156,-0.056641,-0.195312,0.325134,0.512207,0.066772,0.792114,down
357076,7.710937,4.59375,4.65625,-0.167969,-0.050781,-0.195312,0.325745,0.512146,0.06665,0.791931,down
357082,7.675781,4.59375,4.65625,-0.167969,-0.050781,-0.195312,0.326355,0.512024,0.066528,0.791748,down
357087,7.640625,4.671875,4.695312,-0.162109,-0.048828,-0.199219,0.326355,0.512024,0.066528,0.791748,down
357093,7.671875,4.632812,4.695312,-0.154297,-0.050781,-0.193359,0.326355,0.512024,0.066528,0.791748,down
357098,7.640625,4.632812,4.65625,-0.148437,-0.054687,-0.197266,0.326355,0.512024,0.066528,0.791748,down
357104,7.566406,4.632812,4.617187,-0.150391,-0.050781,-0.205078,0.326355,0.512024,0.066528,0.791748,down
357110,7.523437,4.632812,4.65625,-0.144531,-0.056641,-0.205078,0.326355,0.512024,0.066528,0.791748,down
357115,7.527344,4.671875,4.773437,-0.140625,-0.068359,-0.197266,0.326355,0.512024,0.066528,0.791748,down
357120,7.601562,4.671875,4.734375,-0.140625,-0.068359,-0.197266,0.331299,0.511719,0.065796,0.789978,down
357125,7.605469,4.632812,4.734375,-0.140625,-0.068359,-0.197266,0.331299,0.511719,0.065796,0.789978,down
357130,7.605469,4.632812,4.734375,-0.181641,-0.076172,-0.181641,0.331299,0.511719,0.065796,0.789978,down
357135,7.601562,4.632812,4.695312,-0.181641,-0.076172,-0.181641,0.333069,0.511658,0.065308,0.789307,down
357140,7.566406,4.632812,4.773437,-0.181641,-0.076172,-0.181641,0.33374,0.511597,0.065063,0.789062,down
357145,7.601562,4.671875,4.808594,-0.181641,-0.076172,-0.181641,0.33374,0.511597,0.065063,0.789062,down
357150,7.605469,4.671875,4.847656,-0.148437,-0.066406,-0.197266,0.33374,0.511597,0.065063,0.789062,down
357155,7.527344,4.671875,4.734375,-0.148437,-0.066406,-0.197266,0.335449,0.511536,0.064758,0.788391,down
357160,7.523437,4.671875,4.695312,-0.119141,-0.070312,-0.197266,0.335449,0.511536,0.064758,0.788391,down
357165,7.523437,4.710937,4.734375,-0.119141,-0.070312,-0.197266,0.33606,0.511536,0.064697,0.788147,down
357170,7.523437,4.710937,4.773437,-0.101563,-0.089844,-0.197266,0.33606,0.511536,0.064697,0.788147,down
357175,7.605469,4.75,4.808594,-0.101563,-0.089844,-0.197266,0.337646,0.511658,0.064636,0.787415,down
357180,7.566406,4.785156,4.734375,-0.09375,-0.074219,-0.193359,0.337646,0.511658,0.064636,0.787415,down
357185,7.527344,4.824219,4.773437,-0.105469,-0.074219,-0.185547,0.338257,0.511719,0.064636,0.787109,down
357191,7.566406,4.785156,4.773437,-0.105469,-0.074219,-0.185547,0.339294,0.51178,0.064575,0.786682,down
357197,7.523437,4.785156,4.734375,-0.105469,-0.074219,-0.185547,0.339844,0.51178,0.064453,0.786438,down
357202,7.527344,4.863281,4.695312,-0.164062,-0.078125,-0.169922,0.340393,0.51178,0.06427,0.786194,down
357207,7.488281,4.824219,4.773437,-0.177734,-0.087891,-0.167969,0.340393,0.51178,0.06427,0.786194,down
357213,7.484375,4.824219,4.847656,-0.177734,-0.087891,-0.167969,0.341553,0.511719,0.063904,0.785767,down
357218,7.488281,4.75,4.847656,-0.191406,-0.101563,-0.169922,0.341553,0.511719,0.063904,0.785767,down
357223,7.527344,4.75,4.886719,-0.183594,-0.115234,-0.164062,0.341553,0.511719,0.063904,0.785767,down
357229,7.523437,4.75,4.773437,-0.183594,-0.115234,-0.164062,0.343323,0.51178,0.063171,0.784973,down
357235,7.523437,4.75,4.808594,-0.167969,-0.119141,-0.167969,0.343323,0.51178,0.063171,0.784973,down
357240,7.605469,4.75,4.808594,-0.167969,-0.119141,-0.167969,0.344543,0.511902,0.062683,0.784424,down
357245,7.605469,4.785156,4.808594,-0.150391,-0.121094,-0.173828,0.344543,0.511902,0.062683,0.784424,down
357250,7.601562,4.785156,4.695312,-0.113281,-0.121094,-0.158203,0.345642,0.512024,0.062317,0.783875,down
357255,7.5625,4.824219,4.734375,-0.113281,-0.121094,-0.158203,0.34613,0.512146,0.062134,0.783569,down
357260,7.605469,4.863281,4.734375,-0.113281,-0.121094,-0.158203,0.346619,0.512268,0.062012,0.783325,down
357265,7.601562,4.824219,4.734375,-0.113281,-0.121094,-0.158203,0.347168,0.51239,0.061829,0.78302,down
357270,7.457031,5.023437,4.699219,-0.113281,-0.121094,-0.158203,0.347595,0.512512,0.061707,0.782776,down
357275,7.496094,4.984375,4.699219,-0.138672,-0.121094,-0.152344,0.347595,0.512512,0.061707,0.782776,down
357280,7.535156,5.023437,4.699219,-0.138672,-0.121094,-0.152344,0.348572,0.512695,0.06134,0.782227,down
357285,7.496094,5.058594,4.699219,-0.138672,-0.121094,-0.152344,0.34906,0.512756,0.061218,0.781982,down
357290,7.492187,5.058594,4.738281,-0.138672,-0.113281,-0.148437,0.34906,0.512756,0.061218,0.781982,down
357295,7.492187,5.058594,4.777344,-0.171875,-0.09375,-0.148437,0.34906,0.512756,0.061218,0.781982,down
357300,7.453125,5.058594,4.660156,-0.171875,-0.09375,-0.148437,0.350525,0.512939,0.060608,0.78125,down
357306,7.457031,5.058594,4.699219,-0.171875,-0.09375,-0.146484,0.350525,0.512939,0.060608,0.78125,down
357311,7.457031,5.058594,4.699219,-0.183594,-0.107422,-0.140625,0.350525,0.512939,0.060608,0.78125,down
357316,7.53125,5.058594,4.738281,-0.181641,-0.107422,-0.138672,0.352539,0.513,0.059631,0.780396,down
357321,7.53125,5.023437,4.738281,-0.193359,-0.105469,-0.128906,0.353088,0.513,0.059326,0.780151,down
357326,7.53125,5.023437,4.738281,-0.193359,-0.105469,-0.128906,0.353516,0.513,0.059082,0.779968,down
357331,7.574219,4.984375,4.738281,-0.197266,-0.097656,-0.130859,0.353516,0.513,0.059082,0.779968,down
357336,7.574219,4.984375,4.777344,-0.197266,-0.097656,-0.130859,0.354553,0.513,0.058472,0.779602,down
357341,7.613281,4.984375,4.699219,-0.197266,-0.091797,-0.115234,0.354553,0.513,0.058472,0.779602,down
357346,7.570312,4.945312,4.777344,-0.197266,-0.091797,-0.115234,0.35553,0.512939,0.057861,0.779175,down
357351,7.570312,4.945312,4.777344,-0.177734,-0.080078,-0.101563,0.35553,0.512939,0.057861,0.779175,down
357356,7.570312,4.945312,4.851562,-0.177734,-0.080078,-0.101563,0.356323,0.512939,0.057373,0.77887,down
357361,7.535156,4.945312,4.8125,-0.177734,-0.080078,-0.101563,0.356323,0.512939,0.057373,0.77887,down
357366,7.535156,4.945312,4.8125,-0.136719,-0.066406,-0.085937,0.356323,0.512939,0.057373,0.77887,down
357371,7.496094,4.945312,4.8125,-0.136719,-0.066406,-0.085937,0.357422,0.512878,0.056763,0.778442,down
357377,7.53125,5.023437,4.8125,-0.136719,-0.066406,-0.085937,0.357727,0.512939,0.056641,0.77832,down
357382,7.53125,5.058594,4.8125,-0.048828,-0.091797,-0.078125,0.357727,0.512939,0.056641,0.77832,down
357387,7.574219,5.058594,4.777344,-0.046875,-0.09375,-0.087891,0.357727,0.512939,0.056641,0.77832,down
357392,7.535156,5.097656,4.738281,-0.046875,-0.09375,-0.087891,0.358398,0.513245,0.056458,0.777771,down
357398,7.535156,5.136719,4.660156,-0.046875,-0.09375,-0.087891,0.358582,0.513367,0.056396,0.777588,down
357403,7.492187,5.136719,4.699219,-0.048828,-0.097656,-0.074219,0.358826,0.513489,0.056335,0.777405,down
357408,7.53125,5.175781,4.621094,-0.048828,-0.097656,-0.074219,0.359009,0.513672,0.056213,0.777222,down
357414,7.535156,5.136719,4.621094,-0.082031,-0.101563,-0.064453,0.359009,0.513672,0.056213,0.777222,down
357420,7.535156,5.136719,4.621094,-0.115234,-0.097656,-0.054687,0.359009,0.513672,0.056213,0.777222,down
357425,7.535156,5.097656,4.585937,-0.150391,-0.085937,-0.056641,0.360107,0.513916,0.055359,0.776611,down
357430,7.492187,5.023437,4.585937,-0.150391,-0.085937,-0.056641,0.360107,0.513916,0.055359,0.776611,down
357435,7.496094,4.984375,4.546875,-0.164062,-0.089844,-0.039063,0.360107,0.513916,0.055359,0.776611,down
357441,7.492187,4.984375,4.621094,-0.154297,-0.083984,-0.041016,0.360962,0.513977,0.054443,0.776245,down
357446,7.492187,4.867187,4.621094,-0.154297,-0.083984,-0.041016,0.361145,0.514038,0.054138,0.776123,down
357451,7.492187,4.90625,4.621094,-0.154297,-0.083984,-0.041016,0.361145,0.514038,0.054138,0.776123,down
357456,7.492187,4.90625,4.621094,-0.083984,-0.078125,-0.029297,0.361328,0.514099,0.053955,0.776062,down
357461,7.53125,4.90625,4.621094,-0.060547,-0.082031,-0.03125,0.361328,0.514099,0.053955,0.776062,down
357466,7.492187,4.90625,4.585937,-0.060547,-0.082031,-0.03125,0.361328,0.514099,0.053955,0.776062,down
357471,7.496094,4.90625,4.546875,-0.011719,-0.085937,-0.021484,0.361755,0.514587,0.053589,0.775513,down
357476,7.496094,4.90625,4.546875,-0.011719,-0.085937,-0.021484,0.361755,0.514587,0.053589,0.775513,down
357481,7.453125,4.90625,4.507812,-0.011719,-0.085937,-0.021484,0.361877,0.514954,0.053467,0.775269,down
357486,7.414062,4.90625,4.46875,-0.035156,-0.099609,-0.015625,0.361877,0.514954,0.053467,0.775269,down
357491,7.453125,4.90625,4.46875,-0.035156,-0.099609,-0.015625,0.362,0.51532,0.053223,0.774963,down
357496,7.414062,4.867187,4.46875,-0.070312,-0.095703,-0.011719,0.362,0.51532,0.053223,0.774963,down
357502,7.417969,4.832031,4.394531,-0.070312,-0.095703,-0.011719,0.362183,0.515564,0.052856,0.77478,down
357507,7.375,4.832031,4.429687,-0.076172,-0.085937,-0.005859,0.362183,0.515564,0.052856,0.77478,down
357513,7.375,4.753906,4.429687,-0.068359,-0.082031,-0.007813,0.362183,0.515564,0.052856,0.77478,down
357518,7.375,4.675781,4.46875,-0.068359,-0.082031,-0.007813,0.362488,0.515808,0.052307,0.774475,down
357524,7.335937,4.675781,4.394531,-0.046875,-0.064453,-0.009766,0.362488,0.515808,0.052307,0.774475,down
357530,7.335937,4.675781,4.394531,-0.025391,-0.070312,-0.013672,0.362488,0.515808,0.052307,0.774475,down
357535,7.378906,4.675781,4.316406,0.005859,-0.074219,-0.029297,0.362488,0.515808,0.052307,0.774475,down
357540,7.339844,4.675781,4.355469,0.005859,-0.074219,-0.029297,0.362732,0.516235,0.052002,0.774109,down
357546,7.375,4.640625,4.394531,0.050781,-0.089844,-0.029297,0.362732,0.516235,0.052002,0.774109,down
357551,7.375,4.640625,4.394531,0.050781,-0.089844,-0.029297,0.362793,0.516602,0.052063,0.773804,down
357556,7.417969,4.675781,4.355469,0.066406,-0.085937,-0.021484,0.362732,0.517029,0.052246,0.77356,down
357561,7.417969,4.675781,4.355469,0.066406,-0.085937,-0.021484,0.362732,0.517029,0.052246,0.77356,down
357566,7.492187,4.714844,4.429687,0.076172,-0.072266,-0.027344,0.362671,0.517456,0.052551,0.773254,down
357571,7.496094,4.640625,4.429687,0.076172,-0.072266,-0.027344,0.362671,0.517456,0.052551,0.773254,down
357576,7.535156,4.640625,4.546875,0.058594,-0.041016,-0.033203,0.362671,0.517456,0.052551,0.773254,down
357581,7.574219,4.675781,4.507812,0.058594,-0.041016,-0.033203,0.36261,0.517761,0.052795,0.773071,down
357587,7.574219,4.675781,4.585937,0.058594,-0.041016,-0.033203,0.36261,0.517944,0.053101,0.772949,down
357592,7.535156,4.675781,4.546875,0.058594,-0.041016,-0.033203,0.36261,0.518005,0.053223,0.772888,down
357597,7.535156,4.714844,4.660156,0.03125,-0.023437,-0.041016,0.362671,0.518066,0.053345,0.772827,down
357602,7.535156,4.714844,4.660156,0.035156,-0.037109,-0.039063,0.362671,0.518188,0.053467,0.772705,down
357608,7.457031,4.753906,4.777344,0.035156,-0.037109,-0.039063,0.362671,0.51825,0.053528,0.772644,down
357613,7.496094,4.753906,4.777344,0.072266,-0.056641,-0.044922,0.362671,0.51825,0.053528,0.772644,down
357618,7.457031,4.714844,4.738281,0.087891,-0.060547,-0.044922,0.362671,0.51825,0.053528,0.772644,down
357623,7.457031,4.753906,4.738281,0.087891,-0.066406,-0.042969,0.362671,0.518799,0.054077,0.772278,down
357628,7.414062,4.832031,4.699219,0.087891,-0.066406,-0.042969,0.36261,0.518982,0.05426,0.772156,down
357634,7.378906,4.832031,4.738281,0.105469,-0.09375,-0.044922,0.36261,0.518982,0.05426,0.772156,down
357639,7.414062,4.867187,4.777344,0.113281,-0.107422,-0.042969,0.36261,0.518982,0.05426,0.772156,down
357644,7.453125,4.90625,4.777344,0.113281,-0.107422,-0.042969,0.362488,0.519836,0.054871,0.771606,down
357649,7.492187,4.867187,4.777344,0.099609,-0.117188,-0.041016,0.362488,0.519836,0.054871,0.771606,down
357654,7.492187,4.867187,4.777344,0.078125,-0.128906,-0.039063,0.362488,0.519836,0.054871,0.771606,down
357659,7.492187,4.867187,4.8125,0.078125,-0.138672,-0.037109,0.362488,0.519836,0.054871,0.771606,down
357666,7.53125,4.867187,4.777344,0.074219,-0.121094,-0.033203,0.362488,0.519836,0.054871,0.771606,down
357671,7.53125,4.867187,4.8125,0.083984,-0.130859,-0.029297,0.362488,0.519836,0.054871,0.771606,down
357676,7.496094,4.832031,4.851562,0.091797,-0.132812,-0.03125,0.362488,0.519836,0.054871,0.771606,down
357681,7.496094,4.832031,4.851562,0.091797,-0.132812,-0.03125,0.362183,0.5224,0.055786,0.769958,down
357686,7.496094,4.792969,4.8125,0.091797,-0.132812,-0.03125,0.362183,0.5224,0.055786,0.769958,down
357691,7.496094,4.832031,4.851562,0.136719,-0.164062,-0.037109,0.362183,0.5224,0.055786,0.769958,down
357696,7.453125,4.867187,4.738281,0.136719,-0.164062,-0.037109,0.362,0.523193,0.056091,0.76947,down
357701,7.453125,4.867187,4.738281,0.136719,-0.164062,-0.037109,0.361938,0.523682,0.056274,0.769165,down
357706,7.453125,4.867187,4.738281,0.167969,-0.191406,-0.035156,0.361938,0.523682,0.056274,0.769165,down
357711,7.492187,4.90625,4.660156,0.167969,-0.191406,-0.035156,0.361633,0.524719,0.056702,0.768555,down
357716,7.492187,4.867187,4.660156,0.167969,-0.191406,-0.035156,0.361511,0.525208,0.056946,0.76825,down
357721,7.492187,4.90625,4.660156,0.154297,-0.214844,-0.037109,0.361389,0.525696,0.057129,0.767944,down
357726,7.453125,4.867187,4.621094,0.154297,-0.214844,-0.037109,0.361206,0.526306,0.057312,0.767639,down
357731,7.453125,4.867187,4.660156,0.142578,-0.222656,-0.033203,0.361145,0.526794,0.057434,0.767273,down
357737,7.453125,4.867187,4.660156,0.130859,-0.226562,-0.044922,0.360962,0.527893,0.057739,0.766663,down
357742,7.378906,4.832031,4.660156,0.130859,-0.244141,-0.041016,0.360901,0.528503,0.057861,0.766235,down
357747,7.378906,4.832031,4.585937,0.125,-0.25,-0.042969,0.36084,0.529114,0.057922,0.765869,down
357753,7.378906,4.832031,4.507812,0.125,-0.25,-0.042969,0.360779,0.529602,0.058044,0.765503,down
357758,7.378906,4.867187,4.429687,0.125,-0.25,-0.042969,0.360718,0.530212,0.058105,0.765076,down
357765,7.414062,4.792969,4.355469,0.160156,-0.289063,-0.042969,0.360718,0.530212,0.058105,0.765076,down
357770,7.417969,4.867187,4.316406,0.183594,-0.300781,-0.042969,0.360718,0.530212,0.058105,0.765076,down
357775,7.453125,4.867187,4.238281,0.210937,-0.298828,-0.054687,0.360718,0.530212,0.058105,0.765076,down
357781,7.457031,4.90625,4.199219,0.238281,-0.304688,-0.046875,0.360718,0.530212,0.058105,0.765076,down
357786,7.453125,4.867187,4.238281,0.238281,-0.304688,-0.046875,0.360046,0.533936,0.059082,0.762756,down
357791,7.457031,4.867187,4.199219,0.238281,-0.304688,-0.046875,0.359863,0.534729,0.059326,0.762268,down
357797,7.417969,4.867187,4.199219,0.214844,-0.279297,-0.066406,0.359863,0.534729,0.059326,0.762268,down
357802,7.414062,4.867187,4.164062,0.214844,-0.279297,-0.066406,0.359497,0.536926,0.06012,0.760803,down
357808,7.375,4.753906,4.199219,0.214844,-0.279297,-0.066406,0.359436,0.537537,0.060425,0.760376,down
357813,7.375,4.753906,4.199219,0.171875,-0.263672,-0.097656,0.359436,0.538269,0.060669,0.759888,down
357819,7.261719,4.832031,4.238281,0.171875,-0.263672,-0.097656,0.359436,0.538818,0.060852,0.75946,down
357824,7.300781,4.714844,4.199219,0.142578,-0.265625,-0.121094,0.359436,0.538818,0.060852,0.75946,down
357830,7.296875,4.714844,4.125,0.128906,-0.261719,-0.126953,0.359436,0.538818,0.060852,0.75946,down
357835,7.378906,4.714844,4.085937,0.126953,-0.283203,-0.140625,0.359436,0.538818,0.060852,0.75946,down
357841,7.414062,4.753906,4.046875,0.142578,-0.292969,-0.150391,0.359436,0.538818,0.060852,0.75946,down
357846,7.453125,4.792969,4.046875,0.142578,-0.292969,-0.150391,0.359924,0.541992,0.061951,0.756897,down
357851,7.496094,4.792969,3.933594,0.191406,-0.324219,-0.169922,0.359924,0.541992,0.061951,0.756897,down
357857,7.535156,4.792969,3.894531,0.21875,-0.332031,-0.183594,0.360291,0.544373,0.062988,0.754944,down
357862,7.574219,4.945312,3.972656,0.21875,-0.332031,-0.183594,0.360352,0.545288,0.063477,0.754211,down
357867,7.613281,4.90625,3.972656,0.21875,-0.332031,-0.183594,0.360352,0.545288,0.063477,0.754211,down
357872,7.609375,4.90625,3.894531,0.287109,-0.316406,-0.21875,0.360352,0.545288,0.063477,0.754211,down
357877,7.648437,4.984375,3.894531,0.287109,-0.316406,-0.21875,0.360535,0.547607,0.065063,0.752258,down
357882,7.679687,5.023437,3.972656,0.287109,-0.316406,-0.21875,0.360718,0.548523,0.065674,0.751465,down
357887,7.722656,5.023437,3.855469,0.220703,-0.316406,-0.240234,0.360718,0.548523,0.065674,0.751465,down
357892,7.71875,5.097656,3.816406,0.220703,-0.316406,-0.240234,0.36084,0.549255,0.066162,0.750793,down
357897,7.796875,5.136719,3.703125,0.195312,-0.316406,-0.251953,0.361084,0.549988,0.06665,0.750122,down
357903,7.914062,5.289062,3.664063,0.195312,-0.316406,-0.251953,0.361572,0.551453,0.067505,0.748779,down
357908,7.957031,5.328125,3.589844,0.175781,-0.326172,-0.246094,0.361816,0.552124,0.067871,0.748047,down
357913,7.957031,5.367187,3.472656,0.166016,-0.3125,-0.255859,0.362122,0.552856,0.068298,0.747375,down
357919,8.03125,5.40625,3.511719,0.166016,-0.3125,-0.255859,0.362427,0.553528,0.068665,0.746704,down
357925,8.035156,5.480469,3.472656,0.162109,-0.302734,-0.236328,0.362427,0.553528,0.068665,0.746704,down
357930,8.03125,5.445312,3.398438,0.171875,-0.285156,-0.228516,0.362427,0.553528,0.068665,0.746704,down
357936,7.992187,5.558594,3.359375,0.171875,-0.285156,-0.228516,0.363159,0.555481,0.069824,0.744751,down
357941,8.035156,5.558594,3.398438,0.150391,-0.224609,-0.212891,0.363159,0.555481,0.069824,0.744751,down
357946,7.992187,5.597656,3.472656,0.150391,-0.224609,-0.212891,0.363586,0.55658,0.070618,0.743652,down
357952,7.953125,5.671875,3.511719,0.150391,-0.224609,-0.212891,0.363831,0.557129,0.071045,0.743103,down
357957,7.953125,5.671875,3.511719,0.101563,-0.183594,-0.205078,0.364319,0.557922,0.071655,0.742187,down
357962,7.917969,5.75,3.472656,0.033203,-0.160156,-0.195312,0.364319,0.557922,0.071655,0.742187,down
357967,7.917969,5.75,3.589844,0.033203,-0.160156,-0.195312,0.364685,0.558228,0.071899,0.74176,down
357972,7.875,5.75,3.550781,0.033203,-0.160156,-0.195312,0.365417,0.558777,0.072144,0.740967,down
357977,7.878906,5.828125,3.511719,0.033203,-0.160156,-0.195312,0.365417,0.558777,0.072144,0.740967,down
357982,7.917969,5.828125,3.589844,-0.015625,-0.142578,-0.191406,0.366211,0.559204,0.072388,0.740234,down
357987,7.914062,5.863281,3.625,-0.015625,-0.142578,-0.191406,0.366577,0.559448,0.07251,0.739868,down
357992,7.875,5.902344,3.625,-0.015625,-0.142578,-0.191406,0.366943,0.559631,0.072632,0.739502,down
357997,7.878906,5.902344,3.589844,-0.007813,-0.140625,-0.164062,0.366943,0.559631,0.072632,0.739502,down
358002,7.917969,5.941406,3.625,-0.007813,-0.140625,-0.164062,0.36731,0.559875,0.072754,0.739136,down
358008,7.917969,5.941406,3.625,-0.017578,-0.115234,-0.146484,0.36792,0.560242,0.072876,0.738525,down
358013,7.914062,6.019531,3.664063,-0.017578,-0.101563,-0.136719,0.368286,0.560425,0.072998,0.73822,down
358019,7.875,6.09375,3.742188,-0.017578,-0.101563,-0.136719,0.36853,0.560547,0.073059,0.737976,down
358024,7.953125,6.09375,3.742188,-0.017578,-0.101563,-0.136719,0.368835,0.560669,0.07312,0.737793,down
358031,7.917969,6.09375,3.816406,-0.017578,-0.101563,-0.136719,0.368835,0.560669,0.07312,0.737793,down
358036,7.914062,6.09375,3.894531,-0.068359,-0.054687,-0.103516,0.368835,0.560669,0.07312,0.737793,down
358042,7.835937,6.132812,3.894531,-0.068359,-0.044922,-0.101563,0.369995,0.56073,0.07312,0.737122,down
358047,7.875,6.132812,3.933594,-0.068359,-0.044922,-0.101563,0.369995,0.56073,0.07312,0.737122,down
358052,7.835937,6.132812,3.933594,-0.044922,-0.042969,-0.076172,0.369995,0.56073,0.07312,0.737122,down
358057,7.835937,6.09375,3.894531,-0.058594,-0.033203,-0.064453,0.370667,0.560791,0.073059,0.736755,down
358062,7.875,6.054687,3.855469,-0.058594,-0.033203,-0.064453,0.370789,0.560791,0.072998,0.736694,down
358067,7.878906,6.054687,3.894531,-0.03125,-0.042969,-0.037109,0.370789,0.560791,0.072998,0.736694,down
358072,7.914062,6.054687,3.855469,-0.03125,-0.042969,-0.037109,0.371033,0.560852,0.072937,0.736511,down
358077,7.917969,6.019531,3.855469,-0.03125,-0.042969,-0.037109,0.371033,0.560913,0.072998,0.73645,down
358082,7.917969,6.054687,3.78125,0.03125,-0.046875,-0.009766,0.371033,0.560913,0.072998,0.73645,down
358087,7.914062,6.019531,3.78125,0.03125,-0.046875,-0.009766,0.371033,0.561035,0.072998,0.736328,down
358092,7.914062,6.019531,3.742188,0.011719,-0.039063,0.003906,0.371033,0.561035,0.072998,0.736328,down
358098,7.839844,5.980469,3.742188,0.011719,-0.039063,0.003906,0.371033,0.56134,0.072998,0.736206,down
358103,7.839844,5.941406,3.703125,-0.048828,-0.039063,0.015625,0.371033,0.56134,0.072876,0.736145,down
358108,7.875,5.902344,3.742188,-0.080078,-0.041016,0.019531,0.371094,0.56134,0.072754,0.736084,down
358113,7.835937,5.828125,3.703125,-0.080078,-0.041016,0.019531,0.371216,0.56134,0.07251,0.736084,down
358118,7.835937,5.789062,3.703125,-0.080078,-0.041016,0.019531,0.371338,0.561279,0.072266,0.736084,down
358123,7.835937,5.75,3.742188,-0.158203,-0.035156,0.035156,0.37146,0.561218,0.071899,0.736084,down
358128,7.839844,5.636719,3.703125,-0.158203,-0.035156,0.035156,0.371643,0.561157,0.071533,0.736145,down
358133,7.835937,5.558594,3.664063,-0.158203,-0.035156,0.035156,0.371826,0.561035,0.071167,0.736145,down
358138,7.835937,5.519531,3.625,-0.179687,-0.023437,0.033203,0.37207,0.560913,0.070679,0.736145,down
358143,7.800781,5.480469,3.589844,-0.160156,-0.027344,0.037109,0.372253,0.560791,0.070312,0.736206,down
358148,7.796875,5.445312,3.625,-0.160156,-0.027344,0.037109,0.372375,0.56073,0.070007,0.736206,down
358153,7.796875,5.367187,3.589844,-0.160156,-0.027344,0.037109,0.372498,0.560669,0.069702,0.736206,down
358158,7.796875,5.367187,3.511719,-0.082031,-0.021484,0.021484,0.37262,0.560608,0.069458,0.736267,down
358163,7.761719,5.367187,3.511719,-0.054687,-0.019531,0.029297,0.372681,0.560608,0.069275,0.736267,down
358169,7.722656,5.367187,3.511719,-0.054687,-0.019531,0.029297,0.372681,0.560608,0.069214,0.736267,down
358174,7.683594,5.40625,3.433594,-0.029297,-0.005859,0.011719,0.372681,0.560608,0.069153,0.736267,down
358179,7.679687,5.40625,3.472656,-0.007813,-0.005859,0.009766,0.372681,0.560608,0.069153,0.736267,down
358185,7.609375,5.40625,3.433594,-0.007813,-0.005859,0.009766,0.372742,0.560547,0.069031,0.736267,down
358190,7.570312,5.40625,3.511719,-0.007813,-0.005859,0.009766,0.372742,0.560547,0.069031,0.736267,down
358197,7.53125,5.445312,3.472656,-0.078125,0.011719,0.007813,0.372742,0.560547,0.069031,0.736267,down
358202,7.613281,5.40625,3.472656,-0.105469,0.007813,0.007813,0.372742,0.560547,0.069031,0.736267,down
358207,7.609375,5.445312,3.472656,-0.105469,0.007813,0.007813,0.373108,0.560181,0.068542,0.736389,down
358212,7.609375,5.445312,3.472656,-0.105469,0.007813,0.007813,0.373352,0.560059,0.068237,0.73645,down
358218,7.613281,5.40625,3.472656,-0.164062,0.009766,0.005859,0.373779,0.559692,0.067688,0.736511,down
358223,7.496094,5.367187,3.472656,-0.164062,0.009766,0.005859,0.374023,0.559509,0.067444,0.736572,down
358228,7.496094,5.40625,3.511719,-0.146484,0.007813,-0.003906,0.374268,0.559326,0.067139,0.736572,down
358234,7.570312,5.367187,3.589844,-0.146484,0.007813,-0.003906,0.374451,0.559204,0.066895,0.736633,down
358239,7.574219,5.328125,3.664063,-0.146484,0.007813,-0.003906,0.374695,0.559021,0.06665,0.736633,down
358244,7.574219,5.289062,3.625,-0.146484,0.007813,-0.003906,0.374695,0.559021,0.06665,0.736633,down
358249,7.574219,5.289062,3.625,-0.142578,0.015625,-0.005859,0.374695,0.559021,0.06665,0.736633,down
358255,7.535156,5.289062,3.589844,-0.128906,0.021484,0.001953,0.374695,0.559021,0.06665,0.736633,down
358260,7.574219,5.25,3.664063,-0.128906,0.021484,0.001953,0.375427,0.558411,0.065796,0.736816,down
358266,7.609375,5.328125,3.664063,-0.101563,0.035156,-0.003906,0.375427,0.558411,0.065796,0.736816,down
358271,7.574219,5.289062,3.664063,-0.09375,0.050781,-0.007813,0.375427,0.558411,0.065796,0.736816,down
358276,7.53125,5.328125,3.664063,-0.095703,0.044922,-0.007813,0.375427,0.558411,0.065796,0.736816,down
358281,7.53125,5.367187,3.703125,-0.095703,0.044922,-0.007813,0.375427,0.558411,0.065796,0.736816,down
358286,7.53125,5.367187,3.703125,-0.095703,0.044922,-0.007813,0.376221,0.557556,0.065247,0.737122,down
358291,7.53125,5.367187,3.703125,-0.111328,0.039063,-0.033203,0.376221,0.557556,0.065247,0.737122,down
358297,7.53125,5.40625,3.78125,-0.111328,0.039063,-0.033203,0.376831,0.557068,0.06488,0.737183,down
358302,7.53125,5.367187,3.78125,-0.111328,0.039063,-0.033203,0.376831,0.557068,0.06488,0.737183,down
358308,7.53125,5.40625,3.742188,-0.099609,0.007813,-0.035156,0.377258,0.556824,0.064636,0.737183,down
358313,7.574219,5.40625,3.78125,-0.125,-0.007813,-0.03125,0.377502,0.556702,0.064453,0.737183,down
358319,7.609375,5.40625,3.78125,-0.125,-0.007813,-0.03125,0.377747,0.55658,0.06427,0.737183,down
358324,7.652344,5.367187,3.816406,-0.144531,-0.009766,-0.041016,0.377747,0.55658,0.06427,0.737183,down
358330,7.613281,5.367187,3.816406,-0.130859,-0.009766,-0.033203,0.377747,0.55658,0.06427,0.737183,down
358336,7.683594,5.367187,3.78125,-0.130859,-0.009766,-0.033203,0.37854,0.556213,0.06366,0.737061,down
358341,7.613281,5.40625,3.816406,-0.123047,-0.013672,-0.044922,0.37854,0.556213,0.06366,0.737061,down
358346,7.609375,5.40625,3.78125,-0.128906,-0.023437,-0.037109,0.37854,0.556213,0.06366,0.737061,down
358351,7.679687,5.367187,3.855469,-0.128906,-0.023437,-0.037109,0.37854,0.556213,0.06366,0.737061,down
358357,7.683594,5.367187,3.78125,-0.128906,-0.023437,-0.037109,0.379578,0.555847,0.062927,0.736877,down
358363,7.652344,5.367187,3.816406,-0.113281,-0.015625,-0.042969,0.380066,0.555664,0.062683,0.736755,down
358369,7.71875,5.40625,3.933594,-0.113281,-0.015625,-0.042969,0.380249,0.555603,0.062561,0.736755,down
358374,7.757812,5.40625,3.894531,-0.058594,0.009766,-0.042969,0.380432,0.555542,0.0625,0.736694,down
358379,7.71875,5.40625,3.894531,-0.054687,0.013672,-0.035156,0.380432,0.555542,0.0625,0.736694,down
358384,7.722656,5.445312,3.894531,-0.050781,0.017578,-0.027344,0.380432,0.555542,0.0625,0.736694,down
358390,7.722656,5.480469,3.933594,-0.050781,0.017578,-0.027344,0.380798,0.555298,0.062439,0.736694,down
358395,7.683594,5.445312,3.972656,-0.048828,0.025391,-0.029297,0.380981,0.555176,0.062439,0.736694,down
358401,7.648437,5.445312,3.855469,-0.052734,0.023437,-0.027344,0.380981,0.555176,0.062439,0.736694,down
358406,7.652344,5.445312,3.894531,-0.052734,0.023437,-0.027344,0.381226,0.554993,0.062378,0.736755,down
358411,7.652344,5.480469,3.894531,-0.042969,-0.005859,-0.011719,0.381226,0.554993,0.062378,0.736755,down
358416,7.679687,5.519531,3.855469,-0.033203,-0.027344,-0.013672,0.381226,0.554993,0.062378,0.736755,down
358422,7.722656,5.519531,3.855469,-0.035156,-0.025391,-0.011719,0.381226,0.554993,0.062378,0.736755,down
358427,7.722656,5.519531,3.855469,-0.035156,-0.025391,-0.015625,0.381226,0.554993,0.062378,0.736755,down
358432,7.761719,5.519531,3.855469,-0.035156,-0.025391,-0.007813,0.381226,0.554993,0.062378,0.736755,down
358438,7.722656,5.519531,3.816406,-0.027344,-0.033203,-0.005859,0.381226,0.554993,0.062378,0.736755,down
358443,7.757812,5.597656,3.855469,-0.027344,-0.033203,-0.005859,0.381775,0.555054,0.06189,0.736389,down
358448,7.761719,5.558594,3.855469,-0.050781,-0.050781,0.001953,0.381775,0.555054,0.06189,0.736389,down
358453,7.757812,5.480469,3.816406,-0.050781,-0.050781,0.001953,0.381958,0.555176,0.061584,0.736267,down
358458,7.761719,5.480469,3.78125,-0.050781,-0.050781,0.001953,0.38208,0.555176,0.061401,0.736206,down
358464,7.71875,5.40625,3.78125,-0.085937,-0.054687,0.013672,0.382202,0.555176,0.061157,0.736145,down
358469,7.71875,5.367187,3.742188,-0.091797,-0.054687,0.007813,0.382324,0.555237,0.060974,0.736084,down
358474,7.757812,5.328125,3.703125,-0.091797,-0.054687,0.007813,0.382446,0.555237,0.06073,0.736084,down
358480,7.71875,5.328125,3.703125,-0.091797,-0.054687,0.007813,0.382507,0.555237,0.060547,0.736023,down
358485,7.683594,5.289062,3.664063,-0.076172,-0.037109,0.009766,0.382507,0.555237,0.060547,0.736023,down
358490,7.757812,5.328125,3.664063,-0.068359,-0.035156,0.007813,0.382507,0.555237,0.060547,0.736023,down
358495,7.757812,5.328125,3.625,-0.068359,-0.035156,0.007813,0.382813,0.555237,0.060059,0.735901,down
358500,7.683594,5.367187,3.664063,-0.033203,-0.023437,-0.003906,0.382813,0.555237,0.060059,0.735901,down
358505,7.71875,5.328125,3.625,-0.011719,-0.021484,-0.009766,0.382935,0.555298,0.059937,0.73584,down
358512,7.683594,5.367187,3.664063,-0.011719,-0.021484,-0.009766,0.382935,0.555298,0.059937,0.735779,down
358517,7.660156,5.332031,3.632813,-0.011719,-0.021484,-0.009766,0.382996,0.555359,0.059937,0.735718,down
358523,7.660156,5.332031,3.59375,-0.005859,-0.007813,-0.015625,0.382996,0.555359,0.059937,0.735718,down
358528,7.660156,5.371094,3.632813,-0.019531,-0.001953,-0.013672,0.382996,0.555359,0.059937,0.735718,down
358533,7.660156,5.371094,3.632813,-0.046875,0.003906,-0.015625,0.383118,0.555359,0.059937,0.735657,down
358538,7.621094,5.371094,3.632813,-0.046875,0.003906,-0.015625,0.38324,0.555298,0.059875,0.735657,down
358543,7.660156,5.371094,3.707031,-0.058594,0.005859,-0.013672,0.38324,0.555298,0.059875,0.735657,down
358549,7.621094,5.410156,3.667969,-0.058594,0.005859,-0.013672,0.383545,0.555115,0.059692,0.735657,down
358554,7.621094,5.371094,3.707031,-0.060547,0.019531,-0.009766,0.383667,0.554993,0.059631,0.735657,down
358559,7.621094,5.332031,3.667969,-0.056641,0.023437,-0.027344,0.383789,0.554871,0.05957,0.735718,down
358565,7.582031,5.332031,3.746094,-0.056641,0.023437,-0.027344,0.383911,0.55481,0.05957,0.735718,down
358570,7.582031,5.332031,3.746094,-0.056641,0.023437,-0.027344,0.384033,0.554687,0.059509,0.735718,down
358575,7.582031,5.371094,3.746094,-0.060547,0.027344,-0.03125,0.384216,0.554565,0.059509,0.735718,down
358582,7.582031,5.371094,3.785156,-0.066406,0.027344,-0.035156,0.384216,0.554565,0.059509,0.735718,down
358587,7.578125,5.371094,3.824219,-0.066406,0.027344,-0.035156,0.384216,0.554565,0.059509,0.735718,down
358593,7.578125,5.410156,3.824219,-0.060547,0.041016,-0.039063,0.384216,0.554565,0.059509,0.735718,down
358598,7.578125,5.410156,3.824219,-0.052734,0.042969,-0.044922,0.384216,0.554565,0.059509,0.735718,down
358604,7.5,5.371094,3.859375,-0.052734,0.042969,-0.044922,0.385193,0.553833,0.059448,0.735779,down
358609,7.539062,5.371094,3.898438,-0.054687,0.046875,-0.046875,0.385193,0.553833,0.059448,0.735779,down
358614,7.5,5.410156,3.898438,-0.054687,0.046875,-0.046875,0.385498,0.553589,0.059509,0.73584,down
358619,7.503906,5.410156,3.9375,-0.054687,0.046875,-0.046875,0.385681,0.553406,0.059509,0.73584,down
358624,7.464844,5.449219,3.898438,-0.054687,0.046875,-0.046875,0.385803,0.553345,0.059509,0.73584,down
358629,7.464844,5.449219,3.898438,-0.025391,0.029297,-0.039063,0.385925,0.553223,0.05957,0.73584,down
358635,7.5,5.410156,4.015625,-0.025391,0.029297,-0.039063,0.385986,0.553162,0.059631,0.73584,down
358641,7.539062,5.449219,3.976563,-0.025391,0.029297,-0.039063,0.386108,0.553101,0.059631,0.73584,down
358647,7.503906,5.410156,3.976563,-0.029297,0.021484,-0.029297,0.386108,0.553101,0.059631,0.73584,down
358652,7.539062,5.449219,3.976563,-0.037109,0.013672,-0.03125,0.386108,0.553101,0.059631,0.73584,down
358658,7.542969,5.449219,4.050781,-0.046875,0.007813,-0.039063,0.386108,0.553101,0.059631,0.73584,down
358663,7.503906,5.523437,4.015625,-0.052734,0.001953,-0.039063,0.386108,0.553101,0.059631,0.73584,down
358669,7.578125,5.449219,3.976563,-0.078125,0.013672,-0.044922,0.386108,0.553101,0.059631,0.73584,down
358674,7.539062,5.449219,3.976563,-0.078125,0.013672,-0.044922,0.387207,0.552551,0.059509,0.735657,down
358680,7.539062,5.410156,4.015625,-0.078125,0.013672,-0.044922,0.38739,0.55249,0.059448,0.735657,down
358685,7.542969,5.410156,3.976563,-0.087891,-0.003906,-0.041016,0.387573,0.552429,0.059326,0.735596,down
358690,7.542969,5.449219,4.015625,-0.087891,-0.003906,-0.041016,0.387817,0.552307,0.059204,0.735535,down
358695,7.464844,5.410156,3.976563,-0.087891,-0.003906,-0.041016,0.388,0.552246,0.059143,0.735535,down
358701,7.539062,5.410156,4.050781,-0.087891,-0.003906,-0.041016,0.388184,0.552185,0.059021,0.735474,down
358706,7.539062,5.410156,4.015625,-0.056641,-0.013672,-0.042969,0.388367,0.552185,0.05896,0.735413,down
358711,7.5,5.371094,4.015625,-0.044922,-0.019531,-0.039063,0.388367,0.552185,0.05896,0.735413,down
358717,7.5,5.410156,4.050781,-0.039063,-0.025391,-0.046875,0.388367,0.552185,0.05896,0.735413,down
358722,7.5,5.410156,4.050781,-0.041016,-0.019531,-0.044922,0.388367,0.552185,0.05896,0.735413,down
358727,7.542969,5.410156,3.976563,-0.042969,-0.023437,-0.041016,0.388367,0.552185,0.05896,0.735413,down
358733,7.542969,5.449219,4.015625,-0.042969,-0.023437,-0.041016,0.389099,0.552124,0.058838,0.735046,down
358738,7.503906,5.449219,4.050781,-0.037109,-0.035156,-0.044922,0.389099,0.552124,0.058838,0.735046,down
358743,7.578125,5.523437,4.089844,-0.050781,-0.048828,-0.050781,0.389099,0.552124,0.058838,0.735046,down
358748,7.542969,5.484375,4.015625,-0.050781,-0.048828,-0.050781,0.389587,0.552185,0.058716,0.734741,down
358753,7.582031,5.484375,4.015625,-0.068359,-0.050781,-0.044922,0.389587,0.552185,0.058716,0.734741,down
358759,7.578125,5.484375,3.976563,-0.080078,-0.056641,-0.03125,0.389587,0.552185,0.058716,0.734741,down
358764,7.578125,5.449219,3.9375,-0.080078,-0.056641,-0.03125,0.390381,0.552307,0.058228,0.734314,down
358769,7.617187,5.484375,3.9375,-0.080078,-0.056641,-0.03125,0.390503,0.552307,0.058105,0.734253,down
358774,7.65625,5.449219,3.976563,-0.064453,-0.044922,-0.015625,0.390503,0.552307,0.058105,0.734253,down
358779,7.660156,5.449219,4.015625,-0.064453,-0.044922,-0.015625,0.390686,0.552307,0.057922,0.734131,down
358785,7.660156,5.449219,4.015625,-0.044922,-0.025391,-0.021484,0.39093,0.552307,0.057739,0.734009,down
358790,7.582031,5.449219,3.898438,-0.033203,-0.03125,-0.021484,0.391052,0.552307,0.057678,0.733948,down
358796,7.578125,5.484375,3.9375,-0.033203,-0.03125,-0.021484,0.391174,0.552368,0.057678,0.733887,down
358802,7.542969,5.523437,3.898438,-0.023437,-0.03125,-0.033203,0.391174,0.552368,0.057678,0.733887,down
358807,7.617187,5.5625,3.898438,-0.023437,-0.03125,-0.033203,0.391174,0.552368,0.057678,0.733887,down
358812,7.65625,5.601562,3.898438,-0.021484,-0.058594,-0.025391,0.391174,0.552368,0.057678,0.733887,down
358817,7.660156,5.5625,3.9375,-0.033203,-0.060547,-0.013672,0.391174,0.552368,0.057678,0.733887,down
358822,7.738281,5.523437,3.898438,-0.033203,-0.060547,-0.013672,0.391602,0.552673,0.057373,0.733398,down
358827,7.777344,5.523437,3.898438,-0.072266,-0.050781,-0.003906,0.391602,0.552673,0.057373,0.733398,down
358832,7.8125,5.484375,3.859375,-0.089844,-0.039063,0.003906,0.391602,0.552673,0.057373,0.733398,down
358838,7.777344,5.449219,3.824219,-0.111328,-0.019531,0.005859,0.391602,0.552673,0.057373,0.733398,down
358843,7.738281,5.449219,3.824219,-0.111328,-0.019531,0.005859,0.392151,0.552612,0.056641,0.733215,down
358849,7.734375,5.410156,3.824219,-0.080078,-0.023437,0.003906,0.392151,0.552612,0.056641,0.733215,down
358854,7.695312,5.449219,3.898438,-0.080078,-0.023437,0.003906,0.392578,0.552429,0.056091,0.733215,down
358859,7.65625,5.410156,3.859375,-0.080078,-0.023437,0.003906,0.392639,0.552429,0.05603,0.733154,down
358864,7.621094,5.449219,3.859375,-0.080078,-0.023437,0.003906,0.392639,0.552429,0.05603,0.733154,down
358869,7.621094,5.484375,3.898438,0.015625,-0.023437,0.003906,0.392639,0.552429,0.05603,0.733154,down
358874,7.621094,5.484375,3.859375,0.015625,-0.023437,0.003906,0.3927,0.55249,0.055969,0.733093,down
358879,7.582031,5.484375,3.898438,0.015625,-0.023437,0.003906,0.392639,0.552612,0.05603,0.733032,down
358884,7.578125,5.5625,3.859375,0.015625,-0.023437,0.003906,0.392639,0.552612,0.05603,0.733032,down
358889,7.621094,5.523437,3.898438,0.013672,-0.021484,0.001953,0.392639,0.552612,0.05603,0.733032,down
358894,7.582031,5.523437,3.859375,-0.013672,-0.023437,0.005859,0.392578,0.552734,0.056152,0.732971,down
358899,7.582031,5.484375,3.824219,-0.013672,-0.023437,0.005859,0.392639,0.552795,0.05603,0.73291,down
358904,7.542969,5.449219,3.859375,-0.013672,-0.023437,0.005859,0.392639,0.552795,0.05603,0.73291,down
358909,7.582031,5.449219,3.824219,-0.070312,-0.015625,0.017578,0.392639,0.552795,0.05603,0.73291,down
358914,7.578125,5.410156,3.859375,-0.070312,-0.015625,0.017578,0.392822,0.552673,0.055725,0.73291,down
358919,7.539062,5.371094,3.824219,-0.091797,-0.003906,0.017578,0.392822,0.552673,0.055725,0.73291,down
358924,7.539062,5.371094,3.824219,-0.091797,-0.003906,0.017578,0.393188,0.552429,0.055176,0.73291,down
358929,7.578125,5.410156,3.859375,-0.091797,-0.003906,0.017578,0.39325,0.552368,0.055054,0.732971,down
358934,7.539062,5.371094,3.824219,-0.033203,-0.005859,0.007813,0.39325,0.552368,0.055054,0.732971,down
358939,7.5,5.332031,3.824219,-0.033203,-0.005859,0.007813,0.393311,0.552307,0.054932,0.732971,down
358944,7.5,5.332031,3.824219,-0.007813,-0.007813,0.009766,0.393311,0.552307,0.054932,0.732971,down
358949,7.5,5.332031,3.824219,-0.007813,-0.007813,0.009766,0.39325,0.552368,0.054932,0.732971,down
358954,7.539062,5.332031,3.898438,-0.007813,-0.007813,0.009766,0.39325,0.552368,0.054932,0.732971,down
358959,7.464844,5.332031,3.9375,0.041016,0.011719,0.005859,0.39325,0.552368,0.054932,0.732971,down
358964,7.503906,5.332031,3.976563,0.041016,0.011719,0.005859,0.393188,0.552429,0.055115,0.73291,down
358969,7.503906,5.332031,3.9375,0.041016,0.011719,0.005859,0.393127,0.552429,0.055176,0.732971,down
358974,7.464844,5.292969,3.976563,-0.013672,0.017578,-0.005859,0.393127,0.552429,0.055176,0.732971,down
358979,7.464844,5.371094,3.9375,-0.013672,0.017578,-0.005859,0.393127,0.552368,0.055298,0.732971,down
358984,7.464844,5.371094,3.976563,-0.068359,0.007813,-0.005859,0.393188,0.552307,0.055298,0.732971,down
358989,7.464844,5.371094,3.976563,-0.083984,0.011719,-0.009766,0.393311,0.552246,0.055237,0.732971,down
358994,7.582031,5.292969,3.976563,-0.083984,0.011719,-0.009766,0.393433,0.552185,0.055115,0.733032,down
358999,7.578125,5.21875,3.898438,-0.078125,0.013672,-0.009766,0.393433,0.552185,0.055115,0.733032,down
359004,7.582031,5.21875,3.976563,-0.054687,0.0,-0.011719,0.393677,0.551941,0.054932,0.733032,down
359009,7.617187,5.21875,4.015625,-0.054687,0.0,-0.011719,0.39386,0.55188,0.05481,0.733032,down
359014,7.621094,5.21875,3.976563,-0.037109,0.003906,-0.019531,0.39386,0.55188,0.05481,0.733032,down
359020,7.65625,5.179687,3.9375,-0.019531,0.009766,-0.027344,0.394104,0.551697,0.05481,0.732971,down
359025,7.617187,5.21875,4.015625,-0.007813,0.009766,-0.03125,0.394226,0.551697,0.054871,0.732971,down
359030,7.617187,5.21875,4.015625,-0.007813,0.009766,-0.03125,0.394287,0.551636,0.054932,0.732971,down
359035,7.621094,5.257812,3.976563,0.021484,0.009766,-0.039063,0.394348,0.551636,0.054993,0.73291,down
359041,7.621094,5.410156,3.976563,0.021484,0.009766,-0.039063,0.394409,0.551636,0.055115,0.732849,down
359046,7.621094,5.449219,4.015625,0.015625,0.0,-0.052734,0.394409,0.551636,0.055115,0.732849,down
359052,7.542969,5.484375,4.015625,0.007813,-0.005859,-0.046875,0.394409,0.551636,0.055115,0.732849,down
359057,7.578125,5.523437,3.9375,0.007813,-0.005859,-0.046875,0.394653,0.551636,0.05542,0.732727,down
359062,7.582031,5.484375,4.015625,-0.019531,-0.011719,-0.046875,0.394653,0.551636,0.05542,0.732727,down
359068,7.578125,5.484375,3.976563,-0.03125,-0.009766,-0.046875,0.394653,0.551636,0.05542,0.732727,down
359074,7.5,5.523437,3.976563,-0.037109,-0.017578,-0.042969,0.394653,0.551636,0.05542,0.732727,down
359080,7.582031,5.523437,4.015625,-0.050781,-0.021484,-0.039063,0.395386,0.551575,0.055359,0.732361,down
359085,7.542969,5.484375,4.015625,-0.082031,-0.025391,-0.037109,0.39563,0.551514,0.055298,0.7323,down
359090,7.542969,5.523437,4.015625,-0.082031,-0.025391,-0.037109,0.395813,0.551453,0.055176,0.732239,down
359095,7.5,5.523437,3.9375,-0.082031,-0.025391,-0.037109,0.395935,0.551453,0.055054,0.732178,down
359100,7.539062,5.484375,3.976563,-0.068359,-0.039063,-0.035156,0.396179,0.551453,0.054932,0.732117,down
359105,7.542969,5.5625,3.976563,-0.068359,-0.039063,-0.035156,0.396301,0.551453,0.05481,0.731995,down
359110,7.582031,5.523437,4.015625,-0.068359,-0.039063,-0.035156,0.396484,0.551453,0.054749,0.731934,down
359115,7.621094,5.523437,4.015625,-0.054687,-0.025391,-0.023437,0.396484,0.551453,0.054749,0.731934,down
359120,7.617187,5.523437,3.9375,-0.054687,-0.025391,-0.023437,0.396729,0.551392,0.054565,0.731812,down
359125,7.621094,5.523437,3.898438,-0.054687,-0.025391,-0.023437,0.396851,0.551392,0.054504,0.731812,down
359130,7.578125,5.523437,3.9375,-0.054687,-0.025391,-0.023437,0.396912,0.551392,0.054443,0.73175,down
359135,7.582031,5.523437,3.898438,-0.041016,-0.001953,-0.013672,0.397034,0.551331,0.054382,0.73175,down
359141,7.582031,5.484375,3.898438,-0.041016,-0.001953,-0.013672,0.397095,0.551331,0.054382,0.73175,down
359146,7.578125,5.523437,3.976563,-0.041016,-0.001953,-0.013672,0.397217,0.55127,0.054321,0.73175,down
359152,7.542969,5.523437,4.015625,-0.041016,-0.001953,-0.013672,0.397278,0.551208,0.05426,0.73175,down
359157,7.542969,5.484375,4.015625,-0.021484,0.005859,-0.001953,0.397339,0.551147,0.05426,0.73175,down
359162,7.503906,5.484375,4.050781,-0.009766,-0.001953,-0.001953,0.397339,0.551147,0.05426,0.73175,down
359167,7.542969,5.484375,4.015625,-0.017578,-0.003906,0.003906,0.397339,0.551147,0.05426,0.73175,down
359172,7.578125,5.449219,4.089844,-0.015625,-0.011719,0.005859,0.397339,0.551147,0.05426,0.73175,down
359178,7.621094,5.484375,4.050781,-0.021484,-0.019531,0.007813,0.397339,0.551147,0.05426,0.73175,down
359183,7.617187,5.371094,4.050781,-0.021484,-0.019531,0.007813,0.397339,0.551147,0.05426,0.73175,down
359189,7.65625,5.410156,4.050781,-0.021484,-0.019531,0.007813,0.397522,0.551147,0.053955,0.731628,down
359195,7.699219,5.371094,4.015625,-0.041016,-0.050781,0.009766,0.397522,0.551147,0.053955,0.731628,down
359200,7.660156,5.332031,3.976563,-0.046875,-0.058594,0.005859,0.397705,0.551331,0.053589,0.731445,down
359205,7.695312,5.292969,3.976563,-0.046875,-0.058594,0.005859,0.397827,0.551392,0.053406,0.731384,down
359210,7.738281,5.257812,3.976563,-0.078125,-0.058594,0.009766,0.397827,0.551392,0.053406,0.731384,down
359215,7.660156,5.292969,3.976563,-0.078125,-0.058594,0.009766,0.39801,0.551453,0.05304,0.731201,down
359220,7.699219,5.292969,3.898438,-0.078125,-0.058594,0.009766,0.398193,0.551453,0.052795,0.73114,down
359225,7.695312,5.257812,3.9375,-0.078125,-0.058594,0.009766,0.398254,0.551514,0.052612,0.731079,down
359230,7.699219,5.257812,3.898438,-0.052734,-0.058594,-0.007813,0.398254,0.551514,0.052612,0.731079,down
359235,7.65625,5.257812,3.898438,-0.037109,-0.048828,-0.011719,0.398376,0.551514,0.05249,0.730957,down
359241,7.582031,5.292969,3.9375,-0.037109,-0.048828,-0.011719,0.39856,0.551636,0.052307,0.730835,down
359246,7.617187,5.292969,3.859375,-0.023437,-0.044922,-0.015625,0.398682,0.551697,0.052246,0.730713,down
359252,7.578125,5.332031,3.859375,-0.001953,-0.044922,-0.007813,0.398682,0.551697,0.052246,0.730713,down
359257,7.578125,5.371094,3.824219,-0.001953,-0.044922,-0.007813,0.398682,0.551697,0.052246,0.730713,down
359262,7.578125,5.371094,3.824219,0.001953,-0.042969,-0.017578,0.398804,0.55188,0.052185,0.73053,down
359267,7.578125,5.371094,3.824219,0.0,-0.046875,-0.017578,0.398804,0.55188,0.052185,0.73053,down
359273,7.582031,5.449219,3.859375,0.0,-0.046875,-0.017578,0.398865,0.551941,0.052124,0.730469,down
359279,7.578125,5.410156,3.859375,-0.003906,-0.050781,-0.005859,0.398865,0.552124,0.052124,0.730286,down
359285,7.582031,5.449219,3.898438,-0.035156,-0.037109,-0.003906,0.398865,0.552124,0.052124,0.730286,down
359290,7.539062,5.410156,3.824219,-0.035156,-0.037109,-0.003906,0.399048,0.552307,0.05188,0.730103,down
359295,7.582031,5.449219,3.824219,-0.035156,-0.037109,-0.003906,0.39917,0.552307,0.051758,0.730042,down
359300,7.617187,5.371094,3.859375,-0.056641,-0.037109,-0.001953,0.39917,0.552307,0.051758,0.730042,down
359305,7.539062,5.371094,3.898438,-0.056641,-0.037109,-0.001953,0.399231,0.552307,0.051636,0.72998,down
359311,7.539062,5.371094,3.898438,-0.054687,-0.03125,-0.009766,0.399475,0.552307,0.051453,0.729919,down
359316,7.617187,5.371094,3.898438,-0.052734,-0.041016,-0.003906,0.399536,0.552307,0.051331,0.729858,down
359322,7.578125,5.371094,3.898438,-0.052734,-0.041016,-0.003906,0.399658,0.552307,0.051208,0.729797,down
359327,7.582031,5.332031,3.9375,-0.052734,-0.041016,-0.003906,0.39978,0.552307,0.051086,0.729736,down
359334,7.582031,5.332031,3.9375,-0.052734,-0.041016,-0.003906,0.39978,0.552307,0.051086,0.729736,down
359339,7.578125,5.371094,3.898438,-0.001953,-0.027344,-0.015625,0.39978,0.552307,0.051086,0.729736,down
359344,7.542969,5.410156,3.9375,0.011719,-0.025391,-0.019531,0.39978,0.552307,0.051086,0.729736,down
359349,7.582031,5.410156,3.9375,0.011719,-0.025391,-0.019531,0.399963,0.55249,0.051147,0.729492,down
359355,7.539062,5.449219,3.9375,0.023437,-0.033203,-0.015625,0.399963,0.55249,0.051147,0.729492,down
359360,7.460937,5.484375,3.9375,0.005859,-0.033203,-0.021484,0.399963,0.55249,0.051147,0.729492,down
359365,7.5,5.484375,3.9375,-0.007813,-0.037109,-0.021484,0.400024,0.552673,0.051208,0.729309,down
359370,7.578125,5.449219,3.9375,-0.007813,-0.037109,-0.021484,0.400085,0.552734,0.051208,0.729248,down
359375,7.617187,5.484375,3.976563,-0.007813,-0.037109,-0.021484,0.400085,0.552734,0.051208,0.729248,down
359380,7.578125,5.449219,3.9375,-0.021484,-0.039063,-0.013672,0.40033,0.552856,0.051147,0.729004,down
359385,7.617187,5.410156,3.898438,-0.021484,-0.039063,-0.013672,0.40033,0.552856,0.051147,0.729004,down
359390,7.617187,5.371094,3.898438,-0.021484,-0.039063,-0.013672,0.400391,0.552917,0.051025,0.728943,down
359395,7.660156,5.371094,3.9375,-0.054687,-0.037109,-0.017578,0.400391,0.552917,0.051025,0.728943,down
359400,7.617187,5.410156,3.898438,-0.066406,-0.037109,-0.017578,0.400391,0.552917,0.051025,0.728943,down
359405,7.699219,5.410156,3.898438,-0.080078,-0.037109,-0.021484,0.400818,0.552917,0.05072,0.72876,down
359410,7.660156,5.371094,3.9375,-0.080078,-0.037109,-0.021484,0.401001,0.552917,0.050537,0.728699,down
359415,7.660156,5.371094,3.9375,-0.064453,-0.03125,-0.029297,0.401123,0.552917,0.050415,0.728577,down
359421,7.621094,5.371094,3.9375,-0.064453,-0.03125,-0.029297,0.401428,0.552856,0.050232,0.728455,down
359426,7.542969,5.371094,3.976563,-0.029297,-0.029297,-0.033203,0.40155,0.552856,0.050171,0.728394,down
359431,7.539062,5.371094,4.015625,-0.029297,-0.029297,-0.033203,0.401672,0.552917,0.050171,0.728333,down
359436,7.539062,5.410156,4.015625,-0.029297,-0.029297,-0.033203,0.401794,0.552917,0.05011,0.72821,down
359442,7.578125,5.410156,4.015625,-0.029297,-0.029297,-0.033203,0.401917,0.552979,0.05011,0.728149,down
359447,7.578125,5.410156,4.015625,-0.019531,-0.037109,-0.025391,0.401917,0.552979,0.05011,0.728149,down
359453,7.542969,5.410156,3.976563,-0.021484,-0.033203,-0.035156,0.401917,0.552979,0.05011,0.728149,down
359458,7.621094,5.410156,3.976563,-0.007813,-0.042969,-0.03125,0.402161,0.55304,0.050049,0.727905,down
359464,7.621094,5.449219,4.015625,-0.021484,-0.052734,-0.025391,0.402161,0.55304,0.050049,0.727905,down
359470,7.695312,5.449219,4.015625,-0.029297,-0.058594,-0.019531,0.402161,0.55304,0.050049,0.727905,down
359475,7.617187,5.449219,3.9375,-0.048828,-0.046875,-0.023437,0.402466,0.553284,0.049866,0.7276,down
359480,7.621094,5.410156,3.9375,-0.048828,-0.046875,-0.023437,0.40271,0.553345,0.049683,0.727478,down
360370,6.96875,3.570313,5.203125,-0.314453,0.296875,0.123047,0.399231,0.483582,0.005249,0.778931,down
360375,6.929687,3.492188,5.164062,-0.246094,0.28125,0.109375,0.399231,0.483582,0.005249,0.778931,down
360380,6.933594,3.457031,5.125,-0.246094,0.28125,0.109375,0.399231,0.483582,0.005249,0.778931,down
360386,6.890625,3.492188,5.085937,-0.246094,0.28125,0.109375,0.39978,0.479431,0.003357,0.78125,down
360392,6.96875,3.492188,5.011719,-0.027344,0.263672,0.076172,0.39978,0.479431,0.003357,0.78125,down
360398,6.96875,3.53125,4.972656,-0.027344,0.263672,0.076172,0.399414,0.477844,0.003906,0.782349,down
360403,6.96875,3.53125,5.046875,0.076172,0.271484,0.03125,0.399292,0.477356,0.004272,0.782715,down
360408,6.96875,3.53125,5.046875,0.072266,0.292969,0.029297,0.399109,0.476868,0.0047,0.783142,down
360414,6.855469,3.648438,5.085937,0.072266,0.292969,0.029297,0.398987,0.47644,0.005066,0.783447,down
360419,6.816406,3.683594,5.125,0.085937,0.326172,0.021484,0.398865,0.475891,0.005493,0.783813,down
360424,6.738281,3.761719,5.125,0.09375,0.335938,0.025391,0.398865,0.475891,0.005493,0.783813,down
360429,6.695312,3.761719,5.203125,0.099609,0.353516,0.03125,0.398865,0.475891,0.005493,0.783813,down
360434,6.625,3.878906,5.238281,0.099609,0.353516,0.03125,0.398865,0.475891,0.005493,0.783813,down
360439,6.625,3.839844,5.238281,0.123047,0.359375,0.041016,0.398865,0.475891,0.005493,0.783813,down
360444,6.546875,3.914063,5.203125,0.148437,0.363281,0.035156,0.397949,0.473022,0.008179,0.786011,down
360449,6.507812,3.878906,5.238281,0.148437,0.363281,0.035156,0.397644,0.472412,0.00885,0.786499,down
360454,6.472656,3.953125,5.277344,0.148437,0.363281,0.035156,0.397644,0.472412,0.00885,0.786499,down
360459,6.511719,3.953125,5.277344,0.224609,0.341797,0.027344,0.397644,0.472412,0.00885,0.786499,down
360464,6.589844,3.992188,5.277344,0.222656,0.314453,0.03125,0.397644,0.472412,0.00885,0.786499,down
360469,6.699219,3.992188,5.277344,0.222656,0.314453,0.03125,0.396423,0.470703,0.011658,0.788147,down
360476,6.734375,4.03125,5.238281,0.1875,0.298828,0.009766,0.396423,0.470703,0.011658,0.788147,down
360481,6.695312,4.070312,5.203125,0.158203,0.283203,0.013672,0.396423,0.470703,0.011658,0.788147,down
360487,6.8125,4.070312,5.164062,0.148437,0.269531,0.011719,0.396423,0.470703,0.011658,0.788147,down
360492,6.894531,4.105469,5.164062,0.140625,0.261719,0.023437,0.396423,0.470703,0.011658,0.788147,down
360497,6.929687,4.144531,5.277344,0.140625,0.261719,0.023437,0.395142,0.468384,0.015137,0.7901,down
360502,7.007812,4.144531,5.316406,0.140625,0.261719,0.023437,0.395142,0.468384,0.015137,0.7901,down
360508,7.007812,4.222656,5.277344,0.177734,0.294922,0.046875,0.395142,0.468384,0.015137,0.7901,down
360513,7.042969,4.183594,5.316406,0.177734,0.294922,0.046875,0.394226,0.467163,0.016907,0.79126,down
360519,7.039062,4.144531,5.394531,0.230469,0.3125,0.072266,0.39386,0.466797,0.017578,0.791626,down
360524,7.199219,4.183594,5.46875,0.230469,0.3125,0.072266,0.393433,0.466431,0.01825,0.792053,down
360529,7.238281,4.183594,5.546875,0.298828,0.330078,0.074219,0.392944,0.466064,0.019043,0.79248,down
360534,7.3125,4.222656,5.625,0.332031,0.34375,0.082031,0.392944,0.466064,0.019043,0.79248,down
360541,7.3125,4.296875,5.585937,0.34375,0.371094,0.076172,0.392944,0.466064,0.019043,0.79248,down
360546,7.3125,4.296875,5.625,0.367188,0.394531,0.076172,0.392944,0.466064,0.019043,0.79248,down
360551,7.316406,4.375,5.660156,0.388672,0.410156,0.083984,0.392944,0.466064,0.019043,0.79248,down
360556,7.277344,4.414062,5.699219,0.388672,0.410156,0.083984,0.390015,0.46405,0.024048,0.794983,down
360562,7.121094,4.566406,5.738281,0.439453,0.449219,0.078125,0.388672,0.463196,0.026428,0.796082,down
360567,7.007812,4.605469,5.738281,0.439453,0.449219,0.078125,0.388672,0.463196,0.026428,0.796082,down
360573,6.855469,4.71875,5.777344,0.466797,0.464844,0.083984,0.388672,0.463196,0.026428,0.796082,down
360578,6.8125,4.796875,5.777344,0.466797,0.464844,0.083984,0.387146,0.462158,0.029175,0.797302,down
360583,6.816406,4.875,5.777344,0.513672,0.425781,0.095703,0.387146,0.462158,0.029175,0.797302,down
360588,6.816406,4.949219,5.816406,0.513672,0.425781,0.095703,0.384705,0.460999,0.033203,0.79895,down
360593,6.851562,4.910156,5.890625,0.513672,0.425781,0.095703,0.383972,0.460754,0.034363,0.799438,down
360598,6.96875,4.988281,5.890625,0.517578,0.384766,0.115234,0.383057,0.460449,0.035767,0.799988,down
360603,7.007812,5.027344,5.929687,0.517578,0.384766,0.115234,0.382263,0.460205,0.036987,0.800415,down
360608,7.011719,5.027344,6.007812,0.539062,0.373047,0.125,0.381348,0.459961,0.038391,0.800964,down
360614,7.039062,5.101562,6.082031,0.539062,0.373047,0.125,0.380493,0.459778,0.039551,0.801392,down
360619,7.078125,5.101562,6.082031,0.529297,0.40625,0.144531,0.379578,0.459473,0.040833,0.801941,down
360624,7.117187,5.101562,6.082031,0.507812,0.417969,0.152344,0.379578,0.459473,0.040833,0.801941,down
360630,7.195312,4.949219,6.082031,0.451172,0.439453,0.160156,0.379578,0.459473,0.040833,0.801941,down
360635,7.273437,4.875,6.121094,0.388672,0.462891,0.160156,0.379578,0.459473,0.040833,0.801941,down
360640,7.316406,4.835937,6.160156,0.3125,0.486328,0.171875,0.379578,0.459473,0.040833,0.801941,down
360646,7.316406,4.757812,6.121094,0.263672,0.517578,0.166016,0.379578,0.459473,0.040833,0.801941,down
360651,7.3125,4.566406,6.082031,0.263672,0.517578,0.166016,0.374756,0.456116,0.047119,0.805786,down
360656,7.3125,4.566406,6.007812,0.248047,0.607422,0.132812,0.374756,0.456116,0.047119,0.805786,down
360661,7.316406,4.453125,6.082031,0.28125,0.638672,0.113281,0.374756,0.456116,0.047119,0.805786,down
360667,7.421875,4.335937,6.273437,0.318359,0.667969,0.083984,0.372314,0.452087,0.051392,0.808899,down
360672,7.425781,4.261719,6.390625,0.318359,0.667969,0.083984,0.372314,0.452087,0.051392,0.808899,down
360677,7.421875,4.222656,6.3125,0.431641,0.78125,0.007813,0.372314,0.452087,0.051392,0.808899,down
360683,7.3125,4.144531,6.273437,0.496094,0.851562,-0.039063,0.372314,0.452087,0.051392,0.808899,down
360688,7.238281,4.183594,6.234375,0.496094,0.851562,-0.039063,0.369934,0.447021,0.058838,0.812317,down
360693,7.160156,4.183594,6.199219,0.703125,0.929687,-0.15625,0.369934,0.447021,0.058838,0.812317,down
360698,7.117187,4.261719,6.199219,0.703125,0.929687,-0.15625,0.369324,0.44574,0.061218,0.81311,down
360703,7.039062,4.414062,6.3125,0.763672,0.90625,-0.181641,0.368713,0.44458,0.063721,0.813843,down
360709,7.039062,4.414062,6.3125,0.789062,0.890625,-0.216797,0.368164,0.443481,0.066223,0.814514,down
360714,7.011719,4.375,6.351562,0.789062,0.890625,-0.216797,0.367615,0.442383,0.068909,0.815125,down
360719,6.855469,4.527344,6.3125,0.732422,0.888672,-0.271484,0.367126,0.441223,0.071533,0.815735,down
360724,6.851562,4.605469,6.3125,0.712891,0.90625,-0.292969,0.367126,0.441223,0.071533,0.815735,down
360730,6.851562,4.605469,6.3125,0.671875,0.923828,-0.294922,0.365967,0.4375,0.079468,0.817505,down
360736,6.8125,4.796875,6.351562,0.671875,0.923828,-0.294922,0.365967,0.4375,0.079468,0.817505,down
360742,6.8125,4.875,6.425781,0.671875,0.923828,-0.294922,0.365967,0.4375,0.079468,0.817505,down
360748,6.8125,4.949219,6.464844,0.462891,1.037109,-0.318359,0.365967,0.4375,0.079468,0.817505,down
360753,6.773437,4.796875,6.390625,0.462891,1.037109,-0.318359,0.365173,0.431335,0.08905,0.820129,down
360759,6.773437,4.796875,6.390625,0.408203,1.179688,-0.328125,0.365112,0.427551,0.093506,0.821655,down
360764,6.433594,4.796875,6.351562,0.427734,1.167969,-0.339844,0.365112,0.425232,0.096069,0.822571,down
360769,6.355469,4.757812,6.421875,0.478516,1.134766,-0.341797,0.365051,0.423218,0.098389,0.823364,down
360774,6.203125,4.835937,6.5,0.478516,1.134766,-0.341797,0.36499,0.421204,0.100891,0.824158,down
360780,6.046875,4.875,6.503906,0.478516,1.134766,-0.341797,0.364807,0.419495,0.103149,0.824829,down
360785,5.855469,5.027344,6.421875,0.478516,1.134766,-0.341797,0.364624,0.417542,0.105835,0.825562,down
360791,5.742187,5.066406,6.582031,0.664062,1.070313,-0.335938,0.364624,0.417542,0.105835,0.825562,down
360797,5.703125,5.101562,6.578125,0.707031,0.982422,-0.337891,0.364624,0.417542,0.105835,0.825562,down
360802,5.703125,5.257812,6.65625,0.728516,0.904297,-0.337891,0.364624,0.417542,0.105835,0.825562,down
360808,5.628906,5.332031,6.621094,0.730469,0.855469,-0.34375,0.36322,0.410339,0.119202,0.827942,down
360813,5.589844,5.371094,6.503906,0.730469,0.855469,-0.34375,0.362976,0.40918,0.121826,0.828247,down
360818,5.589844,5.449219,6.5,0.683594,0.726562,-0.373047,0.362976,0.40918,0.121826,0.828247,down
360823,5.511719,5.449219,6.578125,0.683594,0.726562,-0.373047,0.362854,0.408203,0.124329,0.82843,down
360828,5.550781,5.449219,6.660156,0.652344,0.666016,-0.376953,0.362854,0.408203,0.124329,0.82843,down
360833,5.550781,5.484375,6.660156,0.652344,0.666016,-0.376953,0.36261,0.406311,0.12915,0.828674,down
360838,5.550781,5.484375,6.582031,0.652344,0.666016,-0.376953,0.36261,0.405334,0.13147,0.828857,down
360843,5.472656,5.449219,6.578125,0.513672,0.652344,-0.365234,0.362671,0.40332,0.135498,0.829102,down
360848,5.472656,5.410156,6.582031,0.513672,0.652344,-0.365234,0.362732,0.402344,0.137207,0.829285,down
360853,5.359375,5.410156,6.578125,0.513672,0.652344,-0.365234,0.362732,0.402344,0.137207,0.829285,down
360858,5.28125,5.371094,6.539062,0.404297,0.625,-0.3125,0.362732,0.402344,0.137207,0.829285,down
360863,5.320312,5.371094,6.503906,0.4375,0.619141,-0.300781,0.362732,0.399353,0.142517,0.829834,down
360868,5.28125,5.449219,6.394531,0.4375,0.619141,-0.300781,0.362732,0.399353,0.142517,0.829834,down
360873,5.207031,5.484375,6.355469,0.619141,0.591797,-0.277344,0.362549,0.398376,0.144653,0.830017,down
360878,5.167969,5.5625,6.3125,0.619141,0.591797,-0.277344,0.362366,0.397522,0.146667,0.830139,down
360883,5.128906,5.675781,6.234375,0.619141,0.591797,-0.277344,0.362061,0.396851,0.148743,0.8302,down
360888,5.128906,5.675781,6.234375,0.732422,0.527344,-0.289063,0.361816,0.396301,0.150879,0.830261,down
360893,5.167969,5.753906,6.195312,0.732422,0.527344,-0.289063,0.361816,0.396301,0.150879,0.830261,down
360898,5.128906,5.867187,6.078125,0.777344,0.505859,-0.300781,0.361816,0.396301,0.150879,0.830261,down
360903,5.128906,5.867187,6.078125,0.78125,0.460937,-0.304688,0.36084,0.394897,0.157898,0.830017,down
360908,4.976562,6.253906,6.160156,0.78125,0.460937,-0.304688,0.360535,0.394531,0.160278,0.829895,down
360913,4.976562,6.289062,6.273437,0.591797,0.294922,-0.228516,0.360229,0.394287,0.162354,0.829712,down
360918,4.898437,6.367187,6.3125,0.591797,0.294922,-0.228516,0.359985,0.394104,0.164429,0.829529,down
360923,4.898437,6.292969,6.234375,0.591797,0.294922,-0.228516,0.359558,0.39386,0.167175,0.829224,down
360928,4.9375,6.136719,6.277344,0.591797,0.294922,-0.228516,0.359558,0.39386,0.167175,0.829224,down
360933,4.898437,6.0625,6.355469,0.255859,0.111328,-0.044922,0.359131,0.39386,0.168518,0.829163,down
360938,4.976562,6.023437,6.460937,0.255859,0.111328,-0.044922,0.359131,0.39386,0.168518,0.829163,down
360943,5.050781,5.984375,6.394531,0.255859,0.111328,-0.044922,0.359131,0.39386,0.168518,0.829163,down
360948,5.050781,5.867187,6.195312,0.197266,-0.128906,0.158203,0.359131,0.39386,0.168518,0.829163,down
360953,5.207031,5.792969,6.238281,0.197266,-0.128906,0.158203,0.358154,0.394775,0.169189,0.828979,down
360958,5.320312,5.792969,6.277344,0.197266,-0.128906,0.158203,0.357605,0.395447,0.169312,0.828857,down
360963,5.398437,5.867187,6.238281,0.197266,-0.128906,0.158203,0.357178,0.396118,0.169495,0.828735,down
360969,5.4375,5.90625,6.078125,0.373047,-0.236328,0.169922,0.355957,0.397949,0.170288,0.828186,down
360974,5.472656,5.945312,6.007812,0.373047,-0.236328,0.169922,0.355286,0.398926,0.170837,0.827881,down
360980,5.472656,6.023437,5.890625,0.373047,-0.236328,0.169922,0.354736,0.399963,0.171387,0.827576,down
360985,5.472656,6.023437,5.890625,0.417969,-0.318359,0.115234,0.354187,0.401001,0.171875,0.827148,down
360990,5.4375,6.132812,5.816406,0.369141,-0.345703,0.105469,0.354187,0.401001,0.171875,0.827148,down
360996,5.359375,6.136719,5.546875,0.369141,-0.345703,0.105469,0.353333,0.403198,0.172546,0.826355,down
361001,5.320312,6.097656,5.507812,0.201172,-0.367188,0.09375,0.353333,0.403198,0.172546,0.826355,down
361007,5.398437,6.023437,5.507812,0.105469,-0.414062,0.107422,0.353333,0.403198,0.172546,0.826355,down
361013,5.398437,5.867187,5.585937,0.105469,-0.414062,0.107422,0.353333,0.403198,0.172546,0.826355,down
361018,5.398437,5.675781,5.738281,-0.021484,-0.458984,0.117188,0.353333,0.403198,0.172546,0.826355,down
361023,5.398437,5.484375,5.894531,0.001953,-0.580078,0.177734,0.353333,0.403198,0.172546,0.826355,down
361028,5.4375,5.027344,5.96875,0.001953,-0.580078,0.177734,0.352661,0.409363,0.17041,0.824036,down
361033,5.472656,4.875,5.96875,0.001953,-0.580078,0.177734,0.352478,0.410767,0.1698,0.823547,down
361038,5.472656,4.835937,6.007812,0.175781,-0.683594,0.224609,0.352478,0.410767,0.1698,0.823547,down
361044,5.472656,4.875,6.007812,0.289063,-0.740234,0.253906,0.352478,0.410767,0.1698,0.823547,down
361049,5.398437,4.796875,6.082031,0.289063,-0.740234,0.253906,0.350403,0.41864,0.168457,0.82074,down
361054,5.359375,4.796875,6.121094,0.675781,-1.001953,0.349609,0.350403,0.41864,0.168457,0.82074,down
361059,5.242187,4.835937,6.199219,0.675781,-1.001953,0.349609,0.348389,0.424194,0.168823,0.818604,down
361064,5.242187,4.949219,6.160156,0.675781,-1.001953,0.349609,0.347168,0.427368,0.169312,0.817444,down
361069,5.359375,5.332031,6.15625,0.675781,-1.001953,0.349609,0.345459,0.431458,0.170227,0.815796,down
361074,5.4375,5.523437,6.039062,1.40625,-1.439453,0.470703,0.343689,0.435608,0.171265,0.814087,down
361080,5.511719,5.832031,5.894531,1.40625,-1.439453,0.470703,0.341858,0.43988,0.172363,0.812378,down
361085,5.664062,6.066406,5.738281,1.478516,-1.537109,0.507812,0.339905,0.444397,0.173523,0.810486,down
361090,5.855469,6.449219,5.355469,1.443359,-1.527344,0.513672,0.337708,0.449402,0.174683,0.80835,down
361095,5.933594,6.40625,5.203125,1.345703,-1.488281,0.519531,0.335754,0.453979,0.175659,0.806458,down
361100,6.011719,6.40625,5.046875,1.193359,-1.439453,0.515625,0.334106,0.457703,0.176331,0.804871,down
361106,6.207031,6.023437,4.855469,1.193359,-1.439453,0.515625,0.332397,0.461853,0.176819,0.803101,down
361113,6.234375,5.675781,4.855469,0.833984,-1.388672,0.546875,0.332397,0.461853,0.176819,0.803101,down
361118,6.277344,5.257812,4.820312,0.535156,-1.298828,0.566406,0.332397,0.461853,0.176819,0.803101,down
361123,6.238281,4.644531,5.046875,0.535156,-1.298828,0.566406,0.328308,0.472656,0.176086,0.798645,down
361129,6.167969,4.414062,5.164062,0.585937,-1.292969,0.621094,0.328308,0.472656,0.176086,0.798645,down
361134,6.234375,4.183594,5.203125,0.757812,-1.328125,0.646484,0.325745,0.479309,0.174744,0.796021,down
361140,6.234375,4.183594,5.203125,1.023438,-1.371094,0.662109,0.322571,0.486328,0.174133,0.793213,down
361145,6.234375,4.183594,5.203125,1.023438,-1.371094,0.662109,0.322571,0.486328,0.174133,0.793213,down
361150,6.394531,4.375,5.011719,1.330078,-1.4375,0.679687,0.322571,0.486328,0.174133,0.793213,down
361155,6.507812,5.027344,4.320312,1.691406,-1.509766,0.673828,0.317932,0.494629,0.175476,0.789612,down
361160,6.507812,5.027344,4.320312,1.691406,-1.509766,0.673828,0.317932,0.494629,0.175476,0.789612,down
361166,6.660156,5.984375,3.824219,2.412109,-1.695313,0.636719,0.3078,0.510681,0.182373,0.781799,down
361172,6.695312,6.597656,3.09375,2.917969,-1.8125,0.580078,0.3078,0.510681,0.182373,0.781799,down
361177,6.699219,6.863281,2.789063,2.984375,-1.810547,0.560547,0.3078,0.510681,0.182373,0.781799,down
361182,6.738281,6.976562,2.671875,2.921875,-1.822266,0.554687,0.295715,0.528625,0.192993,0.771912,down
361187,6.816406,7.214844,2.445313,2.771484,-1.8125,0.542969,0.295715,0.528625,0.192993,0.771912,down
361192,6.96875,7.097656,2.40625,2.771484,-1.8125,0.542969,0.288147,0.540039,0.199341,0.765259,down
361197,7.117187,6.941406,2.445313,2.169922,-1.853516,0.568359,0.288147,0.540039,0.199341,0.765259,down
361202,7.117187,6.828125,2.519531,1.876953,-1.833984,0.583984,0.288147,0.540039,0.199341,0.765259,down
361207,7.15625,6.671875,2.597656,1.587891,-1.775391,0.607422,0.288147,0.540039,0.199341,0.765259,down
361212,7.355469,6.328125,2.558594,1.587891,-1.775391,0.607422,0.288147,0.540039,0.199341,0.765259,down
361217,7.394531,6.253906,2.558594,1.587891,-1.775391,0.607422,0.274902,0.564514,0.20575,0.75061,down
361223,7.394531,6.253906,2.558594,1.03125,-1.535156,0.65625,0.272949,0.568542,0.205811,0.748291,down
361228,7.65625,5.984375,2.828125,0.988281,-1.513672,0.648437,0.271118,0.572388,0.20575,0.746033,down
361233,7.65625,5.984375,2.828125,0.988281,-1.513672,0.648437,0.271118,0.572388,0.20575,0.746033,down
361238,7.816406,5.640625,2.902344,1.058594,-1.460938,0.632812,0.271118,0.572388,0.20575,0.746033,down
361243,7.816406,5.640625,2.902344,1.404297,-1.326172,0.585937,0.264771,0.583679,0.206665,0.739258,down
361248,8.0,5.867187,2.480469,1.404297,-1.326172,0.585937,0.262268,0.587402,0.207764,0.736938,down
361253,8.003906,6.023437,2.328125,1.404297,-1.326172,0.585937,0.25946,0.591125,0.20929,0.734436,down
361259,8.039063,6.136719,2.175781,2.099609,-1.253906,0.447266,0.25946,0.591125,0.20929,0.734436,down
361264,8.042969,6.328125,1.984375,2.099609,-1.253906,0.447266,0.249878,0.602722,0.21582,0.72644,down
361269,7.960937,6.789062,1.640625,2.099609,-1.253906,0.447266,0.249878,0.602722,0.21582,0.72644,down
361274,7.882812,6.980469,1.601563,1.982422,-1.054688,0.369141,0.246277,0.606689,0.218506,0.723572,down
361279,7.8125,7.054687,1.449219,1.982422,-1.054688,0.369141,0.243103,0.610107,0.220947,0.721008,down
361284,7.699219,7.25,1.484375,1.982422,-1.054688,0.369141,0.237732,0.615906,0.224976,0.716614,down
361289,7.539062,7.09375,1.523438,1.982422,-1.054688,0.369141,0.237732,0.615906,0.224976,0.716614,down
361294,7.65625,6.75,1.449219,1.039063,-0.720703,0.333984,0.237732,0.615906,0.224976,0.716614,down
361299,7.578125,6.597656,1.292969,0.849609,-0.650391,0.355469,0.233398,0.620911,0.227722,0.71283,down
361304,7.199219,6.636719,1.371094,0.703125,-0.695312,0.373047,0.231689,0.622925,0.228455,0.711426,down
361309,7.425781,6.445312,1.601563,0.703125,-0.695312,0.373047,0.230103,0.624939,0.228943,0.710022,down
361315,7.777344,6.136719,1.640625,0.703125,-0.695312,0.373047,0.227783,0.628479,0.229004,0.707642,down
361321,7.777344,6.136719,1.449219,0.703125,-0.695312,0.373047,0.226746,0.629883,0.228943,0.706665,down
361326,7.777344,6.136719,1.449219,0.494141,-0.480469,0.375,0.225647,0.631287,0.228943,0.705811,down
361331,7.695312,6.023437,1.332031,0.494141,-0.480469,0.375,0.225647,0.631287,0.228943,0.705811,down
361336,7.925781,5.90625,1.066406,0.5625,-0.455078,0.349609,0.224426,0.632629,0.229004,0.704956,down
361341,7.925781,5.90625,1.066406,0.5625,-0.455078,0.349609,0.224426,0.632629,0.229004,0.704956,down
361346,7.925781,6.136719,0.71875,0.845703,-0.273438,0.253906,0.22168,0.635132,0.229919,0.703308,down
361351,7.960937,6.214844,0.71875,0.878906,-0.246094,0.230469,0.22168,0.635132,0.229919,0.703308,down
361357,8.0,6.328125,0.71875,0.878906,-0.246094,0.230469,0.216797,0.638306,0.232788,0.700989,down
361363,7.8125,6.480469,0.605469,0.878906,-0.246094,0.230469,0.216797,0.638306,0.232788,0.700989,down
361369,7.660156,6.519531,0.527344,0.724609,0.005859,0.212891,0.212097,0.640259,0.235718,0.699707,down
361374,7.503906,6.480469,0.605469,0.724609,0.005859,0.212891,0.210754,0.640503,0.236328,0.699646,down
361379,7.460937,6.519531,0.605469,0.345703,0.119141,0.265625,0.210754,0.640503,0.236328,0.699646,down
361384,7.390625,6.519531,0.605469,0.345703,0.119141,0.265625,0.209595,0.640686,0.236694,0.699646,down
361389,7.316406,6.519531,0.679687,0.191406,0.140625,0.292969,0.209595,0.640686,0.236694,0.699646,down
361394,7.277344,6.445312,0.605469,0.191406,0.140625,0.292969,0.207764,0.640808,0.236633,0.700195,down
361399,7.3125,6.289062,0.488281,0.191406,0.140625,0.292969,0.207031,0.640686,0.236206,0.700623,down
361404,7.3125,6.175781,0.375,-0.134766,0.222656,0.373047,0.205933,0.640259,0.234802,0.701843,down
361409,7.464844,5.867187,0.414062,-0.134766,0.222656,0.373047,0.205933,0.640259,0.234802,0.701843,down
361414,7.503906,5.792969,0.605469,-0.134766,0.222656,0.373047,0.205383,0.639893,0.233948,0.702576,down
361419,7.578125,5.792969,0.757812,-0.259766,0.318359,0.431641,0.205383,0.639893,0.233948,0.702576,down
361425,7.617187,5.5625,0.71875,-0.242187,0.365234,0.435547,0.205383,0.639893,0.233948,0.702576,down
361430,7.621094,5.523437,0.835937,-0.242187,0.365234,0.435547,0.203003,0.637817,0.230225,0.706421,down
361435,7.699219,5.449219,0.949219,-0.171875,0.419922,0.388672,0.202393,0.637207,0.229492,0.707336,down
361440,7.777344,5.523437,1.027344,-0.154297,0.433594,0.361328,0.202393,0.637207,0.229492,0.707336,down
361445,7.777344,5.5625,1.066406,-0.154297,0.433594,0.361328,0.201172,0.635986,0.228271,0.709167,down
361451,7.777344,5.5625,1.140625,-0.162109,0.425781,0.300781,0.200623,0.635254,0.227661,0.710144,down
361456,8.0,5.523437,1.371094,-0.167969,0.449219,0.28125,0.200073,0.634521,0.227112,0.711121,down
361461,8.15625,5.753906,1.179688,-0.167969,0.449219,0.28125,0.199646,0.633911,0.226685,0.711975,down
361467,8.078125,5.90625,1.257813,-0.167969,0.449219,0.28125,0.199219,0.633057,0.226135,0.713013,down
361473,8.117188,6.023437,1.371094,-0.255859,0.486328,0.314453,0.199219,0.633057,0.226135,0.713013,down
361479,8.226563,6.136719,1.140625,-0.318359,0.492187,0.349609,0.199219,0.633057,0.226135,0.713013,down
361485,8.308594,6.023437,1.101563,-0.414062,0.515625,0.382813,0.197693,0.629456,0.222351,0.717773,down
361490,8.503906,5.753906,1.21875,-0.648437,0.609375,0.439453,0.197693,0.629456,0.222351,0.717773,down
361495,8.613281,5.484375,1.332031,-0.712891,0.701172,0.435547,0.197571,0.628418,0.220947,0.719238,down
361500,8.730469,4.910156,1.601563,-0.712891,0.701172,0.435547,0.197449,0.625732,0.217896,0.722473,down
361505,8.578125,4.605469,1.792969,-0.699219,0.914062,0.394531,0.197388,0.623779,0.216187,0.72467,down
361510,8.464844,4.375,2.097656,-0.642578,0.919922,0.398438,0.197388,0.623779,0.216187,0.72467,down
361515,8.304688,4.183594,2.597656,-0.642578,0.919922,0.398438,0.197205,0.62207,0.214844,0.726624,down
361520,8.117188,4.183594,2.75,-0.642578,0.919922,0.398438,0.196594,0.618774,0.212646,0.730225,down
361525,7.964844,4.183594,2.789063,-0.277344,0.845703,0.365234,0.196594,0.618774,0.212646,0.730225,down
361530,7.84375,4.222656,2.710938,-0.277344,0.845703,0.365234,0.19519,0.615662,0.211304,0.733643,down
361535,7.734375,4.414062,2.597656,-0.277344,0.845703,0.365234,0.194275,0.614624,0.211121,0.734802,down
361540,7.539062,4.910156,2.214844,0.228516,0.523437,0.291016,0.193115,0.613708,0.211182,0.73584,down
361545,7.621094,5.21875,2.058594,0.333984,0.390625,0.259766,0.193115,0.613708,0.211182,0.73584,down
361550,7.84375,5.675781,1.90625,0.333984,0.390625,0.259766,0.192078,0.613159,0.211487,0.73645,down
361555,7.886719,5.984375,1.945313,0.333984,0.390625,0.259766,0.189575,0.61261,0.212463,0.737305,down
361560,7.921875,6.253906,1.90625,0.216797,0.195312,0.230469,0.189575,0.61261,0.212463,0.737305,down
361565,7.921875,6.558594,1.792969,0.037109,0.160156,0.253906,0.188782,0.612488,0.212646,0.737549,down
361570,7.960937,6.480469,1.714844,0.037109,0.160156,0.253906,0.187988,0.612366,0.212585,0.737915,down
361575,8.230469,6.097656,1.832031,-0.484375,0.115234,0.273438,0.187561,0.612183,0.212158,0.738281,down
361580,8.503906,5.675781,1.984375,-0.484375,0.115234,0.273438,0.187561,0.611938,0.211121,0.73877,down
361585,8.503906,5.675781,1.984375,-0.994141,0.28125,0.275391,0.188538,0.610962,0.207886,0.740234,down
361590,9.03125,4.875,2.445313,-0.994141,0.28125,0.275391,0.189514,0.609924,0.205627,0.741516,down
361595,8.886719,4.222656,2.789063,-1.226563,0.492187,0.283203,0.189514,0.609924,0.205627,0.741516,down
361600,8.84375,3.992188,2.902344,-1.226563,0.492187,0.283203,0.191711,0.6073,0.200745,0.744385,down
361605,8.691406,3.761719,3.476563,-1.226563,0.492187,0.283203,0.192871,0.605896,0.198181,0.745972,down
361610,8.648438,3.839844,3.632813,-1.226563,0.492187,0.283203,0.193726,0.604797,0.196228,0.747131,down
361615,8.503906,3.878906,3.632813,-0.724609,0.408203,0.164062,0.193726,0.604797,0.196228,0.747131,down
361620,8.421875,4.070312,3.363281,-0.724609,0.408203,0.164062,0.194885,0.602722,0.193481,0.749207,down
361625,8.269531,4.453125,3.019531,-0.724609,0.408203,0.164062,0.195129,0.602051,0.192871,0.749817,down
361630,8.269531,4.644531,3.019531,0.039063,0.130859,0.009766,0.195129,0.602051,0.192871,0.749817,down
361635,8.265625,4.988281,2.980469,0.039063,0.130859,0.009766,0.195068,0.601685,0.19281,0.750183,down
361640,8.199219,5.292969,2.863281,0.226562,0.003906,-0.009766,0.195068,0.601685,0.19281,0.750183,down
361646,8.308594,5.945312,2.710938,0.226562,0.003906,-0.009766,0.194275,0.601685,0.193787,0.750122,down
361651,8.308594,6.289062,2.636719,0.03125,-0.072266,0.066406,0.194092,0.601929,0.193909,0.749939,down
361656,8.226563,6.558594,2.445313,-0.197266,-0.089844,0.144531,0.194031,0.602051,0.193542,0.749939,down
361662,8.199219,6.828125,2.253906,-0.197266,-0.089844,0.144531,0.194214,0.602173,0.192749,0.750061,down
361667,8.34375,6.636719,2.023438,-0.197266,-0.089844,0.144531,0.194641,0.602112,0.19104,0.750366,down
361672,8.464844,6.328125,2.023438,-1.074219,0.021484,0.435547,0.194641,0.602112,0.19104,0.750366,down
361678,8.609375,5.984375,2.058594,-1.28125,0.107422,0.509766,0.194641,0.602112,0.19104,0.750366,down
361684,8.84375,5.21875,2.328125,-1.509766,0.322266,0.560547,0.194641,0.602112,0.19104,0.750366,down
361689,8.765625,4.988281,2.480469,-1.509766,0.322266,0.560547,0.198181,0.599731,0.17926,0.754272,down
361695,8.6875,4.644531,2.75,-1.574219,0.392578,0.570312,0.200317,0.597229,0.172119,0.757324,down
361700,8.609375,3.992188,3.054688,-1.574219,0.392578,0.570312,0.200317,0.597229,0.172119,0.757324,down
361705,8.609375,3.992188,3.054688,-1.519531,0.427734,0.529297,0.201477,0.595825,0.168457,0.758972,down
361710,8.578125,3.914063,3.210938,-1.519531,0.427734,0.529297,0.202454,0.594543,0.165222,0.760437,down
361715,8.578125,3.914063,3.210938,-1.138672,0.359375,0.419922,0.203308,0.593323,0.162292,0.76178,down
361720,8.5,3.953125,3.132813,-1.138672,0.359375,0.419922,0.203308,0.593323,0.162292,0.76178,down
361725,8.5,3.953125,3.132813,-0.683594,0.191406,0.257813,0.204468,0.591614,0.158203,0.763672,down
361730,8.609375,4.488281,2.941406,-0.683594,0.191406,0.257813,0.205261,0.59082,0.155823,0.764526,down
361735,8.648438,4.949219,2.828125,-0.683594,0.191406,0.257813,0.205261,0.59082,0.155823,0.764526,down
361740,8.609375,5.140625,2.789063,-0.296875,-0.001953,-0.013672,0.205688,0.590576,0.155029,0.764771,down
361745,8.539063,5.371094,2.75,-0.353516,-0.011719,-0.025391,0.206116,0.590454,0.15448,0.764893,down
361751,8.460938,5.753906,2.519531,-0.474609,0.011719,-0.009766,0.206665,0.590271,0.15387,0.765015,down
361756,8.582031,5.640625,2.328125,-0.474609,0.011719,-0.009766,0.208069,0.589661,0.1521,0.765381,down
361761,8.582031,5.640625,2.328125,-0.882812,0.115234,0.052734,0.209106,0.589111,0.150635,0.765808,down
361766,8.6875,5.371094,2.367188,-1.074219,0.201172,0.082031,0.21051,0.588257,0.14856,0.766541,down
361771,8.765625,4.566406,2.710938,-1.074219,0.201172,0.082031,0.211914,0.587219,0.146423,0.767334,down
361776,8.691406,4.296875,2.75,-1.21875,0.392578,0.072266,0.213501,0.585876,0.144043,0.768372,down
361782,8.691406,3.761719,2.789063,-1.21875,0.392578,0.072266,0.214722,0.584656,0.142212,0.769287,down
361787,8.652344,3.609375,2.863281,-1.21875,0.392578,0.072266,0.21637,0.583008,0.139954,0.770508,down
361792,8.691406,3.53125,3.171875,-1.21875,0.392578,0.072266,0.21637,0.583008,0.139954,0.770508,down
361798,8.6875,3.53125,3.210938,-0.966797,0.416016,-0.027344,0.21637,0.583008,0.139954,0.770508,down
361803,8.652344,3.648438,3.246094,-0.800781,0.408203,-0.064453,0.21637,0.583008,0.139954,0.770508,down
361808,8.382813,3.953125,3.402344,-0.800781,0.408203,-0.064453,0.21637,0.583008,0.139954,0.770508,down
361813,8.386719,4.070312,3.363281,-0.269531,0.298828,-0.123047,0.21637,0.583008,0.139954,0.770508,down
361818,8.308594,4.414062,3.285156,-0.007813,0.234375,-0.150391,0.21637,0.583008,0.139954,0.770508,down
361823,8.121094,4.679687,3.09375,0.173828,0.195312,-0.160156,0.21637,0.583008,0.139954,0.770508,down
361828,8.082031,5.140625,2.863281,0.173828,0.195312,-0.160156,0.21637,0.583008,0.139954,0.770508,down
361834,8.117188,5.332031,2.828125,0.173828,0.09375,-0.162109,0.21637,0.583008,0.139954,0.770508,down
361840,8.15625,5.371094,2.828125,-0.089844,0.023437,-0.152344,0.21637,0.583008,0.139954,0.770508,down
361846,8.34375,5.332031,2.902344,-0.089844,0.023437,-0.152344,0.223389,0.57489,0.136353,0.775269,down
361851,8.386719,5.179687,2.863281,-0.369141,0.064453,-0.132812,0.22406,0.574585,0.135986,0.77533,down
361856,8.386719,5.179687,2.828125,-0.369141,0.064453,-0.132812,0.224854,0.574158,0.135376,0.775513,down
361861,8.308594,5.21875,2.789063,-0.658203,0.128906,-0.064453,0.22583,0.573547,0.134399,0.775879,down
361867,8.386719,5.101562,3.171875,-0.658203,0.128906,-0.064453,0.226868,0.572815,0.13324,0.776306,down
361872,8.265625,5.101562,3.171875,-0.847656,0.251953,-0.015625,0.226868,0.572815,0.13324,0.776306,down
361877,8.117188,5.101562,3.132813,-0.878906,0.308594,-0.003906,0.226868,0.572815,0.13324,0.776306,down
361882,7.925781,5.066406,3.210938,-0.878906,0.308594,-0.003906,0.230347,0.569824,0.128784,0.778259,down
361887,7.8125,4.988281,3.402344,-0.878906,0.308594,-0.003906,0.231567,0.568726,0.127258,0.778931,down
361892,7.660156,4.988281,3.402344,-0.839844,0.25,-0.023437,0.231567,0.568726,0.127258,0.778931,down
361898,7.582031,4.988281,3.476563,-0.839844,0.25,-0.023437,0.231567,0.568726,0.127258,0.778931,down
361904,7.582031,4.910156,3.59375,-0.839844,0.25,-0.023437,0.234924,0.565918,0.123047,0.78064,down
361909,7.539062,4.949219,3.707031,-0.71875,0.074219,-0.068359,0.234924,0.565918,0.123047,0.78064,down
361914,7.503906,4.835937,3.707031,-0.71875,0.074219,-0.068359,0.237183,0.564758,0.120483,0.78125,down
361919,7.542969,4.757812,3.746094,-0.748047,-0.019531,-0.056641,0.237183,0.564758,0.120483,0.78125,down
361924,7.621094,4.527344,3.785156,-0.748047,-0.019531,-0.056641,0.239563,0.563843,0.117676,0.781555,down
361929,7.699219,4.414062,3.859375,-0.828125,-0.074219,-0.066406,0.239563,0.563843,0.117676,0.781555,down
361934,7.777344,4.261719,3.898438,-0.828125,-0.074219,-0.066406,0.242187,0.56311,0.114624,0.781738,down
361939,7.84375,4.070312,3.9375,-0.828125,-0.074219,-0.066406,0.242187,0.56311,0.114624,0.781738,down
361944,7.886719,4.03125,3.9375,-0.806641,-0.082031,-0.136719,0.242187,0.56311,0.114624,0.781738,down
361949,7.921875,3.992188,3.976563,-0.738281,-0.078125,-0.179687,0.242187,0.56311,0.114624,0.781738,down
361955,7.886719,4.070312,4.050781,-0.738281,-0.078125,-0.179687,0.249146,0.56134,0.108276,0.781738,down
361960,7.882812,4.105469,4.089844,-0.738281,-0.078125,-0.179687,0.249146,0.56134,0.108276,0.781738,down
361965,7.882812,4.105469,4.089844,-0.412109,-0.087891,-0.314453,0.250366,0.561157,0.107666,0.781555,down
361970,7.8125,4.375,3.9375,-0.304688,-0.085937,-0.355469,0.251587,0.560974,0.107422,0.781311,down
361975,7.8125,4.375,3.9375,-0.191406,-0.080078,-0.386719,0.251587,0.560974,0.107422,0.781311,down
361981,7.816406,4.566406,3.785156,-0.191406,-0.080078,-0.386719,0.252686,0.560852,0.107422,0.781067,down
361986,7.816406,4.566406,3.785156,-0.089844,-0.027344,-0.433594,0.255676,0.560608,0.108337,0.78009,down
361992,7.695312,4.988281,3.785156,-0.089844,-0.027344,-0.433594,0.256653,0.560486,0.108765,0.779846,down
361997,7.699219,5.066406,3.785156,-0.205078,-0.011719,-0.431641,0.256653,0.560486,0.108765,0.779846,down
362002,7.617187,5.066406,3.746094,-0.306641,0.003906,-0.419922,0.256653,0.560486,0.108765,0.779846,down
362008,7.582031,4.835937,3.707031,-0.306641,0.003906,-0.419922,0.256653,0.560486,0.108765,0.779846,down
362014,7.503906,4.757812,3.785156,-0.580078,-0.027344,-0.400391,0.256653,0.560486,0.108765,0.779846,down
362019,7.421875,4.679687,3.898438,-0.6875,-0.058594,-0.396484,0.256653,0.560486,0.108765,0.779846,down
362024,7.394531,4.488281,3.976563,-0.740234,-0.107422,-0.394531,0.256653,0.560486,0.108765,0.779846,down
362029,7.617187,4.261719,3.976563,-0.740234,-0.107422,-0.394531,0.256653,0.560486,0.108765,0.779846,down
362035,7.660156,4.222656,4.015625,-0.740234,-0.107422,-0.394531,0.268921,0.557861,0.105103,0.778137,down
362041,7.886719,4.070312,3.898438,-0.65625,-0.269531,-0.417969,0.268921,0.557861,0.105103,0.778137,down
362046,7.964844,4.03125,3.9375,-0.570312,-0.298828,-0.447266,0.27417,0.557922,0.102844,0.77655,down
362051,8.082031,4.070312,3.9375,-0.570312,-0.298828,-0.447266,0.27417,0.557922,0.102844,0.77655,down
362056,8.121094,4.03125,3.859375,-0.294922,-0.349609,-0.53125,0.277344,0.558533,0.102722,0.774963,down
362061,8.195313,4.105469,3.707031,-0.294922,-0.349609,-0.53125,0.277344,0.558533,0.102722,0.774963,down
362066,8.160156,4.105469,3.59375,0.097656,-0.355469,-0.675781,0.277344,0.558533,0.102722,0.774963,down
362071,8.230469,4.296875,3.632813,0.097656,-0.355469,-0.675781,0.280029,0.559631,0.104004,0.77301,down
362076,8.195313,4.605469,3.476563,0.097656,-0.355469,-0.675781,0.282532,0.560791,0.106079,0.770996,down
362081,8.230469,4.796875,3.402344,0.097656,-0.355469,-0.675781,0.28363,0.56134,0.107178,0.770081,down
362086,8.230469,4.988281,3.324219,0.097656,-0.355469,-0.675781,0.28363,0.56134,0.107178,0.770081,down
362091,8.160156,5.179687,3.210938,0.160156,-0.298828,-0.767578,0.286316,0.562256,0.109619,0.768005,down
362096,8.078125,5.449219,3.171875,0.160156,-0.298828,-0.767578,0.287781,0.562622,0.110657,0.76709,down
362101,8.082031,5.523437,3.09375,0.160156,-0.298828,-0.767578,0.289185,0.562927,0.111572,0.766174,down
362106,8.121094,5.484375,3.09375,0.160156,-0.298828,-0.767578,0.289185,0.562927,0.111572,0.766174,down
362111,8.117188,5.523437,3.171875,-0.101563,-0.248047,-0.738281,0.292419,0.563293,0.112976,0.764465,down
362116,8.160156,5.449219,3.246094,-0.101563,-0.248047,-0.738281,0.294067,0.563416,0.113403,0.763672,down
362121,8.15625,5.410156,3.246094,-0.101563,-0.248047,-0.738281,0.294067,0.563416,0.113403,0.763672,down
362126,8.117188,5.332031,3.246094,-0.296875,-0.183594,-0.660156,0.294067,0.563416,0.113403,0.763672,down
362131,8.042969,5.292969,3.324219,-0.296875,-0.183594,-0.660156,0.297607,0.563354,0.114014,0.762268,down
362137,8.042969,5.292969,3.324219,-0.304688,-0.166016,-0.634766,0.300964,0.563232,0.114441,0.760986,down
362142,8.039063,5.292969,3.402344,-0.291016,-0.164062,-0.626953,0.302795,0.56311,0.114685,0.760315,down
362148,7.960937,5.371094,3.554688,-0.291016,-0.164062,-0.626953,0.30426,0.563049,0.114868,0.759766,down
362153,8.0,5.410156,3.746094,-0.291016,-0.164062,-0.626953,0.30426,0.563049,0.114868,0.759766,down
362160,8.0,5.371094,3.746094,-0.183594,-0.232422,-0.615234,0.30426,0.563049,0.114868,0.759766,down
362165,8.078125,5.371094,3.785156,-0.162109,-0.244141,-0.613281,0.30426,0.563049,0.114868,0.759766,down
362171,8.121094,5.410156,3.824219,-0.162109,-0.244141,-0.613281,0.311646,0.563721,0.116699,0.755981,down
362176,8.121094,5.449219,3.785156,-0.162109,-0.244141,-0.613281,0.311646,0.563721,0.116699,0.755981,down
362181,8.042969,5.523437,3.746094,-0.115234,-0.265625,-0.615234,0.311646,0.563721,0.116699,0.755981,down
362186,7.925781,5.675781,3.667969,-0.136719,-0.253906,-0.625,0.311646,0.563721,0.116699,0.755981,down
362191,7.886719,5.753906,3.632813,-0.136719,-0.253906,-0.625,0.317505,0.564392,0.11853,0.752747,down
362196,7.847656,5.792969,3.59375,-0.203125,-0.212891,-0.640625,0.317505,0.564392,0.11853,0.752747,down
362201,7.773437,5.832031,3.554688,-0.203125,-0.212891,-0.640625,0.319092,0.564453,0.118896,0.751953,down
362206,7.617187,5.867187,3.59375,-0.232422,-0.21875,-0.646484,0.319092,0.564453,0.118896,0.751953,down
362211,7.65625,5.832031,3.554688,-0.248047,-0.242187,-0.640625,0.322083,0.564514,0.119507,0.750488,down
362216,7.582031,5.867187,3.554688,-0.248047,-0.242187,-0.640625,0.323914,0.564575,0.119812,0.749634,down
362221,7.582031,5.90625,3.515625,-0.292969,-0.240234,-0.636719,0.3255,0.564636,0.119995,0.748901,down
362227,7.582031,5.90625,3.515625,-0.300781,-0.244141,-0.636719,0.328674,0.564697,0.120361,0.747375,down
362232,7.460937,5.867187,3.476563,-0.296875,-0.265625,-0.621094,0.330566,0.564697,0.120483,0.746521,down
362237,7.355469,5.792969,3.554688,-0.296875,-0.265625,-0.621094,0.332275,0.564819,0.120605,0.745667,down
362242,7.3125,5.792969,3.59375,-0.296875,-0.265625,-0.621094,0.333618,0.56488,0.120728,0.744995,down
362247,7.199219,5.792969,3.554688,-0.226562,-0.328125,-0.597656,0.335388,0.565125,0.120911,0.743958,down
362252,7.234375,5.753906,3.554688,-0.203125,-0.345703,-0.576172,0.336914,0.565369,0.121033,0.743042,down
362257,7.234375,5.792969,3.554688,-0.203125,-0.345703,-0.576172,0.338135,0.565674,0.121216,0.74231,down
362262,7.277344,5.867187,3.441406,-0.203125,-0.345703,-0.576172,0.338135,0.565674,0.121216,0.74231,down
362267,7.277344,5.867187,3.441406,-0.183594,-0.363281,-0.546875,0.3396,0.565979,0.121338,0.741333,down
362272,7.277344,5.832031,3.402344,-0.183594,-0.363281,-0.546875,0.340942,0.566284,0.12146,0.740479,down
362277,7.316406,5.90625,3.210938,-0.208984,-0.330078,-0.507812,0.342285,0.566589,0.121521,0.739624,down
362282,7.316406,5.90625,3.210938,-0.208984,-0.330078,-0.507812,0.342285,0.566589,0.121521,0.739624,down
362287,7.316406,5.90625,3.210938,-0.248047,-0.279297,-0.492187,0.346375,0.567139,0.121582,0.737305,down
362292,7.15625,5.945312,3.171875,-0.248047,-0.279297,-0.492187,0.3479,0.567139,0.121521,0.736572,down
362297,7.15625,5.90625,3.210938,-0.248047,-0.279297,-0.492187,0.349182,0.567139,0.12146,0.736023,down
362302,7.121094,5.90625,3.171875,-0.248047,-0.279297,-0.492187,0.350708,0.567078,0.121338,0.735352,down
362307,7.078125,5.945312,3.171875,-0.398438,-0.244141,-0.5,0.352356,0.566956,0.121094,0.734619,down
362312,7.082031,5.867187,3.171875,-0.398438,-0.244141,-0.5,0.354004,0.566956,0.12085,0.733948,down
362317,7.117187,5.90625,3.246094,-0.398438,-0.244141,-0.5,0.355408,0.566895,0.120605,0.733337,down
362322,7.117187,5.90625,3.285156,-0.425781,-0.304688,-0.513672,0.357178,0.566895,0.1203,0.732544,down
362328,7.195312,5.832031,3.402344,-0.425781,-0.304688,-0.513672,0.358704,0.566895,0.119995,0.731812,down
362333,7.195312,5.753906,3.402344,-0.425781,-0.304688,-0.513672,0.360291,0.566956,0.11969,0.731079,down
362340,7.117187,5.5625,3.515625,-0.425781,-0.304688,-0.513672,0.360291,0.566956,0.11969,0.731079,down
362345,7.15625,5.523437,3.59375,-0.394531,-0.316406,-0.542969,0.360291,0.566956,0.11969,0.731079,down
362351,7.082031,5.523437,3.554688,-0.369141,-0.320313,-0.558594,0.366943,0.567139,0.118835,0.727722,down
362356,7.039062,5.523437,3.59375,-0.369141,-0.320313,-0.558594,0.366943,0.567139,0.118835,0.727722,down
362361,7.039062,5.5625,3.554688,-0.332031,-0.300781,-0.560547,0.366943,0.567139,0.118835,0.727722,down
362366,7.078125,5.640625,3.476563,-0.318359,-0.296875,-0.566406,0.366943,0.567139,0.118835,0.727722,down
362371,7.121094,5.675781,3.441406,-0.318359,-0.296875,-0.566406,0.371643,0.567322,0.118652,0.72522,down
362376,7.042969,5.714844,3.476563,-0.318359,-0.296875,-0.566406,0.373352,0.567444,0.118713,0.724243,down
362382,6.972656,5.832031,3.441406,-0.257813,-0.3125,-0.623047,0.373352,0.567444,0.118713,0.724243,down
362387,6.929687,5.792969,3.441406,-0.257813,-0.3125,-0.623047,0.37793,0.56781,0.119019,0.721497,down
362392,6.851562,5.714844,3.402344,-0.271484,-0.339844,-0.628906,0.37793,0.56781,0.119019,0.721497,down
362397,6.8125,5.753906,3.402344,-0.283203,-0.353516,-0.625,0.3797,0.567932,0.119141,0.720459,down
362402,6.816406,5.714844,3.441406,-0.283203,-0.353516,-0.625,0.382874,0.568298,0.119263,0.718506,down
362407,6.894531,5.640625,3.441406,-0.283203,-0.353516,-0.625,0.382874,0.568298,0.119263,0.718506,down
362412,6.855469,5.675781,3.402344,-0.34375,-0.355469,-0.626953,0.384521,0.56842,0.119202,0.717529,down
362417,6.890625,5.675781,3.402344,-0.34375,-0.355469,-0.626953,0.388123,0.568665,0.11908,0.715393,down
362422,6.890625,5.714844,3.324219,-0.339844,-0.361328,-0.646484,0.388123,0.568665,0.11908,0.715393,down
362427,6.855469,5.753906,3.324219,-0.339844,-0.361328,-0.646484,0.391541,0.568909,0.11908,0.713318,down
362432,6.890625,5.753906,3.324219,-0.296875,-0.369141,-0.679687,0.391541,0.568909,0.11908,0.713318,down
362437,6.890625,5.675781,3.363281,-0.296875,-0.369141,-0.679687,0.393372,0.569092,0.11908,0.712219,down
362442,6.890625,5.675781,3.363281,-0.230469,-0.367188,-0.705078,0.396545,0.569397,0.119385,0.710083,down
362447,6.929687,5.714844,3.441406,-0.230469,-0.367188,-0.705078,0.396545,0.569397,0.119385,0.710083,down
362452,6.929687,5.753906,3.441406,-0.183594,-0.361328,-0.722656,0.399963,0.569885,0.120117,0.707703,down
362457,6.8125,5.867187,3.515625,-0.183594,-0.361328,-0.722656,0.401611,0.570129,0.120605,0.706482,down
362462,6.738281,5.984375,3.554688,-0.183594,-0.361328,-0.722656,0.403076,0.570312,0.121155,0.705383,down
362467,6.695312,6.023437,3.515625,-0.183594,-0.361328,-0.722656,0.403076,0.570312,0.121155,0.705383,down
362472,6.65625,6.136719,3.515625,-0.099609,-0.318359,-0.763672,0.406311,0.570801,0.122375,0.702942,down
362477,6.628906,6.328125,3.402344,-0.099609,-0.318359,-0.763672,0.407898,0.570984,0.122986,0.701721,down
362482,6.589844,6.40625,3.402344,-0.099609,-0.318359,-0.763672,0.409546,0.571167,0.123596,0.7005,down
362487,6.589844,6.480469,3.441406,-0.142578,-0.341797,-0.804687,0.409546,0.571167,0.123596,0.7005,down
362492,6.65625,6.558594,3.285156,-0.142578,-0.341797,-0.804687,0.411438,0.571411,0.124268,0.699097,down
362498,6.660156,6.75,3.324219,-0.142578,-0.341797,-0.804687,0.414795,0.571716,0.125183,0.696716,down
362503,6.660156,6.75,3.324219,-0.271484,-0.375,-0.798828,0.416687,0.571838,0.125488,0.695435,down
362508,6.660156,6.789062,3.324219,-0.345703,-0.404297,-0.78125,0.418762,0.57196,0.125732,0.694092,down
362514,6.738281,6.597656,3.476563,-0.345703,-0.404297,-0.78125,0.420593,0.572021,0.125732,0.692871,down
362519,6.738281,6.597656,3.632813,-0.492187,-0.433594,-0.765625,0.420593,0.572021,0.125732,0.692871,down
362524,6.738281,6.597656,3.632813,-0.492187,-0.433594,-0.765625,0.420593,0.572021,0.125732,0.692871,down
362529,6.734375,6.519531,3.746094,-0.527344,-0.441406,-0.751953,0.420593,0.572021,0.125732,0.692871,down
362534,6.8125,6.445312,3.707031,-0.527344,-0.441406,-0.751953,0.420593,0.572021,0.125732,0.692871,down
362539,6.8125,6.445312,3.707031,-0.546875,-0.435547,-0.75,0.431519,0.571777,0.12439,0.686584,down
362546,6.738281,6.445312,3.746094,-0.546875,-0.435547,-0.75,0.431519,0.571777,0.12439,0.686584,down
362551,6.734375,6.40625,3.746094,-0.470703,-0.417969,-0.769531,0.431519,0.571777,0.12439,0.686584,down
362556,6.777344,6.445312,3.667969,-0.470703,-0.417969,-0.769531,0.438232,0.571655,0.123779,0.682495,down
362562,6.738281,6.480469,3.667969,-0.226562,-0.412109,-0.828125,0.438232,0.571655,0.123779,0.682495,down
362568,6.660156,6.792969,3.476563,-0.226562,-0.412109,-0.828125,0.443726,0.572021,0.124512,0.678467,down
362573,6.660156,6.9375,3.515625,-0.125,-0.40625,-0.857422,0.445679,0.572327,0.125122,0.67688,down
362578,6.585937,7.09375,3.441406,-0.123047,-0.408203,-0.867187,0.447449,0.572632,0.125732,0.675354,down
362584,6.46875,7.28125,3.363281,-0.123047,-0.408203,-0.867187,0.449036,0.572815,0.126221,0.674011,down
362589,6.277344,7.476562,3.324219,-0.123047,-0.408203,-0.867187,0.450806,0.57312,0.12677,0.672546,down
362595,6.277344,7.515625,3.285156,-0.179687,-0.439453,-0.839844,0.450806,0.57312,0.12677,0.672546,down
362601,6.238281,7.554687,3.363281,-0.238281,-0.460937,-0.822266,0.450806,0.57312,0.12677,0.672546,down
362606,6.203125,7.554687,3.363281,-0.238281,-0.460937,-0.822266,0.450806,0.57312,0.12677,0.672546,down
362612,6.164062,7.519531,3.441406,-0.496094,-0.507812,-0.740234,0.450806,0.57312,0.12677,0.672546,down
362617,6.238281,7.441406,3.476563,-0.496094,-0.507812,-0.740234,0.460388,0.574036,0.127441,0.665039,down
362622,6.355469,7.28125,3.515625,-0.560547,-0.492187,-0.734375,0.460388,0.574036,0.127441,0.665039,down
362627,6.429687,7.132812,3.476563,-0.636719,-0.484375,-0.728516,0.460388,0.574036,0.127441,0.665039,down
362632,6.507812,7.058594,3.441406,-0.636719,-0.484375,-0.728516,0.46698,0.57373,0.126038,0.66095,down
362637,6.507812,7.09375,3.515625,-0.636719,-0.484375,-0.728516,0.469421,0.573547,0.125427,0.659546,down
362642,6.507812,7.09375,3.515625,-0.5625,-0.519531,-0.757812,0.47168,0.573425,0.124878,0.658081,down
362647,6.585937,7.097656,3.402344,-0.5625,-0.519531,-0.757812,0.473755,0.573303,0.124451,0.656799,down
362652,6.507812,7.175781,3.324219,-0.511719,-0.517578,-0.763672,0.478149,0.573303,0.123718,0.653748,down
362657,6.507812,7.285156,3.324219,-0.511719,-0.517578,-0.763672,0.478149,0.573303,0.123718,0.653748,down
362662,6.429687,7.363281,3.285156,-0.322266,-0.498047,-0.789062,0.480164,0.573364,0.123596,0.652222,down
362667,6.355469,7.480469,3.171875,-0.322266,-0.498047,-0.789062,0.483826,0.57373,0.123596,0.649231,down
362672,6.203125,7.664062,3.09375,-0.322266,-0.498047,-0.789062,0.483826,0.57373,0.123596,0.649231,down
362677,6.125,7.742187,3.019531,-0.322266,-0.498047,-0.789062,0.487427,0.57428,0.12384,0.645996,down
362682,6.046875,7.859375,2.980469,-0.236328,-0.533203,-0.769531,0.487427,0.57428,0.12384,0.645996,down
362687,6.011719,7.941406,2.980469,-0.236328,-0.533203,-0.769531,0.489258,0.574646,0.123962,0.644226,down
362692,5.933594,7.9375,2.941406,-0.253906,-0.546875,-0.761719,0.489258,0.574646,0.123962,0.644226,down
362697,5.894531,7.980469,2.902344,-0.253906,-0.546875,-0.761719,0.492859,0.575256,0.123962,0.64093,down
362702,5.972656,7.976562,2.863281,-0.253906,-0.546875,-0.761719,0.49469,0.5755,0.123901,0.639282,down
362708,6.011719,7.902344,2.789063,-0.345703,-0.507812,-0.701172,0.49823,0.575806,0.123596,0.636353,down
362714,6.203125,7.859375,2.789063,-0.345703,-0.507812,-0.701172,0.499878,0.575867,0.123352,0.635071,down
362719,6.125,7.941406,2.789063,-0.435547,-0.462891,-0.660156,0.499878,0.575867,0.123352,0.635071,down
362724,6.125,7.941406,2.789063,-0.466797,-0.447266,-0.660156,0.503418,0.575867,0.122803,0.632385,down
362729,6.125,7.941406,2.789063,-0.484375,-0.439453,-0.65625,0.505371,0.575745,0.122437,0.630981,down
362734,6.164062,7.824219,2.828125,-0.484375,-0.439453,-0.65625,0.505371,0.575745,0.122437,0.630981,down
362739,6.164062,7.78125,2.863281,-0.501953,-0.433594,-0.648437,0.505371,0.575745,0.122437,0.630981,down
362744,6.164062,7.78125,2.863281,-0.492187,-0.404297,-0.652344,0.510925,0.575256,0.121277,0.627136,down
362749,6.125,7.597656,2.828125,-0.492187,-0.404297,-0.652344,0.512756,0.575012,0.120972,0.625916,down
362754,6.125,7.398437,2.863281,-0.496094,-0.382813,-0.677734,0.512756,0.575012,0.120972,0.625916,down
362759,6.085937,7.28125,2.863281,-0.466797,-0.367188,-0.685547,0.512756,0.575012,0.120972,0.625916,down
362764,6.046875,7.175781,2.863281,-0.408203,-0.345703,-0.708984,0.518311,0.57428,0.1203,0.622131,down
362770,5.933594,7.097656,2.828125,-0.408203,-0.345703,-0.708984,0.520142,0.574158,0.1203,0.620789,down
362776,5.972656,7.132812,2.863281,-0.21875,-0.341797,-0.742187,0.520142,0.574158,0.1203,0.620789,down
362781,6.011719,7.175781,2.863281,-0.105469,-0.347656,-0.763672,0.520142,0.574158,0.1203,0.620789,down
362787,6.011719,7.476562,2.828125,-0.105469,-0.347656,-0.763672,0.525818,0.574768,0.122192,0.61499,down
362792,5.933594,7.636719,2.789063,-0.105469,-0.347656,-0.763672,0.525818,0.574768,0.122192,0.61499,down
362797,5.972656,7.820312,2.75,0.349609,-0.390625,-0.798828,0.525818,0.574768,0.122192,0.61499,down
362802,6.011719,8.089844,2.671875,0.349609,-0.390625,-0.798828,0.527832,0.575989,0.124268,0.611755,down
362808,6.011719,8.285156,2.636719,0.40625,-0.416016,-0.796875,0.529358,0.577759,0.126648,0.608215,down
362813,6.011719,8.398438,2.558594,0.349609,-0.414062,-0.769531,0.529358,0.577759,0.126648,0.608215,down
362818,5.933594,8.625,2.480469,0.248047,-0.400391,-0.746094,0.530151,0.578735,0.127869,0.606323,down
362823,5.933594,8.625,2.480469,0.117188,-0.380859,-0.720703,0.531921,0.580017,0.129639,0.60321,down
362829,5.78125,8.628906,2.519531,0.117188,-0.380859,-0.720703,0.533081,0.580383,0.130249,0.601685,down
362834,5.78125,8.46875,2.597656,-0.257813,-0.298828,-0.667969,0.533081,0.580383,0.130249,0.601685,down
362840,5.589844,8.246094,2.636719,-0.257813,-0.298828,-0.667969,0.53595,0.5802,0.130676,0.599243,down
362845,5.511719,8.28125,2.710938,-0.507812,-0.253906,-0.626953,0.53772,0.579712,0.130493,0.598145,down
362851,5.359375,8.246094,2.75,-0.541016,-0.236328,-0.626953,0.53772,0.579712,0.130493,0.598145,down
362857,5.320312,8.125,2.75,-0.523437,-0.238281,-0.615234,0.53772,0.579712,0.130493,0.598145,down
362862,5.242187,8.128906,2.75,-0.357422,-0.255859,-0.611328,0.542969,0.578064,0.129944,0.595093,down
362867,5.207031,8.203125,2.75,-0.357422,-0.255859,-0.611328,0.544556,0.577698,0.129883,0.594055,down
362873,5.242187,8.359375,2.671875,-0.203125,-0.28125,-0.607422,0.544556,0.577698,0.129883,0.594055,down
362878,5.28125,8.4375,2.710938,-0.203125,-0.28125,-0.607422,0.548157,0.577881,0.130737,0.590271,down
362883,5.359375,8.550781,2.671875,0.191406,-0.369141,-0.599609,0.548889,0.578369,0.131287,0.58905,down
362888,5.4375,8.625,2.710938,0.232422,-0.369141,-0.597656,0.548889,0.578369,0.131287,0.58905,down
362893,5.398437,8.707031,2.558594,0.232422,-0.369141,-0.597656,0.550232,0.579651,0.13269,0.586182,down
362898,5.398437,8.785156,2.519531,0.232422,-0.369141,-0.597656,0.550964,0.580383,0.133484,0.584656,down
362903,5.398437,8.824219,2.480469,0.171875,-0.330078,-0.564453,0.550964,0.580383,0.133484,0.584656,down
362908,5.320312,8.824219,2.519531,0.171875,-0.330078,-0.564453,0.551514,0.580872,0.134094,0.583435,down
362914,5.207031,8.78125,2.519531,0.171875,-0.330078,-0.564453,0.553101,0.581665,0.135132,0.580994,down
362919,5.128906,8.785156,2.480469,-0.117188,-0.248047,-0.511719,0.554016,0.581787,0.135376,0.579895,down
362925,5.050781,8.664063,2.480469,-0.185547,-0.226562,-0.494141,0.555054,0.581726,0.135559,0.578918,down
362931,4.976562,8.585938,2.519531,-0.185547,-0.226562,-0.494141,0.556213,0.581604,0.135742,0.577881,down
362936,4.976562,8.472656,2.597656,-0.208984,-0.234375,-0.482422,0.556213,0.581604,0.135742,0.577881,down
362941,5.015625,8.398438,2.636719,-0.181641,-0.236328,-0.476562,0.556213,0.581604,0.135742,0.577881,down
362946,4.976562,8.320313,2.636719,-0.142578,-0.244141,-0.478516,0.556213,0.581604,0.135742,0.577881,down
362951,4.898437,8.246094,2.710938,-0.142578,-0.244141,-0.478516,0.556213,0.581604,0.135742,0.577881,down
362957,4.976562,8.203125,2.75,-0.142578,-0.244141,-0.478516,0.561035,0.581482,0.136414,0.57312,down
362963,4.9375,8.28125,2.75,0.037109,-0.320313,-0.451172,0.561035,0.581482,0.136414,0.57312,down
362968,4.976562,8.242188,2.75,0.037109,-0.320313,-0.451172,0.562561,0.582031,0.136902,0.570984,down
362973,4.976562,8.359375,2.75,0.029297,-0.328125,-0.457031,0.563293,0.582397,0.137207,0.569824,down
362978,4.976562,8.359375,2.75,-0.001953,-0.320313,-0.453125,0.564026,0.582703,0.13739,0.568726,down
362983,4.9375,8.441406,2.75,-0.001953,-0.320313,-0.453125,0.564758,0.583008,0.137634,0.567627,down
362988,4.9375,8.441406,2.75,-0.001953,-0.320313,-0.453125,0.564758,0.583008,0.137634,0.567627,down
362994,4.898437,8.472656,2.75,-0.052734,-0.322266,-0.466797,0.567383,0.583557,0.138,0.564331,down
362999,4.746094,8.46875,2.789063,-0.052734,-0.322266,-0.466797,0.568481,0.583618,0.138,0.56311,down
363005,4.707031,8.324219,2.789063,-0.052734,-0.322266,-0.466797,0.569336,0.583618,0.137939,0.562317,down
363010,4.746094,8.242188,2.789063,-0.265625,-0.283203,-0.431641,0.569336,0.583618,0.137939,0.562317,down
363016,4.746094,8.164063,2.828125,-0.291016,-0.277344,-0.425781,0.569336,0.583618,0.137939,0.562317,down
363022,4.785156,7.976562,2.863281,-0.291016,-0.277344,-0.425781,0.572632,0.583191,0.137512,0.559509,down
363027,4.707031,7.820312,2.902344,-0.28125,-0.279297,-0.435547,0.572632,0.583191,0.137512,0.559509,down
363032,4.707031,7.785156,2.902344,-0.271484,-0.283203,-0.447266,0.572632,0.583191,0.137512,0.559509,down
363037,4.707031,7.703125,2.941406,-0.271484,-0.283203,-0.447266,0.57605,0.582703,0.137085,0.556641,down
363043,4.632812,7.636719,2.941406,-0.271484,-0.283203,-0.447266,0.57605,0.582703,0.137085,0.556641,down
363048,4.59375,7.667969,2.902344,-0.113281,-0.308594,-0.505859,0.57605,0.582703,0.137085,0.556641,down
363053,4.515625,7.746094,2.980469,-0.113281,-0.308594,-0.505859,0.579224,0.582581,0.137146,0.553406,down
363058,4.476562,7.78125,2.980469,-0.113281,-0.308594,-0.505859,0.581116,0.582886,0.137573,0.551025,down
363063,4.476562,7.824219,2.941406,-0.113281,-0.308594,-0.505859,0.581116,0.582886,0.137573,0.551025,down
363068,4.476562,7.824219,2.980469,0.001953,-0.306641,-0.560547,0.581116,0.582886,0.137573,0.551025,down
363074,4.402344,7.976562,2.863281,0.001953,-0.306641,-0.560547,0.583679,0.583435,0.138611,0.547424,down
363080,4.441406,8.046875,2.863281,0.001953,-0.306641,-0.560547,0.584595,0.58374,0.13916,0.546021,down
363085,4.441406,8.128906,2.863281,0.035156,-0.279297,-0.599609,0.585327,0.583923,0.139587,0.544861,down
363090,4.441406,8.167969,2.789063,0.035156,-0.279297,-0.599609,0.586365,0.584167,0.140198,0.543457,down
363095,4.363281,8.28125,2.789063,0.035156,-0.279297,-0.599609,0.586365,0.584167,0.140198,0.543457,down
363100,4.324219,8.320313,2.789063,0.003906,-0.238281,-0.630859,0.586365,0.584167,0.140198,0.543457,down
363107,4.324219,8.363281,2.789063,0.001953,-0.242187,-0.638672,0.586365,0.584167,0.140198,0.543457,down
363112,4.25,8.359375,2.789063,-0.023437,-0.263672,-0.640625,0.586365,0.584167,0.140198,0.543457,down
363117,4.25,8.359375,2.828125,-0.023437,-0.263672,-0.640625,0.590942,0.584656,0.142944,0.53717,down
363123,4.210937,8.28125,2.902344,-0.037109,-0.298828,-0.648437,0.590942,0.584656,0.142944,0.53717,down
363128,4.210937,8.28125,2.902344,-0.025391,-0.320313,-0.654297,0.592957,0.584778,0.143921,0.534485,down
363134,4.25,8.324219,2.902344,-0.007813,-0.359375,-0.650391,0.593994,0.584961,0.144348,0.533142,down
363139,4.25,8.320313,3.054688,-0.007813,-0.359375,-0.650391,0.59613,0.585327,0.145264,0.529968,down
363144,4.324219,8.285156,3.019531,0.005859,-0.341797,-0.671875,0.597107,0.585571,0.145752,0.528503,down
363150,4.363281,8.324219,2.863281,0.005859,-0.341797,-0.671875,0.598022,0.585754,0.14624,0.527161,down
363155,4.363281,8.441406,2.828125,0.0625,-0.333984,-0.695312,0.598022,0.585754,0.14624,0.527161,down
363161,4.402344,8.550781,2.863281,0.111328,-0.34375,-0.716797,0.598022,0.585754,0.14624,0.527161,down
363166,4.363281,8.742188,2.789063,0.111328,-0.34375,-0.716797,0.60083,0.58667,0.148193,0.5224,down
363171,4.324219,8.855469,2.789063,0.148437,-0.328125,-0.740234,0.60083,0.58667,0.148193,0.5224,down
363176,4.324219,8.929688,2.75,0.175781,-0.314453,-0.746094,0.60083,0.58667,0.148193,0.5224,down
363182,4.25,9.050781,2.710938,0.208984,-0.314453,-0.744141,0.60083,0.58667,0.148193,0.5224,down
363187,4.09375,9.273438,2.671875,0.246094,-0.320313,-0.744141,0.60083,0.58667,0.148193,0.5224,down
363193,4.054687,9.351563,2.636719,0.25,-0.332031,-0.722656,0.60083,0.58667,0.148193,0.5224,down
363198,4.019531,9.511719,2.671875,0.25,-0.332031,-0.722656,0.605469,0.589294,0.153381,0.512451,down
363203,3.941406,9.507813,2.671875,0.25,-0.332031,-0.722656,0.606201,0.589905,0.154358,0.51062,down
363208,3.902344,9.511719,2.636719,0.173828,-0.351563,-0.658203,0.606873,0.590332,0.15509,0.509094,down
363213,3.902344,9.546875,2.597656,0.173828,-0.351563,-0.658203,0.607605,0.59082,0.155823,0.507385,down
363219,4.019531,9.472656,2.636719,0.173828,-0.351563,-0.658203,0.60907,0.591614,0.156921,0.504395,down
363224,4.054687,9.46875,2.597656,0.041016,-0.388672,-0.589844,0.609863,0.59198,0.157288,0.502869,down
363229,4.132812,9.472656,2.597656,-0.019531,-0.378906,-0.574219,0.610779,0.592224,0.157593,0.501343,down
363234,4.171875,9.351563,2.597656,-0.019531,-0.378906,-0.574219,0.611755,0.592407,0.157837,0.499878,down
363239,4.132812,9.273438,2.597656,-0.019531,-0.378906,-0.574219,0.61261,0.592529,0.157959,0.498596,down
363244,4.132812,9.167969,2.636719,-0.019531,-0.378906,-0.574219,0.61261,0.592529,0.157959,0.498596,down
363249,4.132812,9.167969,2.636719,-0.138672,-0.386719,-0.564453,0.614746,0.592651,0.158081,0.49585,down
363254,4.132812,9.128906,2.597656,-0.138672,-0.386719,-0.564453,0.614746,0.592651,0.158081,0.49585,down
363259,4.09375,9.046875,2.636719,-0.138672,-0.386719,-0.564453,0.614746,0.592651,0.158081,0.49585,down
363264,4.09375,9.046875,2.636719,-0.183594,-0.386719,-0.5625,0.618164,0.592529,0.158142,0.49176,down
363269,3.941406,8.894531,2.671875,-0.183594,-0.386719,-0.5625,0.618164,0.592529,0.158142,0.49176,down
363274,3.941406,8.890625,2.710938,-0.183594,-0.386719,-0.5625,0.620422,0.592346,0.158264,0.489075,down
363279,3.75,8.972656,2.671875,-0.183594,-0.386719,-0.5625,0.621521,0.592346,0.158386,0.48761,down
363284,3.671875,9.050781,2.671875,-0.183594,-0.386719,-0.5625,0.622559,0.592346,0.158508,0.486206,down
363289,3.597656,9.164063,2.636719,-0.097656,-0.373047,-0.587891,0.622559,0.592346,0.158508,0.486206,down
363294,3.597656,9.238281,2.597656,-0.097656,-0.373047,-0.587891,0.624695,0.592468,0.158875,0.483154,down
363299,3.597656,9.277344,2.636719,-0.097656,-0.373047,-0.587891,0.625549,0.592651,0.159058,0.481873,down
363304,3.597656,9.3125,2.671875,-0.097656,-0.373047,-0.587891,0.625549,0.592651,0.159058,0.481873,down
363309,3.519531,9.394531,2.558594,-0.035156,-0.402344,-0.552734,0.625549,0.592651,0.159058,0.481873,down
363314,3.519531,9.433594,2.558594,-0.054687,-0.414062,-0.523437,0.627319,0.593018,0.159363,0.478943,down
363319,3.558594,9.46875,2.558594,-0.054687,-0.414062,-0.523437,0.62915,0.593384,0.159485,0.476013,down
363324,3.558594,9.472656,2.597656,-0.154297,-0.421875,-0.5,0.62915,0.593384,0.159485,0.476013,down
363329,3.480469,9.472656,2.519531,-0.154297,-0.421875,-0.5,0.631042,0.593506,0.159302,0.473511,down
363334,3.519531,9.433594,2.519531,-0.265625,-0.435547,-0.498047,0.631042,0.593506,0.159302,0.473511,down
363339,3.480469,9.394531,2.480469,-0.306641,-0.449219,-0.494141,0.632263,0.593384,0.159058,0.472046,down
363344,3.480469,9.355469,2.519531,-0.306641,-0.449219,-0.494141,0.634644,0.593079,0.158386,0.469421,down
363349,3.519531,9.238281,2.558594,-0.306641,-0.449219,-0.494141,0.635925,0.592834,0.15802,0.468201,down
363354,3.597656,8.933594,2.597656,-0.40625,-0.458984,-0.517578,0.635925,0.592834,0.15802,0.468201,down
363359,3.636719,8.785156,2.710938,-0.380859,-0.435547,-0.53125,0.63739,0.592529,0.157471,0.466736,down
363364,3.597656,8.746094,2.710938,-0.380859,-0.435547,-0.53125,0.640076,0.591919,0.15686,0.464111,down
363369,3.519531,8.664063,2.710938,-0.380859,-0.435547,-0.53125,0.641235,0.591675,0.156738,0.462769,down
363374,3.40625,8.585938,2.710938,-0.380859,-0.435547,-0.53125,0.641235,0.591675,0.156738,0.462769,down
363379,3.289063,8.785156,2.671875,-0.146484,-0.353516,-0.621094,0.641235,0.591675,0.156738,0.462769,down
363384,3.328125,8.890625,2.636719,0.074219,-0.339844,-0.652344,0.643433,0.591492,0.157104,0.459778,down
363390,3.214844,9.3125,2.445313,0.074219,-0.339844,-0.652344,0.644958,0.59198,0.15802,0.456726,down
363395,3.175781,9.507813,2.40625,0.255859,-0.367188,-0.648437,0.645508,0.592468,0.158691,0.455017,down
363400,3.136719,9.65625,2.40625,0.255859,-0.367188,-0.648437,0.646057,0.59314,0.159363,0.453247,down
363405,3.136719,9.8125,2.445313,0.255859,-0.367188,-0.648437,0.646423,0.59375,0.159973,0.45166,down
363410,3.0625,9.929688,2.328125,0.242187,-0.398438,-0.587891,0.646973,0.594482,0.160583,0.449768,down
363416,2.945313,10.039063,2.289063,0.242187,-0.398438,-0.587891,0.6474,0.59491,0.16095,0.448364,down
363421,2.984375,9.96875,2.40625,0.242187,-0.398438,-0.587891,0.64801,0.595398,0.161255,0.446777,down
363427,3.023438,9.96875,2.40625,-0.0625,-0.427734,-0.513672,0.64801,0.595398,0.161255,0.446777,down
363432,2.984375,9.851563,2.40625,-0.208984,-0.414062,-0.492187,0.64801,0.595398,0.161255,0.446777,down
363438,2.984375,9.738281,2.558594,-0.208984,-0.414062,-0.492187,0.64801,0.595398,0.161255,0.446777,down
363443,2.984375,9.660156,2.558594,-0.419922,-0.417969,-0.472656,0.64801,0.595398,0.161255,0.446777,down
363449,3.0625,9.589844,2.558594,-0.498047,-0.429687,-0.474609,0.64801,0.595398,0.161255,0.446777,down
363454,3.0625,9.3125,2.671875,-0.498047,-0.429687,-0.474609,0.65625,0.593628,0.159058,0.437744,down
363459,3.0625,9.234375,2.710938,-0.498047,-0.429687,-0.474609,0.657776,0.593079,0.158508,0.436401,down
363464,3.023438,9.164063,2.710938,-0.498047,-0.429687,-0.474609,0.657776,0.593079,0.158508,0.436401,down
363469,3.023438,9.085938,2.710938,-0.388672,-0.435547,-0.515625,0.660278,0.592407,0.157837,0.433838,down
363474,3.023438,9.085938,2.710938,-0.388672,-0.435547,-0.515625,0.661377,0.592163,0.157654,0.432434,down
363479,2.984375,9.125,2.710938,-0.388672,-0.435547,-0.515625,0.661377,0.592163,0.157654,0.432434,down
363484,2.945313,9.203125,2.671875,-0.078125,-0.400391,-0.576172,0.661377,0.592163,0.157654,0.432434,down
363489,2.867188,9.355469,2.636719,-0.078125,-0.400391,-0.576172,0.663391,0.592102,0.157654,0.429504,down
363494,2.90625,9.472656,2.636719,0.015625,-0.404297,-0.576172,0.664246,0.592224,0.157776,0.427917,down
363499,2.832031,9.625,2.597656,0.015625,-0.404297,-0.576172,0.665833,0.592651,0.158203,0.424744,down
363504,2.792969,9.660156,2.597656,0.015625,-0.404297,-0.576172,0.665833,0.592651,0.158203,0.424744,down
363509,2.753906,9.8125,2.597656,0.001953,-0.410156,-0.572266,0.667297,0.593018,0.158508,0.421753,down
363514,2.714844,9.8125,2.636719,0.001953,-0.410156,-0.572266,0.667297,0.593018,0.158508,0.421753,down
363519,2.753906,9.851563,2.636719,-0.121094,-0.462891,-0.511719,0.667297,0.593018,0.158508,0.421753,down
363524,2.714844,9.933594,2.597656,-0.121094,-0.462891,-0.511719,0.669922,0.593384,0.158264,0.417236,down
363529,2.714844,10.007813,2.671875,-0.121094,-0.462891,-0.511719,0.669922,0.593384,0.158264,0.417236,down
363534,2.714844,10.007813,2.671875,-0.263672,-0.515625,-0.449219,0.670959,0.593323,0.157898,0.415771,down
363539,2.753906,9.96875,2.671875,-0.263672,-0.515625,-0.449219,0.672058,0.59314,0.157349,0.414429,down
363544,2.753906,9.96875,2.671875,-0.421875,-0.537109,-0.414062,0.673279,0.592896,0.156738,0.413086,down
363549,2.792969,9.933594,2.597656,-0.421875,-0.537109,-0.414062,0.673279,0.592896,0.156738,0.413086,down
363555,2.792969,9.777344,2.597656,-0.484375,-0.554687,-0.417969,0.67749,0.591553,0.154175,0.409058,down
363560,2.792969,9.660156,2.597656,-0.484375,-0.554687,-0.417969,0.67926,0.59082,0.153015,0.407532,down
363565,2.792969,9.660156,2.636719,-0.484375,-0.554687,-0.417969,0.680664,0.590271,0.1521,0.406372,down
363570,2.753906,9.660156,2.597656,-0.6875,-0.601562,-0.410156,0.682495,0.589478,0.150879,0.404907,down
363575,2.753906,9.625,2.597656,-0.708984,-0.59375,-0.412109,0.684204,0.588745,0.14978,0.403564,down
363580,2.675781,9.65625,2.671875,-0.708984,-0.59375,-0.412109,0.685913,0.587891,0.148621,0.402222,down
363585,2.675781,9.65625,2.636719,-0.708984,-0.59375,-0.412109,0.687439,0.587219,0.147583,0.401123,down
363590,2.714844,9.695313,2.671875,-0.746094,-0.591797,-0.371094,0.68927,0.586304,0.14624,0.399719,down
363595,2.714844,9.65625,2.710938,-0.746094,-0.591797,-0.371094,0.690979,0.585388,0.14502,0.398499,down
363600,2.753906,9.628906,2.710938,-0.746094,-0.591797,-0.371094,0.692444,0.584656,0.14386,0.397461,down
363605,2.714844,9.589844,2.75,-0.746094,-0.591797,-0.371094,0.694092,0.58374,0.142578,0.396423,down
363610,2.714844,9.546875,2.789063,-0.826172,-0.554687,-0.300781,0.696045,0.582642,0.141052,0.395203,down
363616,2.640625,9.433594,2.789063,-0.826172,-0.554687,-0.300781,0.69751,0.581726,0.139832,0.394348,down
363621,2.5625,9.355469,2.863281,-0.826172,-0.554687,-0.300781,0.699219,0.580627,0.138489,0.393372,down
363627,2.5625,9.316406,2.902344,-0.90625,-0.582031,-0.302734,0.70105,0.579529,0.137024,0.392273,down
363632,2.484375,9.277344,2.902344,-0.9375,-0.605469,-0.306641,0.70105,0.579529,0.137024,0.392273,down
363638,2.523438,9.207031,2.980469,-0.9375,-0.605469,-0.306641,0.70105,0.579529,0.137024,0.392273,down
363644,2.601563,9.203125,2.980469,-0.957031,-0.646484,-0.326172,0.70105,0.579529,0.137024,0.392273,down
363649,2.675781,9.167969,2.941406,-0.929687,-0.662109,-0.332031,0.710388,0.573792,0.129211,0.386536,down
363655,2.675781,9.128906,2.941406,-0.929687,-0.662109,-0.332031,0.712219,0.572693,0.127686,0.385254,down
363660,2.675781,9.128906,2.980469,-0.871094,-0.654297,-0.371094,0.714233,0.571533,0.126038,0.383789,down
363666,2.5625,9.167969,2.902344,-0.871094,-0.654297,-0.371094,0.715881,0.570618,0.124695,0.382629,down
363673,2.523438,9.128906,2.980469,-0.871094,-0.654297,-0.371094,0.717651,0.56958,0.123291,0.381287,down
363679,2.523438,9.085938,3.019531,-0.871094,-0.626953,-0.371094,0.717651,0.56958,0.123291,0.381287,down
363684,2.523438,9.128906,3.054688,-0.882812,-0.603516,-0.355469,0.717651,0.56958,0.123291,0.381287,down
363690,2.449219,9.125,3.09375,-0.882812,-0.603516,-0.355469,0.724731,0.565125,0.117554,0.376282,down
363695,2.449219,9.125,3.09375,-0.921875,-0.609375,-0.337891,0.726685,0.563782,0.115967,0.374939,down
363700,2.484375,9.085938,3.132813,-0.933594,-0.607422,-0.330078,0.728455,0.562622,0.114441,0.373779,down
363706,2.484375,9.089844,3.171875,-0.933594,-0.607422,-0.330078,0.730103,0.561462,0.113098,0.372681,down
363711,2.484375,9.085938,3.132813,-0.933594,-0.607422,-0.330078,0.730103,0.561462,0.113098,0.372681,down
363716,2.484375,9.085938,3.132813,-0.949219,-0.582031,-0.324219,0.731873,0.560181,0.111633,0.371582,down
363721,2.484375,8.96875,3.210938,-0.958984,-0.566406,-0.320313,0.731873,0.560181,0.111633,0.371582,down
363726,2.484375,8.824219,3.246094,-0.958984,-0.566406,-0.320313,0.731873,0.560181,0.111633,0.371582,down
363731,2.484375,8.703125,3.246094,-0.994141,-0.523437,-0.320313,0.739197,0.554626,0.105774,0.367188,down
363737,2.484375,8.507813,3.363281,-0.994141,-0.523437,-0.320313,0.739197,0.554626,0.105774,0.367188,down
363743,2.484375,8.507813,3.402344,-1.001953,-0.451172,-0.371094,0.739197,0.554626,0.105774,0.367188,down
363748,2.484375,8.550781,3.402344,-1.001953,-0.451172,-0.371094,0.74469,0.549988,0.10199,0.364075,down
363754,2.449219,8.507813,3.402344,-0.9375,-0.361328,-0.429687,0.74469,0.549988,0.10199,0.364075,down
363759,2.410156,8.546875,3.476563,-0.884766,-0.326172,-0.458984,0.749878,0.545471,0.099365,0.36084,down
363764,2.332031,8.667969,3.59375,-0.884766,-0.326172,-0.458984,0.749878,0.545471,0.099365,0.36084,down
363769,2.292969,8.707031,3.632813,-0.884766,-0.326172,-0.458984,0.751465,0.544189,0.098816,0.359802,down
363775,2.179688,8.824219,3.667969,-0.636719,-0.234375,-0.5,0.754272,0.54187,0.098145,0.357544,down
363780,2.027344,8.890625,3.785156,-0.636719,-0.234375,-0.5,0.755432,0.540955,0.097961,0.356384,down
363786,1.835938,9.085938,3.859375,-0.636719,-0.234375,-0.5,0.756592,0.540161,0.097778,0.355286,down
363791,1.796875,9.125,3.9375,-0.457031,-0.259766,-0.484375,0.75769,0.539429,0.097595,0.354126,down
363796,1.796875,9.167969,4.015625,-0.46875,-0.283203,-0.482422,0.75769,0.539429,0.097595,0.354126,down
363801,1.796875,9.089844,4.050781,-0.46875,-0.283203,-0.482422,0.75769,0.539429,0.097595,0.354126,down
363806,1.796875,9.089844,4.050781,-0.556641,-0.287109,-0.453125,0.761108,0.536987,0.096619,0.350708,down
363811,1.796875,9.050781,4.089844,-0.556641,-0.287109,-0.453125,0.761108,0.536987,0.096619,0.350708,down
363817,1.910156,8.96875,4.28125,-0.556641,-0.287109,-0.453125,0.761108,0.536987,0.096619,0.350708,down
363822,1.910156,8.933594,4.242187,-0.658203,-0.34375,-0.453125,0.761108,0.536987,0.096619,0.350708,down
363828,1.949219,8.894531,4.207031,-0.660156,-0.34375,-0.470703,0.761108,0.536987,0.096619,0.350708,down
363833,1.949219,8.894531,4.167969,-0.646484,-0.339844,-0.488281,0.761108,0.536987,0.096619,0.350708,down
363838,2.066406,8.96875,4.207031,-0.646484,-0.339844,-0.488281,0.761108,0.536987,0.096619,0.350708,down
363843,2.066406,9.011719,4.242187,-0.646484,-0.339844,-0.488281,0.770386,0.529846,0.092773,0.342285,down
363848,2.027344,9.007813,4.242187,-0.523437,-0.320313,-0.527344,0.770386,0.529846,0.092773,0.342285,down
363853,1.949219,9.046875,4.28125,-0.523437,-0.320313,-0.527344,0.772888,0.528076,0.092041,0.339661,down
363858,1.875,9.050781,4.28125,-0.470703,-0.287109,-0.513672,0.772888,0.528076,0.092041,0.339661,down
363863,1.835938,9.011719,4.320312,-0.4375,-0.287109,-0.501953,0.772888,0.528076,0.092041,0.339661,down
363868,1.835938,9.007813,4.359375,-0.423828,-0.292969,-0.5,0.772888,0.528076,0.092041,0.339661,down
363874,1.875,8.972656,4.4375,-0.423828,-0.292969,-0.5,0.778198,0.524414,0.090637,0.333435,down
363879,1.910156,8.929688,4.472656,-0.423828,-0.292969,-0.5,0.778198,0.524414,0.090637,0.333435,down
363885,1.949219,8.890625,4.550781,-0.474609,-0.316406,-0.466797,0.778198,0.524414,0.090637,0.333435,down
363890,1.949219,8.746094,4.550781,-0.474609,-0.316406,-0.466797,0.781555,0.521973,0.089478,0.329651,down
363895,1.988281,8.707031,4.628906,-0.474609,-0.316406,-0.466797,0.781555,0.521973,0.089478,0.329651,down
363900,1.988281,8.746094,4.589844,-0.410156,-0.330078,-0.503906,0.781555,0.521973,0.089478,0.329651,down
363905,2.027344,8.746094,4.511719,-0.410156,-0.330078,-0.503906,0.784546,0.520081,0.088501,0.325806,down
363910,2.101563,8.742188,4.550781,-0.410156,-0.330078,-0.503906,0.785522,0.519531,0.088257,0.324463,down
363915,2.140625,8.851563,4.589844,-0.294922,-0.330078,-0.572266,0.785522,0.519531,0.088257,0.324463,down
363920,2.101563,8.929688,4.511719,-0.246094,-0.347656,-0.580078,0.786499,0.519043,0.088074,0.322937,down
363925,2.101563,9.046875,4.472656,-0.246094,-0.347656,-0.580078,0.788208,0.518372,0.08783,0.319885,down
363930,2.101563,9.164063,4.550781,-0.246094,-0.347656,-0.580078,0.78894,0.518127,0.087769,0.31842,down
363935,2.027344,9.390625,4.4375,-0.246094,-0.347656,-0.580078,0.78894,0.518127,0.087769,0.31842,down
363940,2.027344,9.589844,4.472656,-0.154297,-0.34375,-0.603516,0.78894,0.518127,0.087769,0.31842,down
363946,1.949219,9.695313,4.4375,-0.154297,-0.34375,-0.603516,0.790527,0.517761,0.087769,0.315125,down
363951,1.949219,9.695313,4.4375,-0.146484,-0.322266,-0.599609,0.791199,0.517639,0.087769,0.31366,down
363956,1.910156,9.738281,4.398437,-0.146484,-0.322266,-0.599609,0.791931,0.517456,0.087769,0.312073,down
363961,1.835938,9.929688,4.4375,-0.201172,-0.351563,-0.554687,0.792664,0.517212,0.087708,0.310547,down
363966,1.835938,9.929688,4.4375,-0.244141,-0.345703,-0.535156,0.792664,0.517212,0.087708,0.310547,down
363972,1.796875,9.96875,4.4375,-0.244141,-0.345703,-0.535156,0.795166,0.516052,0.087097,0.306335,down
363979,1.796875,9.96875,4.472656,-0.244141,-0.345703,-0.535156,0.795166,0.516052,0.087097,0.306335,down
363984,1.796875,9.933594,4.4375,-0.462891,-0.320313,-0.394531,0.795166,0.516052,0.087097,0.306335,down
363990,1.796875,9.8125,4.472656,-0.570312,-0.310547,-0.359375,0.795166,0.516052,0.087097,0.306335,down
363995,1.757813,9.65625,4.511719,-0.570312,-0.310547,-0.359375,0.799072,0.512878,0.085205,0.301941,down
364001,1.757813,9.65625,4.511719,-0.576172,-0.302734,-0.357422,0.801208,0.510864,0.084045,0.300049,down
364006,1.757813,9.429688,4.511719,-0.552734,-0.285156,-0.365234,0.802368,0.509827,0.083435,0.299011,down
364012,1.757813,9.316406,4.472656,-0.552734,-0.285156,-0.365234,0.803284,0.508911,0.083008,0.298035,down
364017,1.796875,9.277344,4.472656,-0.552734,-0.285156,-0.365234,0.803284,0.508911,0.083008,0.298035,down
364022,1.796875,9.3125,4.4375,-0.396484,-0.271484,-0.378906,0.803284,0.508911,0.083008,0.298035,down
364027,1.757813,9.394531,4.398437,-0.326172,-0.251953,-0.375,0.805908,0.506714,0.081848,0.295044,down
364033,1.757813,9.429688,4.320312,-0.251953,-0.25,-0.376953,0.805908,0.506714,0.081848,0.295044,down
364050,1.757813,9.699219,4.167969,-0.136719,-0.277344,-0.345703,0.805908,0.506714,0.081848,0.295044,down
364055,1.757813,9.773438,4.089844,-0.136719,-0.277344,-0.345703,0.808716,0.50531,0.080811,0.289917,down
364060,1.757813,9.816406,4.089844,-0.275391,-0.296875,-0.267578,0.808716,0.50531,0.080811,0.289917,down
364065,1.757813,9.8125,4.050781,-0.275391,-0.296875,-0.267578,0.809875,0.504761,0.080017,0.288025,down
364070,1.796875,9.777344,4.089844,-0.275391,-0.296875,-0.267578,0.810486,0.504272,0.079529,0.287231,down
364075,1.796875,9.738281,4.128906,-0.507812,-0.236328,-0.179687,0.811157,0.503662,0.078979,0.28656,down
364080,1.796875,9.695313,4.207031,-0.507812,-0.236328,-0.179687,0.812012,0.502747,0.078369,0.285889,down
364085,1.757813,9.628906,4.167969,-0.597656,-0.203125,-0.140625,0.812805,0.501831,0.077759,0.2854,down
364090,1.757813,9.628906,4.167969,-0.611328,-0.210937,-0.134766,0.81366,0.500793,0.077148,0.284973,down
364095,1.71875,9.433594,4.359375,-0.585937,-0.214844,-0.140625,0.814514,0.499695,0.076477,0.284546,down
364100,1.71875,9.351563,4.398437,-0.585937,-0.214844,-0.140625,0.815491,0.498535,0.075745,0.284119,down
364105,1.71875,9.273438,4.4375,-0.470703,-0.228516,-0.166016,0.816345,0.497498,0.075073,0.283691,down
364111,1.757813,9.207031,4.511719,-0.388672,-0.240234,-0.175781,0.817078,0.496582,0.074524,0.283203,down
364116,1.757813,9.234375,4.511719,-0.388672,-0.240234,-0.175781,0.81842,0.495239,0.073425,0.281982,down
364121,1.796875,9.164063,4.472656,-0.388672,-0.240234,-0.175781,0.818848,0.494995,0.073059,0.281372,down
364126,1.835938,9.234375,4.4375,-0.021484,-0.253906,-0.224609,0.818848,0.494995,0.073059,0.281372,down
364132,1.796875,9.316406,4.359375,-0.021484,-0.253906,-0.224609,0.819336,0.495117,0.072632,0.279846,down
364137,1.796875,9.3125,4.320312,0.167969,-0.205078,-0.246094,0.819397,0.495483,0.072571,0.279114,down
364142,1.796875,9.394531,4.207031,0.167969,-0.205078,-0.246094,0.819336,0.496033,0.072632,0.278259,down
364148,1.71875,9.550781,4.242187,0.167969,-0.205078,-0.246094,0.819214,0.496582,0.072754,0.277527,down
364153,1.679688,9.695313,4.167969,0.3125,-0.167969,-0.244141,0.819214,0.496582,0.072754,0.277527,down
364158,1.605469,9.855469,4.28125,0.3125,-0.175781,-0.224609,0.819214,0.496582,0.072754,0.277527,down
364163,1.605469,9.855469,4.28125,0.308594,-0.197266,-0.210937,0.818665,0.498657,0.073242,0.27533,down
364168,1.335938,10.039063,4.089844,0.308594,-0.197266,-0.210937,0.81842,0.499329,0.073303,0.274658,down
364173,1.488281,10.011719,4.167969,0.228516,-0.193359,-0.136719,0.81842,0.499329,0.073303,0.274658,down
364178,1.527344,10.117188,4.207031,0.191406,-0.226562,-0.111328,0.81842,0.499329,0.073303,0.274658,down
364184,1.488281,10.039063,4.128906,0.191406,-0.226562,-0.111328,0.818054,0.500916,0.072998,0.273071,down
364189,1.527344,10.078125,4.128906,0.072266,-0.205078,-0.050781,0.818054,0.500916,0.072998,0.273071,down
364194,1.566406,9.96875,4.167969,-0.001953,-0.214844,-0.025391,0.818054,0.500916,0.072998,0.273071,down
364199,1.566406,9.890625,4.242187,-0.001953,-0.214844,-0.025391,0.818054,0.500916,0.072998,0.273071,down
364204,1.566406,9.734375,4.242187,-0.001953,-0.214844,-0.025391,0.818237,0.501526,0.071411,0.27179,down
364209,1.527344,9.628906,4.207031,-0.160156,-0.203125,0.033203,0.818237,0.501526,0.071411,0.27179,down
364214,1.566406,9.472656,4.28125,-0.160156,-0.203125,0.033203,0.818604,0.501221,0.070312,0.271484,down
364219,1.605469,9.273438,4.28125,-0.160156,-0.203125,0.033203,0.818604,0.501221,0.070312,0.271484,down
364224,1.605469,9.167969,4.28125,-0.160156,-0.203125,0.033203,0.819153,0.500671,0.069031,0.27124,down
364229,1.644531,9.089844,4.320312,-0.189453,-0.208984,0.056641,0.819153,0.500671,0.069031,0.27124,down
364235,1.757813,8.972656,4.4375,-0.189453,-0.208984,0.056641,0.819763,0.500061,0.0672,0.270935,down
364240,1.757813,8.929688,4.4375,-0.189453,-0.208984,0.056641,0.819763,0.500061,0.0672,0.270935,down
364245,1.757813,8.929688,4.511719,-0.044922,-0.191406,0.060547,0.819763,0.500061,0.0672,0.270935,down
364250,1.796875,8.894531,4.589844,-0.044922,-0.191406,0.060547,0.820007,0.499939,0.066101,0.270691,down
364255,1.796875,8.933594,4.589844,-0.044922,-0.191406,0.060547,0.820007,0.5,0.065613,0.270569,down
364261,1.796875,8.929688,4.550781,0.025391,-0.146484,0.056641,0.820007,0.5,0.065613,0.270569,down
364266,1.796875,8.933594,4.589844,0.025391,-0.146484,0.056641,0.819885,0.500488,0.064514,0.270386,down
364271,1.796875,8.933594,4.511719,0.025391,-0.146484,0.056641,0.819824,0.50061,0.06427,0.270325,down
364276,1.796875,9.011719,4.664062,0.009766,-0.070312,0.056641,0.819824,0.50061,0.06427,0.270325,down
364281,1.757813,8.972656,4.628906,0.001953,-0.054687,0.050781,0.819824,0.500732,0.064026,0.270386,down
364286,1.757813,9.007813,4.664062,0.001953,-0.054687,0.050781,0.819763,0.500793,0.063721,0.270508,down
364291,1.71875,8.96875,4.664062,0.001953,-0.054687,0.050781,0.819763,0.500732,0.063599,0.270569,down
364296,1.605469,8.972656,4.664062,0.001953,-0.054687,0.050781,0.819763,0.500732,0.063599,0.270569,down
364301,1.605469,8.890625,4.703125,-0.058594,-0.027344,0.03125,0.819885,0.500549,0.063354,0.27063,down
364306,1.566406,8.890625,4.78125,-0.048828,-0.052734,0.017578,0.819946,0.500488,0.063232,0.270691,down
364311,1.566406,8.742188,5.011719,-0.048828,-0.052734,0.017578,0.819946,0.500427,0.063049,0.27063,down
364316,1.566406,8.664063,5.011719,0.001953,-0.0625,0.019531,0.819946,0.500427,0.063049,0.27063,down
364321,1.566406,8.589844,5.164062,0.001953,-0.0625,0.019531,0.819946,0.500488,0.062866,0.27063,down
364326,1.679688,8.589844,5.203125,0.001953,-0.0625,0.019531,0.819824,0.500793,0.062622,0.270508,down
364331,1.605469,8.511719,5.125,0.191406,-0.068359,0.033203,0.819824,0.500793,0.062622,0.270508,down
364336,1.527344,8.546875,5.011719,0.191406,-0.068359,0.033203,0.81958,0.501221,0.0625,0.270447,down
364341,1.488281,8.46875,5.085937,0.244141,-0.066406,0.039063,0.81958,0.501221,0.0625,0.270447,down
364346,1.527344,8.550781,5.203125,0.369141,-0.113281,0.068359,0.81897,0.502319,0.062439,0.270386,down
364351,1.605469,8.546875,5.085937,0.369141,-0.113281,0.068359,0.817993,0.503967,0.062317,0.270264,down
364356,1.644531,8.820313,5.046875,0.369141,-0.113281,0.068359,0.817993,0.503967,0.062317,0.270264,down
364361,1.679688,8.824219,4.972656,0.369141,-0.113281,0.068359,0.816711,0.506042,0.062256,0.270203,down
364366,1.71875,8.851563,4.933594,0.369141,-0.113281,0.068359,0.816711,0.506042,0.062256,0.270203,down
364371,1.71875,9.011719,4.855469,0.515625,-0.0625,0.078125,0.816711,0.506042,0.062256,0.270203,down
364377,1.796875,9.128906,4.550781,0.515625,-0.0625,0.078125,0.814575,0.50946,0.062561,0.270264,down
364383,1.796875,9.203125,4.4375,0.515625,-0.0625,0.078125,0.813965,0.510437,0.062744,0.270203,down
364388,1.796875,9.125,4.511719,0.445312,-0.058594,0.001953,0.813293,0.511475,0.062988,0.270142,down
364394,1.835938,9.050781,4.550781,0.404297,-0.048828,-0.021484,0.813293,0.511475,0.062988,0.270142,down
364400,1.796875,9.046875,4.550781,0.326172,-0.015625,-0.033203,0.813293,0.511475,0.062988,0.270142,down
364405,1.757813,8.96875,4.550781,0.259766,0.023437,-0.046875,0.813293,0.511475,0.062988,0.270142,down
364411,1.757813,8.855469,4.589844,0.228516,0.029297,-0.064453,0.813293,0.511475,0.062988,0.270142,down
364417,1.71875,8.785156,4.628906,0.228516,0.029297,-0.064453,0.811279,0.514893,0.064575,0.269409,down
364422,1.71875,8.746094,4.589844,0.152344,0.085937,-0.060547,0.811096,0.515137,0.064941,0.269348,down
364428,1.605469,8.785156,4.550781,0.152344,0.085937,-0.060547,0.810913,0.515381,0.065247,0.269348,down
364433,1.605469,8.707031,4.550781,0.152344,0.085937,-0.060547,0.81073,0.515625,0.065613,0.269287,down
364438,1.605469,8.742188,4.511719,0.275391,0.080078,-0.064453,0.81073,0.515625,0.065613,0.269287,down
364445,1.605469,8.703125,4.511719,0.351563,0.072266,-0.068359,0.81073,0.515625,0.065613,0.269287,down
364450,1.605469,8.742188,4.472656,0.427734,0.0625,-0.076172,0.81073,0.515625,0.065613,0.269287,down
364456,1.644531,8.746094,4.472656,0.611328,0.011719,-0.103516,0.81073,0.515625,0.065613,0.269287,down
364461,1.644531,8.78125,4.398437,0.611328,0.011719,-0.103516,0.80835,0.519348,0.068115,0.268677,down
364466,1.679688,8.820313,4.359375,0.679687,-0.013672,-0.119141,0.80835,0.519348,0.068115,0.268677,down
364471,1.679688,8.890625,4.28125,0.740234,-0.03125,-0.140625,0.805908,0.52356,0.070007,0.267456,down
364476,1.679688,8.890625,4.242187,0.740234,-0.03125,-0.140625,0.805908,0.52356,0.070007,0.267456,down
364481,1.71875,8.929688,4.167969,0.802734,-0.027344,-0.160156,0.803955,0.526794,0.071411,0.266479,down
364487,1.644531,9.007813,4.050781,0.802734,-0.027344,-0.160156,0.803955,0.526794,0.071411,0.266479,down
364492,1.644531,9.167969,3.976563,0.761719,-0.023437,-0.179687,0.802063,0.53009,0.072876,0.265381,down
364497,1.644531,9.316406,3.976563,0.761719,-0.023437,-0.179687,0.80127,0.531372,0.073547,0.264954,down
364502,1.566406,9.511719,3.824219,0.761719,-0.023437,-0.179687,0.800415,0.532837,0.07428,0.264404,down
364507,1.527344,9.589844,3.746094,0.761719,-0.023437,-0.179687,0.800415,0.532837,0.07428,0.264404,down
364512,1.527344,9.589844,3.746094,0.582031,0.015625,-0.162109,0.799744,0.533875,0.07489,0.264038,down
364517,1.453125,9.734375,3.785156,0.582031,0.015625,-0.162109,0.799133,0.534973,0.0755,0.263672,down
364522,1.375,9.777344,3.824219,0.460937,0.029297,-0.138672,0.798584,0.535889,0.076111,0.263306,down
364527,1.375,9.777344,3.824219,0.404297,0.029297,-0.132812,0.798035,0.536682,0.07666,0.263,down
364532,1.375,9.777344,3.824219,0.404297,0.029297,-0.132812,0.797241,0.538086,0.077515,0.262451,down
364537,1.183594,9.660156,3.859375,0.404297,0.029297,-0.132812,0.796875,0.538696,0.077881,0.262207,down
364542,1.183594,9.585938,3.824219,0.404297,0.029297,-0.132812,0.796692,0.539001,0.078125,0.262024,down
364547,1.105469,9.546875,3.859375,0.150391,-0.007813,-0.064453,0.796692,0.539001,0.078125,0.262024,down
364552,1.070313,9.472656,3.898438,0.150391,-0.007813,-0.064453,0.796326,0.539612,0.078491,0.261719,down
364557,1.144531,9.390625,3.976563,0.150391,-0.007813,-0.064453,0.796204,0.539856,0.078613,0.261597,down
364563,1.144531,9.394531,4.015625,0.150391,-0.007813,-0.064453,0.796082,0.5401,0.078613,0.261536,down
364568,1.144531,9.394531,4.015625,0.164062,-0.068359,0.019531,0.795898,0.540405,0.078613,0.261414,down
364573,1.144531,9.277344,4.050781,0.164062,-0.068359,0.019531,0.795593,0.540833,0.078552,0.261353,down
364579,1.183594,9.3125,4.015625,0.164062,-0.068359,0.019531,0.795288,0.541382,0.07843,0.26123,down
364584,1.296875,9.3125,3.976563,0.3125,-0.128906,0.048828,0.795288,0.541382,0.07843,0.26123,down
364589,1.335938,9.238281,4.015625,0.369141,-0.146484,0.052734,0.795288,0.541382,0.07843,0.26123,down
364594,1.414063,9.238281,4.015625,0.404297,-0.154297,0.048828,0.795288,0.541382,0.07843,0.26123,down
364600,1.375,9.277344,4.050781,0.417969,-0.134766,0.041016,0.795288,0.541382,0.07843,0.26123,down
364605,1.335938,9.316406,3.9375,0.427734,-0.115234,0.033203,0.795288,0.541382,0.07843,0.26123,down
364610,1.375,9.355469,3.9375,0.421875,-0.101563,0.011719,0.795288,0.541382,0.07843,0.26123,down
364616,1.414063,9.316406,3.976563,0.373047,-0.097656,0.005859,0.795288,0.541382,0.07843,0.26123,down
364621,1.375,9.3125,4.015625,0.373047,-0.097656,0.005859,0.791077,0.548218,0.078247,0.259949,down
364626,1.453125,9.351563,4.050781,0.310547,-0.101563,-0.013672,0.791077,0.548218,0.078247,0.259949,down
364631,1.488281,9.277344,4.050781,0.310547,-0.101563,-0.013672,0.790161,0.549683,0.078308,0.259521,down
364636,1.453125,9.273438,4.089844,0.310547,-0.101563,-0.013672,0.789795,0.550354,0.078308,0.259338,down
364642,1.488281,9.273438,4.128906,0.324219,-0.119141,-0.025391,0.789795,0.550354,0.078308,0.259338,down
364647,1.527344,9.273438,4.128906,0.324219,-0.119141,-0.025391,0.788574,0.552429,0.078369,0.258545,down
364653,1.566406,9.203125,4.128906,0.324219,-0.119141,-0.025391,0.788147,0.553162,0.078369,0.25824,down
364658,1.566406,9.164063,4.167969,0.357422,-0.160156,-0.048828,0.78772,0.553955,0.078369,0.257874,down
364663,1.566406,9.203125,4.207031,0.384766,-0.164062,-0.048828,0.78772,0.553955,0.078369,0.257874,down
364669,1.527344,9.234375,4.167969,0.384766,-0.164062,-0.048828,0.786743,0.555664,0.078369,0.25708,down
364674,1.453125,9.316406,4.128906,0.451172,-0.1875,-0.056641,0.786743,0.555664,0.078369,0.25708,down
364679,1.414063,9.390625,4.128906,0.476562,-0.193359,-0.054687,0.786743,0.555664,0.078369,0.25708,down
364685,1.375,9.507813,4.015625,0.478516,-0.201172,-0.056641,0.786743,0.555664,0.078369,0.25708,down
364691,1.375,9.546875,3.976563,0.476562,-0.210937,-0.054687,0.786743,0.555664,0.078369,0.25708,down
364696,1.375,9.550781,4.015625,0.466797,-0.244141,-0.070312,0.786743,0.555664,0.078369,0.25708,down
364701,1.414063,9.589844,3.976563,0.466797,-0.244141,-0.070312,0.783264,0.56189,0.078247,0.254211,down
364707,1.375,9.628906,3.976563,0.455078,-0.273438,-0.070312,0.783264,0.56189,0.078247,0.254211,down
364712,1.375,9.585938,3.898438,0.455078,-0.273438,-0.070312,0.782166,0.564026,0.078064,0.253052,down
364717,1.453125,9.585938,3.859375,0.4375,-0.267578,-0.074219,0.781067,0.566162,0.077759,0.25177,down
364722,1.488281,9.546875,3.785156,0.4375,-0.267578,-0.074219,0.780579,0.567078,0.077576,0.251221,down
364727,1.527344,9.472656,3.746094,0.4375,-0.267578,-0.074219,0.78009,0.567993,0.077393,0.250671,down
364732,1.527344,9.429688,3.746094,0.4375,-0.267578,-0.074219,0.78009,0.567993,0.077393,0.250671,down
364737,1.488281,9.429688,3.746094,0.359375,-0.265625,-0.046875,0.779236,0.569763,0.076965,0.249573,down
364742,1.527344,9.355469,3.667969,0.359375,-0.265625,-0.046875,0.778809,0.570618,0.07666,0.248962,down
364747,1.488281,9.316406,3.632813,0.359375,-0.265625,-0.046875,0.778809,0.570618,0.07666,0.248962,down
364752,1.488281,9.234375,3.667969,0.320313,-0.283203,-0.042969,0.778015,0.572205,0.076111,0.247925,down
364757,1.488281,9.234375,3.707031,0.320313,-0.283203,-0.042969,0.777588,0.573059,0.075867,0.247375,down
364762,1.414063,9.207031,3.632813,0.402344,-0.314453,-0.042969,0.777588,0.573059,0.075867,0.247375,down
364767,1.414063,9.234375,3.476563,0.435547,-0.320313,-0.044922,0.7771,0.574036,0.0755,0.246704,down
364773,1.414063,9.234375,3.476563,0.460937,-0.328125,-0.046875,0.776123,0.575989,0.075012,0.245544,down
364778,1.222656,9.433594,3.285156,0.460937,-0.328125,-0.046875,0.775513,0.577026,0.074768,0.244934,down
364784,1.222656,9.433594,3.246094,0.474609,-0.306641,-0.052734,0.774902,0.578186,0.074524,0.244324,down
364789,1.296875,9.472656,3.171875,0.482422,-0.316406,-0.056641,0.774292,0.579285,0.07428,0.243652,down
364795,1.296875,9.585938,3.09375,0.462891,-0.320313,-0.064453,0.774292,0.579285,0.07428,0.243652,down
364801,1.296875,9.625,3.019531,0.433594,-0.316406,-0.068359,0.774292,0.579285,0.07428,0.243652,down
364807,1.335938,9.589844,2.902344,0.359375,-0.3125,-0.082031,0.774292,0.579285,0.07428,0.243652,down
364812,1.335938,9.628906,2.828125,0.359375,-0.3125,-0.082031,0.772217,0.583313,0.073364,0.241028,down
364817,1.375,9.589844,2.789063,0.291016,-0.316406,-0.103516,0.77179,0.584167,0.073059,0.240356,down
364823,1.414063,9.546875,2.789063,0.291016,-0.316406,-0.103516,0.771118,0.585693,0.07251,0.238892,down
364828,1.453125,9.546875,2.710938,0.205078,-0.291016,-0.126953,0.770935,0.586304,0.072266,0.238159,down
364834,1.605469,9.550781,2.558594,0.205078,-0.291016,-0.126953,0.770813,0.586731,0.072083,0.237549,down
364839,1.644531,9.585938,2.480469,0.146484,-0.251953,-0.162109,0.770813,0.586731,0.072083,0.237549,down
364844,1.644531,9.628906,2.40625,0.146484,-0.236328,-0.191406,0.77063,0.587585,0.071777,0.236145,down
364849,1.644531,9.625,2.480469,0.146484,-0.236328,-0.191406,0.770569,0.587952,0.071777,0.235413,down
364854,1.71875,9.589844,2.558594,0.125,-0.185547,-0.240234,0.770569,0.587952,0.071777,0.235413,down
364860,1.644531,9.65625,2.519531,0.115234,-0.138672,-0.263672,0.770569,0.587952,0.071777,0.235413,down
364865,1.605469,9.65625,2.597656,0.132812,-0.115234,-0.259766,0.770569,0.587952,0.071777,0.235413,down
364870,1.644531,9.65625,2.710938,0.132812,-0.115234,-0.259766,0.770569,0.587952,0.071777,0.235413,down
364876,1.679688,9.660156,2.75,0.132812,-0.115234,-0.259766,0.770447,0.589417,0.072754,0.231873,down
364881,1.679688,9.660156,2.789063,0.105469,-0.042969,-0.261719,0.770447,0.589417,0.072754,0.231873,down
364887,1.644531,9.628906,2.828125,0.044922,0.003906,-0.228516,0.770447,0.589783,0.073547,0.230713,down
364892,1.71875,9.625,2.941406,0.025391,0.025391,-0.207031,0.770447,0.589844,0.073914,0.230225,down
364897,1.71875,9.585938,2.941406,0.025391,0.025391,-0.207031,0.770508,0.589844,0.074341,0.229797,down
364902,1.71875,9.546875,3.09375,0.025391,0.025391,-0.207031,0.770691,0.589844,0.075073,0.229187,down
364907,1.71875,9.546875,3.09375,0.015625,0.037109,-0.164062,0.770691,0.589844,0.075073,0.229187,down
364912,1.679688,9.550781,3.132813,0.015625,0.037109,-0.164062,0.770752,0.589783,0.075378,0.228882,down
364917,1.71875,9.472656,3.132813,0.025391,0.029297,-0.15625,0.770813,0.589844,0.07605,0.228394,down
364922,1.757813,9.46875,3.171875,0.025391,0.029297,-0.15625,0.770813,0.589905,0.076294,0.228088,down
364927,1.71875,9.429688,3.09375,0.144531,-0.050781,-0.134766,0.770813,0.589905,0.076294,0.228088,down
364932,1.757813,9.472656,3.09375,0.144531,-0.050781,-0.134766,0.770752,0.590149,0.076538,0.227783,down
364937,1.757813,9.511719,3.132813,0.212891,-0.089844,-0.128906,0.770752,0.590149,0.076538,0.227783,down
364942,1.796875,9.511719,3.171875,0.212891,-0.089844,-0.128906,0.770264,0.591003,0.076843,0.226929,down
364947,1.835938,9.628906,3.132813,0.212891,-0.089844,-0.128906,0.769897,0.591736,0.076904,0.226379,down
364953,1.835938,9.65625,3.09375,0.384766,-0.201172,-0.099609,0.768921,0.593384,0.076843,0.225281,down
364959,1.875,9.851563,2.941406,0.384766,-0.201172,-0.099609,0.768494,0.594116,0.076843,0.224792,down
364965,1.910156,10.011719,2.863281,0.306641,-0.189453,-0.058594,0.768494,0.594116,0.076843,0.224792,down
364970,1.910156,10.039063,2.863281,0.263672,-0.171875,-0.037109,0.768494,0.594116,0.076843,0.224792,down
364975,1.835938,10.039063,2.828125,0.220703,-0.15625,-0.039063,0.768494,0.594116,0.076843,0.224792,down
364981,1.835938,9.972656,2.828125,0.185547,-0.160156,-0.046875,0.768494,0.594116,0.076843,0.224792,down
364987,1.835938,9.972656,2.828125,0.050781,-0.126953,-0.03125,0.768494,0.594116,0.076843,0.224792,down
364992,1.796875,9.894531,2.789063,0.050781,-0.126953,-0.03125,0.766846,0.597168,0.076172,0.222595,down
364997,1.757813,9.816406,2.75,0.050781,-0.126953,-0.03125,0.766907,0.597229,0.075989,0.222351,down
365002,1.757813,9.816406,2.789063,-0.130859,-0.132812,-0.005859,0.766907,0.597229,0.075989,0.222351,down
365007,1.757813,9.734375,2.789063,-0.130859,-0.132812,-0.005859,0.767212,0.597046,0.0755,0.221985,down
365012,1.71875,9.628906,2.710938,-0.130859,-0.132812,-0.005859,0.767456,0.596802,0.075195,0.221802,down
365018,1.679688,9.660156,2.710938,-0.119141,-0.171875,-0.001953,0.767639,0.596619,0.07489,0.221619,down
365023,1.605469,9.65625,2.671875,-0.119141,-0.171875,-0.001953,0.768066,0.596375,0.074097,0.22113,down
365028,1.605469,9.628906,2.671875,-0.070312,-0.248047,0.001953,0.76825,0.596375,0.073547,0.220825,down
365034,1.644531,9.550781,2.597656,-0.070312,-0.248047,0.001953,0.768372,0.596375,0.073059,0.220459,down
365039,1.644531,9.550781,2.636719,-0.023437,-0.296875,0.003906,0.768372,0.596375,0.073059,0.220459,down
365044,1.679688,9.628906,2.636719,-0.001953,-0.318359,0.009766,0.768372,0.596375,0.073059,0.220459,down
365049,1.644531,9.507813,2.671875,0.005859,-0.330078,0.009766,0.768372,0.596375,0.073059,0.220459,down
365054,1.71875,9.507813,2.597656,0.005859,-0.330078,0.009766,0.768372,0.596375,0.073059,0.220459,down
365061,1.71875,9.507813,2.597656,-0.009766,-0.320313,0.025391,0.768372,0.596375,0.073059,0.220459,down
365067,1.757813,9.472656,2.558594,-0.009766,-0.320313,0.025391,0.768738,0.597351,0.069275,0.217773,down
365073,1.757813,9.433594,2.636719,-0.025391,-0.287109,0.039063,0.768738,0.597351,0.069275,0.217773,down
365078,1.757813,9.433594,2.597656,-0.025391,-0.287109,0.039063,0.768921,0.597717,0.067444,0.216675,down
365083,1.757813,9.394531,2.597656,-0.025391,-0.287109,0.039063,0.768982,0.597778,0.066956,0.21637,down
365088,1.757813,9.3125,2.480469,-0.019531,-0.257813,0.023437,0.769043,0.5979,0.066345,0.216003,down
365093,1.796875,9.273438,2.480469,-0.019531,-0.257813,0.023437,0.769043,0.5979,0.066345,0.216003,down
365098,1.796875,9.273438,2.480469,0.019531,-0.257813,0.005859,0.769104,0.598022,0.065918,0.215698,down
365103,1.796875,9.234375,2.445313,0.019531,-0.257813,0.005859,0.769104,0.598022,0.065918,0.215698,down
365108,1.835938,9.238281,2.445313,0.019531,-0.257813,0.005859,0.769104,0.598022,0.065918,0.215698,down
365113,1.835938,9.238281,2.445313,0.066406,-0.248047,-0.005859,0.76886,0.59906,0.064209,0.214172,down
365119,1.835938,9.316406,2.289063,0.066406,-0.248047,-0.005859,0.768677,0.599487,0.063843,0.213684,down
365124,1.835938,9.277344,2.253906,0.066406,-0.248047,-0.005859,0.768555,0.599792,0.06366,0.213318,down
365130,1.796875,9.277344,2.289063,0.136719,-0.195312,-0.068359,0.768433,0.600159,0.063416,0.212891,down
365137,1.796875,9.273438,2.214844,0.128906,-0.175781,-0.082031,0.768433,0.600159,0.063416,0.212891,down
365143,1.796875,9.316406,2.136719,0.136719,-0.177734,-0.121094,0.768433,0.600159,0.063416,0.212891,down
365148,1.757813,9.273438,2.058594,0.130859,-0.195312,-0.142578,0.768005,0.601196,0.063049,0.211487,down
365154,1.796875,9.316406,2.097656,0.130859,-0.195312,-0.142578,0.767822,0.601807,0.062927,0.210388,down
365159,1.796875,9.351563,2.058594,0.130859,-0.195312,-0.142578,0.767761,0.602173,0.062866,0.209717,down
365164,1.835938,9.316406,2.058594,0.126953,-0.224609,-0.197266,0.767761,0.602173,0.062866,0.209717,down
365169,1.835938,9.355469,2.058594,0.142578,-0.230469,-0.203125,0.767761,0.602173,0.062866,0.209717,down
365175,1.835938,9.390625,1.984375,0.142578,-0.230469,-0.203125,0.767517,0.60321,0.062683,0.20752,down
365181,1.796875,9.394531,1.984375,0.195312,-0.232422,-0.199219,0.767517,0.60321,0.062683,0.20752,down
365186,1.796875,9.433594,2.023438,0.203125,-0.234375,-0.179687,0.767517,0.60321,0.062683,0.20752,down
365191,1.796875,9.585938,2.058594,0.191406,-0.234375,-0.15625,0.767517,0.60321,0.062683,0.20752,down
365196,1.796875,9.550781,2.058594,0.179687,-0.214844,-0.134766,0.767517,0.60321,0.062683,0.20752,down
365201,1.796875,9.585938,1.984375,0.179687,-0.214844,-0.134766,0.766663,0.60553,0.062317,0.204102,down
365206,1.796875,9.625,2.023438,0.169922,-0.173828,-0.097656,0.766663,0.60553,0.062317,0.204102,down
365212,1.796875,9.777344,2.023438,0.162109,-0.171875,-0.082031,0.766113,0.60675,0.062012,0.202698,down
365217,1.796875,9.777344,1.984375,0.162109,-0.171875,-0.082031,0.766113,0.60675,0.062012,0.202698,down
365222,1.796875,9.734375,1.945313,0.130859,-0.115234,-0.074219,0.766113,0.60675,0.062012,0.202698,down
365227,1.796875,9.777344,1.984375,0.130859,-0.115234,-0.074219,0.765808,0.607361,0.06189,0.202026,down
365233,1.796875,9.777344,1.984375,0.125,-0.107422,-0.068359,0.765503,0.607971,0.06189,0.201355,down
365238,1.796875,9.738281,1.90625,0.107422,-0.089844,-0.078125,0.765503,0.607971,0.06189,0.201355,down
365243,1.796875,9.695313,1.984375,0.089844,-0.083984,-0.082031,0.765381,0.608215,0.06189,0.20105,down
365248,1.796875,9.738281,2.023438,0.089844,-0.083984,-0.082031,0.765198,0.608643,0.061951,0.2005,down
365253,1.796875,9.660156,2.058594,0.089844,-0.083984,-0.082031,0.765198,0.608643,0.061951,0.2005,down
365258,1.757813,9.660156,2.097656,0.046875,-0.074219,-0.09375,0.765137,0.608887,0.062012,0.19989,down
365263,1.757813,9.625,2.097656,0.046875,-0.074219,-0.09375,0.765198,0.608948,0.062012,0.199646,down
365268,1.757813,9.628906,2.058594,0.046875,-0.074219,-0.09375,0.765198,0.608948,0.062073,0.199402,down
365273,1.757813,9.660156,2.097656,0.046875,-0.074219,-0.09375,0.765198,0.608948,0.062073,0.199402,down
365278,1.757813,9.625,2.097656,0.035156,-0.048828,-0.089844,0.765198,0.609131,0.062256,0.198914,down
365283,1.796875,9.628906,2.214844,0.035156,-0.048828,-0.089844,0.765137,0.609253,0.062317,0.198669,down
365288,1.757813,9.660156,2.214844,0.035156,-0.048828,-0.089844,0.765015,0.609436,0.062439,0.198486,down
365293,1.757813,9.695313,2.136719,0.035156,-0.048828,-0.089844,0.765015,0.609436,0.062439,0.198486,down
365298,1.757813,9.695313,2.214844,0.113281,-0.021484,-0.068359,0.764771,0.609863,0.062744,0.198181,down
365303,1.757813,9.734375,2.289063,0.113281,-0.021484,-0.068359,0.764587,0.610107,0.062866,0.198059,down
365308,1.757813,9.773438,2.328125,0.113281,-0.021484,-0.068359,0.764404,0.610352,0.063049,0.197937,down
365313,1.679688,9.738281,2.328125,0.113281,-0.021484,-0.068359,0.764404,0.610352,0.063049,0.197937,down
365318,1.679688,9.699219,2.253906,0.132812,0.021484,-0.052734,0.764404,0.610352,0.063049,0.197937,down
365323,1.679688,9.777344,2.289063,0.132812,0.021484,-0.052734,0.763794,0.611084,0.063599,0.197693,down
365328,1.71875,9.699219,2.328125,0.109375,-0.003906,-0.039063,0.763794,0.611084,0.063599,0.197693,down
365333,1.679688,9.695313,2.328125,0.109375,-0.003906,-0.039063,0.763672,0.611328,0.063721,0.197571,down
365338,1.71875,9.65625,2.367188,0.089844,0.0,-0.023437,0.763672,0.611328,0.063721,0.197571,down
365343,1.71875,9.65625,2.328125,0.095703,0.0,-0.015625,0.763428,0.611694,0.063965,0.197449,down
365348,1.71875,9.628906,2.289063,0.095703,0.0,-0.015625,0.763123,0.612,0.064087,0.197388,down
365353,1.757813,9.628906,2.328125,0.095703,0.0,-0.015625,0.763123,0.612,0.064087,0.197388,down
365358,1.757813,9.625,2.253906,0.095703,0.0,-0.015625,0.762817,0.612427,0.06427,0.197327,down
365363,1.757813,9.550781,2.253906,0.095703,0.0,-0.015625,0.762817,0.612427,0.06427,0.197327,down
365368,1.757813,9.511719,2.328125,0.101563,-0.015625,-0.041016,0.762817,0.612427,0.06427,0.197327,down
365373,1.757813,9.511719,2.328125,0.101563,-0.015625,-0.041016,0.76239,0.612976,0.064575,0.197021,down
365378,1.757813,9.546875,2.328125,0.083984,0.005859,-0.046875,0.76239,0.612976,0.064575,0.197021,down
365383,1.757813,9.546875,2.289063,0.083984,0.005859,-0.046875,0.762268,0.613159,0.064697,0.19696,down
365388,1.757813,9.546875,2.328125,0.052734,0.003906,-0.054687,0.762268,0.613159,0.064697,0.19696,down
365394,1.757813,9.550781,2.445313,0.052734,0.003906,-0.054687,0.762024,0.613464,0.065125,0.196655,down
365399,1.757813,9.546875,2.40625,0.039063,0.027344,-0.064453,0.762024,0.613586,0.065308,0.196594,down
365404,1.757813,9.550781,2.445313,0.037109,0.037109,-0.058594,0.761963,0.613586,0.065491,0.196533,down
365409,1.71875,9.546875,2.519531,0.037109,0.037109,-0.058594,0.761902,0.613647,0.065674,0.196472,down
365414,1.757813,9.546875,2.519531,0.037109,0.037109,-0.058594,0.761902,0.613647,0.065918,0.196472,down
365419,1.679688,9.511719,2.445313,0.029297,0.074219,-0.0625,0.761841,0.613708,0.066223,0.196472,down
365424,1.644531,9.511719,2.519531,0.029297,0.074219,-0.054687,0.76178,0.613708,0.066467,0.196472,down
