timestamp,ax,ay,az,gx,gy,gz,qw,qx,qy,qz,label
214190,7.074219,5.691406,1.566406,-0.009766,-0.179687,-0.414062,0.458923,0.635925,0.017639,0.620178,down
214197,7.113281,5.652344,1.640625,-0.068359,-0.179687,-0.419922,0.458923,0.635925,0.017639,0.620178,down
214202,7.230469,5.613281,1.71875,-0.160156,-0.152344,-0.4375,0.458923,0.635925,0.017639,0.620178,down
214207,7.265625,5.539062,1.792969,-0.160156,-0.152344,-0.4375,0.461975,0.636536,0.019287,0.617249,down
214213,7.265625,5.613281,1.910156,-0.175781,-0.144531,-0.457031,0.461975,0.636536,0.019287,0.617249,down
214218,7.308594,5.730469,1.871094,-0.175781,-0.144531,-0.457031,0.464905,0.636475,0.020264,0.615112,down
214223,7.34375,5.730469,1.910156,-0.130859,-0.109375,-0.470703,0.464905,0.636475,0.020264,0.615112,down
214228,7.378906,5.769531,1.949219,-0.130859,-0.109375,-0.470703,0.465942,0.636414,0.020691,0.61438,down
214233,7.375,5.804687,2.023438,-0.056641,-0.119141,-0.458984,0.465942,0.636414,0.020691,0.61438,down
214239,7.375,5.882812,2.0625,-0.056641,-0.119141,-0.458984,0.468384,0.636536,0.022217,0.612305,down
214244,7.347656,5.960937,2.101563,0.023437,-0.128906,-0.470703,0.469177,0.636658,0.022949,0.611511,down
214249,7.304687,6.074219,2.140625,0.046875,-0.138672,-0.478516,0.469849,0.636902,0.023621,0.610779,down
214254,7.230469,6.152344,2.214844,0.046875,-0.138672,-0.478516,0.470459,0.637085,0.024231,0.610107,down
214259,7.148437,6.226562,2.292969,0.046875,-0.138672,-0.478516,0.471069,0.637329,0.024963,0.609314,down
214264,7.113281,6.265625,2.332031,0.066406,-0.15625,-0.480469,0.471741,0.637634,0.025757,0.608459,down
214269,6.960937,6.34375,2.367188,0.066406,-0.15625,-0.480469,0.472412,0.637878,0.026489,0.607666,down
214274,6.960937,6.34375,2.367188,0.066406,-0.15625,-0.480469,0.473022,0.638062,0.027161,0.606934,down
214279,6.808594,6.378906,2.367188,0.039063,-0.097656,-0.511719,0.473755,0.638245,0.027954,0.60614,down
214284,6.730469,6.378906,2.445313,0.025391,-0.064453,-0.523437,0.474487,0.638367,0.028809,0.605408,down
214289,6.464844,6.304687,2.367188,0.025391,-0.064453,-0.523437,0.475281,0.638367,0.029663,0.604736,down
214294,6.347656,6.226562,2.214844,0.025391,-0.064453,-0.523437,0.475281,0.638367,0.029663,0.604736,down
214299,6.347656,6.226562,2.214844,0.027344,0.011719,-0.519531,0.475952,0.638367,0.030457,0.604187,down
214304,6.304687,6.226562,2.214844,0.025391,0.021484,-0.519531,0.475952,0.638367,0.030457,0.604187,down
214309,6.230469,6.265625,2.40625,0.050781,0.019531,-0.511719,0.477417,0.638245,0.032288,0.603027,down
214314,6.230469,6.265625,2.40625,0.050781,0.019531,-0.511719,0.477417,0.638245,0.032288,0.603027,down
214319,6.230469,6.265625,2.40625,0.087891,0.017578,-0.517578,0.479187,0.638367,0.0354,0.601318,down
214324,6.15625,6.570312,2.484375,0.087891,0.017578,-0.517578,0.479736,0.638489,0.036743,0.600708,down
214329,6.15625,6.652344,2.40625,0.087891,0.017578,-0.517578,0.480103,0.63855,0.037903,0.600281,down
214334,6.039062,6.652344,2.367188,0.291016,0.107422,-0.548828,0.480469,0.638611,0.039429,0.599792,down
214339,5.925781,6.648437,2.445313,0.291016,0.107422,-0.548828,0.480774,0.638733,0.040833,0.599365,down
214344,5.734375,6.730469,2.445313,0.291016,0.107422,-0.548828,0.48114,0.638855,0.042542,0.598816,down
214350,5.695312,6.648437,2.523438,0.291016,0.107422,-0.548828,0.481506,0.638916,0.044006,0.598328,down
214356,5.65625,6.648437,2.597656,0.253906,0.109375,-0.609375,0.481934,0.638977,0.045532,0.597778,down
214362,5.695312,6.652344,2.753906,0.181641,0.107422,-0.626953,0.481934,0.638977,0.045532,0.597778,down
214368,5.503906,6.609375,2.90625,0.181641,0.107422,-0.626953,0.481934,0.638977,0.045532,0.597778,down
214373,5.582031,6.53125,2.789063,0.005859,0.162109,-0.664062,0.481934,0.638977,0.045532,0.597778,down
214379,5.195312,6.265625,2.789063,-0.083984,0.193359,-0.671875,0.481934,0.638977,0.045532,0.597778,down
214384,5.195312,6.265625,2.789063,-0.1875,0.179687,-0.660156,0.487427,0.637085,0.053345,0.594727,down
214389,4.890625,6.113281,3.019531,-0.210937,0.136719,-0.642578,0.488892,0.636414,0.054382,0.594177,down
214394,4.738281,5.960937,3.171875,-0.210937,0.136719,-0.642578,0.48999,0.635925,0.055176,0.593689,down
214399,4.96875,5.804687,3.289063,-0.210937,0.136719,-0.642578,0.491333,0.635376,0.055969,0.593079,down
214404,5.160156,5.765625,3.289063,-0.220703,0.039063,-0.642578,0.492737,0.634888,0.056824,0.592346,down
214409,5.386719,5.765625,3.328125,-0.183594,0.046875,-0.658203,0.492737,0.634888,0.056824,0.592346,down
214414,5.542969,5.886719,3.210938,-0.183594,0.046875,-0.658203,0.495239,0.634033,0.058533,0.591003,down
214420,5.617187,6.152344,3.289063,-0.183594,0.046875,-0.658203,0.496338,0.633728,0.059509,0.590332,down
214425,5.65625,6.269531,3.363281,0.066406,0.056641,-0.732422,0.497375,0.633545,0.06073,0.589539,down
214431,5.425781,6.269531,3.402344,0.171875,0.050781,-0.746094,0.497375,0.633545,0.06073,0.589539,down
214436,5.351562,6.378906,3.554688,0.171875,0.050781,-0.746094,0.499023,0.633545,0.063843,0.58783,down
214441,5.003906,6.417969,3.480469,0.392578,0.056641,-0.849609,0.499023,0.633545,0.063843,0.58783,down
214447,4.8125,6.496094,3.171875,0.396484,0.085937,-0.896484,0.499023,0.633545,0.063843,0.58783,down
214452,4.546875,6.457031,2.867188,0.345703,0.146484,-0.9375,0.499023,0.633545,0.063843,0.58783,down
214457,3.625,6.417969,2.445313,0.345703,0.146484,-0.9375,0.501892,0.634033,0.072205,0.583862,down
214463,3.242188,6.34375,2.292969,0.078125,0.048828,-1.021484,0.501892,0.634033,0.072205,0.583862,down
214468,2.898438,6.304687,2.140625,0.078125,0.048828,-1.021484,0.50415,0.633667,0.076416,0.581787,down
214473,2.476563,6.265625,2.214844,0.078125,0.048828,-1.021484,0.505737,0.633484,0.078247,0.580322,down
214479,2.4375,6.269531,2.40625,-0.140625,-0.283203,-1.064453,0.509277,0.633484,0.080444,0.576965,down
214484,2.476563,6.308594,2.484375,-0.265625,-0.582031,-1.132813,0.511475,0.633667,0.081299,0.574646,down
214489,3.050781,6.265625,2.523438,-0.265625,-0.582031,-1.132813,0.513672,0.633972,0.08197,0.572266,down
214494,3.242188,6.347656,2.558594,-0.265625,-0.582031,-1.132813,0.515808,0.63446,0.08252,0.569763,down
214499,3.398438,6.417969,2.597656,-0.162109,-0.873047,-1.240234,0.515808,0.63446,0.08252,0.569763,down
214504,3.664063,6.457031,2.597656,-0.162109,-0.873047,-1.240234,0.520325,0.635986,0.083923,0.56366,down
214509,3.972656,6.496094,2.558594,-0.162109,-0.873047,-1.240234,0.522278,0.636902,0.084656,0.560669,down
214514,4.199219,6.917969,2.558594,0.125,-1.068359,-1.419922,0.524475,0.638245,0.085693,0.557007,down
214519,4.199219,7.070312,2.523438,0.125,-1.068359,-1.419922,0.526367,0.639526,0.086792,0.553528,down
214524,4.164062,7.257812,2.523438,0.25,-1.111328,-1.529297,0.526367,0.639526,0.086792,0.553528,down
214530,3.933594,7.601562,2.484375,0.25,-1.111328,-1.529297,0.530212,0.642456,0.089478,0.546021,down
214535,3.933594,7.601562,2.484375,0.240234,-1.099609,-1.611328,0.532288,0.643921,0.091003,0.542053,down
214540,3.933594,7.601562,2.484375,0.191406,-1.115234,-1.636719,0.532288,0.643921,0.091003,0.542053,down
214545,3.359375,7.988281,2.175781,0.191406,-1.115234,-1.636719,0.534363,0.645264,0.092407,0.538086,down
214550,3.359375,7.988281,2.175781,0.107422,-1.125,-1.642578,0.53656,0.646545,0.093811,0.534119,down
214555,3.128906,8.144531,2.023438,0.107422,-1.125,-1.642578,0.53894,0.647766,0.095032,0.530029,down
214561,2.746094,8.40625,1.910156,-0.113281,-1.226563,-1.615234,0.544189,0.649902,0.09668,0.521606,down
214566,2.246094,8.753906,1.679688,-0.113281,-1.226563,-1.615234,0.546936,0.65094,0.097168,0.517395,down
214571,2.09375,8.789063,1.527344,-0.306641,-1.46875,-1.556641,0.546936,0.65094,0.097168,0.517395,down
214577,2.019531,8.90625,1.371094,-0.324219,-1.564453,-1.542969,0.546936,0.65094,0.097168,0.517395,down
214582,1.902344,8.984375,1.21875,-0.324219,-1.564453,-1.542969,0.546936,0.65094,0.097168,0.517395,down
214588,2.019531,9.023438,1.144531,-0.324219,-1.564453,-1.542969,0.558594,0.655579,0.097107,0.498718,down
214594,2.09375,8.988281,1.066406,-0.25,-1.964844,-1.548828,0.558594,0.655579,0.097107,0.498718,down
214599,2.246094,9.027344,0.761719,-0.197266,-2.03125,-1.572266,0.564209,0.658508,0.096252,0.488647,down
214604,2.363281,9.066406,0.683594,-0.197266,-2.03125,-1.572266,0.569824,0.662231,0.095276,0.477173,down
214609,2.363281,9.171875,0.605469,-0.009766,-2.078125,-1.628906,0.569824,0.662231,0.095276,0.477173,down
214614,2.363281,9.289063,0.453125,-0.009766,-2.078125,-1.628906,0.574585,0.666077,0.094849,0.466003,down
214619,2.324219,9.410156,0.300781,-0.009766,-2.078125,-1.628906,0.57666,0.668213,0.094849,0.460388,down
214624,2.210938,9.632813,0.109375,-0.009766,-2.078125,-1.628906,0.57666,0.668213,0.094849,0.460388,down
214629,2.246094,9.789063,-0.007813,0.396484,-2.064453,-1.716797,0.57666,0.668213,0.094849,0.460388,down
214634,2.171875,9.910156,-0.121094,0.396484,-2.064453,-1.716797,0.582214,0.675476,0.095764,0.4422,down
214639,2.171875,10.09375,-0.234375,0.396484,-2.064453,-1.716797,0.583801,0.677917,0.096313,0.436279,down
214644,2.09375,10.476563,-0.464844,0.396484,-2.064453,-1.716797,0.583801,0.677917,0.096313,0.436279,down
214649,2.09375,10.710938,-0.582031,0.558594,-1.986328,-1.728516,0.58667,0.682983,0.097717,0.424133,down
214654,2.171875,11.132813,-0.617187,0.558594,-1.986328,-1.728516,0.58667,0.682983,0.097717,0.424133,down
214659,2.171875,11.132813,-0.617187,0.626953,-1.916016,-1.746094,0.587891,0.685364,0.098511,0.418213,down
214664,2.285156,11.242188,-0.617187,0.626953,-1.916016,-1.746094,0.58905,0.687805,0.099426,0.412292,down
214679,2.476563,11.441406,-0.617187,0.6875,-1.738281,-1.746094,0.592224,0.694763,0.102783,0.394958,down
214684,2.476563,11.441406,-0.617187,0.544922,-1.582031,-1.714844,0.593262,0.696838,0.103943,0.389404,down
214690,2.59375,11.132813,-0.695312,0.544922,-1.582031,-1.714844,0.595581,0.700562,0.106323,0.378479,down
214695,2.554688,11.058594,-0.734375,0.380859,-1.539063,-1.654297,0.595581,0.700562,0.106323,0.378479,down
214700,2.59375,10.980469,-0.734375,0.380859,-1.539063,-1.654297,0.598389,0.703796,0.108521,0.367188,down
214706,2.59375,10.820313,-0.695312,0.380859,-1.539063,-1.654297,0.599609,0.704895,0.109314,0.362854,down
214711,2.628906,10.714844,-0.734375,0.380859,-1.539063,-1.654297,0.601074,0.706177,0.110168,0.357666,down
214716,2.667969,10.746094,-0.8125,0.214844,-1.505859,-1.564453,0.602539,0.707336,0.110901,0.352661,down
214723,2.667969,10.746094,-0.8125,0.230469,-1.490234,-1.539063,0.602539,0.707336,0.110901,0.352661,down
214728,2.628906,10.78125,-1.039063,0.230469,-1.490234,-1.539063,0.602539,0.707336,0.110901,0.352661,down
214733,2.554688,10.820313,-0.925781,0.310547,-1.501953,-1.488281,0.602539,0.707336,0.110901,0.352661,down
214738,2.554688,10.820313,-0.925781,0.335938,-1.527344,-1.480469,0.607605,0.712219,0.11377,0.33252,down
214743,2.667969,10.824219,-1.15625,0.417969,-1.535156,-1.462891,0.608582,0.713623,0.11438,0.327515,down
214748,2.667969,10.824219,-1.15625,0.462891,-1.539063,-1.439453,0.609436,0.715027,0.115051,0.322571,down
214754,2.628906,10.742188,-1.269531,0.462891,-1.539063,-1.439453,0.610229,0.716614,0.115723,0.317383,down
214759,2.628906,10.742188,-1.269531,0.568359,-1.572266,-1.40625,0.610779,0.718262,0.116272,0.312317,down
214764,2.707031,10.671875,-1.613281,0.568359,-1.572266,-1.40625,0.611328,0.719849,0.116882,0.307251,down
214769,2.785156,10.554688,-1.613281,0.568359,-1.572266,-1.40625,0.611816,0.721619,0.117432,0.301941,down
214774,2.785156,10.4375,-1.730469,0.574219,-1.605469,-1.339844,0.611816,0.721619,0.117432,0.301941,down
214779,2.859375,10.25,-1.84375,0.558594,-1.59375,-1.3125,0.612732,0.724915,0.118347,0.291626,down
214784,2.859375,10.175781,-1.960938,0.558594,-1.59375,-1.3125,0.613159,0.726501,0.118774,0.286621,down
214789,2.859375,10.175781,-2.035156,0.564453,-1.570313,-1.25,0.613586,0.72821,0.119202,0.281128,down
214794,2.859375,10.210938,-2.113281,0.564453,-1.570313,-1.25,0.613953,0.729736,0.119507,0.276184,down
214800,2.746094,10.363281,-2.304688,0.564453,-1.570313,-1.25,0.61438,0.732788,0.119995,0.266724,down
214805,2.707031,10.480469,-2.382813,0.671875,-1.609375,-1.142578,0.614502,0.734558,0.120178,0.261475,down
214810,2.667969,10.636719,-2.417969,0.757812,-1.652344,-1.126953,0.614441,0.73645,0.120239,0.256226,down
214815,2.59375,10.898438,-2.496094,0.757812,-1.652344,-1.126953,0.614258,0.738098,0.1203,0.251953,down
214821,2.285156,11.742188,-2.839844,0.757812,-1.652344,-1.126953,0.613892,0.740295,0.120239,0.246277,down
214826,2.210938,11.933594,-2.917969,0.927734,-1.841797,-1.101563,0.613464,0.742249,0.120117,0.241394,down
214831,2.210938,12.085938,-2.917969,0.919922,-1.912109,-1.089844,0.613464,0.742249,0.120117,0.241394,down
214836,2.132813,12.285156,-2.992188,0.919922,-1.912109,-1.089844,0.613464,0.742249,0.120117,0.241394,down
214841,2.09375,12.390625,-3.03125,0.863281,-1.962891,-1.076172,0.612305,0.748596,0.118958,0.224915,down
214846,2.09375,12.390625,-3.03125,0.863281,-1.962891,-1.076172,0.612305,0.748596,0.118958,0.224915,down
214851,2.019531,12.472656,-2.992188,0.609375,-1.972656,-1.050781,0.612305,0.748596,0.118958,0.224915,down
214856,2.019531,12.472656,-2.992188,0.410156,-1.9375,-1.021484,0.612366,0.751953,0.117554,0.213928,down
214862,1.902344,12.011719,-3.03125,0.162109,-1.876953,-0.994141,0.613953,0.753723,0.115784,0.203857,down
214867,1.863281,11.902344,-3.03125,-0.400391,-1.804688,-0.957031,0.613953,0.753723,0.115784,0.203857,down
214873,1.863281,11.242188,-3.070313,-0.400391,-1.804688,-0.957031,0.613953,0.753723,0.115784,0.203857,down
214878,1.902344,10.902344,-3.03125,-0.8125,-1.693359,-0.919922,0.613953,0.753723,0.115784,0.203857,down
214883,1.863281,10.742188,-3.070313,-0.908203,-1.644531,-0.880859,0.613953,0.753723,0.115784,0.203857,down
214888,1.824219,10.4375,-2.957031,-0.908203,-1.644531,-0.880859,0.625061,0.751221,0.109741,0.181274,down
214893,1.863281,9.714844,-2.6875,-0.908203,-1.644531,-0.880859,0.625061,0.751221,0.109741,0.181274,down
214898,1.789063,9.671875,-2.6875,-0.945312,-1.527344,-0.759766,0.625061,0.751221,0.109741,0.181274,down
214903,1.671875,9.871094,-2.800781,-0.865234,-1.498047,-0.757812,0.625061,0.751221,0.109741,0.181274,down
214908,1.632813,9.488281,-2.878906,-0.865234,-1.498047,-0.757812,0.625061,0.751221,0.109741,0.181274,down
214913,1.632813,9.105469,-2.765625,-0.865234,-1.498047,-0.757812,0.637512,0.746277,0.10321,0.161438,down
214919,1.519531,8.988281,-2.535156,-0.085937,-1.548828,-0.833984,0.637512,0.746277,0.10321,0.161438,down
214924,1.25,9.253906,-2.382813,-0.085937,-1.548828,-0.833984,0.640381,0.745789,0.101196,0.153381,down
214929,1.023438,9.371094,-2.535156,-0.085937,-1.548828,-0.833984,0.641113,0.746155,0.100342,0.149109,down
214934,0.792969,9.332031,-2.648438,0.099609,-1.496094,-0.859375,0.641113,0.746155,0.100342,0.149109,down
214940,0.636719,9.066406,-2.535156,-0.021484,-1.558594,-0.888672,0.641113,0.746155,0.100342,0.149109,down
214946,0.5625,8.984375,-2.457031,-0.021484,-1.558594,-0.888672,0.644104,0.747192,0.097107,0.131958,down
214951,0.523437,9.027344,-2.535156,-0.166016,-1.523438,-0.90625,0.645081,0.747131,0.096313,0.127747,down
214956,0.523437,9.027344,-2.535156,-0.203125,-1.482422,-0.904297,0.646179,0.74707,0.09552,0.123413,down
214961,0.371094,9.140625,-2.726563,-0.203125,-1.482422,-0.904297,0.646179,0.74707,0.09552,0.123413,down
214966,0.371094,9.140625,-2.726563,-0.443359,-1.494141,-0.933594,0.647278,0.746887,0.094788,0.119324,down
214971,0.410156,9.171875,-2.648438,-0.443359,-1.494141,-0.933594,0.647278,0.746887,0.094788,0.119324,down
214976,0.410156,9.171875,-2.648438,-0.582031,-1.460938,-0.953125,0.651917,0.744995,0.09259,0.106873,down
214982,0.445312,9.027344,-2.800781,-0.582031,-1.460938,-0.953125,0.653809,0.743958,0.09198,0.102844,down
214988,0.371094,9.066406,-2.957031,-0.634766,-1.308594,-0.941406,0.653809,0.743958,0.09198,0.102844,down
214994,0.371094,9.066406,-2.957031,-0.566406,-1.308594,-0.921875,0.653809,0.743958,0.09198,0.102844,down
214999,0.445312,9.175781,-3.070313,-0.566406,-1.308594,-0.921875,0.653809,0.743958,0.09198,0.102844,down
215005,0.410156,9.367188,-3.1875,-0.199219,-1.300781,-0.900391,0.653809,0.743958,0.09198,0.102844,down
215010,0.410156,9.484375,-3.339844,-0.199219,-1.300781,-0.900391,0.661133,0.740234,0.089355,0.083679,down
215015,0.5625,9.597656,-3.492188,-0.095703,-1.318359,-0.908203,0.661133,0.740234,0.089355,0.083679,down
215020,0.601562,9.671875,-3.453125,0.083984,-1.326172,-0.888672,0.661133,0.740234,0.089355,0.083679,down
215025,0.636719,9.792969,-3.414063,0.083984,-1.326172,-0.888672,0.662964,0.73999,0.087891,0.072021,down
215030,0.714844,9.910156,-3.492188,0.111328,-1.214844,-0.861328,0.663269,0.740173,0.087402,0.067749,down
215035,0.714844,9.910156,-3.492188,0.111328,-1.214844,-0.861328,0.663757,0.740417,0.086731,0.06073,down
215040,0.753906,10.136719,-3.644531,0.111328,-1.214844,-0.861328,0.663757,0.740417,0.086731,0.06073,down
215045,0.714844,10.214844,-3.683594,-0.066406,-1.033203,-0.851562,0.663757,0.740417,0.086731,0.06073,down
215050,0.832031,10.253906,-3.683594,-0.066406,-1.033203,-0.851562,0.6651,0.740051,0.086243,0.050537,down
215055,0.832031,10.253906,-3.644531,-0.066406,-1.033203,-0.851562,0.665527,0.739807,0.086243,0.047607,down
215060,0.792969,10.25,-3.605469,-0.066406,-1.033203,-0.851562,0.665527,0.739807,0.086243,0.047607,down
215065,0.792969,10.25,-3.605469,-0.126953,-0.748047,-0.775391,0.665527,0.739807,0.086243,0.047607,down
215070,0.714844,10.210938,-3.605469,-0.126953,-0.748047,-0.775391,0.667053,0.738892,0.086792,0.039429,down
215075,0.675781,10.175781,-3.683594,-0.183594,-0.601562,-0.730469,0.667053,0.738892,0.086792,0.039429,down
215080,0.636719,10.171875,-3.644531,-0.185547,-0.560547,-0.712891,0.667603,0.738464,0.087097,0.037109,down
215086,0.601562,10.175781,-3.605469,-0.185547,-0.560547,-0.712891,0.668762,0.737549,0.087952,0.032532,down
215092,0.523437,10.25,-3.53125,-0.185547,-0.560547,-0.712891,0.669189,0.737183,0.08844,0.03064,down
215098,0.523437,10.25,-3.53125,-0.107422,-0.439453,-0.722656,0.669678,0.736755,0.08905,0.028442,down
215103,0.484375,10.289063,-3.492188,-0.078125,-0.394531,-0.734375,0.669678,0.736755,0.08905,0.028442,down
215108,0.410156,10.359375,-3.414063,-0.078125,-0.394531,-0.734375,0.669678,0.736755,0.08905,0.028442,down
215114,0.410156,10.359375,-3.414063,-0.074219,-0.302734,-0.761719,0.670532,0.735901,0.09137,0.022888,down
215119,0.371094,10.363281,-3.378906,-0.107422,-0.246094,-0.769531,0.670532,0.735901,0.09137,0.022888,down
215125,0.21875,10.328125,-3.339844,-0.107422,-0.246094,-0.769531,0.67157,0.734619,0.094604,0.017883,down
215130,0.027344,10.363281,-3.261719,-0.232422,-0.074219,-0.78125,0.67157,0.734619,0.094604,0.017883,down
215135,-0.050781,10.328125,-3.1875,-0.232422,-0.074219,-0.78125,0.672546,0.733459,0.097229,0.015137,down
215140,-0.203125,10.210938,-3.070313,-0.232422,-0.074219,-0.78125,0.672546,0.733459,0.097229,0.015137,down
215145,-0.320313,10.214844,-3.070313,-0.277344,0.083984,-0.734375,0.673096,0.732788,0.098755,0.013855,down
215151,-0.433594,10.175781,-2.957031,-0.277344,0.083984,-0.734375,0.674194,0.731384,0.101807,0.01178,down
215156,-0.511719,10.171875,-2.957031,-0.238281,0.144531,-0.689453,0.674683,0.730774,0.103394,0.010925,down
215162,-0.742187,10.097656,-2.765625,-0.238281,0.144531,-0.689453,0.675049,0.730225,0.104736,0.010193,down
215167,-0.777344,10.097656,-2.765625,-0.126953,0.195312,-0.648437,0.675049,0.730225,0.104736,0.010193,down
215172,-0.855469,10.210938,-2.765625,-0.039063,0.228516,-0.626953,0.675049,0.730225,0.104736,0.010193,down
215177,-0.855469,10.210938,-2.765625,0.03125,0.257813,-0.619141,0.675476,0.729187,0.109497,0.008179,down
215183,-1.007813,10.363281,-2.6875,0.03125,0.257813,-0.619141,0.675476,0.729187,0.109497,0.008179,down
215188,-1.046875,10.402344,-2.609375,0.109375,0.261719,-0.603516,0.675476,0.729187,0.109497,0.008179,down
215193,-1.085938,10.398438,-2.574219,0.140625,0.263672,-0.609375,0.675476,0.729187,0.109497,0.008179,down
215199,-1.238281,10.519531,-2.535156,0.140625,0.263672,-0.609375,0.6745,0.729065,0.115845,0.00592,down
215204,-1.238281,10.597656,-2.609375,0.193359,0.308594,-0.607422,0.6745,0.729065,0.115845,0.00592,down
215210,-1.429688,10.785156,-2.609375,0.1875,0.335938,-0.603516,0.6745,0.729065,0.115845,0.00592,down
215215,-1.546875,10.902344,-2.648438,0.154297,0.349609,-0.603516,0.6745,0.729065,0.115845,0.00592,down
215220,-1.582031,10.976563,-2.535156,0.025391,0.351563,-0.587891,0.6745,0.729065,0.115845,0.00592,down
215225,-1.621094,10.976563,-2.496094,0.025391,0.351563,-0.587891,0.672791,0.729309,0.124451,0.003723,down
215231,-1.660156,10.902344,-2.34375,-0.134766,0.380859,-0.576172,0.672729,0.729065,0.12616,0.003357,down
215236,-1.660156,10.902344,-2.34375,-0.207031,0.417969,-0.564453,0.672974,0.72821,0.129517,0.002991,down
215242,-1.8125,10.59375,-2.226563,-0.207031,0.417969,-0.564453,0.673279,0.7276,0.131348,0.002869,down
215247,-1.8125,10.515625,-2.191406,-0.283203,0.490234,-0.53125,0.673645,0.726929,0.133118,0.00293,down
215252,-1.890625,10.359375,-2.113281,-0.283203,0.490234,-0.53125,0.674072,0.726257,0.135071,0.003113,down
215258,-1.929688,10.214844,-2.035156,-0.3125,0.554687,-0.494141,0.674072,0.726257,0.135071,0.003113,down
215263,-1.929688,10.171875,-1.960938,-0.3125,0.582031,-0.484375,0.674072,0.726257,0.135071,0.003113,down
215269,-2.042969,10.058594,-1.769531,-0.283203,0.617187,-0.458984,0.674072,0.726257,0.135071,0.003113,down
215274,-2.082031,9.980469,-1.730469,-0.244141,0.636719,-0.4375,0.674072,0.726257,0.135071,0.003113,down
215279,-2.15625,9.9375,-1.691406,-0.173828,0.662109,-0.423828,0.674072,0.726257,0.135071,0.003113,down
215285,-2.234375,9.941406,-1.539063,-0.103516,0.666016,-0.396484,0.674072,0.726257,0.135071,0.003113,down
215290,-2.273438,9.910156,-1.5,-0.103516,0.666016,-0.396484,0.675537,0.722229,0.148254,0.006226,down
215295,-2.3125,9.976563,-1.460938,0.037109,0.683594,-0.361328,0.675537,0.722229,0.148254,0.006226,down
215300,-2.386719,9.980469,-1.421875,0.177734,0.662109,-0.314453,0.675537,0.722229,0.148254,0.006226,down
215305,-2.464844,10.019531,-1.269531,0.177734,0.662109,-0.314453,0.674377,0.722168,0.153748,0.008118,down
215310,-2.464844,9.980469,-1.230469,0.177734,0.662109,-0.314453,0.673828,0.722351,0.155334,0.008667,down
215315,-2.503906,9.976563,-1.15625,0.25,0.632812,-0.277344,0.673828,0.722351,0.155334,0.008667,down
215321,-2.539063,9.910156,-1.078125,0.257813,0.609375,-0.253906,0.673828,0.722351,0.155334,0.008667,down
215326,-2.503906,9.910156,-1.003906,0.255859,0.583984,-0.21875,0.671753,0.723206,0.160217,0.010498,down
215332,-2.464844,9.792969,-0.8125,0.255859,0.583984,-0.21875,0.67041,0.723755,0.162964,0.011658,down
215337,-2.464844,9.792969,-0.8125,0.220703,0.566406,-0.199219,0.6698,0.72406,0.164307,0.012268,down
215343,-2.464844,9.671875,-0.847656,0.220703,0.566406,-0.199219,0.669189,0.724304,0.165649,0.012878,down
215349,-2.425781,9.675781,-0.847656,0.169922,0.546875,-0.193359,0.669189,0.724304,0.165649,0.012878,down
215354,-2.464844,9.636719,-0.8125,0.148437,0.533203,-0.199219,0.669189,0.724304,0.165649,0.012878,down
215359,-2.425781,9.527344,-0.773437,0.154297,0.501953,-0.205078,0.669189,0.724304,0.165649,0.012878,down
215364,-2.386719,9.558594,-0.734375,0.160156,0.474609,-0.210937,0.669189,0.724304,0.165649,0.012878,down
215369,-2.386719,9.523438,-0.773437,0.183594,0.464844,-0.203125,0.669189,0.724304,0.165649,0.012878,down
215374,-2.386719,9.523438,-0.773437,0.207031,0.439453,-0.212891,0.669189,0.724304,0.165649,0.012878,down
215379,-2.3125,9.484375,-0.773437,0.207031,0.439453,-0.212891,0.669189,0.724304,0.165649,0.012878,down
215384,-2.3125,9.484375,-0.773437,0.263672,0.388672,-0.212891,0.664917,0.72583,0.175415,0.016602,down
215389,-2.3125,9.484375,-0.773437,0.291016,0.376953,-0.220703,0.664246,0.726196,0.176453,0.016785,down
215395,-2.234375,9.410156,-0.734375,0.326172,0.355469,-0.220703,0.664246,0.726196,0.176453,0.016785,down
215400,-2.15625,9.484375,-0.8125,0.347656,0.345703,-0.222656,0.662781,0.72699,0.178467,0.01709,down
215406,-2.15625,9.527344,-0.773437,0.363281,0.332031,-0.230469,0.661133,0.728027,0.180603,0.017212,down
215411,-2.082031,9.445313,-0.8125,0.363281,0.332031,-0.230469,0.660278,0.728516,0.18158,0.017212,down
215416,-2.042969,9.484375,-0.773437,0.363281,0.332031,-0.230469,0.659546,0.728943,0.182495,0.017212,down
215421,-2.042969,9.40625,-0.773437,0.363281,0.332031,-0.230469,0.659546,0.728943,0.182495,0.017212,down
215426,-2.042969,9.410156,-0.8125,0.363281,0.269531,-0.242187,0.659546,0.728943,0.182495,0.017212,down
215431,-1.890625,9.367188,-0.886719,0.363281,0.269531,-0.242187,0.657166,0.730408,0.185303,0.017029,down
215436,-1.890625,9.371094,-0.925781,0.363281,0.269531,-0.242187,0.656494,0.730835,0.186279,0.016907,down
215441,-1.851563,9.410156,-0.847656,0.316406,0.251953,-0.273438,0.656494,0.730835,0.186279,0.016907,down
215446,-1.773438,9.523438,-0.886719,0.316406,0.251953,-0.273438,0.655701,0.731201,0.187256,0.016785,down
215452,-1.738281,9.632813,-1.039063,0.316406,0.251953,-0.273438,0.654419,0.731934,0.189209,0.016541,down
215457,-1.738281,9.632813,-1.039063,0.289063,0.261719,-0.314453,0.653748,0.732239,0.190186,0.016357,down
215462,-1.773438,9.714844,-1.117188,0.275391,0.251953,-0.328125,0.653076,0.732544,0.191345,0.016174,down
215468,-1.738281,9.867188,-1.078125,0.275391,0.251953,-0.328125,0.652466,0.732849,0.192322,0.015991,down
215473,-1.738281,9.9375,-1.117188,0.273438,0.251953,-0.351563,0.652466,0.732849,0.192322,0.015991,down
215478,-1.738281,9.9375,-1.15625,0.257813,0.253906,-0.365234,0.651245,0.733337,0.194519,0.015503,down
215485,-1.699219,10.09375,-1.195313,0.244141,0.261719,-0.369141,0.651245,0.733337,0.194519,0.015503,down
215491,-1.773438,10.132813,-1.230469,0.15625,0.283203,-0.375,0.651245,0.733337,0.194519,0.015503,down
215496,-1.773438,10.175781,-1.230469,0.119141,0.287109,-0.378906,0.649719,0.733826,0.197998,0.014832,down
215501,-1.773438,10.210938,-1.230469,0.119141,0.287109,-0.378906,0.649292,0.733826,0.199158,0.014709,down
215506,-1.773438,10.210938,-1.230469,0.025391,0.328125,-0.380859,0.648987,0.733765,0.200562,0.014587,down
215511,-1.851563,10.292969,-1.230469,0.025391,0.328125,-0.380859,0.64856,0.733459,0.203003,0.014526,down
215516,-1.890625,10.359375,-1.269531,0.025391,0.328125,-0.380859,0.648499,0.733215,0.204163,0.014526,down
215521,-1.964844,10.476563,-1.308594,0.025391,0.328125,-0.380859,0.648437,0.732849,0.205505,0.014648,down
215526,-2.003906,10.515625,-1.230469,0.025391,0.328125,-0.380859,0.648437,0.732849,0.205505,0.014648,down
215531,-2.042969,10.597656,-1.230469,-0.1875,0.380859,-0.419922,0.648437,0.732849,0.205505,0.014648,down
215536,-2.121094,10.636719,-1.230469,-0.1875,0.380859,-0.419922,0.648804,0.731323,0.209717,0.014954,down
215541,-2.195313,10.632813,-1.269531,-0.1875,0.380859,-0.419922,0.648987,0.730774,0.211121,0.015137,down
215546,-2.3125,10.742188,-1.230469,-0.1875,0.380859,-0.419922,0.649292,0.730042,0.212769,0.015381,down
215551,-2.386719,10.742188,-1.195313,-0.320313,0.457031,-0.443359,0.649292,0.730042,0.212769,0.015381,down
215556,-2.425781,10.742188,-1.15625,-0.320313,0.457031,-0.443359,0.649963,0.728516,0.21582,0.015991,down
215561,-2.539063,10.671875,-1.078125,-0.320313,0.457031,-0.443359,0.649963,0.728516,0.21582,0.015991,down
215566,-2.578125,10.636719,-1.078125,-0.419922,0.515625,-0.429687,0.65033,0.727722,0.217346,0.016357,down
215571,-2.617188,10.558594,-1.003906,-0.419922,0.515625,-0.429687,0.650879,0.726685,0.219116,0.016846,down
215576,-2.65625,10.398438,-0.925781,-0.419922,0.515625,-0.429687,0.651917,0.724792,0.222229,0.017822,down
215582,-2.695313,9.9375,-0.773437,-0.419922,0.515625,-0.429687,0.652466,0.723755,0.223938,0.018494,down
215587,-2.769531,9.910156,-0.773437,-0.5,0.607422,-0.398438,0.652466,0.723755,0.223938,0.018494,down
215592,-2.734375,9.792969,-0.734375,-0.474609,0.617187,-0.386719,0.652466,0.723755,0.223938,0.018494,down
215598,-2.769531,9.710938,-0.695312,-0.474609,0.617187,-0.386719,0.654114,0.720642,0.229004,0.020752,down
215605,-2.734375,9.632813,-0.582031,-0.474609,0.617187,-0.386719,0.654114,0.720642,0.229004,0.020752,down
215611,-2.808594,9.523438,-0.503906,-0.380859,0.671875,-0.390625,0.654114,0.720642,0.229004,0.020752,down
215616,-2.847656,9.527344,-0.503906,-0.380859,0.671875,-0.390625,0.655334,0.717102,0.236145,0.023865,down
215621,-2.808594,9.523438,-0.464844,-0.380859,0.671875,-0.390625,0.655334,0.717102,0.236145,0.023865,down
215626,-2.847656,9.488281,-0.464844,-0.212891,0.679687,-0.388672,0.655334,0.717102,0.236145,0.023865,down
215632,-2.886719,9.449219,-0.425781,-0.212891,0.679687,-0.388672,0.655457,0.715027,0.241638,0.026123,down
215637,-2.925781,9.488281,-0.390625,-0.183594,0.662109,-0.373047,0.655396,0.714417,0.243469,0.026794,down
215642,-2.925781,9.527344,-0.390625,-0.1875,0.660156,-0.357422,0.655334,0.713806,0.245361,0.027588,down
215648,-2.960938,9.527344,-0.273438,-0.1875,0.660156,-0.357422,0.655334,0.713318,0.246887,0.028198,down
215653,-3.039063,9.488281,-0.273438,-0.1875,0.660156,-0.357422,0.655334,0.712646,0.248596,0.028992,down
215658,-3.039063,9.445313,-0.273438,-0.289063,0.625,-0.339844,0.655457,0.711975,0.250244,0.029724,down
215663,-3.078125,9.40625,-0.3125,-0.337891,0.613281,-0.345703,0.655457,0.711975,0.250244,0.029724,down
215668,-3.117188,9.292969,-0.273438,-0.337891,0.613281,-0.345703,0.655457,0.711975,0.250244,0.029724,down
215674,-3.117188,9.25,-0.3125,-0.419922,0.578125,-0.353516,0.655457,0.711975,0.250244,0.029724,down
215680,-3.117188,9.25,-0.3125,-0.451172,0.566406,-0.367188,0.656677,0.708435,0.256592,0.032654,down
215685,-3.117188,9.25,-0.3125,-0.460937,0.544922,-0.371094,0.657166,0.707336,0.258179,0.033325,down
215690,-3.152344,9.171875,-0.273438,-0.476562,0.541016,-0.378906,0.657166,0.707336,0.258179,0.033325,down
215696,-3.152344,9.171875,-0.273438,-0.476562,0.541016,-0.378906,0.658203,0.7052,0.26123,0.034607,down
215701,-3.152344,9.171875,-0.273438,-0.501953,0.509766,-0.40625,0.658752,0.704102,0.262756,0.035156,down
215706,-3.191406,9.144531,-0.503906,-0.501953,0.509766,-0.40625,0.659363,0.702942,0.264282,0.035706,down
215711,-3.230469,9.171875,-0.464844,-0.501953,0.509766,-0.40625,0.659973,0.701782,0.265808,0.036194,down
215716,-3.269531,9.140625,-0.503906,-0.521484,0.4375,-0.462891,0.659973,0.701782,0.265808,0.036194,down
215722,-3.308594,9.25,-0.582031,-0.521484,0.4375,-0.462891,0.661865,0.698181,0.270325,0.037354,down
215727,-3.308594,9.25,-0.542969,-0.544922,0.398438,-0.490234,0.662598,0.696838,0.271973,0.037659,down
215732,-3.34375,9.292969,-0.617187,-0.554687,0.390625,-0.5,0.66333,0.695557,0.273438,0.037964,down
215738,-3.382813,9.371094,-0.734375,-0.554687,0.390625,-0.5,0.664062,0.694336,0.274841,0.038147,down
215743,-3.421875,9.292969,-0.695312,-0.554687,0.390625,-0.5,0.664856,0.692993,0.276184,0.03833,down
215748,-3.460938,9.332031,-0.734375,-0.626953,0.318359,-0.511719,0.664856,0.692993,0.276184,0.03833,down
215753,-3.421875,9.253906,-0.8125,-0.660156,0.310547,-0.517578,0.664856,0.692993,0.276184,0.03833,down
215758,-3.382813,9.105469,-0.8125,-0.660156,0.310547,-0.517578,0.667603,0.688599,0.280334,0.038757,down
215765,-3.382813,8.945313,-0.773437,-0.660156,0.310547,-0.517578,0.667603,0.688599,0.280334,0.038757,down
215770,-3.34375,8.90625,-0.847656,-0.705078,0.292969,-0.492187,0.667603,0.688599,0.280334,0.038757,down
215775,-3.34375,8.949219,-0.964844,-0.683594,0.294922,-0.494141,0.667603,0.688599,0.280334,0.038757,down
215781,-3.382813,9.023438,-1.003906,-0.648437,0.277344,-0.486328,0.671692,0.682495,0.285461,0.039429,down
215787,-3.382813,9.023438,-1.003906,-0.554687,0.263672,-0.478516,0.671692,0.682495,0.285461,0.039429,down
215792,-3.382813,9.144531,-1.039063,-0.554687,0.263672,-0.478516,0.674316,0.678284,0.289246,0.039612,down
215797,-3.34375,9.210938,-1.003906,-0.554687,0.263672,-0.478516,0.674927,0.677185,0.290344,0.039673,down
215802,-3.421875,9.328125,-1.117188,-0.416016,0.271484,-0.445312,0.675537,0.676025,0.291626,0.039673,down
215807,-3.382813,9.527344,-1.15625,-0.416016,0.271484,-0.445312,0.675537,0.676025,0.291626,0.039673,down
215812,-3.34375,9.558594,-1.195313,-0.416016,0.271484,-0.445312,0.676453,0.674072,0.293945,0.039612,down
215817,-3.308594,9.59375,-1.230469,-0.341797,0.263672,-0.421875,0.676453,0.674072,0.293945,0.039612,down
215822,-3.308594,9.59375,-1.230469,-0.341797,0.263672,-0.421875,0.677307,0.672241,0.296204,0.039612,down
215827,-3.191406,9.554688,-1.230469,-0.341797,0.263672,-0.421875,0.677795,0.671265,0.297363,0.039673,down
215832,-3.117188,9.558594,-1.195313,-0.341797,0.263672,-0.421875,0.678223,0.67041,0.298401,0.039673,down
215837,-3.078125,9.523438,-1.230469,-0.341797,0.263672,-0.421875,0.67865,0.669434,0.299438,0.039734,down
215842,-3.0,9.449219,-1.230469,-0.404297,0.265625,-0.359375,0.679199,0.668396,0.300598,0.039917,down
215847,-2.960938,9.40625,-1.230469,-0.404297,0.265625,-0.359375,0.679687,0.66748,0.301514,0.040039,down
215852,-2.886719,9.371094,-1.195313,-0.435547,0.273438,-0.328125,0.680237,0.666382,0.302612,0.040283,down
215857,-2.886719,9.371094,-1.230469,-0.435547,0.273438,-0.328125,0.680725,0.665466,0.303467,0.040466,down
215862,-2.847656,9.367188,-1.269531,-0.435547,0.269531,-0.310547,0.680725,0.665466,0.303467,0.040466,down
215867,-2.847656,9.40625,-1.269531,-0.435547,0.269531,-0.310547,0.681824,0.663452,0.30542,0.041016,down
215872,-2.769531,9.449219,-1.230469,-0.435547,0.269531,-0.310547,0.681824,0.663452,0.30542,0.041016,down
215877,-2.769531,9.449219,-1.195313,-0.394531,0.248047,-0.267578,0.681824,0.663452,0.30542,0.041016,down
215882,-2.769531,9.523438,-1.230469,-0.394531,0.248047,-0.267578,0.682861,0.66156,0.307129,0.041565,down
215887,-2.769531,9.523438,-1.230469,-0.349609,0.232422,-0.248047,0.683777,0.65979,0.308777,0.042053,down
215892,-2.769531,9.558594,-1.230469,-0.330078,0.216797,-0.232422,0.683777,0.65979,0.308777,0.042053,down
215897,-2.808594,9.632813,-1.195313,-0.330078,0.216797,-0.232422,0.68457,0.658264,0.310242,0.04248,down
215902,-2.886719,9.90625,-1.269531,-0.330078,0.216797,-0.232422,0.684937,0.657471,0.310974,0.042725,down
215907,-2.925781,9.980469,-1.269531,-0.335938,0.1875,-0.214844,0.684937,0.657471,0.310974,0.042725,down
215912,-3.0,10.097656,-1.269531,-0.335938,0.1875,-0.214844,0.685852,0.655884,0.312378,0.043152,down
215917,-3.039063,10.136719,-1.269531,-0.335938,0.1875,-0.214844,0.685852,0.655884,0.312378,0.043152,down
215922,-3.078125,10.214844,-1.269531,-0.386719,0.173828,-0.183594,0.686768,0.654358,0.313416,0.04364,down
215927,-3.117188,10.292969,-1.269531,-0.386719,0.173828,-0.183594,0.686768,0.654358,0.313416,0.04364,down
215932,-3.152344,10.253906,-1.269531,-0.439453,0.146484,-0.130859,0.686768,0.654358,0.313416,0.04364,down
215937,-3.191406,10.292969,-1.230469,-0.439453,0.146484,-0.130859,0.688538,0.651733,0.314819,0.044678,down
215942,-3.230469,10.210938,-1.269531,-0.439453,0.146484,-0.130859,0.688538,0.651733,0.314819,0.044678,down
215947,-3.230469,10.210938,-1.269531,-0.457031,0.128906,-0.080078,0.689209,0.650879,0.315125,0.045105,down
215952,-3.269531,10.132813,-1.230469,-0.451172,0.125,-0.056641,0.689209,0.650879,0.315125,0.045105,down
215957,-3.269531,9.910156,-1.15625,-0.445312,0.136719,-0.029297,0.690491,0.649231,0.315674,0.046082,down
215963,-3.269531,9.910156,-1.15625,-0.421875,0.142578,-0.003906,0.69104,0.648437,0.315918,0.04657,down
215969,-3.269531,9.828125,-1.195313,-0.421875,0.142578,-0.003906,0.692078,0.647095,0.316284,0.047729,down
215975,-3.269531,9.832031,-1.117188,-0.285156,0.164062,0.068359,0.692078,0.647095,0.316284,0.047729,down
215981,-3.269531,9.832031,-1.117188,-0.232422,0.169922,0.09375,0.692078,0.647095,0.316284,0.047729,down
215986,-3.230469,9.828125,-1.078125,-0.115234,0.179687,0.136719,0.692078,0.647095,0.316284,0.047729,down
215991,-3.230469,9.867188,-1.078125,-0.115234,0.179687,0.136719,0.692932,0.645752,0.316772,0.050232,down
215997,-3.230469,9.90625,-1.039063,-0.115234,0.179687,0.136719,0.692749,0.645752,0.316895,0.051453,down
216002,-3.269531,9.941406,-1.039063,-0.115234,0.179687,0.136719,0.692505,0.645935,0.316956,0.052063,down
216007,-3.230469,9.976563,-1.039063,0.074219,0.199219,0.212891,0.692505,0.645935,0.316956,0.052063,down
216013,-3.230469,9.980469,-0.964844,0.074219,0.199219,0.212891,0.691895,0.646484,0.317017,0.053345,down
216018,-3.230469,9.980469,-0.964844,0.099609,0.216797,0.230469,0.691528,0.64679,0.317017,0.054016,down
216023,-3.191406,9.976563,-1.039063,0.101563,0.228516,0.246094,0.691101,0.647217,0.317078,0.05481,down
216028,-3.230469,9.910156,-1.003906,0.101563,0.228516,0.246094,0.690674,0.647522,0.317078,0.055542,down
216034,-3.230469,9.832031,-1.003906,0.101563,0.228516,0.246094,0.690369,0.647888,0.317017,0.056213,down
216039,-3.230469,9.832031,-1.003906,0.095703,0.226562,0.302734,0.689941,0.648254,0.316956,0.057068,down
216045,-3.152344,9.710938,-1.003906,0.095703,0.226562,0.302734,0.689941,0.648254,0.316956,0.057068,down
216051,-3.191406,9.710938,-1.039063,0.095703,0.238281,0.341797,0.689941,0.648254,0.316956,0.057068,down
216056,-3.191406,9.632813,-1.039063,0.095703,0.238281,0.351563,0.689941,0.648254,0.316956,0.057068,down
216061,-3.152344,9.636719,-1.039063,0.107422,0.236328,0.367188,0.689941,0.648254,0.316956,0.057068,down
216066,-3.152344,9.59375,-1.003906,0.107422,0.236328,0.367188,0.689941,0.648254,0.316956,0.057068,down
216071,-3.117188,9.59375,-1.003906,0.107422,0.236328,0.367188,0.687378,0.650879,0.316101,0.062622,down
216076,-3.117188,9.558594,-1.003906,0.158203,0.263672,0.394531,0.687378,0.650879,0.316101,0.062622,down
216081,-3.152344,9.554688,-1.039063,0.166016,0.277344,0.388672,0.687378,0.650879,0.316101,0.062622,down
216086,-3.152344,9.597656,-1.078125,0.166016,0.277344,0.388672,0.687378,0.650879,0.316101,0.062622,down
216091,-3.191406,9.632813,-1.039063,0.166016,0.277344,0.388672,0.685181,0.653076,0.315552,0.06665,down
216096,-3.191406,9.671875,-0.964844,0.146484,0.326172,0.388672,0.685181,0.653076,0.315552,0.06665,down
216102,-3.34375,9.828125,-1.003906,0.125,0.351563,0.373047,0.683533,0.65448,0.315491,0.069824,down
216107,-3.382813,9.910156,-1.039063,0.125,0.351563,0.373047,0.683533,0.65448,0.315491,0.069824,down
216112,-3.460938,10.019531,-0.964844,0.078125,0.392578,0.351563,0.683533,0.65448,0.315491,0.069824,down
216117,-3.535156,10.136719,-0.925781,-0.013672,0.412109,0.322266,0.683533,0.65448,0.315491,0.069824,down
216123,-3.726563,10.289063,-0.964844,-0.066406,0.429687,0.314453,0.682129,0.655396,0.315857,0.073425,down
216128,-3.804688,10.359375,-0.964844,-0.066406,0.429687,0.314453,0.681519,0.655518,0.316284,0.076172,down
216133,-3.996094,10.398438,-0.925781,-0.066406,0.429687,0.314453,0.681335,0.655396,0.316528,0.077576,down
216138,-4.074219,10.441406,-0.886719,-0.066406,0.429687,0.314453,0.681335,0.655212,0.316711,0.078796,down
216143,-4.113281,10.363281,-0.8125,-0.345703,0.433594,0.277344,0.681396,0.654785,0.316956,0.080322,down
216148,-4.148437,10.398438,-0.847656,-0.419922,0.435547,0.279297,0.681641,0.654236,0.3172,0.081909,down
216154,-4.226562,10.214844,-0.773437,-0.419922,0.435547,0.279297,0.681946,0.653687,0.317322,0.083252,down
216159,-4.265625,9.980469,-0.695312,-0.419922,0.435547,0.279297,0.682373,0.652954,0.317505,0.084961,down
216165,-4.304687,9.789063,-0.65625,-0.609375,0.457031,0.298828,0.682373,0.652954,0.317505,0.084961,down
216170,-4.265625,9.632813,-0.65625,-0.630859,0.460937,0.306641,0.682373,0.652954,0.317505,0.084961,down
216175,-4.265625,9.371094,-0.542969,-0.630859,0.460937,0.306641,0.684021,0.650269,0.317993,0.09021,down
216180,-4.226562,9.171875,-0.425781,-0.626953,0.470703,0.330078,0.68457,0.649353,0.318115,0.092041,down
216185,-4.1875,9.027344,-0.425781,-0.59375,0.474609,0.34375,0.68457,0.649353,0.318115,0.092041,down
216191,-4.074219,8.753906,-0.3125,-0.59375,0.474609,0.34375,0.685547,0.647644,0.318359,0.095703,down
216196,-4.035156,8.640625,-0.3125,-0.470703,0.476562,0.365234,0.685547,0.647644,0.318359,0.095703,down
216201,-3.996094,8.5625,-0.234375,-0.386719,0.476562,0.369141,0.685547,0.647644,0.318359,0.095703,down
216206,-3.921875,8.523438,-0.199219,-0.292969,0.476562,0.365234,0.685547,0.647644,0.318359,0.095703,down
216211,-3.921875,8.488281,-0.160156,-0.292969,0.476562,0.365234,0.686096,0.645752,0.318909,0.1026,down
216217,-3.921875,8.5625,-0.160156,-0.292969,0.476562,0.365234,0.686096,0.645752,0.318909,0.1026,down
216223,-3.921875,8.527344,-0.121094,-0.025391,0.4375,0.332031,0.686096,0.645752,0.318909,0.1026,down
216228,-3.921875,8.601563,-0.121094,-0.025391,0.4375,0.332031,0.684814,0.645874,0.319702,0.108154,down
216233,-3.882813,8.640625,-0.082031,-0.017578,0.396484,0.308594,0.684814,0.645874,0.319702,0.108154,down
216238,-3.882813,8.605469,-0.121094,-0.039063,0.378906,0.294922,0.684387,0.645996,0.319885,0.109497,down
216243,-3.882813,8.605469,-0.121094,-0.082031,0.359375,0.283203,0.683777,0.646118,0.32019,0.111694,down
216249,-3.726563,8.601563,-0.199219,-0.082031,0.359375,0.283203,0.683533,0.646057,0.320313,0.112793,down
216254,-3.691406,8.601563,-0.160156,-0.1875,0.300781,0.263672,0.683533,0.646057,0.320313,0.112793,down
216260,-3.652344,8.566406,-0.160156,-0.25,0.275391,0.25,0.683533,0.646057,0.320313,0.112793,down
216265,-3.574219,8.488281,-0.160156,-0.25,0.275391,0.25,0.683655,0.645386,0.320374,0.116028,down
216271,-3.460938,8.410156,-0.234375,-0.351563,0.232422,0.224609,0.683655,0.645386,0.320374,0.116028,down
216276,-3.421875,8.339844,-0.273438,-0.380859,0.208984,0.205078,0.683655,0.645386,0.320374,0.116028,down
216281,-3.308594,8.300781,-0.273438,-0.390625,0.197266,0.183594,0.683655,0.645386,0.320374,0.116028,down
216286,-3.230469,8.257813,-0.3125,-0.390625,0.197266,0.183594,0.683655,0.645386,0.320374,0.116028,down
216292,-3.152344,8.222656,-0.351563,-0.390625,0.197266,0.183594,0.685486,0.6427,0.320007,0.120972,down
216297,-3.078125,8.261719,-0.351563,-0.339844,0.158203,0.130859,0.685486,0.6427,0.320007,0.120972,down
216302,-3.0,8.339844,-0.351563,-0.339844,0.158203,0.130859,0.686279,0.641663,0.319824,0.122559,down
216307,-3.0,8.335938,-0.390625,-0.339844,0.158203,0.130859,0.686584,0.641174,0.319824,0.123291,down
216313,-2.925781,8.40625,-0.351563,-0.269531,0.150391,0.105469,0.686584,0.641174,0.319824,0.123291,down
216318,-3.0,8.445313,-0.390625,-0.269531,0.150391,0.105469,0.6875,0.639771,0.319824,0.125305,down
216324,-3.0,8.601563,-0.425781,-0.269531,0.150391,0.105469,0.687744,0.639404,0.319885,0.125916,down
216329,-3.039063,8.683594,-0.390625,-0.248047,0.150391,0.068359,0.687988,0.638977,0.319946,0.126465,down
216334,-3.039063,8.753906,-0.425781,-0.248047,0.150391,0.068359,0.688293,0.638489,0.320068,0.127075,down
216339,-3.078125,8.832031,-0.425781,-0.248047,0.150391,0.068359,0.688293,0.638489,0.320068,0.127075,down
216344,-3.078125,8.832031,-0.425781,-0.287109,0.146484,0.025391,0.688904,0.637512,0.320251,0.128174,down
216350,-3.152344,9.023438,-0.503906,-0.287109,0.146484,0.025391,0.689148,0.637085,0.320374,0.128601,down
216355,-3.191406,9.144531,-0.582031,-0.3125,0.132812,-0.013672,0.689148,0.637085,0.320374,0.128601,down
216360,-3.230469,9.210938,-0.617187,-0.316406,0.115234,-0.039063,0.689148,0.637085,0.320374,0.128601,down
216367,-3.269531,9.292969,-0.617187,-0.308594,0.080078,-0.056641,0.689148,0.637085,0.320374,0.128601,down
216372,-3.191406,9.445313,-0.695312,-0.308594,0.0625,-0.080078,0.689148,0.637085,0.320374,0.128601,down
216377,-3.269531,9.527344,-0.773437,-0.308594,0.0625,-0.080078,0.691284,0.634155,0.321045,0.130188,down
216382,-3.269531,9.527344,-0.773437,-0.304688,0.007813,-0.117188,0.691772,0.633484,0.321167,0.13031,down
216387,-3.308594,9.558594,-0.886719,-0.296875,-0.015625,-0.136719,0.691772,0.633484,0.321167,0.13031,down
216392,-3.269531,9.792969,-0.925781,-0.306641,-0.044922,-0.144531,0.691772,0.633484,0.321167,0.13031,down
216397,-3.269531,9.828125,-1.003906,-0.306641,-0.044922,-0.144531,0.693359,0.631653,0.321411,0.130188,down
216403,-3.269531,9.871094,-1.078125,-0.316406,-0.083984,-0.154297,0.693359,0.631653,0.321411,0.130188,down
216408,-3.191406,9.90625,-1.15625,-0.308594,-0.095703,-0.160156,0.69458,0.630371,0.321411,0.129944,down
216414,-3.191406,9.941406,-1.230469,-0.308594,-0.095703,-0.160156,0.69574,0.62915,0.321411,0.129578,down
216419,-3.191406,9.941406,-1.230469,-0.308594,-0.087891,-0.169922,0.696411,0.628479,0.321411,0.129395,down
216424,-3.191406,9.976563,-1.308594,-0.289063,-0.076172,-0.169922,0.697021,0.627808,0.321411,0.129211,down
216430,-3.039063,10.058594,-1.421875,-0.289063,-0.076172,-0.169922,0.69751,0.627258,0.321472,0.129028,down
216435,-3.039063,10.054688,-1.5,-0.257813,-0.029297,-0.191406,0.69751,0.627258,0.321472,0.129028,down
216441,-3.078125,10.136719,-1.539063,-0.224609,0.009766,-0.195312,0.69751,0.627258,0.321472,0.129028,down
216446,-3.078125,10.136719,-1.613281,-0.195312,0.039063,-0.191406,0.69751,0.627258,0.321472,0.129028,down
216451,-3.078125,10.171875,-1.578125,-0.160156,0.080078,-0.193359,0.69751,0.627258,0.321472,0.129028,down
216456,-3.117188,10.214844,-1.578125,-0.126953,0.117188,-0.195312,0.69751,0.627258,0.321472,0.129028,down
216461,-3.152344,10.214844,-1.578125,-0.101563,0.160156,-0.191406,0.69751,0.627258,0.321472,0.129028,down
216466,-3.191406,10.175781,-1.613281,-0.101563,0.160156,-0.191406,0.69751,0.627258,0.321472,0.129028,down
216472,-3.191406,10.175781,-1.5,-0.101563,0.160156,-0.191406,0.699463,0.623535,0.324707,0.128601,down
216478,-3.230469,10.214844,-1.386719,-0.099609,0.382813,-0.173828,0.699463,0.623535,0.324707,0.128601,down
216483,-3.230469,10.210938,-1.269531,-0.099609,0.382813,-0.173828,0.699158,0.622314,0.327271,0.129578,down
216488,-3.308594,10.214844,-1.15625,-0.099609,0.382813,-0.173828,0.699158,0.622314,0.327271,0.129578,down
216493,-3.308594,10.175781,-1.195313,-0.191406,0.599609,-0.195312,0.699158,0.622314,0.327271,0.129578,down
216498,-3.382813,10.175781,-1.230469,-0.191406,0.599609,-0.195312,0.698792,0.620422,0.330933,0.131653,down
216503,-3.460938,10.210938,-1.230469,-0.191406,0.599609,-0.195312,0.698669,0.619568,0.332336,0.132507,down
216508,-3.652344,10.398438,-1.15625,-0.191406,0.599609,-0.195312,0.698669,0.619568,0.332336,0.132507,down
216513,-3.765625,10.4375,-1.15625,-0.283203,0.765625,-0.265625,0.698669,0.619568,0.332336,0.132507,down
216518,-3.84375,10.480469,-1.078125,-0.283203,0.765625,-0.265625,0.698303,0.61676,0.337158,0.135315,down
216523,-3.921875,10.515625,-1.003906,-0.283203,0.765625,-0.265625,0.698181,0.615723,0.338928,0.136353,down
216528,-3.957031,10.441406,-0.734375,-0.283203,0.765625,-0.265625,0.698181,0.615723,0.338928,0.136353,down
216533,-3.996094,10.363281,-0.695312,-0.373047,0.84375,-0.244141,0.697998,0.613464,0.342346,0.138733,down
216538,-3.996094,9.976563,-0.582031,-0.373047,0.84375,-0.244141,0.697998,0.613464,0.342346,0.138733,down
216543,-3.957031,9.753906,-0.425781,-0.46875,0.914062,-0.193359,0.697998,0.613464,0.342346,0.138733,down
216548,-3.882813,9.484375,-0.3125,-0.490234,0.931641,-0.150391,0.697937,0.609436,0.347595,0.143433,down
216553,-3.765625,8.988281,-0.082031,-0.490234,0.931641,-0.150391,0.697937,0.609436,0.347595,0.143433,down
216558,-3.765625,8.722656,0.070312,-0.486328,1.009766,-0.0625,0.697876,0.608215,0.349182,0.145142,down
216563,-3.652344,8.523438,0.183594,-0.466797,1.054688,-0.052734,0.697815,0.606934,0.350891,0.146973,down
216568,-3.613281,8.027344,0.339844,-0.466797,1.054688,-0.052734,0.697632,0.605774,0.352478,0.148682,down
216573,-3.613281,7.875,0.414062,-0.466797,1.054688,-0.052734,0.697327,0.604431,0.354431,0.150818,down
216578,-3.574219,7.722656,0.414062,-0.466797,1.054688,-0.052734,0.69696,0.603394,0.356201,0.152649,down
216584,-3.535156,7.5625,0.453125,-0.175781,1.185547,-0.052734,0.69696,0.603394,0.356201,0.152649,down
216589,-3.5,7.414062,0.683594,-0.175781,1.185547,-0.052734,0.694763,0.600647,0.362549,0.158508,down
216594,-3.5,7.417969,0.761719,-0.175781,1.185547,-0.052734,0.693848,0.600098,0.364502,0.160034,down
216599,-3.460938,7.375,0.835937,0.0625,1.207031,-0.117188,0.692627,0.599548,0.366943,0.161743,down
216605,-3.421875,7.417969,0.875,0.0625,1.207031,-0.117188,0.691528,0.599121,0.36908,0.163086,down
216610,-3.421875,7.457031,0.988281,0.0625,1.207031,-0.117188,0.690247,0.598755,0.37146,0.164612,down
216615,-3.421875,7.457031,0.988281,0.140625,1.193359,-0.191406,0.690247,0.598755,0.37146,0.164612,down
216620,-3.382813,7.53125,1.027344,0.126953,1.175781,-0.21875,0.690247,0.598755,0.37146,0.164612,down
216626,-3.460938,7.566406,1.179688,0.083984,1.152344,-0.255859,0.690247,0.598755,0.37146,0.164612,down
216632,-3.421875,7.679687,1.21875,0.041016,1.121094,-0.291016,0.690247,0.598755,0.37146,0.164612,down
216638,-3.421875,7.761719,1.257813,-0.017578,1.111328,-0.318359,0.690247,0.598755,0.37146,0.164612,down
216643,-3.421875,7.761719,1.257813,-0.087891,1.082031,-0.357422,0.683655,0.595154,0.385803,0.171875,down
216648,-3.460938,8.023438,1.257813,-0.171875,1.058594,-0.394531,0.682983,0.594116,0.388123,0.172974,down
216654,-3.5,8.296875,1.257813,-0.171875,1.058594,-0.394531,0.682129,0.591553,0.3927,0.174927,down
216660,-3.535156,8.523438,1.257813,-0.171875,1.058594,-0.394531,0.681946,0.590088,0.394836,0.175842,down
216666,-3.652344,8.789063,1.21875,-0.171875,1.058594,-0.394531,0.681946,0.588379,0.396973,0.176636,down
216672,-3.726563,8.949219,1.21875,-0.507812,0.777344,-0.591797,0.681946,0.588379,0.396973,0.176636,down
216677,-3.765625,9.101563,1.144531,-0.564453,0.708984,-0.609375,0.681946,0.588379,0.396973,0.176636,down
216682,-3.84375,9.371094,1.105469,-0.625,0.662109,-0.630859,0.681946,0.588379,0.396973,0.176636,down
216687,-3.882813,9.527344,1.105469,-0.675781,0.59375,-0.626953,0.681946,0.588379,0.396973,0.176636,down
216692,-3.921875,9.59375,1.066406,-0.734375,0.546875,-0.644531,0.681946,0.588379,0.396973,0.176636,down
216697,-3.957031,9.753906,1.066406,-0.789062,0.498047,-0.628906,0.681946,0.588379,0.396973,0.176636,down
216703,-3.996094,9.976563,1.027344,-0.835937,0.449219,-0.636719,0.686951,0.572083,0.410095,0.180664,down
216708,-3.996094,10.019531,0.988281,-0.835937,0.449219,-0.636719,0.686951,0.572083,0.410095,0.180664,down
216713,-3.996094,10.09375,0.953125,-0.919922,0.34375,-0.576172,0.686951,0.572083,0.410095,0.180664,down
216719,-4.074219,10.097656,0.914062,-0.919922,0.34375,-0.576172,0.689209,0.567444,0.412354,0.181519,down
216724,-4.074219,10.136719,0.914062,-0.896484,0.314453,-0.525391,0.690491,0.565063,0.41333,0.181946,down
216729,-4.113281,10.175781,0.835937,-0.896484,0.314453,-0.525391,0.692932,0.560364,0.415222,0.182922,down
216734,-4.148437,10.171875,0.875,-0.896484,0.314453,-0.525391,0.693848,0.558533,0.415894,0.18335,down
216739,-4.1875,10.210938,0.875,-0.724609,0.25,-0.414062,0.694946,0.556519,0.416687,0.183777,down
216744,-4.1875,10.25,0.835937,-0.724609,0.25,-0.414062,0.694946,0.556519,0.416687,0.183777,down
216749,-4.226562,10.328125,0.835937,-0.638672,0.234375,-0.384766,0.696533,0.553345,0.417969,0.184387,down
216755,-4.304687,10.4375,0.796875,-0.638672,0.234375,-0.384766,0.697083,0.552124,0.418518,0.184631,down
216760,-4.339844,10.441406,0.796875,-0.363281,0.175781,-0.279297,0.697571,0.551025,0.419067,0.184814,down
216765,-4.339844,10.4375,0.835937,-0.279297,0.152344,-0.246094,0.697998,0.55011,0.419556,0.184875,down
216770,-4.378906,10.480469,0.796875,-0.279297,0.152344,-0.246094,0.698242,0.549377,0.420044,0.184937,down
216775,-4.417969,10.480469,0.722656,-0.279297,0.152344,-0.246094,0.698242,0.549377,0.420044,0.184937,down
216780,-4.417969,10.480469,0.722656,-0.09375,0.089844,-0.140625,0.698242,0.549377,0.420044,0.184937,down
216786,-4.496094,10.480469,0.796875,-0.09375,0.089844,-0.140625,0.698608,0.548157,0.421021,0.184937,down
216791,-4.570312,10.402344,0.875,-0.09375,0.089844,-0.140625,0.698669,0.547974,0.421204,0.184937,down
216796,-4.570312,10.328125,0.875,-0.039063,0.011719,-0.03125,0.698669,0.547974,0.421204,0.184937,down
216801,-4.609375,10.214844,0.875,-0.042969,-0.013672,0.003906,0.698669,0.547974,0.421204,0.184937,down
216806,-4.53125,9.910156,0.953125,-0.044922,-0.037109,0.033203,0.698669,0.547974,0.421204,0.184937,down
216811,-4.457031,9.75,0.953125,-0.052734,-0.058594,0.044922,0.698669,0.547974,0.421204,0.184937,down
216816,-4.457031,9.558594,0.953125,-0.060547,-0.076172,0.070312,0.698669,0.547974,0.421204,0.184937,down
216821,-4.417969,9.367188,0.953125,-0.056641,-0.09375,0.085937,0.698669,0.547974,0.421204,0.184937,down
216826,-4.226562,9.023438,0.953125,-0.042969,-0.107422,0.099609,0.698669,0.547974,0.421204,0.184937,down
216832,-4.148437,8.871094,0.953125,-0.042969,-0.107422,0.099609,0.699341,0.547913,0.419922,0.185303,down
216837,-4.074219,8.683594,0.953125,-0.005859,-0.128906,0.119141,0.699341,0.547913,0.419922,0.185303,down
216842,-3.996094,8.523438,0.914062,0.023437,-0.138672,0.121094,0.699341,0.547913,0.419922,0.185303,down
216847,-3.804688,8.257813,0.988281,0.023437,-0.138672,0.121094,0.699341,0.547913,0.419922,0.185303,down
216853,-3.691406,8.101563,1.027344,0.023437,-0.138672,0.121094,0.699524,0.548889,0.418396,0.185242,down
216858,-3.613281,8.023438,0.914062,0.146484,-0.154297,0.132812,0.699524,0.548889,0.418396,0.185242,down
216864,-3.382813,7.875,0.835937,0.177734,-0.142578,0.128906,0.699097,0.550354,0.417358,0.184814,down
216869,-3.308594,7.875,0.835937,0.177734,-0.142578,0.128906,0.699097,0.550354,0.417358,0.184814,down
216874,-3.230469,7.914062,0.796875,0.292969,-0.117188,0.144531,0.699097,0.550354,0.417358,0.184814,down
216879,-3.152344,7.988281,0.835937,0.292969,-0.117188,0.144531,0.69812,0.552429,0.416504,0.184265,down
216884,-3.117188,7.984375,0.796875,0.328125,-0.078125,0.136719,0.69812,0.552429,0.416504,0.184265,down
216889,-3.039063,8.101563,0.796875,0.328125,-0.078125,0.136719,0.697205,0.554016,0.416199,0.183777,down
216894,-3.039063,8.144531,0.796875,0.330078,-0.052734,0.113281,0.697205,0.554016,0.416199,0.183777,down
216899,-3.0,8.21875,0.761719,0.330078,-0.052734,0.113281,0.69635,0.555359,0.416016,0.18335,down
216904,-3.039063,8.371094,0.761719,0.330078,-0.052734,0.113281,0.69635,0.555359,0.416016,0.18335,down
216909,-3.0,8.484375,0.835937,0.253906,-0.003906,0.060547,0.69635,0.555359,0.416016,0.18335,down
216915,-3.039063,8.605469,0.875,0.253906,-0.003906,0.060547,0.695068,0.557068,0.416077,0.182739,down
216921,-3.0,8.722656,0.875,0.253906,-0.003906,0.060547,0.694824,0.557373,0.416138,0.182678,down
216926,-3.039063,8.722656,0.914062,0.039063,0.037109,-0.011719,0.694824,0.557373,0.416138,0.182678,down
216931,-3.039063,8.722656,0.914062,-0.033203,0.050781,-0.03125,0.694641,0.557495,0.416321,0.182617,down
216937,-3.0,8.75,0.988281,-0.033203,0.050781,-0.03125,0.694702,0.557312,0.416443,0.182678,down
216943,-2.960938,8.722656,0.988281,-0.193359,0.052734,-0.070312,0.694702,0.557312,0.416443,0.182678,down
216949,-2.960938,8.722656,0.953125,-0.263672,0.060547,-0.078125,0.695496,0.555847,0.416809,0.183228,down
216954,-2.925781,8.644531,1.066406,-0.263672,0.060547,-0.078125,0.695984,0.555115,0.41687,0.183472,down
216959,-2.886719,8.640625,1.066406,-0.263672,0.060547,-0.078125,0.696411,0.554382,0.416992,0.183716,down
216964,-2.808594,8.601563,1.105469,-0.263672,0.060547,-0.078125,0.696411,0.554382,0.416992,0.183716,down
216969,-2.808594,8.566406,1.027344,-0.357422,0.046875,-0.121094,0.696411,0.554382,0.416992,0.183716,down
216974,-2.769531,8.605469,1.027344,-0.291016,0.037109,-0.132812,0.697449,0.552856,0.417175,0.184143,down
216979,-2.769531,8.679688,1.027344,-0.291016,0.037109,-0.132812,0.697876,0.552124,0.417297,0.184326,down
216984,-2.734375,8.75,1.027344,-0.195312,0.003906,-0.138672,0.698242,0.551575,0.417358,0.184387,down
216990,-2.734375,8.90625,0.953125,-0.195312,0.003906,-0.138672,0.698914,0.550598,0.417603,0.184326,down
216995,-2.695313,9.027344,0.953125,-0.126953,-0.001953,-0.152344,0.699219,0.550171,0.417725,0.184204,down
217001,-2.695313,9.328125,0.796875,-0.126953,-0.001953,-0.152344,0.699402,0.549866,0.417847,0.184082,down
217007,-2.769531,9.714844,0.722656,-0.126953,-0.001953,-0.152344,0.699646,0.5495,0.41803,0.183899,down
217012,-2.808594,9.9375,0.683594,-0.091797,0.007813,-0.150391,0.699646,0.5495,0.41803,0.183899,down
217017,-2.847656,10.175781,0.605469,-0.101563,0.025391,-0.152344,0.699646,0.5495,0.41803,0.183899,down
217022,-2.886719,10.332031,0.53125,-0.130859,0.037109,-0.160156,0.699646,0.5495,0.41803,0.183899,down
217027,-3.039063,10.675781,0.53125,-0.130859,0.037109,-0.160156,0.699646,0.5495,0.41803,0.183899,down
217033,-3.078125,10.820313,0.492187,-0.130859,0.037109,-0.160156,0.700623,0.547546,0.419067,0.183472,down
217039,-3.078125,10.863281,0.453125,-0.359375,0.115234,-0.126953,0.700623,0.547546,0.419067,0.183472,down
217045,-3.039063,10.820313,0.492187,-0.359375,0.115234,-0.126953,0.701843,0.545288,0.419739,0.184204,down
217050,-3.039063,10.785156,0.53125,-0.511719,0.166016,-0.091797,0.702393,0.544189,0.419922,0.184814,down
217055,-3.0,10.710938,0.492187,-0.585937,0.210937,-0.056641,0.703003,0.54303,0.420105,0.185486,down
217061,-2.960938,10.402344,0.644531,-0.585937,0.210937,-0.056641,0.703552,0.541931,0.420288,0.18634,down
217066,-2.847656,10.015625,0.683594,-0.585937,0.210937,-0.056641,0.704102,0.540649,0.420471,0.187317,down
217071,-2.808594,9.832031,0.722656,-0.6875,0.351563,0.037109,0.704102,0.540649,0.420471,0.187317,down
217077,-2.734375,9.636719,0.796875,-0.671875,0.394531,0.074219,0.704102,0.540649,0.420471,0.187317,down
217082,-2.695313,9.253906,0.914062,-0.628906,0.443359,0.105469,0.704102,0.540649,0.420471,0.187317,down
217087,-2.695313,9.101563,0.953125,-0.568359,0.494141,0.142578,0.704102,0.540649,0.420471,0.187317,down
217093,-2.695313,8.949219,1.066406,-0.482422,0.53125,0.197266,0.704102,0.540649,0.420471,0.187317,down
217099,-2.695313,8.71875,1.027344,-0.373047,0.570312,0.220703,0.704102,0.540649,0.420471,0.187317,down
217104,-2.769531,8.683594,1.105469,-0.160156,0.621094,0.273438,0.704102,0.540649,0.420471,0.187317,down
217109,-2.734375,8.71875,1.105469,-0.160156,0.621094,0.273438,0.704956,0.532776,0.423828,0.198853,down
217114,-2.769531,8.71875,1.179688,-0.058594,0.628906,0.296875,0.704956,0.532776,0.423828,0.198853,down
217119,-2.734375,8.722656,1.21875,-0.058594,0.628906,0.296875,0.703491,0.532532,0.425232,0.201782,down
217124,-2.769531,8.722656,1.21875,-0.058594,0.628906,0.296875,0.702576,0.532593,0.425903,0.203125,down
217129,-2.769531,8.679688,1.257813,0.042969,0.6875,0.330078,0.702576,0.532593,0.425903,0.203125,down
217134,-2.695313,8.605469,1.296875,0.042969,0.6875,0.330078,0.700623,0.532837,0.427551,0.205994,down
217139,-2.695313,8.5625,1.335938,0.042969,0.6875,0.330078,0.699646,0.532898,0.428345,0.207458,down
217145,-2.695313,8.527344,1.410156,-0.089844,0.75,0.296875,0.699646,0.532898,0.428345,0.207458,down
217150,-2.617188,8.527344,1.449219,-0.089844,0.75,0.296875,0.69696,0.53241,0.430969,0.21228,down
217155,-2.617188,8.5625,1.449219,-0.089844,0.75,0.296875,0.696289,0.532043,0.431824,0.213745,down
217160,-2.617188,8.640625,1.371094,-0.212891,0.808594,0.1875,0.696289,0.532043,0.431824,0.213745,down
217165,-2.617188,8.640625,1.371094,-0.212891,0.808594,0.1875,0.695496,0.531433,0.432922,0.215576,down
217170,-2.886719,9.292969,1.144531,-0.232422,0.810547,0.132812,0.694885,0.530823,0.433899,0.217041,down
217175,-2.886719,9.292969,1.144531,-0.240234,0.808594,0.066406,0.694275,0.53009,0.435059,0.218506,down
217181,-3.421875,10.054688,0.988281,-0.240234,0.808594,0.066406,0.693115,0.528381,0.437622,0.22113,down
217186,-4.035156,10.902344,0.835937,-0.240234,0.808594,0.066406,0.692627,0.527405,0.439026,0.222168,down
217192,-4.53125,11.363281,0.722656,-0.240234,0.808594,0.066406,0.692322,0.526306,0.440369,0.223083,down
217198,-4.6875,11.4375,0.644531,-0.410156,0.654297,-0.265625,0.692322,0.526306,0.440369,0.223083,down
217204,-4.914062,11.402344,0.570312,-0.523437,0.613281,-0.298828,0.692322,0.526306,0.440369,0.223083,down
217210,-4.914062,11.320313,0.570312,-0.628906,0.599609,-0.310547,0.692932,0.519897,0.445068,0.226807,down
217215,-4.953125,11.167969,0.605469,-0.919922,0.535156,-0.263672,0.692932,0.519897,0.445068,0.226807,down
217220,-4.878906,10.976563,0.683594,-0.919922,0.535156,-0.263672,0.694397,0.515564,0.446594,0.22937,down
217226,-4.6875,10.136719,0.761719,-0.919922,0.535156,-0.263672,0.695312,0.513123,0.447144,0.230896,down
217231,-4.648437,9.828125,0.761719,-1.291016,0.560547,-0.134766,0.695312,0.513123,0.447144,0.230896,down
217237,-4.53125,9.527344,0.835937,-1.304688,0.578125,-0.082031,0.695312,0.513123,0.447144,0.230896,down
217242,-4.378906,8.949219,0.835937,-1.246094,0.595703,-0.035156,0.698425,0.505127,0.448303,0.236816,down
217247,-4.304687,8.75,0.761719,-1.125,0.626953,0.001953,0.698425,0.505127,0.448303,0.236816,down
217253,-4.226562,8.527344,0.796875,-0.935547,0.650391,0.046875,0.698425,0.505127,0.448303,0.236816,down
217259,-4.113281,8.257813,0.761719,-0.734375,0.664062,0.083984,0.698425,0.505127,0.448303,0.236816,down
217264,-4.035156,8.144531,0.722656,-0.513672,0.673828,0.119141,0.699646,0.496338,0.451172,0.246033,down
217269,-3.996094,8.144531,0.722656,-0.513672,0.673828,0.119141,0.699646,0.496338,0.451172,0.246033,down
217274,-3.957031,8.101563,0.761719,0.125,0.679687,0.201172,0.699646,0.496338,0.451172,0.246033,down
217279,-3.921875,8.144531,0.875,0.125,0.679687,0.201172,0.698059,0.495667,0.453064,0.248474,down
217285,-3.882813,8.179688,0.914062,0.125,0.679687,0.201172,0.695557,0.496094,0.455383,0.250488,down
217290,-3.84375,8.179688,0.875,0.289063,0.722656,0.228516,0.695557,0.496094,0.455383,0.250488,down
217295,-3.84375,8.222656,0.875,0.289063,0.722656,0.228516,0.694214,0.496399,0.456482,0.251465,down
217300,-3.804688,8.21875,0.875,0.289063,0.722656,0.228516,0.691711,0.496826,0.458679,0.253479,down
217305,-3.804688,8.257813,0.914062,0.289063,0.722656,0.228516,0.690613,0.496887,0.459778,0.254578,down
217310,-3.804688,8.300781,0.914062,0.289063,0.722656,0.228516,0.690613,0.496887,0.459778,0.254578,down
217315,-3.882813,8.296875,0.914062,-0.035156,0.708984,0.210937,0.690613,0.496887,0.459778,0.254578,down
217320,-3.804688,8.21875,0.953125,-0.275391,0.683594,0.189453,0.688782,0.496338,0.46167,0.257202,down
217325,-3.804688,8.21875,0.953125,-0.275391,0.683594,0.189453,0.687622,0.494995,0.463196,0.260071,down
217330,-3.804688,8.183594,0.914062,-0.275391,0.683594,0.189453,0.687622,0.494995,0.463196,0.260071,down
217335,-3.804688,8.101563,0.875,-0.275391,0.683594,0.189453,0.687012,0.493103,0.464355,0.263062,down
217340,-3.804688,8.105469,0.796875,-0.275391,0.683594,0.189453,0.687012,0.493103,0.464355,0.263062,down
217345,-3.765625,8.140625,0.722656,-0.439453,0.451172,0.070312,0.687012,0.493103,0.464355,0.263062,down
217351,-3.691406,8.300781,0.683594,-0.439453,0.451172,0.070312,0.686829,0.490051,0.465698,0.266907,down
217357,-3.652344,8.488281,0.570312,-0.439453,0.451172,0.070312,0.686829,0.489197,0.466003,0.267822,down
217362,-3.613281,8.523438,0.53125,-0.367188,0.314453,0.003906,0.68689,0.488281,0.46637,0.268799,down
217368,-3.574219,8.71875,0.375,-0.359375,0.28125,-0.005859,0.68689,0.488281,0.46637,0.268799,down
217373,-3.535156,8.789063,0.375,-0.355469,0.259766,-0.017578,0.68689,0.488281,0.46637,0.268799,down
217378,-3.535156,8.867188,0.375,-0.375,0.248047,-0.015625,0.68689,0.488281,0.46637,0.268799,down
217383,-3.574219,8.910156,0.300781,-0.392578,0.246094,-0.007813,0.68689,0.488281,0.46637,0.268799,down
217388,-3.535156,8.90625,0.183594,-0.412109,0.25,0.007813,0.68689,0.488281,0.46637,0.268799,down
217393,-3.535156,8.910156,0.222656,-0.412109,0.25,0.007813,0.68689,0.488281,0.46637,0.268799,down
217399,-3.535156,8.949219,0.183594,-0.412109,0.25,0.007813,0.68811,0.4823,0.467651,0.274292,down
217404,-3.613281,8.984375,0.109375,-0.435547,0.308594,0.054687,0.68811,0.4823,0.467651,0.274292,down
217409,-3.652344,9.066406,0.148437,-0.435547,0.308594,0.054687,0.68811,0.4823,0.467651,0.274292,down
217414,-3.726563,9.023438,0.109375,-0.435547,0.308594,0.054687,0.688354,0.479736,0.468201,0.277161,down
217420,-3.726563,9.101563,0.070312,-0.238281,0.375,0.078125,0.688354,0.479736,0.468201,0.277161,down
217425,-3.765625,9.292969,0.03125,-0.238281,0.375,0.078125,0.688171,0.478333,0.468811,0.279053,down
217430,-3.765625,9.292969,0.03125,-0.162109,0.380859,0.072266,0.687927,0.477783,0.469238,0.279846,down
217435,-3.804688,9.445313,0.03125,-0.162109,0.380859,0.072266,0.687561,0.477417,0.469727,0.280579,down
217440,-3.804688,9.445313,0.03125,-0.046875,0.380859,0.064453,0.687134,0.477112,0.470215,0.281189,down
217445,-4.074219,9.976563,0.070312,-0.046875,0.380859,0.064453,0.686707,0.476807,0.470764,0.28186,down
217451,-4.113281,10.175781,-0.042969,-0.021484,0.382813,0.044922,0.685791,0.476318,0.471924,0.282959,down
217456,-4.226562,10.289063,-0.007813,-0.078125,0.359375,0.056641,0.685364,0.476013,0.472473,0.28363,down
217461,-4.339844,10.4375,0.03125,-0.078125,0.359375,0.056641,0.685059,0.475647,0.4729,0.284241,down
217466,-4.417969,10.558594,0.03125,-0.078125,0.359375,0.056641,0.684814,0.475159,0.473328,0.285034,down
217471,-4.457031,10.519531,0.03125,-0.300781,0.345703,0.072266,0.684631,0.474487,0.473694,0.285889,down
217476,-4.570312,10.59375,0.03125,-0.300781,0.345703,0.072266,0.68457,0.473755,0.473999,0.286865,down
217481,-4.609375,10.4375,0.070312,-0.300781,0.345703,0.072266,0.68457,0.473022,0.474182,0.287781,down
217486,-4.648437,10.359375,0.148437,-0.490234,0.345703,0.087891,0.684692,0.471985,0.474304,0.289001,down
217491,-4.6875,10.25,0.148437,-0.513672,0.359375,0.095703,0.684753,0.470947,0.474426,0.290161,down
217497,-4.722656,9.789063,0.183594,-0.513672,0.359375,0.095703,0.684875,0.470032,0.474548,0.29126,down
217502,-4.722656,9.714844,0.222656,-0.519531,0.345703,0.121094,0.684998,0.468994,0.47467,0.29248,down
217508,-4.722656,9.597656,0.222656,-0.494141,0.367188,0.126953,0.684998,0.468994,0.47467,0.29248,down
217513,-4.6875,9.445313,0.261719,-0.457031,0.378906,0.146484,0.684998,0.468994,0.47467,0.29248,down
217519,-4.570312,9.210938,0.492187,-0.457031,0.378906,0.146484,0.684998,0.468994,0.47467,0.29248,down
221238,1.710938,12.472656,-0.042969,0.400391,2.152344,1.535156,0.625244,0.621094,0.248169,0.4021,down
221243,1.710938,12.472656,-0.042969,0.205078,2.066406,1.509766,0.618469,0.61969,0.250671,0.413086,down
221248,1.863281,12.355469,0.109375,0.205078,2.066406,1.509766,0.615417,0.618774,0.251587,0.418457,down
221253,2.019531,12.207031,0.109375,-0.115234,2.007813,1.507813,0.612549,0.617493,0.252319,0.424072,down
221259,2.019531,12.085938,0.070312,-0.224609,2.003906,1.498047,0.607178,0.61438,0.253296,0.435608,down
221264,2.054688,11.859375,0.109375,-0.224609,2.003906,1.498047,0.604858,0.612671,0.253479,0.441101,down
221269,2.054688,11.742188,0.183594,-0.224609,2.003906,1.498047,0.604858,0.612671,0.253479,0.441101,down
221274,2.019531,11.703125,0.261719,-0.494141,1.822266,1.542969,0.604858,0.612671,0.253479,0.441101,down
221279,1.941406,11.625,0.492187,-0.494141,1.822266,1.542969,0.598267,0.607239,0.253113,0.45752,down
221284,1.980469,11.546875,0.605469,-0.494141,1.822266,1.542969,0.596252,0.605591,0.252869,0.462402,down
221289,1.980469,11.480469,0.683594,-0.494141,1.822266,1.542969,0.593933,0.60376,0.252563,0.467896,down
221294,2.054688,11.515625,0.835937,-0.414062,1.738281,1.544922,0.591492,0.601929,0.252258,0.47345,down
221299,2.054688,11.742188,1.144531,-0.414062,1.738281,1.544922,0.58905,0.600281,0.252075,0.478638,down
221304,2.171875,11.664063,1.257813,-0.414062,1.738281,1.544922,0.586792,0.598938,0.252014,0.483154,down
221309,2.363281,11.546875,1.410156,-0.238281,1.658203,1.396484,0.584351,0.597412,0.252014,0.487976,down
221314,2.363281,11.546875,1.410156,-0.128906,1.734375,1.34375,0.58197,0.596008,0.252136,0.492432,down
221319,2.402344,11.285156,1.488281,-0.128906,1.734375,1.34375,0.58197,0.596008,0.252136,0.492432,down
221324,2.402344,11.285156,1.488281,-0.091797,1.8125,1.304688,0.579224,0.594482,0.252625,0.497253,down
221329,2.402344,11.136719,1.449219,-0.091797,1.8125,1.304688,0.576721,0.592834,0.253174,0.501831,down
221334,2.402344,11.136719,1.449219,-0.3125,1.845703,1.228516,0.572144,0.588806,0.253967,0.511292,down
221339,2.324219,10.714844,1.488281,-0.3125,1.845703,1.228516,0.570374,0.586426,0.253967,0.516052,down
221345,2.324219,10.4375,1.640625,-0.966797,1.748047,1.177734,0.568787,0.583374,0.25354,0.521423,down
221350,2.4375,10.019531,1.792969,-0.966797,1.748047,1.177734,0.567749,0.580627,0.25293,0.525879,down
221355,2.476563,9.828125,1.910156,-0.966797,1.748047,1.177734,0.566895,0.577454,0.251892,0.530701,down
221361,2.59375,9.558594,2.214844,-0.966797,1.748047,1.177734,0.566284,0.574219,0.25061,0.535583,down
221367,2.628906,9.40625,2.292969,-1.513672,1.537109,1.195313,0.566284,0.574219,0.25061,0.535583,down
221372,2.554688,9.0625,2.332031,-1.544922,1.542969,1.164063,0.566284,0.574219,0.25061,0.535583,down
221377,2.4375,8.949219,2.332031,-1.527344,1.564453,1.130859,0.566284,0.574219,0.25061,0.535583,down
221383,2.363281,8.828125,2.253906,-1.460938,1.591797,1.076172,0.566284,0.574219,0.25061,0.535583,down
221388,2.054688,8.449219,2.140625,-1.384766,1.613281,0.994141,0.566284,0.574219,0.25061,0.535583,down
221393,1.902344,8.339844,2.253906,-1.337891,1.597656,0.941406,0.566284,0.574219,0.25061,0.535583,down
221399,1.824219,8.335938,2.332031,-1.265625,1.539063,0.847656,0.566284,0.574219,0.25061,0.535583,down
221404,1.632813,8.296875,2.445313,-1.265625,1.539063,0.847656,0.562134,0.542175,0.239502,0.576721,down
221409,1.558594,7.957031,2.558594,-1.265625,1.539063,0.847656,0.562134,0.542175,0.239502,0.576721,down
221415,1.558594,7.957031,2.558594,-1.248047,1.410156,0.763672,0.561829,0.539124,0.23877,0.580261,down
221420,1.558594,7.835937,2.753906,-1.248047,1.410156,0.763672,0.561584,0.535767,0.237793,0.583984,down
221425,1.558594,7.835937,2.753906,-1.367188,1.091797,0.640625,0.561646,0.529358,0.235474,0.590698,down
221430,1.558594,7.835937,2.753906,-1.367188,1.091797,0.640625,0.561646,0.529358,0.235474,0.590698,down
221436,1.441406,7.5625,3.519531,-1.443359,0.960937,0.611328,0.5625,0.523071,0.232239,0.59668,down
221442,1.25,6.839844,3.632813,-1.443359,0.960937,0.611328,0.5625,0.523071,0.232239,0.59668,down
221447,1.441406,6.914062,3.402344,-1.443359,0.960937,0.611328,0.564392,0.516541,0.227722,0.602295,down
221452,1.441406,6.53125,3.519531,-1.935547,0.552734,0.492187,0.564392,0.516541,0.227722,0.602295,down
221457,1.558594,6.308594,3.59375,-2.025391,0.466797,0.494141,0.564392,0.516541,0.227722,0.602295,down
221462,1.597656,6.304687,3.632813,-2.025391,0.466797,0.494141,0.568726,0.506714,0.218933,0.609802,down
221467,1.632813,6.347656,3.941406,-2.025391,0.466797,0.494141,0.568726,0.506714,0.218933,0.609802,down
221472,1.632813,6.378906,4.09375,-2.128906,0.287109,0.546875,0.568726,0.506714,0.218933,0.609802,down
221478,1.671875,6.492187,4.132812,-2.087891,0.318359,0.556641,0.568726,0.506714,0.218933,0.609802,down
221483,1.789063,6.765625,4.054687,-2.087891,0.318359,0.556641,0.568726,0.506714,0.218933,0.609802,down
221488,1.75,6.917969,3.976563,-2.087891,0.318359,0.556641,0.57666,0.490112,0.201477,0.621826,down
221494,1.710938,6.953125,3.824219,-1.789063,0.582031,0.525391,0.57666,0.490112,0.201477,0.621826,down
221499,1.980469,6.917969,3.824219,-1.646484,0.560547,0.523437,0.578796,0.483948,0.196106,0.626343,down
221505,2.019531,7.109375,4.054687,-1.646484,0.560547,0.523437,0.580627,0.477661,0.19104,0.631042,down
221510,1.902344,7.339844,4.246094,-1.355469,0.490234,0.458984,0.581177,0.475403,0.189148,0.632812,down
221515,2.019531,7.679687,4.476562,-1.355469,0.490234,0.458984,0.581909,0.472595,0.187012,0.634888,down
221521,2.019531,7.839844,4.246094,-1.355469,0.490234,0.458984,0.58252,0.470398,0.185608,0.636353,down
221526,1.980469,7.875,4.09375,-1.111328,0.652344,0.207031,0.58252,0.470398,0.185608,0.636353,down
221531,1.980469,7.875,4.09375,-1.085938,0.666016,0.169922,0.583801,0.465271,0.183289,0.639587,down
221536,1.980469,7.984375,3.941406,-1.085938,0.666016,0.169922,0.583801,0.465271,0.183289,0.639587,down
221541,1.980469,7.984375,3.941406,-1.111328,0.626953,0.160156,0.584534,0.462769,0.182251,0.641052,down
221546,1.980469,8.101563,3.941406,-1.195313,0.582031,0.160156,0.584534,0.462769,0.182251,0.641052,down
221551,2.019531,8.101563,4.167969,-1.472656,0.564453,0.203125,0.587219,0.454651,0.17804,0.645569,down
221557,2.054688,8.027344,4.324219,-1.472656,0.564453,0.203125,0.587219,0.454651,0.17804,0.645569,down
221563,2.132813,7.917969,4.4375,-1.701172,0.548828,0.277344,0.587219,0.454651,0.17804,0.645569,down
221569,2.132813,7.875,4.515625,-1.761719,0.537109,0.330078,0.587219,0.454651,0.17804,0.645569,down
221574,2.171875,7.757812,4.589844,-1.8125,0.556641,0.371094,0.587219,0.454651,0.17804,0.645569,down
221579,2.132813,7.683594,4.550781,-1.861328,0.554687,0.480469,0.592957,0.438354,0.166443,0.654663,down
221584,2.054688,7.601562,4.628906,-1.861328,0.554687,0.480469,0.594116,0.434509,0.163391,0.656921,down
221589,2.09375,7.457031,4.628906,-1.787109,0.494141,0.548828,0.595032,0.431091,0.160583,0.658997,down
221595,2.210938,7.179687,4.667969,-1.787109,0.494141,0.548828,0.596558,0.424866,0.155151,0.662964,down
221600,2.363281,7.179687,4.707031,-1.544922,0.357422,0.615234,0.597107,0.421936,0.152222,0.665039,down
221605,2.476563,7.035156,4.972656,-1.544922,0.357422,0.615234,0.597534,0.419373,0.149536,0.66687,down
221610,2.554688,7.183594,5.011719,-1.544922,0.357422,0.615234,0.597534,0.419373,0.149536,0.66687,down
221615,2.554688,7.148437,5.089844,-1.017578,0.238281,0.646484,0.597534,0.419373,0.149536,0.66687,down
221620,2.628906,7.035156,5.089844,-1.017578,0.238281,0.646484,0.597412,0.41394,0.143005,0.671814,down
221625,2.59375,7.070312,5.011719,-1.017578,0.238281,0.646484,0.596924,0.412476,0.141296,0.673462,down
221630,2.554688,7.183594,5.011719,-1.017578,0.238281,0.646484,0.596375,0.41156,0.140137,0.674744,down
221635,2.554688,7.261719,4.933594,-0.435547,0.208984,0.710937,0.59552,0.410645,0.138733,0.676392,down
221640,2.59375,7.257812,4.859375,-0.435547,0.208984,0.710937,0.594727,0.410034,0.137695,0.677612,down
221645,2.667969,7.414062,4.898437,-0.435547,0.208984,0.710937,0.59375,0.409546,0.136475,0.679016,down
221650,2.746094,7.53125,4.933594,-0.351563,0.109375,0.798828,0.592712,0.409119,0.135254,0.68042,down
221655,2.746094,7.566406,4.972656,-0.404297,0.138672,0.835937,0.591492,0.408569,0.133789,0.682129,down
221661,2.820313,7.453125,4.859375,-0.404297,0.138672,0.835937,0.590637,0.40802,0.132568,0.683472,down
221666,2.820313,7.296875,4.589844,-0.404297,0.138672,0.835937,0.589539,0.407104,0.131042,0.685181,down
221672,2.785156,7.179687,4.4375,-0.726562,0.306641,0.90625,0.589539,0.407104,0.131042,0.685181,down
221678,2.785156,7.03125,4.359375,-0.804687,0.318359,0.939453,0.587646,0.404541,0.127563,0.688965,down
221683,2.746094,6.953125,4.359375,-0.804687,0.318359,0.939453,0.587646,0.404541,0.127563,0.688965,down
221688,2.746094,6.953125,4.398437,-0.828125,0.318359,0.998047,0.587646,0.404541,0.127563,0.688965,down
221694,2.746094,6.953125,4.398437,-0.783203,0.324219,1.027344,0.584595,0.400146,0.121582,0.69519,down
221699,2.746094,6.953125,4.398437,-0.707031,0.337891,1.064453,0.583496,0.398926,0.119873,0.697144,down
221704,2.820313,6.992187,4.515625,-0.615234,0.365234,1.082031,0.583496,0.398926,0.119873,0.697144,down
221710,2.9375,6.917969,4.628906,-0.615234,0.365234,1.082031,0.582214,0.397705,0.118164,0.699219,down
221715,2.9375,6.917969,4.628906,-0.166016,0.435547,1.158203,0.577087,0.394836,0.114502,0.705627,down
221721,2.9375,7.183594,4.859375,-0.166016,0.435547,1.158203,0.574951,0.394287,0.11377,0.707886,down
221726,2.898438,7.179687,4.859375,0.072266,0.513672,1.226563,0.572632,0.393799,0.113281,0.710022,down
221731,2.898438,7.113281,4.859375,0.103516,0.564453,1.265625,0.570129,0.393311,0.112976,0.712402,down
221737,3.011719,6.953125,4.898437,0.103516,0.564453,1.265625,0.567566,0.392822,0.112732,0.714722,down
221743,2.976563,6.914062,4.933594,0.041016,0.583984,1.355469,0.567566,0.392822,0.112732,0.714722,down
221748,2.976563,6.875,5.050781,-0.041016,0.560547,1.404297,0.567566,0.392822,0.112732,0.714722,down
221754,3.128906,6.839844,5.128906,-0.132812,0.546875,1.458984,0.557007,0.390198,0.109985,0.724854,down
221759,3.242188,6.765625,5.320312,-0.132812,0.546875,1.458984,0.557007,0.390198,0.109985,0.724854,down
221764,3.398438,6.765625,5.355469,-0.332031,0.619141,1.535156,0.557007,0.390198,0.109985,0.724854,down
221769,3.433594,6.765625,5.320312,-0.332031,0.619141,1.535156,0.551697,0.388245,0.107544,0.730286,down
221774,3.359375,6.574219,5.128906,-0.369141,0.730469,1.535156,0.551697,0.388245,0.107544,0.730286,down
221780,3.167969,6.457031,5.089844,-0.455078,0.890625,1.541016,0.551697,0.388245,0.107544,0.730286,down
221785,3.089844,6.378906,4.972656,-0.455078,0.890625,1.541016,0.540833,0.381592,0.102844,0.742493,down
221790,3.011719,6.347656,4.933594,-0.5625,0.875,1.580078,0.540833,0.381592,0.102844,0.742493,down
221795,2.859375,6.113281,5.050781,-0.5625,0.875,1.580078,0.535522,0.377625,0.100037,0.748779,down
221800,2.820313,6.035156,5.128906,-0.712891,0.855469,1.630859,0.532837,0.375488,0.098389,0.751953,down
221805,2.785156,5.804687,5.242187,-0.712891,0.855469,1.630859,0.532837,0.375488,0.098389,0.751953,down
221810,2.746094,5.726562,5.355469,-0.712891,0.855469,1.630859,0.527771,0.371277,0.094788,0.758057,down
221815,2.785156,5.691406,5.433594,-0.806641,0.773437,1.779297,0.527771,0.371277,0.094788,0.758057,down
221820,2.859375,5.613281,5.585937,-0.824219,0.734375,1.832031,0.52478,0.368958,0.09259,0.761536,down
221825,2.820313,5.613281,5.890625,-0.824219,0.734375,1.832031,0.518982,0.364868,0.088013,0.768005,down
221830,2.820313,5.578125,6.011719,-0.824219,0.734375,1.832031,0.518982,0.364868,0.088013,0.768005,down
221835,2.820313,5.578125,6.011719,-0.865234,0.71875,1.960938,0.515991,0.362915,0.085632,0.771179,down
221840,2.820313,5.460937,6.089844,-0.884766,0.75,2.019531,0.515991,0.362915,0.085632,0.771179,down
221845,2.820313,5.117187,6.234375,-0.878906,0.804687,2.056641,0.515991,0.362915,0.085632,0.771179,down
221850,2.820313,5.117187,6.234375,-0.873047,0.871094,2.080078,0.506042,0.356262,0.078064,0.781616,down
221856,2.820313,4.503906,6.351562,-0.873047,0.871094,2.080078,0.499023,0.351563,0.073303,0.788696,down
221862,3.011719,4.082031,6.695312,-0.873047,0.871094,2.080078,0.495361,0.34906,0.070984,0.792297,down
221867,2.9375,4.003906,6.695312,-0.738281,1.005859,2.070313,0.495361,0.34906,0.070984,0.792297,down
221872,2.859375,3.851563,6.773437,-0.701172,1.005859,2.052734,0.487976,0.343994,0.066895,0.799377,down
221878,2.898438,3.621094,6.890625,-0.658203,0.958984,2.042969,0.487976,0.343994,0.066895,0.799377,down
221883,2.9375,3.46875,7.082031,-0.609375,0.880859,2.048828,0.487976,0.343994,0.066895,0.799377,down
221889,2.859375,3.316406,7.238281,-0.546875,0.808594,2.054688,0.487976,0.343994,0.066895,0.799377,down
221895,2.820313,3.085938,7.277344,-0.498047,0.761719,2.050781,0.487976,0.343994,0.066895,0.799377,down
221900,2.859375,2.933594,7.234375,-0.498047,0.761719,2.050781,0.464722,0.331726,0.055542,0.819092,down
221905,2.898438,2.78125,7.15625,-0.498047,0.761719,2.050781,0.464722,0.331726,0.055542,0.819092,down
221910,2.9375,2.703125,7.082031,-0.498047,0.695312,2.089844,0.464722,0.331726,0.055542,0.819092,down
221915,2.898438,2.625,7.199219,-0.498047,0.695312,2.089844,0.45697,0.328308,0.051819,0.825012,down
221920,2.9375,2.589844,7.199219,-0.455078,0.654297,2.117188,0.453308,0.326782,0.050049,0.827759,down
221925,2.9375,2.589844,7.199219,-0.40625,0.611328,2.152344,0.453308,0.326782,0.050049,0.827759,down
221930,2.9375,2.589844,7.199219,-0.40625,0.611328,2.152344,0.440308,0.322327,0.044312,0.836792,down
221935,2.9375,2.589844,7.199219,-0.40625,0.611328,2.152344,0.440308,0.322327,0.044312,0.836792,down
221940,3.089844,2.472656,7.460937,-0.40625,0.611328,2.152344,0.431396,0.319519,0.040466,0.842712,down
221945,3.207031,2.472656,7.578125,-0.40625,0.611328,2.152344,0.431396,0.319519,0.040466,0.842712,down
221950,3.089844,2.511719,7.769531,-0.361328,0.517578,2.320313,0.431396,0.319519,0.040466,0.842712,down
221955,3.050781,2.472656,7.730469,-0.314453,0.505859,2.328125,0.417175,0.315918,0.034424,0.85144,down
221960,3.089844,2.359375,7.847656,-0.314453,0.505859,2.328125,0.417175,0.315918,0.034424,0.85144,down
221965,3.128906,2.167969,7.925781,-0.283203,0.326172,2.292969,0.417175,0.315918,0.034424,0.85144,down
221970,3.28125,1.898438,8.148438,-0.283203,0.326172,2.292969,0.407654,0.313965,0.030457,0.856873,down
221976,3.28125,1.746094,8.152344,-0.335938,0.205078,2.166016,0.407654,0.313965,0.030457,0.856873,down
221981,3.320313,1.707031,8.109375,-0.335938,0.205078,2.166016,0.393738,0.311951,0.023682,0.864319,down
221987,3.128906,1.785156,8.082031,-0.335938,0.205078,2.166016,0.390076,0.311584,0.021606,0.866211,down
221992,3.011719,1.59375,8.109375,-0.335938,0.205078,2.166016,0.385925,0.311279,0.018921,0.868225,down
221997,3.050781,1.210938,8.1875,-0.587891,-0.179687,1.970703,0.385925,0.311279,0.018921,0.868225,down
222002,3.242188,0.828125,8.1875,-0.673828,-0.255859,1.957031,0.385925,0.311279,0.018921,0.868225,down
222008,3.28125,0.175781,8.34375,-0.673828,-0.255859,1.957031,0.374573,0.311096,0.009705,0.873413,down
222014,3.242188,-0.054687,8.464844,-0.832031,-0.322266,1.964844,0.374573,0.311096,0.009705,0.873413,down
222020,3.320313,-0.398438,8.652344,-0.822266,-0.34375,1.964844,0.363525,0.311218,-0.001038,0.878052,down
222025,3.398438,-0.9375,9.070313,-0.822266,-0.34375,1.964844,0.359741,0.311462,-0.004333,0.879517,down
222030,3.472656,-1.089844,9.335938,-0.822266,-0.34375,1.964844,0.359741,0.311462,-0.004333,0.879517,down
222035,3.472656,-1.089844,9.335938,-0.373047,-0.404297,1.970703,0.355652,0.311951,-0.007385,0.880981,down
222040,3.550781,-1.242188,9.453125,-0.066406,-0.398438,1.941406,0.355652,0.311951,-0.007385,0.880981,down
222045,3.625,-1.242188,9.335938,0.275391,-0.392578,1.890625,0.355652,0.311951,-0.007385,0.880981,down
222050,3.625,-1.242188,9.335938,0.644531,-0.441406,1.816406,0.342712,0.314819,-0.012085,0.88501,down
222055,3.550781,-0.859375,9.148438,0.644531,-0.441406,1.816406,0.338196,0.316528,-0.012085,0.886169,down
222061,3.207031,-0.207031,8.765625,0.644531,-0.441406,1.816406,0.328674,0.321533,-0.009521,0.888,down
222066,3.089844,-0.015625,8.726563,1.884766,-0.929687,1.451172,0.323242,0.325256,-0.007141,0.888672,down
222071,3.089844,0.058594,8.765625,1.984375,-1.117188,1.357422,0.319275,0.32843,-0.005188,0.888916,down
222076,3.167969,0.367188,8.691406,1.984375,-1.117188,1.357422,0.314087,0.333252,-0.002441,0.888977,down
222081,3.207031,0.480469,8.570313,1.984375,-1.117188,1.357422,0.310242,0.337097,-0.000488,0.888855,down
222086,3.28125,0.480469,8.53125,1.666016,-1.488281,1.152344,0.305725,0.342102,0.001587,0.88855,down
222091,3.433594,0.519531,8.425781,1.382813,-1.582031,1.115234,0.305725,0.342102,0.001587,0.88855,down
222096,3.664063,0.480469,8.421875,1.382813,-1.582031,1.115234,0.298462,0.351135,0.003357,0.887451,down
222102,3.933594,0.289063,8.113281,1.382813,-1.582031,1.115234,0.29541,0.355286,0.003418,0.886841,down
222107,4.007812,0.214844,8.042969,0.582031,-1.630859,1.009766,0.29541,0.355286,0.003418,0.886841,down
222112,4.125,0.175781,8.078125,0.373047,-1.615234,0.986328,0.29541,0.355286,0.003418,0.886841,down
222118,4.277344,-0.09375,8.113281,0.373047,-1.615234,0.986328,0.287415,0.36731,0.000671,0.884583,down
222123,4.316406,-0.167969,8.148438,0.232422,-1.617188,0.878906,0.287415,0.36731,0.000671,0.884583,down
222128,4.316406,-0.167969,8.109375,0.244141,-1.603516,0.808594,0.287415,0.36731,0.000671,0.884583,down
222133,4.355469,-0.167969,7.960937,0.34375,-1.625,0.732422,0.287415,0.36731,0.000671,0.884583,down
222140,4.355469,-0.09375,7.960937,0.470703,-1.673828,0.648437,0.287415,0.36731,0.000671,0.884583,down
222145,4.394531,-0.054687,7.882812,0.775391,-1.804688,0.482422,0.287415,0.36731,0.000671,0.884583,down
222150,4.429687,-0.054687,7.804687,0.775391,-1.804688,0.482422,0.275452,0.390991,-0.005005,0.878235,down
222155,4.507812,0.328125,7.503906,0.925781,-1.865234,0.404297,0.275452,0.390991,-0.005005,0.878235,down
222160,4.507812,0.328125,7.503906,1.029297,-1.931641,0.328125,0.27179,0.400391,-0.004333,0.875061,down
222165,4.621094,0.328125,7.503906,1.029297,-1.931641,0.328125,0.270081,0.405579,-0.003601,0.87323,down
222170,5.160156,0.710937,7.304687,1.144531,-2.087891,0.146484,0.268494,0.410767,-0.002747,0.871338,down
222175,5.160156,0.710937,7.304687,1.130859,-2.126953,0.048828,0.267151,0.416016,-0.00177,0.869202,down
222180,5.160156,0.710937,7.304687,0.917969,-2.1875,-0.138672,0.26593,0.42157,-0.000793,0.866943,down
222185,5.695312,0.828125,6.921875,0.917969,-2.1875,-0.138672,0.26593,0.42157,-0.000793,0.866943,down
222190,5.734375,0.828125,6.773437,0.917969,-2.1875,-0.138672,0.264587,0.432678,0.000671,0.861877,down
222195,5.847656,0.75,6.582031,0.917969,-2.1875,-0.138672,0.264465,0.437378,0.000977,0.859497,down
222201,5.886719,0.75,6.542969,0.404297,-2.154297,-0.412109,0.26532,0.447449,0.000854,0.854065,down
222206,5.808594,0.671875,6.46875,0.404297,-2.154297,-0.412109,0.266296,0.452026,0.000488,0.851318,down
222211,5.773437,0.710937,6.390625,0.404297,-2.154297,-0.412109,0.266296,0.452026,0.000488,0.851318,down
222216,5.847656,0.671875,6.199219,0.042969,-2.025391,-0.744141,0.266296,0.452026,0.000488,0.851318,down
222221,6.121094,0.710937,6.007812,0.042969,-2.025391,-0.744141,0.270569,0.465271,-0.000671,0.842773,down
222226,6.1875,0.710937,5.929687,0.042969,-2.025391,-0.744141,0.272156,0.469177,-0.000854,0.840088,down
222231,6.265625,0.789062,5.777344,0.042969,-2.025391,-0.744141,0.274048,0.473572,-0.000916,0.837036,down
222236,6.347656,0.902344,5.738281,0.226562,-2.017578,-1.033203,0.276062,0.47821,-0.000671,0.83374,down
222241,6.386719,0.902344,5.585937,0.226562,-2.017578,-1.033203,0.277771,0.482239,-0.000244,0.830872,down
222247,6.542969,1.09375,5.28125,0.226562,-2.017578,-1.033203,0.279846,0.487183,0.000549,0.827271,down
222252,6.613281,1.171875,5.203125,0.226562,-2.017578,-1.033203,0.279846,0.487183,0.000549,0.827271,down
222257,6.574219,1.324219,5.089844,0.5,-2.046875,-1.244141,0.283691,0.495972,0.002747,0.820679,down
222262,6.539062,1.554688,5.050781,0.5,-2.046875,-1.244141,0.283691,0.495972,0.002747,0.820679,down
222267,6.539062,1.554688,5.050781,0.529297,-1.976563,-1.382813,0.285767,0.500366,0.004089,0.817261,down
222273,6.386719,1.628906,4.742187,0.486328,-1.892578,-1.466797,0.290588,0.508789,0.00708,0.810364,down
222278,6.613281,1.554688,4.550781,0.357422,-1.671875,-1.646484,0.290588,0.508789,0.00708,0.810364,down
222285,6.726562,1.628906,4.476562,0.357422,-1.671875,-1.646484,0.296448,0.51593,0.010315,0.80365,down
222290,6.882812,1.707031,4.4375,0.140625,-1.404297,-1.958984,0.296448,0.51593,0.010315,0.80365,down
222296,7.070312,2.050781,4.550781,0.140625,-1.404297,-1.958984,0.303345,0.522034,0.013794,0.797058,down
222301,7.03125,2.320313,4.550781,0.140625,-1.404297,-1.958984,0.307495,0.524902,0.015686,0.793518,down
222306,6.960937,2.589844,4.628906,-0.033203,-1.244141,-2.214844,0.307495,0.524902,0.015686,0.793518,down
222311,6.84375,2.78125,4.550781,-0.033203,-1.244141,-2.214844,0.320679,0.532104,0.021362,0.783264,down
222316,6.730469,2.933594,4.4375,-0.033203,-1.244141,-2.214844,0.325195,0.534058,0.023254,0.780029,down
222321,6.386719,3.316406,4.054687,-0.154297,-1.181641,-2.392578,0.325195,0.534058,0.023254,0.780029,down
222326,6.230469,3.546875,3.941406,-0.154297,-1.181641,-2.392578,0.33551,0.538208,0.027222,0.772644,down
222331,5.964844,3.96875,3.902344,-0.154297,-1.181641,-2.392578,0.33551,0.538208,0.027222,0.772644,down
222336,5.964844,3.96875,3.902344,-0.328125,-1.328125,-2.447266,0.340271,0.5401,0.028687,0.769226,down
222341,5.699219,4.234375,3.785156,-0.328125,-1.328125,-2.447266,0.345459,0.542175,0.030273,0.765381,down
222346,5.699219,4.234375,3.785156,-0.322266,-1.443359,-2.458984,0.356018,0.546814,0.033264,0.75708,down
222351,5.464844,4.390625,3.671875,-0.322266,-1.443359,-2.458984,0.356018,0.546814,0.033264,0.75708,down
222356,5.464844,4.390625,3.671875,-0.265625,-1.570313,-2.507813,0.361145,0.549194,0.03479,0.752808,down
222361,6.191406,4.964844,3.710938,-0.265625,-1.570313,-2.507813,0.371887,0.554199,0.038086,0.743713,down
222366,6.082031,5.460937,3.554688,-0.265625,-1.570313,-2.507813,0.371887,0.554199,0.038086,0.743713,down
222371,6.078125,5.652344,3.363281,-0.265625,-1.570313,-2.507813,0.377197,0.556458,0.039917,0.739258,down
222376,6.039062,5.804687,3.097656,-0.214844,-1.345703,-2.498047,0.377197,0.556458,0.039917,0.739258,down
222381,6.082031,5.960937,2.945313,-0.214844,-1.345703,-2.498047,0.387573,0.560669,0.043579,0.730469,down
222386,6.078125,6.492187,2.636719,-0.214844,-1.345703,-2.498047,0.397034,0.564331,0.047119,0.72229,down
222391,5.925781,6.730469,2.597656,-0.214844,-1.345703,-2.498047,0.401794,0.566223,0.049072,0.718018,down
222396,5.964844,6.875,2.558594,-0.214844,-1.345703,-2.498047,0.401794,0.566223,0.049072,0.718018,down
222401,5.886719,7.03125,2.523438,-0.037109,-1.224609,-2.46875,0.401794,0.566223,0.049072,0.718018,down
222406,5.617187,7.339844,2.523438,-0.037109,-1.224609,-2.46875,0.415649,0.571655,0.055542,0.7052,down
222411,5.425781,7.378906,2.523438,-0.037109,-1.224609,-2.46875,0.415649,0.571655,0.055542,0.7052,down
222416,5.425781,7.378906,2.523438,-0.044922,-1.085938,-2.414063,0.420288,0.573303,0.057861,0.700989,down
222421,5.273437,7.417969,2.558594,-0.064453,-1.0625,-2.369141,0.420288,0.573303,0.057861,0.700989,down
222426,5.386719,7.453125,2.558594,-0.064453,-1.0625,-2.369141,0.420288,0.573303,0.057861,0.700989,down
222431,5.386719,7.453125,2.558594,-0.160156,-1.072266,-2.306641,0.433411,0.577454,0.064148,0.688904,down
222436,5.617187,7.722656,2.675781,-0.160156,-1.072266,-2.306641,0.442383,0.57959,0.067627,0.680969,down
222441,5.542969,7.957031,2.636719,-0.160156,-1.072266,-2.306641,0.442383,0.57959,0.067627,0.680969,down
222446,5.582031,7.957031,2.597656,-0.160156,-1.072266,-2.306641,0.447144,0.580383,0.069153,0.677124,down
222451,5.617187,7.988281,2.597656,-0.613281,-0.941406,-2.205078,0.447144,0.580383,0.069153,0.677124,down
222456,5.695312,7.914062,2.558594,-0.71875,-0.949219,-2.179688,0.461426,0.581604,0.072205,0.666016,down
222461,5.773437,7.984375,2.523438,-0.71875,-0.949219,-2.179688,0.466309,0.581787,0.072937,0.662415,down
222466,5.734375,8.027344,2.558594,-0.71875,-0.949219,-2.179688,0.466309,0.581787,0.072937,0.662415,down
222471,5.695312,7.988281,2.523438,-0.9375,-0.875,-2.074219,0.466309,0.581787,0.072937,0.662415,down
222476,5.503906,7.839844,2.597656,-0.9375,-0.875,-2.074219,0.476257,0.581787,0.073975,0.655212,down
222481,5.386719,7.878906,2.714844,-0.9375,-0.875,-2.074219,0.481262,0.581665,0.074402,0.65155,down
222486,5.160156,7.839844,2.714844,-0.933594,-0.832031,-2.0,0.481262,0.581665,0.074402,0.65155,down
222491,4.96875,7.796875,2.714844,-0.933594,-0.832031,-2.0,0.491272,0.581177,0.075134,0.644348,down
222496,4.8125,7.71875,2.828125,-0.933594,-0.832031,-2.0,0.495911,0.580994,0.075562,0.64093,down
222501,5.003906,7.757812,2.789063,-0.818359,-0.837891,-1.996094,0.500122,0.580872,0.07605,0.637695,down
222506,5.003906,7.757812,2.789063,-0.71875,-0.845703,-1.996094,0.500122,0.580872,0.07605,0.637695,down
222512,5.195312,8.027344,2.714844,-0.71875,-0.845703,-1.996094,0.504517,0.580811,0.07666,0.634216,down
222517,5.195312,8.027344,2.714844,-0.582031,-0.802734,-2.017578,0.513123,0.580994,0.07843,0.626892,down
222522,5.042969,8.601563,2.636719,-0.544922,-0.738281,-2.005859,0.521301,0.581055,0.080688,0.619751,down
222527,5.003906,8.753906,2.597656,-0.503906,-0.619141,-2.005859,0.525818,0.580994,0.082153,0.615845,down
222533,5.082031,8.90625,2.558594,-0.503906,-0.619141,-2.005859,0.529297,0.58075,0.083374,0.612854,down
222538,4.96875,9.101563,2.597656,-0.503906,-0.619141,-2.005859,0.533264,0.580322,0.084717,0.609619,down
222544,4.8125,9.144531,2.636719,-0.78125,-0.410156,-2.001953,0.533264,0.580322,0.084717,0.609619,down
222549,4.507812,8.644531,2.714844,-0.978516,-0.345703,-2.009766,0.533264,0.580322,0.084717,0.609619,down
222554,4.507812,8.644531,2.714844,-1.179688,-0.292969,-2.007813,0.546509,0.577026,0.087891,0.600525,down
222560,4.007812,8.371094,2.980469,-1.34375,-0.259766,-1.986328,0.546509,0.577026,0.087891,0.600525,down
222565,3.855469,8.023438,3.097656,-1.484375,-0.265625,-1.966797,0.546509,0.577026,0.087891,0.600525,down
222570,3.78125,7.71875,3.402344,-1.484375,-0.265625,-1.966797,0.546509,0.577026,0.087891,0.600525,down
222575,3.78125,7.71875,3.402344,-1.484375,-0.265625,-1.966797,0.567078,0.568665,0.088989,0.589172,down
222580,3.78125,7.71875,3.402344,-1.59375,-0.441406,-1.884766,0.57196,0.566589,0.088745,0.586426,down
222585,3.855469,7.535156,3.59375,-1.59375,-0.441406,-1.884766,0.577209,0.564514,0.088379,0.583374,down
222590,4.164062,7.457031,3.824219,-1.59375,-0.441406,-1.884766,0.577209,0.564514,0.088379,0.583374,down
222595,4.164062,7.457031,3.824219,-1.380859,-0.576172,-1.892578,0.587036,0.560974,0.087708,0.577087,down
222600,4.125,7.953125,3.746094,-1.380859,-0.576172,-1.892578,0.587036,0.560974,0.087708,0.577087,down
222606,4.085937,8.339844,3.402344,-1.060547,-0.503906,-1.933594,0.587036,0.560974,0.087708,0.577087,down
222611,4.046875,8.445313,3.25,-1.060547,-0.503906,-1.933594,0.600586,0.556763,0.088562,0.567017,down
222617,4.085937,8.5625,3.136719,-0.861328,-0.439453,-1.984375,0.60907,0.55426,0.090393,0.560059,down
222622,4.007812,8.605469,3.058594,-0.861328,-0.439453,-1.984375,0.612976,0.552979,0.091431,0.556824,down
222627,4.007812,8.523438,3.058594,-1.033203,-0.240234,-2.046875,0.617676,0.55127,0.09259,0.553223,down
222632,3.894531,8.449219,3.019531,-1.033203,-0.240234,-2.046875,0.617676,0.55127,0.09259,0.553223,down
222637,3.894531,8.21875,2.980469,-1.199219,-0.177734,-2.0625,0.617676,0.55127,0.09259,0.553223,down
222643,3.894531,7.953125,3.210938,-1.199219,-0.177734,-2.0625,0.631165,0.544434,0.094971,0.54425,down
222648,3.78125,7.757812,3.363281,-1.753906,-0.066406,-2.130859,0.636475,0.54126,0.09552,0.541138,down
222653,3.664063,7.761719,3.480469,-1.855469,-0.052734,-2.125,0.641724,0.537964,0.095825,0.538147,down
222658,3.472656,7.71875,3.671875,-1.855469,-0.052734,-2.125,0.647644,0.53418,0.09613,0.53479,down
222664,3.28125,7.71875,3.976563,-1.855469,-0.052734,-2.125,0.647644,0.53418,0.09613,0.53479,down
222669,3.28125,7.683594,4.09375,-1.712891,-0.169922,-2.099609,0.647644,0.53418,0.09613,0.53479,down
222674,3.28125,7.683594,4.09375,-1.525391,-0.197266,-2.095703,0.662598,0.52478,0.096863,0.525574,down
222679,3.242188,7.878906,4.324219,-1.525391,-0.197266,-2.095703,0.662598,0.52478,0.096863,0.525574,down
222684,3.242188,7.878906,4.324219,-1.339844,-0.216797,-2.09375,0.671692,0.519836,0.098145,0.518616,down
222690,3.167969,8.023438,4.359375,-1.339844,-0.216797,-2.09375,0.675842,0.517883,0.099243,0.514954,down
222695,3.167969,8.023438,4.359375,-0.619141,-0.259766,-2.113281,0.679504,0.516479,0.100586,0.511292,down
222701,3.011719,8.445313,4.167969,-0.619141,-0.259766,-2.113281,0.682922,0.51532,0.102234,0.507568,down
222706,2.976563,8.445313,4.09375,-0.232422,-0.253906,-2.175781,0.682922,0.51532,0.102234,0.507568,down
222711,2.976563,8.566406,4.054687,-0.232422,-0.253906,-2.175781,0.689514,0.513611,0.106262,0.499512,down
222716,2.859375,8.722656,3.976563,-0.232422,-0.253906,-2.175781,0.692444,0.512878,0.108215,0.495728,down
222721,2.898438,8.753906,3.941406,-0.232422,-0.253906,-2.175781,0.69574,0.511963,0.110352,0.491638,down
222727,2.9375,8.722656,4.015625,-0.519531,-0.181641,-2.222656,0.70282,0.509094,0.114319,0.483582,down
222732,2.976563,8.261719,4.015625,-0.519531,-0.181641,-2.222656,0.706421,0.50708,0.116028,0.479919,down
222738,2.9375,8.101563,4.09375,-1.072266,0.091797,-2.365234,0.710876,0.504333,0.118103,0.475769,down
222743,2.820313,7.878906,4.167969,-1.144531,0.167969,-2.417969,0.715027,0.501465,0.119995,0.472107,down
222748,2.554688,7.566406,4.515625,-1.144531,0.167969,-2.417969,0.719421,0.498291,0.122131,0.468201,down
222753,2.363281,7.453125,4.742187,-1.144531,0.167969,-2.417969,0.719421,0.498291,0.122131,0.468201,down
222758,2.363281,7.453125,4.742187,-0.964844,0.244141,-2.541016,0.723145,0.495605,0.124084,0.464844,down
222763,2.132813,7.257812,4.898437,-0.964844,0.244141,-2.541016,0.723145,0.495605,0.124084,0.464844,down
222768,1.632813,7.21875,5.050781,-0.845703,0.267578,-2.552734,0.731262,0.489868,0.129089,0.456787,down
222773,1.632813,7.21875,5.050781,-0.845703,0.267578,-2.552734,0.731262,0.489868,0.129089,0.456787,down
222779,1.136719,7.375,5.089844,-0.546875,0.226562,-2.529297,0.741943,0.48291,0.137573,0.444275,down
222784,0.945312,7.453125,5.089844,-0.546875,0.226562,-2.529297,0.745483,0.481079,0.140869,0.439331,down
222789,0.832031,7.71875,4.972656,-0.546875,0.226562,-2.529297,0.745483,0.481079,0.140869,0.439331,down
222795,0.753906,7.875,4.972656,0.027344,-0.048828,-2.439453,0.750732,0.479004,0.146301,0.430847,down
222800,0.675781,8.023438,4.859375,0.126953,-0.119141,-2.417969,0.750732,0.479004,0.146301,0.430847,down
222805,0.636719,8.371094,4.78125,0.126953,-0.119141,-2.417969,0.750732,0.479004,0.146301,0.430847,down
222810,0.636719,8.527344,4.78125,0.126953,-0.119141,-2.417969,0.758057,0.477478,0.154663,0.416443,down
222815,0.601562,8.683594,4.742187,0.298828,-0.320313,-2.427734,0.758057,0.477478,0.154663,0.416443,down
222820,0.636719,8.75,4.667969,0.300781,-0.339844,-2.441406,0.758057,0.477478,0.154663,0.416443,down
222825,0.601562,8.945313,4.550781,0.300781,-0.339844,-2.441406,0.758057,0.477478,0.154663,0.416443,down
222830,0.523437,9.023438,4.515625,0.300781,-0.339844,-2.441406,0.767395,0.476685,0.165161,0.395691,down
222835,0.445312,9.066406,4.476562,0.029297,-0.285156,-2.550781,0.767395,0.476685,0.165161,0.395691,down
222840,0.371094,9.140625,4.4375,0.029297,-0.285156,-2.550781,0.772827,0.475037,0.17041,0.384827,down
222845,0.21875,9.332031,4.398437,0.029297,-0.285156,-2.550781,0.772827,0.475037,0.17041,0.384827,down
222850,0.140625,9.40625,4.398437,0.029297,-0.285156,-2.550781,0.778625,0.471863,0.174988,0.374756,down
222856,0.140625,9.40625,4.398437,-0.681641,-0.191406,-2.673828,0.78186,0.469666,0.177185,0.36969,down
222861,-0.050781,9.558594,4.589844,-0.681641,-0.191406,-2.673828,0.78186,0.469666,0.177185,0.36969,down
222866,-0.050781,9.558594,4.589844,-0.958984,-0.201172,-2.707031,0.78894,0.464233,0.181274,0.359375,down
222871,-0.242187,9.632813,4.972656,-0.958984,-0.201172,-2.707031,0.792664,0.461182,0.183105,0.354309,down
222876,-0.242187,9.632813,4.972656,-1.171875,-0.185547,-2.681641,0.796509,0.457764,0.184814,0.349121,down
222881,-0.816406,9.941406,5.355469,-1.171875,-0.185547,-2.681641,0.796509,0.457764,0.184814,0.349121,down
222887,-0.96875,9.867188,5.472656,-1.248047,-0.246094,-2.603516,0.796509,0.457764,0.184814,0.349121,down
222892,-1.085938,9.910156,5.625,-1.287109,-0.291016,-2.542969,0.796509,0.457764,0.184814,0.349121,down
222897,-1.046875,9.867188,5.703125,-1.318359,-0.384766,-2.460938,0.796509,0.457764,0.184814,0.349121,down
222902,-1.085938,9.789063,5.855469,-1.318359,-0.384766,-2.460938,0.815125,0.43988,0.191284,0.324768,down
222907,-1.007813,9.753906,5.894531,-1.347656,-0.460937,-2.400391,0.819092,0.435913,0.1922,0.319519,down
222913,-1.007813,9.597656,6.085937,-1.347656,-0.460937,-2.400391,0.825928,0.429016,0.193359,0.310486,down
222919,-0.96875,9.558594,6.199219,-1.347656,-0.460937,-2.400391,0.829529,0.425293,0.193909,0.305603,down
222925,-1.046875,9.59375,6.160156,-1.392578,-0.466797,-2.402344,0.829529,0.425293,0.193909,0.305603,down
222930,-1.085938,9.832031,6.085937,-1.447266,-0.466797,-2.412109,0.829529,0.425293,0.193909,0.305603,down
222935,-1.085938,9.832031,6.085937,-1.447266,-0.466797,-2.412109,0.829529,0.425293,0.193909,0.305603,down
222940,-1.085938,9.832031,6.085937,-1.701172,-0.458984,-2.488281,0.843872,0.409363,0.195801,0.286377,down
222945,-1.085938,9.832031,6.085937,-1.886719,-0.431641,-2.519531,0.847778,0.404541,0.196106,0.281372,down
222950,-1.046875,9.710938,6.351562,-1.886719,-0.431641,-2.519531,0.847778,0.404541,0.196106,0.281372,down
222955,-1.125,9.753906,6.351562,-2.072266,-0.378906,-2.5625,0.855774,0.393738,0.196777,0.271912,down
222961,-1.429688,9.671875,6.429687,-2.402344,-0.207031,-2.626953,0.855774,0.393738,0.196777,0.271912,down
222967,-1.621094,9.292969,6.621094,-2.580078,-0.150391,-2.662109,0.86853,0.373901,0.198303,0.257996,down
222972,-1.738281,9.105469,6.773437,-2.580078,-0.150391,-2.662109,0.86853,0.373901,0.198303,0.257996,down
222977,-1.773438,8.789063,7.042969,-2.925781,-0.164062,-2.646484,0.86853,0.373901,0.198303,0.257996,down
222982,-1.890625,8.257813,7.308594,-3.054688,-0.146484,-2.619141,0.86853,0.373901,0.198303,0.257996,down
222987,-2.042969,7.984375,7.386719,-3.054688,-0.146484,-2.619141,0.886475,0.341736,0.199097,0.240234,down
222992,-2.042969,7.800781,7.425781,-3.044922,-0.101563,-2.517578,0.886475,0.341736,0.199097,0.240234,down
222997,-2.082031,7.722656,7.503906,-3.044922,-0.101563,-2.517578,0.890442,0.334045,0.199219,0.236267,down
223002,-2.234375,7.414062,7.621094,-2.974609,-0.132812,-2.494141,0.890442,0.334045,0.199219,0.236267,down
223008,-2.273438,7.492187,7.660156,-2.771484,-0.195312,-2.457031,0.898315,0.31842,0.19928,0.227966,down
223013,-2.347656,7.835937,7.65625,-2.664063,-0.226562,-2.462891,0.902405,0.310059,0.199219,0.223206,down
223018,-2.347656,7.835937,7.65625,-2.664063,-0.226562,-2.462891,0.905701,0.303345,0.199158,0.219238,down
223023,-2.425781,8.339844,7.464844,-2.595703,-0.275391,-2.492188,0.905701,0.303345,0.199158,0.219238,down
223028,-2.425781,8.339844,7.464844,-2.623047,-0.345703,-2.509766,0.912598,0.289063,0.198792,0.210083,down
223033,-2.386719,8.789063,7.273437,-2.623047,-0.345703,-2.509766,0.915955,0.28186,0.198364,0.205444,down
223038,-2.3125,9.027344,7.042969,-2.972656,-0.419922,-2.564453,0.919434,0.274353,0.197693,0.200745,down
223043,-2.347656,8.789063,7.15625,-3.644531,-0.414062,-2.587891,0.919434,0.274353,0.197693,0.200745,down
223049,-2.425781,8.023438,7.503906,-3.644531,-0.414062,-2.587891,0.930603,0.246826,0.194885,0.187256,down
223055,-2.386719,7.070312,7.886719,-4.541016,-0.359375,-2.515625,0.930603,0.246826,0.194885,0.187256,down
223061,-2.3125,6.378906,8.078125,-5.001953,-0.298828,-2.429688,0.930603,0.246826,0.194885,0.187256,down
223066,-2.273438,5.613281,8.304688,-5.441406,-0.191406,-2.318359,0.930603,0.246826,0.194885,0.187256,down
223071,-2.273438,5.0,8.503906,-5.783203,-0.072266,-2.210938,0.930603,0.246826,0.194885,0.187256,down
223076,-2.273438,5.0,8.503906,-5.992187,0.003906,-2.101563,0.950317,0.18042,0.187256,0.171143,down
223081,-2.347656,3.738281,9.03125,-5.992187,0.003906,-2.101563,0.950317,0.18042,0.187256,0.171143,down
223086,-2.425781,3.046875,9.453125,-6.068359,0.050781,-2.007813,0.95697,0.149475,0.184082,0.167175,down
223091,-2.425781,3.046875,9.453125,-6.068359,0.050781,-2.007813,0.95697,0.149475,0.184082,0.167175,down
223096,-2.695313,1.246094,10.140625,-5.248047,0.193359,-1.890625,0.95697,0.149475,0.184082,0.167175,down
223102,-2.925781,0.902344,10.414063,-5.248047,0.193359,-1.890625,0.966064,0.096252,0.179749,0.158447,down
223107,-3.269531,1.09375,10.375,-5.248047,0.193359,-1.890625,0.966064,0.096252,0.179749,0.158447,down
223112,-3.5,1.476563,10.300781,-3.085938,0.15625,-2.003906,0.967712,0.085937,0.17926,0.155029,down
223117,-3.5,1.476563,10.300781,-2.294922,0.027344,-2.080078,0.967712,0.085937,0.17926,0.155029,down
223123,-3.726563,1.976563,10.144531,-2.294922,0.027344,-2.080078,0.968872,0.078979,0.178894,0.151611,down
223128,-3.921875,3.429688,10.378906,-1.091797,-0.466797,-2.248047,0.971313,0.069031,0.17749,0.142456,down
223133,-3.921875,3.429688,10.378906,-1.091797,-0.466797,-2.248047,0.971313,0.069031,0.17749,0.142456,down
223138,-3.921875,3.429688,10.378906,-0.332031,-0.976562,-2.380859,0.973694,0.063904,0.174561,0.131592,down
223143,-3.882813,4.847656,10.261719,-0.332031,-0.976562,-2.380859,0.976257,0.060364,0.170227,0.119629,down
223148,-3.996094,5.191406,9.839844,-0.332031,-0.976562,-2.380859,0.977478,0.057922,0.167786,0.114197,down
223153,-4.074219,4.773437,9.917969,-0.332031,-0.976562,-2.380859,0.977478,0.057922,0.167786,0.114197,down
223158,-3.921875,4.464844,9.914063,-2.105469,-1.398438,-2.328125,0.977478,0.057922,0.167786,0.114197,down
223163,-3.84375,3.8125,10.140625,-2.105469,-1.398438,-2.328125,0.98175,0.042175,0.157349,0.098389,down
223168,-3.765625,3.203125,10.21875,-2.105469,-1.398438,-2.328125,0.983032,0.034973,0.153503,0.094116,down
223173,-3.765625,2.816406,10.296875,-3.539063,-1.613281,-2.294922,0.984497,0.025574,0.148804,0.089417,down
223178,-3.765625,2.816406,10.296875,-3.6875,-1.738281,-2.332031,0.985718,0.016541,0.144226,0.085205,down
223183,-3.652344,1.628906,11.101563,-3.6875,-1.738281,-2.332031,0.985718,0.016541,0.144226,0.085205,down
223188,-3.652344,1.628906,11.101563,-3.716797,-1.822266,-2.392578,0.985718,0.016541,0.144226,0.085205,down
223193,-3.882813,0.941406,11.484375,-3.716797,-1.822266,-2.392578,0.986938,0.007019,0.139221,0.080688,down
223198,-3.882813,0.941406,11.484375,-3.412109,-1.974609,-2.566406,0.990051,-0.020264,0.122681,0.065491,down
223203,-4.1875,0.671875,11.90625,-3.412109,-1.974609,-2.566406,0.990967,-0.027649,0.116577,0.059753,down
223208,-4.1875,0.671875,12.328125,-3.412109,-1.974609,-2.566406,0.992004,-0.034485,0.109314,0.052979,down
223213,-4.339844,0.441406,12.367188,-1.550781,-2.675781,-3.0,0.992004,-0.034485,0.109314,0.052979,down
223218,-4.265625,0.058594,12.25,-1.162109,-2.849609,-3.064453,0.992798,-0.039063,0.102966,0.046997,down
223224,-3.921875,-0.285156,12.066406,-1.162109,-2.849609,-3.064453,0.994507,-0.045959,0.087952,0.032959,down
223229,-3.691406,-0.4375,11.828125,-0.412109,-3.134766,-3.121094,0.994507,-0.045959,0.087952,0.032959,down
223234,-3.460938,-0.515625,11.75,-0.060547,-3.236328,-3.125,0.994507,-0.045959,0.087952,0.032959,down
223240,-2.734375,-0.554687,11.523438,-0.060547,-3.236328,-3.125,0.996704,-0.049255,0.063049,0.011047,down
223246,-2.347656,-0.476562,11.40625,0.521484,-3.292969,-3.017578,0.996704,-0.049255,0.063049,0.011047,down
223251,-2.003906,-0.398438,11.183594,0.78125,-3.216797,-2.947266,0.996704,-0.049255,0.063049,0.011047,down
223256,-1.699219,-0.398438,10.90625,1.015625,-3.070313,-2.835938,0.998169,-0.045654,0.037781,-0.010193,down
223261,-1.699219,-0.398438,10.90625,1.289063,-2.927734,-2.716797,0.998474,-0.043152,0.029785,-0.01709,down
223266,-1.351563,-0.167969,10.339844,1.289063,-2.927734,-2.716797,0.998474,-0.043152,0.029785,-0.01709,down
223271,-1.277344,0.023437,9.996094,1.587891,-2.765625,-2.580078,0.998779,-0.035889,0.015503,-0.029419,down
223276,-1.277344,0.023437,9.996094,2.207031,-2.455078,-2.341797,0.998779,-0.035889,0.015503,-0.029419,down
223282,-1.238281,0.902344,8.6875,2.207031,-2.455078,-2.341797,0.99884,-0.025452,0.002319,-0.040894,down
223288,-1.238281,1.171875,8.464844,2.810547,-2.449219,-2.107422,0.998535,-0.011963,-0.010925,-0.051147,down
223293,-0.96875,1.9375,7.886719,2.810547,-2.449219,-2.107422,0.998535,-0.011963,-0.010925,-0.051147,down
223298,-0.703125,2.167969,7.695312,3.294922,-2.646484,-1.861328,0.997864,0.003845,-0.025208,-0.060059,down
223303,-0.394531,2.398438,7.617187,3.53125,-3.023438,-1.539063,0.997864,0.003845,-0.025208,-0.060059,down
223308,0.332031,2.625,7.699219,3.53125,-3.023438,-1.539063,0.997314,0.012878,-0.03363,-0.064209,down
223313,0.753906,2.703125,7.808594,3.53125,-3.023438,-1.539063,0.99585,0.029053,-0.049927,-0.070374,down
223318,0.753906,2.703125,7.808594,3.53125,-3.023438,-1.539063,0.99585,0.029053,-0.049927,-0.070374,down
223323,1.175781,2.78125,8.078125,3.535156,-3.410156,-1.070313,0.99585,0.029053,-0.049927,-0.070374,down
223328,1.175781,2.78125,8.078125,3.455078,-3.294922,-0.943359,0.993774,0.045715,-0.067871,-0.075317,down
223333,2.628906,3.507813,10.105469,3.455078,-3.294922,-0.943359,0.993774,0.045715,-0.067871,-0.075317,down
223338,2.628906,3.507813,10.105469,3.099609,-2.166016,-0.955078,0.991516,0.061035,-0.082642,-0.079346,down
223343,2.707031,2.933594,9.457031,2.953125,-1.505859,-0.982422,0.98938,0.075989,-0.091736,-0.083557,down
223348,1.789063,2.320313,8.503906,2.953125,-1.505859,-0.982422,0.988464,0.08197,-0.094727,-0.085205,down
223353,1.632813,2.320313,8.503906,2.5,-1.142578,-0.798828,0.988464,0.08197,-0.094727,-0.085205,down
223358,1.632813,2.433594,8.535156,2.5,-1.142578,-0.798828,0.987427,0.088562,-0.098083,-0.086975,down
223363,1.289063,2.320313,8.648438,2.449219,-1.09375,-0.744141,0.987427,0.088562,-0.098083,-0.086975,down
223368,1.097656,2.167969,8.382813,2.449219,-1.09375,-0.744141,0.985352,0.100708,-0.104187,-0.089966,down
223373,0.714844,2.28125,8.109375,2.589844,-0.964844,-0.638672,0.985352,0.100708,-0.104187,-0.089966,down
223378,0.714844,2.28125,8.109375,2.761719,-0.998047,-0.591797,0.983154,0.113403,-0.109863,-0.092224,down
223383,0.445312,3.277344,8.421875,2.941406,-1.082031,-0.564453,0.981995,0.11969,-0.112671,-0.093079,down
223388,0.445312,3.277344,8.421875,2.941406,-1.082031,-0.564453,0.981995,0.11969,-0.112671,-0.093079,down
223393,1.097656,4.3125,9.230469,3.164063,-1.199219,-0.552734,0.979004,0.135132,-0.119751,-0.094727,down
223398,1.097656,4.3125,9.230469,3.693359,-1.4375,-0.638672,0.977234,0.143555,-0.123718,-0.095642,down
223404,2.363281,5.460937,9.757813,3.693359,-1.4375,-0.638672,0.975159,0.152954,-0.127991,-0.096619,down
223409,2.667969,5.769531,9.757813,4.169922,-1.410156,-0.832031,0.975159,0.152954,-0.127991,-0.096619,down
223414,2.667969,5.769531,9.757813,4.119141,-1.332031,-0.857422,0.968018,0.182434,-0.14032,-0.100098,down
223420,3.28125,5.960937,8.382813,4.119141,-1.332031,-0.857422,0.965454,0.192017,-0.143982,-0.101318,down
223425,3.207031,5.921875,8.152344,3.558594,-1.146484,-0.820312,0.965454,0.192017,-0.143982,-0.101318,down
223430,3.050781,5.804687,8.082031,3.201172,-1.041016,-0.78125,0.965454,0.192017,-0.143982,-0.101318,down
223435,3.050781,5.804687,8.082031,2.953125,-0.9375,-0.765625,0.958435,0.216614,-0.153198,-0.10498,down
223440,2.707031,5.5,7.960937,2.953125,-0.9375,-0.765625,0.958435,0.216614,-0.153198,-0.10498,down
223445,2.707031,5.5,7.960937,2.708984,-0.863281,-0.757812,0.956238,0.223633,-0.155762,-0.106201,down
223451,2.4375,5.347656,7.660156,2.529297,-0.800781,-0.765625,0.956238,0.223633,-0.155762,-0.106201,down
223456,2.324219,5.421875,7.699219,2.267578,-0.746094,-0.816406,0.950378,0.241577,-0.162048,-0.110229,down
223461,2.402344,5.5,7.726562,2.267578,-0.746094,-0.816406,0.948547,0.246887,-0.163879,-0.111755,down
223467,2.667969,5.578125,7.84375,2.267578,-0.746094,-0.816406,0.948547,0.246887,-0.163879,-0.111755,down
223473,2.820313,5.691406,7.847656,2.138672,-0.720703,-0.945312,0.948547,0.246887,-0.163879,-0.111755,down
223478,2.898438,5.804687,7.65625,2.191406,-0.697266,-0.976562,0.942749,0.262695,-0.169067,-0.117004,down
223483,2.976563,5.804687,7.503906,2.25,-0.625,-0.996094,0.940613,0.26825,-0.170654,-0.118896,down
223488,3.089844,5.921875,7.277344,2.25,-0.625,-0.996094,0.938354,0.27417,-0.172302,-0.120789,down
223493,3.167969,5.960937,7.15625,2.25,-0.625,-0.996094,0.936279,0.279724,-0.173706,-0.12262,down
223499,3.28125,5.921875,7.15625,2.013672,-0.441406,-0.990234,0.936279,0.279724,-0.173706,-0.12262,down
223504,3.320313,5.921875,7.042969,2.013672,-0.441406,-0.990234,0.930237,0.295044,-0.176758,-0.127808,down
223509,3.433594,5.996094,6.964844,2.013672,-0.441406,-0.990234,0.92865,0.299133,-0.177246,-0.129395,down
223514,3.359375,5.996094,6.921875,1.583984,-0.140625,-0.957031,0.926819,0.303711,-0.17749,-0.131226,down
223519,3.320313,6.035156,6.925781,1.583984,-0.140625,-0.957031,0.926819,0.303711,-0.17749,-0.131226,down
223524,3.320313,6.035156,6.925781,1.384766,0.068359,-0.900391,0.925476,0.307312,-0.177429,-0.13269,down
223529,3.28125,6.035156,6.8125,1.384766,0.068359,-0.900391,0.925476,0.307312,-0.177429,-0.13269,down
223534,3.089844,5.882812,6.539062,1.384766,0.068359,-0.900391,0.925476,0.307312,-0.177429,-0.13269,down
223539,3.089844,5.882812,6.539062,1.328125,0.167969,-0.865234,0.920471,0.321228,-0.174988,-0.137756,down
223545,2.746094,6.074219,6.582031,1.328125,0.167969,-0.865234,0.91925,0.324829,-0.173828,-0.138794,down
223550,2.554688,6.1875,6.8125,1.328125,0.167969,-0.865234,0.918335,0.327576,-0.172791,-0.139465,down
223555,2.554688,6.1875,6.8125,1.164063,0.474609,-0.652344,0.917297,0.330994,-0.171448,-0.140198,down
223562,2.019531,6.304687,6.851562,1.164063,0.474609,-0.652344,0.917297,0.330994,-0.171448,-0.140198,down
223567,1.941406,6.378906,6.921875,1.1875,0.441406,-0.580078,0.917297,0.330994,-0.171448,-0.140198,down
223573,1.941406,6.417969,7.003906,1.160156,0.388672,-0.558594,0.917297,0.330994,-0.171448,-0.140198,down
223578,1.980469,6.496094,7.042969,1.121094,0.318359,-0.544922,0.912354,0.345825,-0.166504,-0.1427,down
223583,2.171875,6.496094,6.964844,1.121094,0.318359,-0.544922,0.912354,0.345825,-0.166504,-0.1427,down
223589,2.246094,6.496094,6.960937,1.121094,0.318359,-0.544922,0.911377,0.348389,-0.165894,-0.14325,down
223594,2.363281,6.496094,6.960937,0.90625,0.138672,-0.505859,0.909485,0.353271,-0.164856,-0.144531,down
223599,2.59375,6.417969,6.960937,0.880859,0.146484,-0.503906,0.909485,0.353271,-0.164856,-0.144531,down
223604,2.707031,6.417969,6.960937,0.849609,0.169922,-0.490234,0.908569,0.35553,-0.164429,-0.145203,down
223609,2.746094,6.417969,6.925781,0.849609,0.169922,-0.490234,0.906738,0.360107,-0.163269,-0.146484,down
223614,2.707031,6.34375,6.816406,0.78125,0.265625,-0.453125,0.906738,0.360107,-0.163269,-0.146484,down
223619,2.785156,6.417969,6.699219,0.78125,0.265625,-0.453125,0.905273,0.364075,-0.161926,-0.1474,down
223624,2.785156,6.457031,6.65625,0.744141,0.382813,-0.380859,0.905273,0.364075,-0.161926,-0.1474,down
223629,2.746094,6.496094,6.539062,0.744141,0.382813,-0.380859,0.90387,0.368225,-0.159851,-0.147827,down
223634,2.746094,6.53125,6.46875,0.662109,0.542969,-0.302734,0.90387,0.368225,-0.159851,-0.147827,down
223639,2.628906,6.570312,6.429687,0.662109,0.542969,-0.302734,0.902893,0.371704,-0.15741,-0.147766,down
223644,2.554688,6.613281,6.46875,0.582031,0.666016,-0.216797,0.902893,0.371704,-0.15741,-0.147766,down
223649,2.4375,6.648437,6.46875,0.582031,0.666016,-0.216797,0.902161,0.375122,-0.154297,-0.147034,down
223654,2.285156,6.691406,6.507812,0.582031,0.666016,-0.216797,0.902161,0.375122,-0.154297,-0.147034,down
223659,2.210938,6.765625,6.542969,0.433594,0.771484,-0.121094,0.901917,0.376465,-0.152832,-0.146606,down
223664,2.171875,6.796875,6.542969,0.433594,0.771484,-0.121094,0.90155,0.379211,-0.149231,-0.145386,down
223669,2.019531,6.835937,6.660156,0.433594,0.771484,-0.121094,0.90155,0.379211,-0.149231,-0.145386,down
223674,1.941406,6.835937,6.699219,0.433594,0.771484,-0.121094,0.901489,0.380249,-0.1474,-0.144714,down
223679,1.941406,6.769531,6.660156,0.148437,0.789062,-0.068359,0.901489,0.380249,-0.1474,-0.144714,down
223684,1.863281,6.730469,6.660156,0.148437,0.789062,-0.068359,0.901611,0.381836,-0.143799,-0.143433,down
223689,1.789063,6.648437,6.695312,0.148437,0.789062,-0.068359,0.901917,0.382874,-0.140259,-0.142273,down
223694,1.789063,6.648437,6.777344,0.148437,0.789062,-0.068359,0.902161,0.38324,-0.13855,-0.141724,down
223699,1.75,6.6875,6.855469,0.148437,0.789062,-0.068359,0.902161,0.38324,-0.13855,-0.141724,down
223704,1.75,6.6875,6.925781,-0.042969,0.740234,-0.064453,0.902649,0.383667,-0.13501,-0.140625,down
223709,1.632813,6.648437,6.921875,-0.042969,0.740234,-0.064453,0.902954,0.383789,-0.133362,-0.140198,down
223714,1.597656,6.6875,6.8125,-0.042969,0.740234,-0.064453,0.902954,0.383789,-0.133362,-0.140198,down
223719,1.597656,6.6875,6.8125,-0.037109,0.619141,-0.060547,0.903198,0.383911,-0.131714,-0.139709,down
223724,1.597656,6.6875,6.8125,-0.037109,0.619141,-0.060547,0.903442,0.384033,-0.130188,-0.139221,down
223729,1.597656,6.765625,6.855469,-0.025391,0.566406,-0.066406,0.903625,0.384216,-0.128784,-0.138855,down
223734,1.597656,6.765625,6.855469,-0.025391,0.566406,-0.066406,0.903625,0.384216,-0.128784,-0.138855,down
223739,1.632813,6.800781,6.851562,-0.003906,0.474609,-0.064453,0.903625,0.384216,-0.128784,-0.138855,down
223744,1.671875,6.878906,6.851562,0.017578,0.427734,-0.064453,0.903625,0.384216,-0.128784,-0.138855,down
223749,1.671875,6.914062,6.699219,0.017578,0.427734,-0.064453,0.904175,0.384888,-0.124023,-0.137634,down
223754,1.671875,6.996094,6.660156,0.027344,0.439453,-0.082031,0.904236,0.385132,-0.122925,-0.13739,down
223760,1.75,7.074219,6.46875,0.027344,0.439453,-0.082031,0.904419,0.38562,-0.12085,-0.136963,down
223766,1.710938,7.148437,6.507812,0.027344,0.439453,-0.082031,0.904541,0.385742,-0.119751,-0.13678,down
223772,1.710938,7.183594,6.507812,-0.044922,0.496094,-0.119141,0.904541,0.385742,-0.119751,-0.13678,down
223777,1.671875,7.222656,6.46875,-0.052734,0.517578,-0.132812,0.904541,0.385742,-0.119751,-0.13678,down
223782,1.597656,7.257812,6.390625,-0.052734,0.517578,-0.132812,0.904968,0.386108,-0.115845,-0.13623,down
223787,1.519531,7.300781,6.351562,-0.097656,0.560547,-0.167969,0.904968,0.386108,-0.115845,-0.13623,down
223792,1.40625,7.335937,6.351562,-0.140625,0.560547,-0.175781,0.904968,0.386108,-0.115845,-0.13623,down
223797,1.367188,7.375,6.507812,-0.166016,0.541016,-0.191406,0.904968,0.386108,-0.115845,-0.13623,down
223802,1.367188,7.414062,6.660156,-0.166016,0.541016,-0.191406,0.904968,0.386108,-0.115845,-0.13623,down
223808,1.367188,7.457031,6.699219,-0.166016,0.541016,-0.191406,0.906067,0.385681,-0.108582,-0.136108,down
223814,1.367188,7.496094,6.699219,-0.201172,0.453125,-0.251953,0.906067,0.385681,-0.108582,-0.136108,down
223819,1.289063,7.535156,6.734375,-0.201172,0.453125,-0.251953,0.906738,0.38501,-0.104492,-0.136658,down
223824,1.328125,7.492187,6.8125,-0.201172,0.453125,-0.251953,0.906738,0.38501,-0.104492,-0.136658,down
223829,1.289063,7.496094,6.773437,-0.197266,0.404297,-0.283203,0.906738,0.38501,-0.104492,-0.136658,down
223834,1.289063,7.535156,6.773437,-0.197266,0.404297,-0.283203,0.907349,0.384338,-0.100586,-0.137573,down
223839,1.214844,7.601562,6.773437,-0.197266,0.404297,-0.283203,0.907532,0.384094,-0.099426,-0.137939,down
223844,1.136719,7.722656,6.851562,-0.197266,0.404297,-0.283203,0.907532,0.384094,-0.099426,-0.137939,down
223849,1.136719,7.796875,6.851562,-0.197266,0.333984,-0.300781,0.907532,0.384094,-0.099426,-0.137939,down
223854,1.023438,7.835937,6.8125,-0.197266,0.333984,-0.300781,0.907837,0.383606,-0.097107,-0.138794,down
223860,0.984375,7.800781,6.8125,-0.191406,0.292969,-0.3125,0.907837,0.383606,-0.097107,-0.138794,down
223865,1.023438,7.800781,6.8125,-0.191406,0.292969,-0.3125,0.908264,0.382813,-0.09375,-0.140381,down
223871,1.023438,7.796875,6.773437,-0.191406,0.292969,-0.3125,0.908386,0.382568,-0.092896,-0.140808,down
223876,0.945312,7.71875,6.699219,-0.191406,0.292969,-0.3125,0.908508,0.382324,-0.09198,-0.141418,down
223881,0.945312,7.679687,6.621094,-0.146484,0.216797,-0.335938,0.908508,0.382324,-0.09198,-0.141418,down
223886,0.945312,7.640625,6.542969,-0.117188,0.197266,-0.328125,0.908508,0.382324,-0.09198,-0.141418,down
223891,0.867187,7.683594,6.542969,-0.117188,0.197266,-0.328125,0.90863,0.381897,-0.089478,-0.14325,down
