timestamp,ax,ay,az,gx,gy,gz,qw,qx,qy,qz,label
476,-1.277344,2.566406,9.476563,0.0,-0.003906,0.003906,0.789185,0.144287,-0.028198,-0.596313,down
481,-1.277344,2.605469,9.476563,0.0,-0.003906,0.003906,0.789124,0.144287,-0.028198,-0.596313,down
487,-1.277344,2.605469,9.476563,0.0,-0.003906,0.003906,0.789124,0.144287,-0.028259,-0.596375,down
492,-1.277344,2.605469,9.476563,0.0,-0.003906,0.003906,0.789124,0.144287,-0.028259,-0.596375,down
499,-1.277344,2.605469,9.519531,0.001953,0.001953,0.001953,0.789124,0.144287,-0.028259,-0.596375,down
504,-1.277344,2.605469,9.476563,0.001953,-0.001953,0.0,0.789124,0.144287,-0.028259,-0.596375,down
510,-1.3125,2.566406,9.4375,0.0,-0.001953,-0.003906,0.789001,0.144348,-0.028259,-0.596558,down
515,-1.3125,2.605469,9.402344,0.0,-0.001953,-0.003906,0.789001,0.144348,-0.028259,-0.596558,down
520,-1.277344,2.605469,9.476563,-0.001953,0.003906,-0.001953,0.789001,0.144348,-0.028259,-0.596558,down
525,-1.277344,2.605469,9.476563,-0.001953,0.003906,-0.001953,0.789001,0.144348,-0.028259,-0.596558,down
530,-1.277344,2.644531,9.480469,-0.001953,0.003906,-0.001953,0.789001,0.144287,-0.028259,-0.596558,down
535,-1.238281,2.605469,9.519531,-0.001953,0.003906,-0.001953,0.789001,0.144287,-0.028259,-0.596558,down
540,-1.277344,2.605469,9.476563,0.003906,0.0,0.0,0.789001,0.144287,-0.028259,-0.596558,down
545,-1.277344,2.644531,9.515625,0.003906,0.0,0.0,0.789001,0.144348,-0.028259,-0.596558,down
550,-1.277344,2.605469,9.476563,0.003906,0.0,0.0,0.789001,0.144348,-0.028259,-0.596558,down
555,-1.277344,2.644531,9.480469,0.001953,0.001953,-0.003906,0.78894,0.144348,-0.02832,-0.596619,down
560,-1.238281,2.644531,9.480469,0.001953,0.001953,-0.003906,0.78894,0.144348,-0.02832,-0.596619,down
565,-1.238281,2.566406,9.4375,0.0,0.0,-0.001953,0.788879,0.144348,-0.02832,-0.59668,down
571,-1.238281,2.605469,9.4375,0.0,0.0,-0.001953,0.788757,0.144348,-0.02832,-0.596863,down
576,-1.277344,2.566406,9.476563,0.0,0.0,-0.001953,0.788696,0.144348,-0.028381,-0.596924,down
582,-1.277344,2.605469,9.476563,0.0,0.0,-0.001953,0.788635,0.144348,-0.028381,-0.596985,down
587,-1.3125,2.566406,9.476563,0.003906,-0.001953,0.001953,0.788635,0.144348,-0.028381,-0.596985,down
593,-1.277344,2.605469,9.476563,-0.005859,0.0,-0.001953,0.788635,0.144348,-0.028381,-0.596985,down
598,-1.277344,2.566406,9.476563,-0.005859,0.0,-0.001953,0.788513,0.144348,-0.028442,-0.597168,down
603,-1.277344,2.566406,9.4375,0.003906,0.003906,0.001953,0.788513,0.144348,-0.028442,-0.597168,down
608,-1.3125,2.605469,9.4375,-0.001953,0.001953,-0.003906,0.788513,0.144348,-0.028442,-0.597168,down
613,-1.3125,2.605469,9.4375,-0.003906,0.001953,-0.001953,0.788513,0.144348,-0.028442,-0.597168,down
618,-1.277344,2.605469,9.4375,-0.003906,0.001953,-0.001953,0.788513,0.144348,-0.028442,-0.597168,down
624,-1.277344,2.605469,9.4375,-0.003906,0.001953,-0.001953,0.788391,0.144348,-0.028442,-0.597351,down
630,-1.277344,2.605469,9.476563,0.001953,-0.001953,0.007813,0.788391,0.144348,-0.028442,-0.597351,down
636,-1.277344,2.605469,9.476563,0.0,-0.003906,-0.001953,0.788208,0.144409,-0.028503,-0.597534,down
641,-1.277344,2.605469,9.4375,0.0,0.0,-0.001953,0.788147,0.144409,-0.028503,-0.597595,down
646,-1.277344,2.605469,9.476563,0.003906,0.003906,-0.003906,0.788086,0.144409,-0.028564,-0.597717,down
652,-1.277344,2.566406,9.4375,0.0,0.003906,-0.001953,0.788025,0.144409,-0.028564,-0.597778,down
657,-1.277344,2.605469,9.4375,0.0,0.003906,-0.001953,0.787964,0.144409,-0.028564,-0.597839,down
662,-1.277344,2.605469,9.476563,0.001953,0.0,0.001953,0.787964,0.144409,-0.028564,-0.597839,down
667,-1.277344,2.605469,9.476563,-0.005859,0.003906,-0.003906,0.787964,0.144409,-0.028564,-0.597839,down
672,-1.277344,2.566406,9.476563,-0.005859,0.003906,-0.003906,0.787964,0.144409,-0.028564,-0.597839,down
678,-1.277344,2.605469,9.4375,-0.005859,0.003906,-0.003906,0.787781,0.14447,-0.028564,-0.598083,down
684,-1.277344,2.605469,9.476563,0.001953,0.0,-0.003906,0.787781,0.14447,-0.028564,-0.598083,down
689,-1.277344,2.605469,9.4375,0.001953,0.0,-0.003906,0.78772,0.14447,-0.028625,-0.598206,down
695,-1.3125,2.605469,9.4375,0.001953,-0.005859,-0.003906,0.78772,0.14447,-0.028625,-0.598206,down
700,-1.277344,2.644531,9.480469,-0.007813,0.0,0.003906,0.787598,0.14447,-0.028625,-0.598328,down
705,-1.3125,2.605469,9.476563,-0.007813,0.0,0.003906,0.787598,0.14447,-0.028625,-0.598328,down
710,-1.238281,2.605469,9.476563,-0.007813,0.0,0.003906,0.787537,0.14447,-0.028625,-0.598389,down
716,-1.277344,2.605469,9.476563,-0.001953,0.0,0.001953,0.787537,0.14447,-0.028625,-0.598389,down
721,-1.277344,2.566406,9.519531,-0.001953,0.0,0.001953,0.787476,0.14447,-0.028625,-0.598511,down
726,-1.277344,2.605469,9.476563,-0.001953,0.0,0.001953,0.787415,0.14447,-0.028625,-0.598511,down
731,-1.277344,2.605469,9.476563,0.0,0.003906,-0.003906,0.787415,0.14447,-0.028687,-0.598572,down
737,-1.238281,2.605469,9.476563,0.0,0.003906,-0.003906,0.787354,0.14447,-0.028687,-0.598633,down
742,-1.277344,2.644531,9.480469,0.0,0.003906,-0.003906,0.787354,0.144531,-0.028687,-0.598633,down
748,-1.277344,2.605469,9.4375,0.0,0.003906,-0.003906,0.787292,0.144531,-0.028687,-0.598694,down
753,-1.3125,2.605469,9.476563,0.001953,0.0,-0.001953,0.787231,0.144531,-0.028687,-0.598755,down
758,-1.277344,2.566406,9.519531,0.001953,0.0,-0.001953,0.787231,0.144531,-0.028687,-0.598755,down
763,-1.3125,2.605469,9.476563,0.001953,0.0,-0.001953,0.787231,0.144531,-0.028687,-0.598755,down
769,-1.3125,2.644531,9.441406,-0.005859,-0.003906,0.005859,0.787231,0.144531,-0.028687,-0.598755,down
775,-1.277344,2.605469,9.476563,0.0,-0.001953,0.003906,0.787231,0.144531,-0.028687,-0.598755,down
781,-1.277344,2.605469,9.476563,0.005859,0.0,-0.003906,0.787231,0.144531,-0.028687,-0.598755,down
786,-1.3125,2.605469,9.476563,0.0,0.003906,-0.003906,0.78717,0.144531,-0.028748,-0.598877,down
792,-1.3125,2.605469,9.476563,-0.005859,0.0,0.0,0.787048,0.144531,-0.028748,-0.598999,down
797,-1.277344,2.605469,9.476563,-0.005859,0.0,0.0,0.787048,0.144531,-0.028748,-0.598999,down
802,-1.277344,2.605469,9.476563,-0.007813,0.003906,0.0,0.787048,0.144531,-0.028748,-0.598999,down
807,-1.277344,2.605469,9.476563,-0.001953,-0.001953,0.0,0.787048,0.144531,-0.028748,-0.598999,down
812,-1.277344,2.605469,9.4375,-0.001953,-0.001953,0.0,0.787048,0.144531,-0.028748,-0.598999,down
817,-1.238281,2.605469,9.476563,-0.001953,-0.001953,0.0,0.787048,0.144531,-0.028748,-0.59906,down
823,-1.277344,2.605469,9.476563,0.0,0.001953,0.003906,0.786987,0.144531,-0.028748,-0.599121,down
829,-1.277344,2.605469,9.476563,0.003906,-0.001953,-0.005859,0.786987,0.144531,-0.028748,-0.599121,down
834,-1.277344,2.605469,9.476563,0.003906,-0.001953,-0.005859,0.786926,0.144531,-0.028748,-0.599182,down
839,-1.277344,2.605469,9.476563,0.001953,0.005859,0.001953,0.786926,0.144531,-0.028748,-0.599182,down
844,-1.277344,2.605469,9.476563,-0.007813,0.0,-0.001953,0.786926,0.144531,-0.028748,-0.599182,down
849,-1.3125,2.644531,9.480469,-0.007813,0.0,-0.001953,0.786926,0.144531,-0.028748,-0.599182,down
854,-1.277344,2.605469,9.4375,0.001953,0.007813,0.001953,0.786926,0.144531,-0.028748,-0.599182,down
859,-1.277344,2.605469,9.4375,0.001953,-0.001953,-0.003906,0.786926,0.144531,-0.028748,-0.599182,down
864,-1.277344,2.605469,9.476563,0.005859,-0.007813,0.001953,0.786926,0.144531,-0.028748,-0.599182,down
869,-1.277344,2.605469,9.476563,0.005859,-0.007813,0.001953,0.786926,0.144531,-0.028748,-0.599182,down
874,-1.277344,2.605469,9.4375,0.0,0.0,0.0,0.786926,0.144531,-0.028748,-0.599182,down
879,-1.3125,2.605469,9.4375,0.003906,-0.001953,0.007813,0.786926,0.144531,-0.028748,-0.599182,down
884,-1.277344,2.605469,9.519531,0.0,0.001953,0.0,0.786926,0.144531,-0.028748,-0.599182,down
889,-1.3125,2.605469,9.476563,0.0,0.001953,0.0,0.786926,0.144531,-0.028748,-0.599182,down
895,-1.277344,2.605469,9.476563,0.0,0.001953,0.0,0.786499,0.144592,-0.02887,-0.59967,down
900,-1.277344,2.605469,9.476563,-0.001953,0.003906,-0.001953,0.786499,0.144592,-0.02887,-0.59967,down
905,-1.3125,2.605469,9.476563,-0.001953,0.003906,-0.001953,0.786499,0.144592,-0.02887,-0.59967,down
910,-1.277344,2.605469,9.476563,0.005859,-0.001953,-0.005859,0.786499,0.144592,-0.02887,-0.59967,down
916,-1.277344,2.605469,9.476563,-0.005859,-0.001953,0.005859,0.786499,0.144592,-0.02887,-0.59967,down
922,-1.238281,2.605469,9.519531,-0.005859,-0.001953,0.005859,0.786377,0.144592,-0.02887,-0.599854,down
927,-1.277344,2.605469,9.476563,-0.005859,-0.001953,0.005859,0.786377,0.144653,-0.02887,-0.599854,down
932,-1.277344,2.605469,9.476563,-0.001953,-0.001953,0.005859,0.786377,0.144653,-0.02887,-0.599854,down
937,-1.277344,2.605469,9.476563,-0.001953,-0.001953,0.005859,0.786377,0.144653,-0.028931,-0.599854,down
944,-1.3125,2.605469,9.519531,-0.001953,-0.001953,0.005859,0.786316,0.144653,-0.028931,-0.599915,down
949,-1.277344,2.566406,9.476563,0.005859,-0.001953,-0.001953,0.786316,0.144653,-0.028931,-0.599915,down
954,-1.3125,2.605469,9.476563,0.005859,-0.003906,0.001953,0.786316,0.144653,-0.028931,-0.599915,down
959,-1.277344,2.605469,9.476563,0.005859,-0.003906,0.001953,0.786316,0.144653,-0.028992,-0.599976,down
964,-1.3125,2.566406,9.519531,-0.005859,0.003906,-0.005859,0.786316,0.144653,-0.028992,-0.599976,down
969,-1.277344,2.605469,9.519531,0.001953,-0.001953,-0.003906,0.786316,0.144653,-0.028992,-0.599976,down
974,-1.277344,2.605469,9.476563,-0.003906,-0.007813,0.001953,0.786316,0.144653,-0.028992,-0.599976,down
979,-1.277344,2.605469,9.476563,-0.003906,-0.007813,0.001953,0.786316,0.144653,-0.028992,-0.599976,down
985,-1.3125,2.605469,9.476563,-0.003906,-0.007813,0.001953,0.786194,0.144653,-0.028992,-0.600098,down
991,-1.238281,2.605469,9.476563,0.001953,0.0,-0.003906,0.786194,0.144653,-0.028992,-0.600098,down
996,-1.277344,2.605469,9.4375,0.005859,0.001953,0.001953,0.786133,0.144653,-0.028992,-0.600159,down
1001,-1.277344,2.605469,9.4375,0.005859,0.001953,0.001953,0.786133,0.144653,-0.028992,-0.600159,down
1006,-1.277344,2.605469,9.476563,0.001953,0.001953,-0.001953,0.786133,0.144653,-0.028992,-0.600159,down
1011,-1.277344,2.605469,9.476563,0.001953,0.001953,-0.001953,0.786133,0.144714,-0.028992,-0.600159,down
1016,-1.238281,2.644531,9.480469,0.001953,0.001953,-0.001953,0.786133,0.144714,-0.028992,-0.600159,down
1021,-1.277344,2.605469,9.476563,0.001953,0.001953,-0.001953,0.786133,0.144714,-0.028992,-0.600159,down
1026,-1.277344,2.605469,9.4375,0.003906,-0.007813,0.003906,0.786133,0.144714,-0.028992,-0.600159,down
1031,-1.277344,2.605469,9.476563,0.003906,-0.007813,0.003906,0.786133,0.144714,-0.028992,-0.600159,down
1037,-1.3125,2.605469,9.519531,-0.005859,0.007813,0.0,0.786133,0.144714,-0.028992,-0.600159,down
1042,-1.277344,2.566406,9.476563,0.0,0.003906,-0.001953,0.786133,0.144714,-0.028992,-0.60022,down
1047,-1.3125,2.605469,9.519531,0.0,0.003906,-0.001953,0.786072,0.144714,-0.028992,-0.60022,down
1052,-1.277344,2.605469,9.476563,0.0,0.003906,-0.001953,0.786072,0.144775,-0.028992,-0.600281,down
1057,-1.238281,2.605469,9.4375,-0.005859,-0.001953,0.005859,0.786072,0.144775,-0.028992,-0.600281,down
1062,-1.277344,2.605469,9.476563,-0.005859,-0.001953,0.005859,0.786011,0.144714,-0.029053,-0.600342,down
1068,-1.238281,2.566406,9.402344,-0.005859,-0.001953,0.005859,0.786011,0.144714,-0.029053,-0.600342,down
1073,-1.351563,2.644531,9.441406,-0.001953,0.001953,-0.003906,0.78595,0.144714,-0.029053,-0.600403,down
1078,-1.277344,2.605469,9.476563,0.0,0.0,-0.001953,0.78595,0.144714,-0.029053,-0.600403,down
1083,-1.277344,2.566406,9.4375,-0.001953,-0.001953,0.005859,0.78595,0.144714,-0.029053,-0.600403,down
1088,-1.277344,2.644531,9.480469,-0.001953,-0.001953,0.005859,0.78595,0.144714,-0.029053,-0.600403,down
1093,-1.277344,2.644531,9.480469,0.005859,0.0,0.001953,0.78595,0.144714,-0.029053,-0.600403,down
1098,-1.277344,2.605469,9.476563,0.003906,0.003906,0.003906,0.785828,0.144775,-0.029053,-0.600525,down
1104,-1.277344,2.605469,9.476563,0.003906,0.003906,0.003906,0.785828,0.144775,-0.029053,-0.600525,down
1109,-1.277344,2.644531,9.480469,0.003906,0.0,-0.003906,0.785828,0.144775,-0.029053,-0.600525,down
1114,-1.3125,2.605469,9.476563,0.001953,-0.003906,-0.001953,0.785767,0.144775,-0.029114,-0.600586,down
1119,-1.277344,2.605469,9.519531,0.003906,0.0,-0.001953,0.785767,0.144775,-0.029114,-0.600586,down
1124,-1.277344,2.605469,9.476563,-0.001953,-0.001953,-0.003906,0.785767,0.144775,-0.029114,-0.600586,down
1130,-1.277344,2.605469,9.476563,-0.005859,0.003906,0.003906,0.785767,0.144775,-0.029114,-0.600586,down
1135,-1.277344,2.566406,9.4375,0.001953,0.003906,-0.001953,0.785767,0.144775,-0.029114,-0.600586,down
1140,-1.3125,2.605469,9.476563,0.009766,0.003906,0.003906,0.785767,0.144775,-0.029114,-0.600586,down
1145,-1.277344,2.605469,9.476563,0.003906,0.0,0.0,0.785767,0.144775,-0.029114,-0.600586,down
1150,-1.277344,2.605469,9.476563,-0.001953,0.0,-0.001953,0.785767,0.144775,-0.029114,-0.600586,down
1155,-1.3125,2.605469,9.4375,0.0,0.0,-0.003906,0.785767,0.144775,-0.029114,-0.600586,down
1160,-1.277344,2.605469,9.519531,0.0,0.0,-0.003906,0.785767,0.144775,-0.029114,-0.600586,down
1165,-1.3125,2.644531,9.480469,-0.001953,0.0,0.003906,0.785767,0.144775,-0.029114,-0.600586,down
1170,-1.277344,2.605469,9.476563,-0.001953,0.003906,-0.001953,0.785767,0.144775,-0.029114,-0.600586,down
1175,-1.238281,2.605469,9.476563,-0.001953,0.0,0.001953,0.785767,0.144775,-0.029114,-0.600586,down
1181,-1.3125,2.644531,9.480469,0.0,0.005859,-0.001953,0.785767,0.144775,-0.029114,-0.600586,down
1186,-1.277344,2.566406,9.476563,0.0,0.005859,-0.001953,0.785583,0.144836,-0.029114,-0.600891,down
1191,-1.277344,2.605469,9.4375,-0.001953,0.0,0.005859,0.785583,0.144836,-0.029114,-0.600891,down
1196,-1.277344,2.644531,9.480469,-0.001953,0.0,0.005859,0.785522,0.144836,-0.029114,-0.600891,down
1202,-1.277344,2.605469,9.4375,0.005859,-0.003906,0.001953,0.785522,0.144836,-0.029114,-0.600891,down
1207,-1.277344,2.566406,9.558594,0.001953,0.0,0.001953,0.785522,0.144836,-0.029114,-0.600891,down
1212,-1.3125,2.605469,9.519531,0.001953,0.0,0.001953,0.785461,0.144897,-0.029175,-0.601013,down
1218,-1.3125,2.605469,9.476563,0.001953,0.0,0.001953,0.785461,0.144897,-0.029175,-0.601013,down
1223,-1.277344,2.605469,9.476563,0.005859,-0.005859,0.001953,0.785461,0.144897,-0.029175,-0.601013,down
1228,-1.3125,2.605469,9.519531,0.001953,0.003906,0.001953,0.785461,0.144897,-0.029175,-0.601013,down
1233,-1.277344,2.605469,9.476563,0.001953,0.003906,0.001953,0.7854,0.144897,-0.029175,-0.601074,down
1239,-1.3125,2.605469,9.4375,0.001953,0.003906,0.001953,0.7854,0.144958,-0.029175,-0.601074,down
1245,-1.277344,2.605469,9.476563,0.003906,-0.001953,0.001953,0.7854,0.144958,-0.029175,-0.601074,down
1250,-1.277344,2.605469,9.476563,0.003906,-0.001953,0.001953,0.785339,0.144958,-0.029236,-0.601135,down
1255,-1.277344,2.605469,9.519531,-0.003906,0.001953,-0.005859,0.785339,0.144958,-0.029236,-0.601135,down
1260,-1.277344,2.566406,9.476563,0.001953,-0.001953,-0.003906,0.785339,0.144958,-0.029236,-0.601135,down
1265,-1.277344,2.605469,9.476563,0.001953,0.003906,0.003906,0.785339,0.144958,-0.029236,-0.601135,down
1270,-1.3125,2.605469,9.476563,0.001953,0.0,0.001953,0.785339,0.144958,-0.029236,-0.601135,down
1276,-1.3125,2.644531,9.480469,-0.001953,0.003906,-0.005859,0.785339,0.144958,-0.029236,-0.601135,down
1281,-1.277344,2.605469,9.476563,-0.005859,0.005859,0.0,0.785339,0.144958,-0.029236,-0.601135,down
1286,-1.3125,2.644531,9.480469,-0.005859,0.005859,0.0,0.785217,0.144958,-0.029236,-0.601257,down
1291,-1.3125,2.605469,9.4375,0.0,-0.001953,0.005859,0.785217,0.144958,-0.029236,-0.601257,down
1297,-1.277344,2.605469,9.476563,-0.001953,-0.001953,-0.003906,0.785217,0.144958,-0.029236,-0.601257,down
1302,-1.277344,2.605469,9.476563,-0.001953,-0.001953,-0.003906,0.785217,0.144958,-0.029236,-0.601318,down
1307,-1.277344,2.566406,9.476563,-0.001953,-0.001953,-0.003906,0.785217,0.144958,-0.029236,-0.601318,down
1312,-1.238281,2.605469,9.476563,-0.001953,-0.001953,-0.003906,0.785217,0.144958,-0.029236,-0.601318,down
1317,-1.277344,2.605469,9.476563,-0.001953,0.001953,-0.003906,0.785217,0.144958,-0.029236,-0.601318,down
1323,-1.277344,2.605469,9.476563,-0.003906,0.003906,-0.003906,0.785156,0.14502,-0.029236,-0.601379,down
1328,-1.277344,2.605469,9.476563,0.003906,0.001953,0.005859,0.785156,0.14502,-0.029236,-0.601379,down
1333,-1.277344,2.605469,9.476563,0.003906,0.001953,0.005859,0.785095,0.14502,-0.029236,-0.60144,down
1338,-1.3125,2.605469,9.4375,0.003906,0.001953,0.005859,0.785095,0.14502,-0.029236,-0.60144,down
1343,-1.277344,2.566406,9.519531,0.0,-0.003906,-0.001953,0.785095,0.14502,-0.029236,-0.601501,down
1349,-1.277344,2.605469,9.476563,0.0,-0.003906,-0.001953,0.785034,0.14502,-0.029236,-0.601501,down
1355,-1.277344,2.605469,9.476563,0.009766,-0.001953,0.001953,0.785034,0.14502,-0.029236,-0.601501,down
1361,-1.3125,2.605469,9.476563,0.009766,-0.001953,0.001953,0.785034,0.14502,-0.029236,-0.601501,down
1367,-1.277344,2.605469,9.476563,-0.005859,-0.001953,0.007813,0.785034,0.14502,-0.029236,-0.601501,down
1372,-1.277344,2.644531,9.480469,0.005859,-0.005859,-0.003906,0.785034,0.14502,-0.029236,-0.601501,down
1377,-1.277344,2.605469,9.476563,0.005859,-0.005859,-0.003906,0.784973,0.14502,-0.029236,-0.601624,down
1382,-1.3125,2.605469,9.476563,0.005859,-0.001953,-0.001953,0.784973,0.14502,-0.029236,-0.601624,down
1387,-1.3125,2.605469,9.519531,0.005859,-0.001953,-0.001953,0.784973,0.14502,-0.029297,-0.601624,down
1392,-1.277344,2.605469,9.476563,-0.001953,0.001953,-0.003906,0.784973,0.14502,-0.029297,-0.601624,down
1397,-1.3125,2.644531,9.480469,-0.001953,0.001953,-0.003906,0.784912,0.14502,-0.029297,-0.601685,down
1402,-1.277344,2.605469,9.476563,-0.001953,0.001953,-0.003906,0.784912,0.14502,-0.029297,-0.601685,down
1407,-1.277344,2.605469,9.476563,0.0,0.001953,-0.001953,0.784912,0.14502,-0.029297,-0.601685,down
1412,-1.3125,2.605469,9.476563,0.0,0.001953,-0.001953,0.784851,0.14502,-0.029297,-0.601746,down
1417,-1.277344,2.566406,9.476563,0.001953,-0.001953,-0.003906,0.784851,0.14502,-0.029297,-0.601746,down
1422,-1.277344,2.605469,9.476563,0.0,0.003906,0.003906,0.784851,0.14502,-0.029297,-0.601746,down
1427,-1.277344,2.605469,9.519531,0.0,0.003906,0.003906,0.78479,0.14502,-0.029297,-0.601807,down
1432,-1.277344,2.605469,9.4375,-0.001953,0.003906,-0.005859,0.78479,0.14502,-0.029297,-0.601807,down
1437,-1.277344,2.644531,9.480469,-0.005859,0.003906,0.001953,0.78479,0.14502,-0.029297,-0.601807,down
1442,-1.277344,2.605469,9.476563,0.005859,-0.007813,0.003906,0.78479,0.14502,-0.029297,-0.601807,down
1448,-1.277344,2.605469,9.4375,0.005859,-0.007813,0.003906,0.78479,0.145081,-0.029297,-0.601807,down
1453,-1.277344,2.605469,9.4375,0.005859,-0.003906,0.003906,0.78479,0.145081,-0.029297,-0.601807,down
1459,-1.277344,2.605469,9.4375,0.005859,-0.003906,0.003906,0.78479,0.145081,-0.029358,-0.601868,down
1464,-1.277344,2.605469,9.519531,0.005859,-0.003906,0.003906,0.78479,0.145081,-0.029358,-0.601868,down
1471,-1.277344,2.566406,9.476563,0.005859,-0.003906,0.003906,0.78479,0.145081,-0.029358,-0.601868,down
1476,-1.277344,2.566406,9.476563,0.003906,0.0,0.001953,0.78479,0.145081,-0.029358,-0.601868,down
1481,-1.3125,2.566406,9.519531,0.001953,-0.005859,0.001953,0.78479,0.145081,-0.029358,-0.601868,down
1487,-1.3125,2.566406,9.4375,-0.001953,0.0,0.001953,0.78479,0.145081,-0.029358,-0.601868,down
1492,-1.3125,2.644531,9.480469,-0.001953,0.0,0.001953,0.784729,0.145081,-0.029358,-0.601929,down
1498,-1.277344,2.566406,9.4375,0.003906,-0.007813,-0.003906,0.784729,0.145081,-0.029358,-0.601929,down
1504,-1.277344,2.605469,9.519531,0.003906,-0.007813,-0.003906,0.784668,0.145081,-0.029358,-0.60199,down
1509,-1.277344,2.605469,9.4375,0.0,0.0,0.0,0.784668,0.145081,-0.029358,-0.60199,down
1516,-1.3125,2.644531,9.441406,0.0,0.0,0.0,0.784668,0.145081,-0.029358,-0.60199,down
1521,-1.277344,2.605469,9.476563,0.0,0.0,0.0,0.784668,0.145081,-0.029358,-0.60199,down
1527,-1.3125,2.605469,9.476563,0.0,0.0,0.0,0.784668,0.145081,-0.029358,-0.60199,down
1532,-1.277344,2.644531,9.480469,0.0,0.0,0.0,0.784607,0.145081,-0.029358,-0.602051,down
1537,-1.277344,2.605469,9.476563,0.0,0.0,0.0,0.784607,0.145081,-0.029358,-0.602051,down
1542,-1.3125,2.566406,9.476563,0.0,0.0,0.0,0.784607,0.145081,-0.029358,-0.602051,down
1547,-1.238281,2.605469,9.476563,0.0,0.0,0.0,0.784607,0.145081,-0.029358,-0.602051,down
1552,-1.277344,2.605469,9.519531,0.0,0.0,0.0,0.784607,0.145081,-0.029358,-0.602112,down
1558,-1.277344,2.644531,9.480469,0.0,0.0,0.0,0.784546,0.145081,-0.029358,-0.602112,down
1563,-1.277344,2.605469,9.476563,0.0,0.0,0.0,0.784546,0.145081,-0.029419,-0.602112,down
1568,-1.277344,2.566406,9.476563,0.0,0.0,0.0,0.784546,0.145081,-0.029419,-0.602173,down
1573,-1.277344,2.605469,9.476563,0.0,0.0,0.0,0.784546,0.145081,-0.029419,-0.602173,down
1578,-1.199219,2.605469,9.480469,0.0,0.0,0.0,0.784546,0.145081,-0.029419,-0.602173,down
1583,-1.351563,2.605469,9.476563,0.0,0.0,0.0,0.784546,0.145081,-0.029419,-0.602173,down
1588,-1.3125,2.644531,9.480469,0.0,0.0,0.0,0.784546,0.145081,-0.029358,-0.602173,down
1593,-1.277344,2.566406,9.519531,0.0,0.0,0.0,0.784546,0.145081,-0.029358,-0.602173,down
1599,-1.429688,2.683594,9.328125,0.0,0.0,0.0,0.784546,0.145081,-0.029358,-0.602173,down
1604,-1.3125,2.605469,9.4375,0.0,0.0,0.0,0.784546,0.145081,-0.029358,-0.602173,down
1610,-1.351563,2.605469,9.476563,0.0,0.0,0.0,0.784546,0.145081,-0.029358,-0.602173,down
1615,-1.390625,2.644531,9.367188,0.0,0.0,0.0,0.784546,0.145081,-0.029358,-0.602173,down
1620,-1.160156,2.605469,9.519531,0.0,0.0,0.0,0.784546,0.145081,-0.029358,-0.602173,down
1625,-1.160156,2.566406,9.59375,0.0,0.0,0.0,0.784546,0.145081,-0.029358,-0.602173,down
1630,-1.3125,2.605469,9.367188,0.0,0.0,0.0,0.784546,0.145081,-0.029358,-0.602173,down
1636,-1.160156,2.605469,9.558594,0.0,0.0,0.0,0.784546,0.145081,-0.029358,-0.602173,down
1641,-1.199219,2.566406,9.636719,0.0,0.0,0.0,0.784546,0.145081,-0.029358,-0.602173,down
1646,-1.390625,2.644531,9.402344,0.0,0.0,0.0,0.784485,0.145081,-0.029358,-0.602234,down
1651,-1.199219,2.605469,9.515625,0.0,0.0,0.0,0.784485,0.145081,-0.029358,-0.602234,down
1656,-1.238281,2.566406,9.59375,0.0,0.0,0.0,0.784485,0.145081,-0.029358,-0.602234,down
1661,-1.3125,2.605469,9.402344,0.0,0.0,0.0,0.784485,0.145081,-0.029358,-0.602234,down
1667,-1.277344,2.644531,9.554688,0.0,0.0,0.0,0.784424,0.145081,-0.029358,-0.602295,down
1672,-1.238281,2.566406,9.519531,0.0,0.0,0.0,0.784424,0.145081,-0.029358,-0.602295,down
1677,-1.238281,2.644531,9.441406,0.0,0.0,0.0,0.784424,0.145081,-0.029358,-0.602295,down
1682,-1.3125,2.566406,9.519531,0.0,0.0,0.0,0.784424,0.145081,-0.029419,-0.602356,down
1688,-1.277344,2.605469,9.519531,0.0,0.0,0.0,0.784424,0.145081,-0.029419,-0.602356,down
1693,-1.277344,2.605469,9.476563,0.0,0.0,0.0,0.784363,0.145081,-0.029419,-0.602356,down
1698,-1.351563,2.605469,9.4375,0.0,0.0,0.0,0.784363,0.145081,-0.029419,-0.602417,down
1703,-1.277344,2.605469,9.476563,0.0,0.0,0.0,0.784302,0.145081,-0.029419,-0.602417,down
1708,-1.238281,2.605469,9.519531,0.0,0.0,0.0,0.784302,0.145081,-0.029419,-0.602417,down
1713,-1.3125,2.644531,9.515625,0.0,0.0,0.0,0.784302,0.145081,-0.029419,-0.602478,down
1718,-1.277344,2.605469,9.476563,0.0,0.0,0.0,0.784302,0.145081,-0.029419,-0.602478,down
1723,-1.238281,2.605469,9.476563,0.0,0.0,0.0,0.784302,0.145081,-0.029419,-0.602478,down
1728,-1.277344,2.605469,9.4375,0.0,0.0,0.0,0.784302,0.145142,-0.029419,-0.602478,down
1733,-1.3125,2.605469,9.476563,0.0,0.0,0.0,0.784302,0.145142,-0.029419,-0.602478,down
1738,-1.277344,2.605469,9.476563,0.0,0.0,0.0,0.784302,0.145142,-0.029419,-0.602478,down
1743,-1.277344,2.605469,9.476563,0.0,0.0,0.0,0.784302,0.145142,-0.029419,-0.602478,down
1748,-1.277344,2.644531,9.441406,0.0,0.0,0.0,0.784302,0.145142,-0.029419,-0.602478,down
1753,-1.238281,2.605469,9.476563,0.0,0.0,0.0,0.784302,0.145142,-0.029419,-0.602478,down
1758,-1.277344,2.566406,9.476563,0.0,0.0,0.0,0.784241,0.145142,-0.029419,-0.602478,down
1763,-1.277344,2.605469,9.4375,0.0,0.0,0.0,0.784241,0.145142,-0.029419,-0.602478,down
1768,-1.277344,2.605469,9.519531,0.0,0.0,0.0,0.784241,0.145142,-0.029419,-0.602478,down
1774,-1.277344,2.605469,9.476563,0.0,0.0,0.0,0.784241,0.145142,-0.029419,-0.602478,down
1779,-1.277344,2.605469,9.4375,0.0,0.0,0.0,0.784241,0.145142,-0.029419,-0.602478,down
1785,-1.3125,2.605469,9.476563,0.0,0.0,0.0,0.784241,0.145142,-0.029419,-0.602478,down
1791,-1.277344,2.605469,9.476563,0.0,0.0,0.0,0.784241,0.145142,-0.029419,-0.602478,down
1797,-1.277344,2.644531,9.480469,0.0,0.0,0.0,0.784241,0.145142,-0.029419,-0.602478,down
1803,-1.277344,2.605469,9.519531,0.0,0.0,0.0,0.784241,0.145142,-0.029419,-0.602539,down
1808,-1.277344,2.644531,9.480469,0.0,0.0,0.0,0.784241,0.145142,-0.029419,-0.602539,down
1813,-1.3125,2.605469,9.476563,0.0,0.0,0.0,0.784241,0.145142,-0.029419,-0.602539,down
1818,-1.277344,2.605469,9.476563,0.0,0.0,0.0,0.784241,0.145142,-0.029419,-0.602539,down
1823,-1.277344,2.605469,9.519531,0.0,0.0,0.0,0.78418,0.145142,-0.029419,-0.602539,down
1828,-1.3125,2.644531,9.441406,0.0,0.0,0.0,0.78418,0.145142,-0.029419,-0.602539,down
1833,-1.277344,2.605469,9.476563,0.0,0.0,0.0,0.78418,0.145142,-0.029419,-0.602539,down
1838,-1.277344,2.605469,9.4375,0.0,0.0,0.0,0.78418,0.145142,-0.029419,-0.602539,down
1843,-1.277344,2.605469,9.476563,0.0,0.0,0.0,0.78418,0.145142,-0.029419,-0.602539,down
1849,-1.3125,2.605469,9.476563,0.0,0.0,0.0,0.78418,0.145142,-0.029419,-0.6026,down
1854,-1.277344,2.605469,9.4375,0.0,0.0,0.0,0.78418,0.145142,-0.029419,-0.602661,down
1859,-1.3125,2.605469,9.476563,0.0,0.0,0.0,0.784119,0.145142,-0.029419,-0.602661,down
1864,-1.277344,2.644531,9.480469,0.0,0.0,0.0,0.784119,0.145142,-0.029419,-0.602661,down
1869,-1.3125,2.605469,9.476563,0.0,0.0,0.0,0.784119,0.145142,-0.029419,-0.602661,down
1875,-1.277344,2.605469,9.476563,0.0,0.0,0.0,0.784119,0.145142,-0.029419,-0.602722,down
1881,-1.277344,2.605469,9.4375,0.0,0.0,0.0,0.784119,0.145142,-0.029419,-0.602722,down
1886,-1.277344,2.605469,9.519531,0.0,0.0,0.0,0.784119,0.145142,-0.029419,-0.602722,down
1891,-1.3125,2.644531,9.480469,0.0,0.0,0.0,0.784119,0.145142,-0.029419,-0.602722,down
1896,-1.277344,2.566406,9.4375,0.0,0.0,0.0,0.784119,0.145142,-0.029419,-0.602722,down
1901,-1.277344,2.605469,9.519531,0.0,0.0,0.0,0.784119,0.145142,-0.029419,-0.602722,down
1907,-1.277344,2.605469,9.476563,0.0,0.0,0.0,0.784058,0.145142,-0.029419,-0.602783,down
1913,-1.277344,2.605469,9.4375,0.0,0.0,0.0,0.784058,0.145142,-0.029419,-0.602783,down
1919,-1.3125,2.566406,9.476563,0.0,0.0,0.0,0.784058,0.145142,-0.029419,-0.602783,down
1924,-1.277344,2.605469,9.4375,0.0,0.0,0.0,0.784058,0.145142,-0.029419,-0.602783,down
1929,-1.277344,2.566406,9.476563,0.0,0.0,0.0,0.784058,0.145142,-0.029419,-0.602783,down
1934,-1.277344,2.605469,9.476563,0.0,0.0,0.0,0.783997,0.145142,-0.029419,-0.602844,down
1939,-1.277344,2.605469,9.519531,0.0,0.0,0.0,0.783997,0.145142,-0.029419,-0.602844,down
1944,-1.277344,2.605469,9.476563,0.0,0.0,0.0,0.783997,0.145142,-0.029419,-0.602844,down
1949,-1.277344,2.644531,9.480469,0.0,0.0,0.0,0.783997,0.145142,-0.029419,-0.602844,down
1955,-1.277344,2.605469,9.476563,0.0,0.0,0.0,0.783936,0.145142,-0.029419,-0.602905,down
1960,-1.277344,2.605469,9.476563,0.0,0.0,0.0,0.783936,0.145142,-0.029419,-0.602905,down
1966,-1.277344,2.566406,9.476563,0.0,0.0,0.0,0.783936,0.145142,-0.029419,-0.602905,down
1971,-1.238281,2.605469,9.476563,0.0,0.0,0.0,0.783936,0.145142,-0.029419,-0.602905,down
1978,-1.3125,2.605469,9.476563,0.0,0.0,0.0,0.783936,0.145142,-0.029419,-0.602905,down
1983,-1.277344,2.605469,9.476563,0.0,0.0,0.0,0.783936,0.145142,-0.029419,-0.602905,down
1988,-1.3125,2.605469,9.519531,0.0,0.0,0.0,0.783936,0.145142,-0.029419,-0.602905,down
1993,-1.277344,2.605469,9.476563,0.0,0.0,0.0,0.783936,0.145142,-0.029419,-0.602905,down
1998,-1.3125,2.605469,9.519531,0.0,0.0,0.0,0.783936,0.145142,-0.029419,-0.602966,down
2004,-1.277344,2.644531,9.441406,0.0,0.0,0.0,0.783875,0.145142,-0.029419,-0.602966,down
2010,-1.277344,2.605469,9.4375,0.0,0.0,0.0,0.783875,0.145142,-0.02948,-0.602966,down
2016,-1.3125,2.605469,9.476563,0.0,0.0,0.0,0.783875,0.145142,-0.02948,-0.603027,down
2021,-1.277344,2.605469,9.476563,0.0,0.0,0.0,0.783875,0.145142,-0.02948,-0.603027,down
2026,-1.277344,2.605469,9.476563,0.0,0.0,0.0,0.783875,0.145142,-0.02948,-0.603027,down
2031,-1.277344,2.605469,9.476563,0.0,0.0,0.0,0.783875,0.145142,-0.02948,-0.603027,down
2037,-1.3125,2.566406,9.476563,0.0,0.0,0.0,0.783875,0.145142,-0.02948,-0.603027,down
2042,-1.277344,2.605469,9.519531,0.0,0.0,0.0,0.783875,0.145142,-0.029419,-0.603027,down
2047,-1.277344,2.605469,9.476563,0.0,0.0,0.0,0.783875,0.145142,-0.029419,-0.603027,down
2052,-1.277344,2.605469,9.476563,0.0,0.0,0.0,0.783813,0.145142,-0.02948,-0.603027,down
2057,-1.3125,2.605469,9.476563,0.0,0.0,0.0,0.783813,0.145142,-0.02948,-0.603027,down
2062,-1.3125,2.605469,9.476563,0.0,0.0,0.0,0.783813,0.145142,-0.02948,-0.603088,down
2068,-1.277344,2.605469,9.476563,0.0,0.0,0.0,0.783813,0.145142,-0.02948,-0.603088,down
2073,-1.277344,2.605469,9.519531,0.0,0.0,0.0,0.783813,0.145142,-0.02948,-0.603088,down
2078,-1.277344,2.566406,9.4375,0.0,0.0,0.0,0.783813,0.145142,-0.02948,-0.603088,down
2083,-1.3125,2.605469,9.476563,0.0,0.0,0.0,0.783813,0.145142,-0.02948,-0.603088,down
2089,-1.3125,2.605469,9.476563,0.0,0.0,0.0,0.783813,0.145142,-0.02948,-0.603088,down
2094,-1.277344,2.605469,9.476563,0.0,0.0,0.0,0.783752,0.145142,-0.02948,-0.603149,down
2100,-1.277344,2.605469,9.519531,0.0,0.0,0.0,0.783752,0.145142,-0.02948,-0.603149,down
2105,-1.277344,2.605469,9.519531,0.0,0.0,0.0,0.783752,0.145142,-0.02948,-0.603149,down
2111,-1.277344,2.605469,9.476563,0.0,0.0,0.0,0.783752,0.145142,-0.02948,-0.603149,down
2116,-1.277344,2.605469,9.476563,0.0,0.0,0.0,0.783752,0.145142,-0.02948,-0.603149,down
2121,-1.238281,2.605469,9.476563,0.0,0.0,0.0,0.783752,0.145142,-0.02948,-0.603149,down
2127,-1.3125,2.566406,9.476563,0.0,0.0,0.0,0.783752,0.145142,-0.02948,-0.603149,down
2133,-1.277344,2.605469,9.519531,0.0,0.0,0.0,0.783752,0.145142,-0.02948,-0.603149,down
2139,-1.277344,2.605469,9.4375,0.0,0.0,0.0,0.783752,0.145142,-0.02948,-0.603149,down
2144,-1.277344,2.644531,9.480469,0.0,0.0,0.0,0.783752,0.145142,-0.029419,-0.603149,down
2149,-1.277344,2.605469,9.4375,0.0,0.0,0.0,0.783752,0.145142,-0.029419,-0.603149,down
2154,-1.3125,2.644531,9.441406,0.0,0.0,0.0,0.783752,0.145142,-0.029419,-0.603149,down
2159,-1.277344,2.644531,9.480469,0.0,0.0,0.0,0.783752,0.145142,-0.029419,-0.603149,down
2164,-1.277344,2.644531,9.480469,0.0,0.0,0.0,0.783752,0.145142,-0.02948,-0.603149,down
2169,-1.277344,2.566406,9.476563,0.0,0.0,0.0,0.783752,0.145142,-0.02948,-0.603149,down
2174,-1.3125,2.605469,9.476563,0.0,0.0,0.0,0.783752,0.145142,-0.02948,-0.60321,down
2179,-1.277344,2.605469,9.4375,0.0,0.0,0.0,0.783691,0.145142,-0.02948,-0.60321,down
2184,-1.277344,2.566406,9.4375,0.0,0.0,0.0,0.783691,0.145142,-0.02948,-0.60321,down
2189,-1.277344,2.566406,9.4375,0.0,0.0,0.0,0.783691,0.145142,-0.02948,-0.60321,down
2194,-1.277344,2.566406,9.476563,0.0,0.0,0.0,0.783691,0.145142,-0.02948,-0.60321,down
2199,-1.3125,2.644531,9.480469,0.0,0.0,0.0,0.783691,0.145142,-0.02948,-0.603271,down
2204,-1.3125,2.605469,9.476563,0.0,0.0,0.0,0.783691,0.145142,-0.02948,-0.603271,down
2209,-1.277344,2.605469,9.476563,0.0,0.0,0.0,0.78363,0.145142,-0.02948,-0.603271,down
2214,-1.277344,2.644531,9.480469,0.0,0.0,0.0,0.78363,0.145142,-0.02948,-0.603271,down
2219,-1.277344,2.605469,9.4375,0.0,0.0,0.0,0.78363,0.145142,-0.02948,-0.603333,down
2224,-1.3125,2.605469,9.476563,0.0,0.0,0.0,0.78363,0.145142,-0.02948,-0.603333,down
2229,-1.3125,2.605469,9.476563,0.0,0.0,0.0,0.78363,0.145142,-0.02948,-0.603333,down
2234,-1.277344,2.644531,9.480469,0.0,0.0,0.0,0.78363,0.145142,-0.02948,-0.603333,down
2240,-1.277344,2.644531,9.515625,0.0,0.0,0.0,0.78363,0.145142,-0.02948,-0.603333,down
2246,-1.277344,2.605469,9.476563,0.0,0.0,0.0,0.78363,0.145142,-0.02948,-0.603333,down
2253,-1.277344,2.644531,9.515625,0.0,0.0,0.0,0.78363,0.145142,-0.02948,-0.603333,down
2258,-1.277344,2.566406,9.519531,0.0,0.0,0.0,0.78363,0.145142,-0.02948,-0.603333,down
2263,-1.3125,2.605469,9.476563,0.0,0.0,0.0,0.78363,0.145142,-0.02948,-0.603333,down
2268,-1.277344,2.605469,9.476563,0.0,0.0,0.0,0.783569,0.145142,-0.02948,-0.603394,down
2274,-1.277344,2.566406,9.519531,0.0,0.0,0.0,0.783569,0.145142,-0.02948,-0.603394,down
2279,-1.277344,2.605469,9.4375,0.0,0.0,0.0,0.783569,0.145142,-0.02948,-0.603394,down
2284,-1.277344,2.605469,9.519531,0.0,0.0,0.0,0.783569,0.145142,-0.02948,-0.603455,down
2289,-1.277344,2.605469,9.476563,0.0,0.0,0.0,0.783569,0.145142,-0.02948,-0.603455,down
2294,-1.277344,2.605469,9.4375,0.0,0.0,0.0,0.783508,0.145142,-0.02948,-0.603455,down
2299,-1.277344,2.605469,9.476563,0.0,0.0,0.0,0.783508,0.145142,-0.02948,-0.603455,down
2304,-1.277344,2.605469,9.519531,0.0,0.0,0.0,0.783508,0.145142,-0.02948,-0.603455,down
2309,-1.238281,2.605469,9.476563,0.0,0.0,0.0,0.783508,0.145142,-0.02948,-0.603455,down
2314,-1.238281,2.605469,9.476563,0.0,0.0,0.0,0.783508,0.145142,-0.02948,-0.603516,down
2319,-1.3125,2.644531,9.480469,0.0,0.0,0.0,0.783508,0.145142,-0.02948,-0.603516,down
2324,-1.277344,2.644531,9.480469,0.0,0.0,0.0,0.783508,0.145142,-0.02948,-0.603516,down
2329,-1.277344,2.566406,9.476563,0.0,0.0,0.0,0.783447,0.145142,-0.02948,-0.603516,down
2334,-1.277344,2.605469,9.476563,0.0,0.0,0.0,0.783447,0.145142,-0.02948,-0.603516,down
2339,-1.277344,2.566406,9.476563,0.0,0.0,0.0,0.783447,0.145142,-0.02948,-0.603516,down
2344,-1.3125,2.605469,9.476563,0.0,0.0,0.0,0.783447,0.145142,-0.029541,-0.603516,down
2350,-1.3125,2.605469,9.476563,0.0,0.0,0.0,0.783447,0.145142,-0.02948,-0.603516,down
2356,-1.3125,2.605469,9.476563,0.0,0.0,0.0,0.783447,0.145142,-0.02948,-0.603516,down
2361,-1.277344,2.605469,9.476563,0.0,0.0,0.0,0.783447,0.145142,-0.02948,-0.603577,down
2367,-1.277344,2.605469,9.476563,0.0,0.0,0.0,0.783447,0.145142,-0.02948,-0.603577,down
2372,-1.277344,2.605469,9.476563,0.0,0.0,0.0,0.783447,0.145142,-0.029541,-0.603577,down
2378,-1.277344,2.644531,9.515625,0.0,0.0,0.0,0.783447,0.145142,-0.029541,-0.603577,down
2384,-1.277344,2.605469,9.476563,0.0,0.0,0.0,0.783386,0.145142,-0.029541,-0.603638,down
2389,-1.277344,2.605469,9.476563,0.0,0.0,0.0,0.783386,0.145142,-0.029541,-0.603638,down
2394,-1.277344,2.605469,9.4375,0.0,0.0,0.0,0.783386,0.145142,-0.029541,-0.603638,down
2399,-1.277344,2.605469,9.476563,0.0,0.0,0.0,0.783386,0.145142,-0.029541,-0.603638,down
2404,-1.277344,2.605469,9.4375,0.0,0.0,0.0,0.783386,0.145142,-0.029541,-0.603638,down
2409,-1.277344,2.605469,9.476563,0.0,0.0,0.0,0.783386,0.145142,-0.029541,-0.603638,down
2415,-1.277344,2.605469,9.4375,0.0,0.0,0.0,0.783386,0.145142,-0.029541,-0.603638,down
2420,-1.277344,2.605469,9.476563,0.0,0.0,0.0,0.783386,0.145142,-0.029541,-0.603638,down
2426,-1.277344,2.605469,9.476563,0.0,0.0,0.0,0.783386,0.145142,-0.029541,-0.603638,down
2431,-1.277344,2.566406,9.476563,0.0,0.0,0.0,0.783386,0.145142,-0.029541,-0.603638,down
2436,-1.277344,2.605469,9.476563,0.0,0.0,0.0,0.783386,0.145142,-0.029541,-0.603638,down
2442,-1.277344,2.605469,9.476563,0.0,0.0,0.0,0.783325,0.145142,-0.029541,-0.603699,down
2448,-1.238281,2.605469,9.519531,0.0,0.0,0.0,0.783325,0.145142,-0.029541,-0.603699,down
2453,-1.277344,2.605469,9.476563,0.0,0.0,0.0,0.783325,0.145142,-0.029541,-0.603699,down
2459,-1.277344,2.644531,9.480469,0.0,0.0,0.0,0.783325,0.145142,-0.029541,-0.603699,down
2464,-1.277344,2.566406,9.476563,0.0,0.0,0.0,0.783325,0.145142,-0.029541,-0.603699,down
2469,-1.277344,2.605469,9.519531,0.0,0.0,0.0,0.783325,0.145142,-0.029541,-0.603699,down
2474,-1.277344,2.605469,9.519531,0.0,0.0,0.0,0.783325,0.145142,-0.029541,-0.603699,down
2479,-1.3125,2.605469,9.519531,0.0,0.0,0.0,0.783325,0.145142,-0.029541,-0.603699,down
2484,-1.277344,2.566406,9.519531,0.0,0.0,0.0,0.783325,0.145142,-0.029541,-0.60376,down
2490,-1.277344,2.605469,9.4375,0.0,0.0,0.0,0.783325,0.145142,-0.029541,-0.60376,down
2495,-1.3125,2.605469,9.4375,0.0,0.0,0.0,0.783264,0.145142,-0.029541,-0.60376,down
2501,-1.3125,2.605469,9.4375,0.0,0.0,0.0,0.783264,0.145142,-0.029541,-0.60376,down
2506,-1.3125,2.605469,9.476563,0.0,0.0,0.0,0.783264,0.145142,-0.029541,-0.60376,down
2513,-1.277344,2.566406,9.519531,0.0,0.0,0.0,0.783264,0.145142,-0.029541,-0.60376,down
2519,-1.277344,2.644531,9.480469,0.0,0.0,0.0,0.783264,0.145142,-0.029541,-0.603821,down
2524,-1.238281,2.605469,9.476563,0.0,0.0,0.0,0.783264,0.145142,-0.029541,-0.603821,down
2529,-1.277344,2.605469,9.476563,0.0,0.0,0.0,0.783264,0.145142,-0.029541,-0.603821,down
2534,-1.277344,2.605469,9.476563,0.0,0.0,0.0,0.783264,0.145142,-0.029541,-0.603821,down
2540,-1.3125,2.605469,9.476563,0.0,0.0,0.0,0.783264,0.145142,-0.029541,-0.603821,down
2545,-1.3125,2.605469,9.476563,0.0,0.0,0.0,0.783264,0.145142,-0.029541,-0.603821,down
2550,-1.277344,2.605469,9.4375,0.0,0.0,0.0,0.783264,0.145142,-0.029541,-0.603821,down
2556,-1.277344,2.566406,9.476563,0.0,0.0,0.0,0.783264,0.145142,-0.029541,-0.603821,down
2561,-1.3125,2.605469,9.476563,0.0,0.0,0.0,0.783203,0.145142,-0.029541,-0.603821,down
2566,-1.277344,2.605469,9.476563,0.0,0.0,0.0,0.783203,0.145142,-0.029541,-0.603821,down
2572,-1.3125,2.605469,9.476563,0.0,0.0,0.0,0.783203,0.145142,-0.029541,-0.603821,down
2577,-1.277344,2.605469,9.4375,0.0,0.0,0.0,0.783203,0.145142,-0.029541,-0.603821,down
2583,-1.277344,2.605469,9.476563,0.0,0.0,0.0,0.783203,0.145142,-0.029541,-0.603821,down
2589,-1.3125,2.644531,9.480469,0.0,0.0,0.0,0.783203,0.145142,-0.029541,-0.603821,down
2594,-1.277344,2.605469,9.476563,0.0,0.0,0.0,0.783203,0.145142,-0.029541,-0.603821,down
2599,-1.277344,2.644531,9.441406,0.0,0.0,0.0,0.783203,0.145142,-0.029541,-0.603821,down
2604,-1.277344,2.605469,9.4375,0.0,0.0,0.0,0.783142,0.145142,-0.029541,-0.603943,down
2609,-1.277344,2.605469,9.476563,0.0,0.0,0.0,0.783142,0.145142,-0.029541,-0.603943,down
2614,-1.238281,2.605469,9.519531,0.0,0.0,0.0,0.783142,0.145142,-0.029541,-0.603943,down
2620,-1.277344,2.605469,9.476563,0.0,0.0,0.0,0.783142,0.145142,-0.029541,-0.603943,down
2625,-1.277344,2.605469,9.476563,0.0,0.0,0.0,0.783142,0.145142,-0.029541,-0.603943,down
2630,-1.277344,2.605469,9.476563,0.0,0.0,0.0,0.783142,0.145142,-0.029541,-0.603943,down
2635,-1.238281,2.644531,9.480469,0.0,0.0,0.0,0.783081,0.145142,-0.029541,-0.604004,down
2641,-1.277344,2.566406,9.476563,0.0,0.0,0.0,0.783081,0.145142,-0.029602,-0.604004,down
2646,-1.277344,2.605469,9.476563,0.0,0.0,0.0,0.783081,0.145142,-0.029541,-0.604004,down
2651,-1.277344,2.605469,9.476563,0.0,0.0,0.0,0.783081,0.145142,-0.029541,-0.604004,down
2656,-1.277344,2.644531,9.480469,0.0,0.0,0.0,0.783081,0.145142,-0.029541,-0.604004,down
2662,-1.277344,2.605469,9.4375,0.0,0.0,0.0,0.783081,0.145142,-0.029602,-0.604004,down
2667,-1.277344,2.566406,9.476563,0.0,0.0,0.0,0.783081,0.145142,-0.029602,-0.604004,down
2674,-1.3125,2.605469,9.476563,0.0,0.0,0.0,0.783081,0.145142,-0.029602,-0.604004,down
2679,-1.277344,2.605469,9.4375,0.0,0.0,0.0,0.783081,0.145142,-0.029602,-0.604004,down
2685,-1.277344,2.605469,9.476563,0.0,0.0,0.0,0.783081,0.145142,-0.029602,-0.604004,down
2690,-1.3125,2.605469,9.519531,0.0,0.0,0.0,0.783081,0.145142,-0.029602,-0.604065,down
2695,-1.277344,2.605469,9.476563,0.0,0.0,0.0,0.78302,0.145142,-0.029602,-0.604065,down
2700,-1.277344,2.605469,9.476563,0.0,0.0,0.0,0.78302,0.145142,-0.029602,-0.604065,down
2705,-1.277344,2.605469,9.476563,0.0,0.0,0.0,0.78302,0.145142,-0.029602,-0.604126,down
2710,-1.277344,2.644531,9.480469,0.0,0.0,0.0,0.78302,0.145142,-0.029602,-0.604126,down
2715,-1.277344,2.605469,9.4375,0.0,0.0,0.0,0.78302,0.145142,-0.029602,-0.604126,down
2720,-1.277344,2.566406,9.4375,0.0,0.0,0.0,0.78302,0.145142,-0.029602,-0.604126,down
2726,-1.277344,2.605469,9.4375,0.0,0.0,0.0,0.782959,0.145142,-0.029602,-0.604126,down
2732,-1.277344,2.566406,9.4375,0.0,0.0,0.0,0.782959,0.145142,-0.029602,-0.604126,down
2737,-1.277344,2.605469,9.476563,0.0,0.0,0.0,0.782959,0.145142,-0.029602,-0.604187,down
2742,-1.277344,2.605469,9.476563,0.0,0.0,0.0,0.782959,0.145142,-0.029602,-0.604187,down
2748,-1.3125,2.605469,9.558594,0.0,0.0,0.0,0.782959,0.145142,-0.029602,-0.604187,down
2754,-1.277344,2.605469,9.476563,0.0,0.0,0.0,0.782959,0.145142,-0.029602,-0.604187,down
2759,-1.277344,2.644531,9.480469,0.0,0.0,0.0,0.782959,0.145142,-0.029602,-0.604187,down
2765,-1.277344,2.605469,9.476563,0.0,0.0,0.0,0.782959,0.145142,-0.029602,-0.604187,down
2771,-1.277344,2.605469,9.476563,0.0,0.0,0.0,0.782898,0.145142,-0.029602,-0.604248,down
2776,-1.3125,2.605469,9.4375,0.0,0.0,0.0,0.782898,0.145142,-0.029602,-0.604248,down
2781,-1.277344,2.605469,9.476563,0.0,0.0,0.0,0.782898,0.145142,-0.029602,-0.604248,down
2786,-1.277344,2.566406,9.476563,0.0,0.0,0.0,0.782898,0.145142,-0.029602,-0.604248,down
2791,-1.277344,2.605469,9.476563,0.0,0.0,0.0,0.782898,0.145142,-0.029602,-0.604248,down
2797,-1.277344,2.605469,9.519531,0.0,0.0,0.0,0.782898,0.145142,-0.029602,-0.604248,down
2804,-1.277344,2.644531,9.480469,0.0,0.0,0.0,0.782898,0.145142,-0.029602,-0.604248,down
2809,-1.277344,2.605469,9.476563,0.0,0.0,0.0,0.782898,0.145142,-0.029602,-0.604248,down
2814,-1.277344,2.605469,9.4375,0.0,0.0,0.0,0.782898,0.145142,-0.029602,-0.604248,down
2820,-1.3125,2.605469,9.476563,0.0,0.0,0.0,0.782898,0.145142,-0.029602,-0.604248,down
2825,-1.277344,2.605469,9.476563,0.0,0.0,0.0,0.782837,0.145142,-0.029602,-0.604309,down
2830,-1.277344,2.566406,9.476563,0.0,0.0,0.0,0.782837,0.145142,-0.029602,-0.604309,down
2835,-1.3125,2.605469,9.476563,0.0,0.0,0.0,0.782837,0.145142,-0.029602,-0.604309,down
2840,-1.277344,2.605469,9.476563,0.0,0.0,0.0,0.782837,0.145142,-0.029602,-0.604309,down
2845,-1.277344,2.605469,9.4375,0.0,0.0,0.0,0.782837,0.145142,-0.029602,-0.60437,down
2850,-1.3125,2.644531,9.441406,0.0,0.0,0.0,0.782837,0.145142,-0.029602,-0.60437,down
2855,-1.3125,2.566406,9.4375,0.0,0.0,0.0,0.782837,0.145142,-0.029663,-0.60437,down
2860,-1.3125,2.605469,9.476563,0.0,0.0,0.0,0.782776,0.145142,-0.029663,-0.60437,down
2865,-1.277344,2.605469,9.476563,0.0,0.0,0.0,0.782776,0.145142,-0.029663,-0.60437,down
2870,-1.277344,2.605469,9.476563,0.0,0.0,0.0,0.782776,0.145142,-0.029663,-0.60437,down
2875,-1.277344,2.605469,9.476563,0.0,0.0,0.0,0.782776,0.145142,-0.029663,-0.604431,down
2880,-1.277344,2.605469,9.476563,0.0,0.0,0.0,0.782776,0.145142,-0.029663,-0.604431,down
2885,-1.277344,2.605469,9.476563,0.0,0.0,0.0,0.782776,0.145142,-0.029663,-0.604431,down
2890,-1.277344,2.605469,9.476563,0.0,0.0,0.0,0.782776,0.145142,-0.029663,-0.604431,down
2895,-1.277344,2.605469,9.4375,0.0,0.0,0.0,0.782715,0.145142,-0.029663,-0.604431,down
2901,-1.277344,2.605469,9.476563,0.0,0.0,0.0,0.782715,0.145142,-0.029663,-0.604431,down
2906,-1.238281,2.605469,9.519531,0.0,0.0,0.0,0.782715,0.145142,-0.029663,-0.604492,down
2912,-1.3125,2.566406,9.476563,0.0,0.0,0.0,0.782715,0.145142,-0.029663,-0.604492,down
2917,-1.277344,2.644531,9.480469,0.0,0.0,0.0,0.782715,0.145142,-0.029663,-0.604492,down
2923,-1.3125,2.605469,9.476563,0.0,0.0,0.0,0.782715,0.145142,-0.029663,-0.604492,down
2928,-1.3125,2.605469,9.476563,0.0,0.0,0.0,0.782715,0.145142,-0.029663,-0.604492,down
2933,-1.277344,2.605469,9.476563,0.0,0.0,0.0,0.782715,0.145142,-0.029663,-0.604492,down
2939,-1.3125,2.605469,9.476563,0.0,0.0,0.0,0.782715,0.145142,-0.029663,-0.604492,down
2944,-1.277344,2.605469,9.4375,0.0,0.0,0.0,0.782715,0.145142,-0.029663,-0.604492,down
2950,-1.277344,2.605469,9.476563,0.0,0.0,0.0,0.782715,0.145142,-0.029663,-0.604492,down
2955,-1.277344,2.605469,9.4375,0.0,0.0,0.0,0.782715,0.145142,-0.029663,-0.604492,down
2960,-1.277344,2.605469,9.476563,0.0,0.0,0.0,0.782715,0.145142,-0.029663,-0.604492,down
2965,-1.3125,2.605469,9.476563,0.0,0.0,0.0,0.782715,0.145142,-0.029663,-0.604492,down
2970,-1.277344,2.605469,9.476563,0.0,0.0,0.0,0.782715,0.145142,-0.029663,-0.604492,down
2975,-1.3125,2.566406,9.476563,0.0,0.0,0.0,0.782715,0.145142,-0.029663,-0.604492,down
2980,-1.277344,2.644531,9.480469,0.0,0.0,0.0,0.782715,0.145142,-0.029663,-0.604492,down
2985,-1.3125,2.605469,9.519531,0.0,0.0,0.0,0.782715,0.145142,-0.029663,-0.604492,down
2990,-1.277344,2.605469,9.476563,0.0,0.0,0.0,0.782715,0.145142,-0.029663,-0.604553,down
2996,-1.277344,2.605469,9.476563,0.0,0.0,0.0,0.782715,0.145142,-0.029663,-0.604553,down
3001,-1.277344,2.605469,9.519531,0.0,0.0,0.0,0.782654,0.145142,-0.029663,-0.604553,down
3006,-1.3125,2.566406,9.476563,0.0,0.0,0.0,0.782654,0.145142,-0.029663,-0.604553,down
3011,-1.277344,2.605469,9.476563,0.0,0.0,0.0,0.782654,0.145142,-0.029663,-0.604553,down
3016,-1.3125,2.605469,9.476563,0.0,0.0,0.0,0.782654,0.145142,-0.029663,-0.604614,down
3021,-1.3125,2.605469,9.4375,0.0,0.0,0.0,0.782654,0.145142,-0.029663,-0.604614,down
3026,-1.277344,2.605469,9.476563,0.0,0.0,0.0,0.782654,0.145142,-0.029663,-0.604614,down
3031,-1.3125,2.644531,9.480469,0.0,0.0,0.0,0.782654,0.145142,-0.029663,-0.604614,down
3037,-1.3125,2.605469,9.4375,0.0,0.0,0.0,0.782654,0.145142,-0.029663,-0.604614,down
3042,-1.3125,2.605469,9.519531,0.0,0.0,0.0,0.782654,0.145142,-0.029663,-0.604614,down
3047,-1.277344,2.644531,9.480469,0.0,0.0,0.0,0.782654,0.145142,-0.029663,-0.604614,down
3052,-1.277344,2.605469,9.476563,0.0,0.0,0.0,0.782654,0.145142,-0.029663,-0.604614,down
3057,-1.3125,2.566406,9.476563,0.0,0.0,0.0,0.782593,0.145142,-0.029663,-0.604614,down
3062,-1.277344,2.605469,9.476563,0.0,0.0,0.0,0.782593,0.145142,-0.029663,-0.604614,down
3067,-1.277344,2.605469,9.476563,0.0,0.0,0.0,0.782593,0.145142,-0.029663,-0.604614,down
3072,-1.238281,2.605469,9.476563,0.0,0.0,0.0,0.782593,0.145142,-0.029663,-0.604614,down
3077,-1.238281,2.605469,9.476563,0.0,0.0,0.0,0.782593,0.145142,-0.029663,-0.604614,down
3083,-1.3125,2.644531,9.480469,0.0,0.0,0.0,0.782593,0.145142,-0.029663,-0.604614,down
3088,-1.277344,2.566406,9.476563,0.0,0.0,0.0,0.782593,0.145142,-0.029663,-0.604614,down
3093,-1.3125,2.605469,9.476563,0.0,0.0,0.0,0.782593,0.145142,-0.029663,-0.604675,down
3098,-1.277344,2.644531,9.441406,0.0,0.0,0.0,0.782593,0.145142,-0.029663,-0.604675,down
3105,-1.277344,2.605469,9.4375,0.0,0.0,0.0,0.782593,0.145142,-0.029663,-0.604675,down
3110,-1.277344,2.605469,9.476563,0.0,0.0,0.0,0.782593,0.145142,-0.029663,-0.604675,down
3115,-1.3125,2.605469,9.476563,0.0,0.0,0.0,0.782593,0.145142,-0.029663,-0.604675,down
3121,-1.277344,2.566406,9.476563,0.0,0.0,0.0,0.782593,0.145142,-0.029663,-0.604675,down
3126,-1.277344,2.566406,9.476563,0.0,0.0,0.0,0.782593,0.145142,-0.029663,-0.604675,down
3132,-1.277344,2.644531,9.441406,0.0,0.0,0.0,0.782593,0.145142,-0.029663,-0.604675,down
3137,-1.277344,2.644531,9.441406,0.0,0.0,0.0,0.782593,0.145142,-0.029663,-0.604675,down
3142,-1.277344,2.644531,9.480469,0.0,0.0,0.0,0.782593,0.145142,-0.029663,-0.604675,down
3148,-1.277344,2.605469,9.476563,0.0,0.0,0.0,0.782532,0.145142,-0.029663,-0.604675,down
3153,-1.277344,2.605469,9.519531,0.0,0.0,0.0,0.782532,0.145142,-0.029663,-0.604675,down
3158,-1.277344,2.605469,9.402344,0.0,0.0,0.0,0.782532,0.145142,-0.029663,-0.604675,down
3164,-1.3125,2.605469,9.476563,0.0,0.0,0.0,0.782532,0.145142,-0.029663,-0.604675,down
3170,-1.3125,2.605469,9.4375,0.0,0.0,0.0,0.782532,0.145142,-0.029663,-0.604675,down
3176,-1.277344,2.566406,9.476563,0.0,0.0,0.0,0.782532,0.145142,-0.029663,-0.604675,down
3181,-1.277344,2.605469,9.476563,0.0,0.0,0.0,0.782532,0.145142,-0.029663,-0.604675,down
3187,-1.277344,2.566406,9.519531,0.0,0.0,0.0,0.782532,0.145142,-0.029663,-0.604736,down
3192,-1.277344,2.605469,9.476563,0.0,0.0,0.0,0.782532,0.145142,-0.029663,-0.604736,down
3197,-1.277344,2.605469,9.476563,0.0,0.0,0.0,0.782532,0.145142,-0.029663,-0.604736,down
3203,-1.3125,2.644531,9.441406,0.0,0.0,0.0,0.782532,0.145142,-0.029663,-0.604736,down
3209,-1.277344,2.605469,9.4375,0.0,0.0,0.0,0.782532,0.145142,-0.029663,-0.604736,down
3214,-1.277344,2.605469,9.476563,0.0,0.0,0.0,0.782532,0.145142,-0.029663,-0.604736,down
3219,-1.277344,2.644531,9.480469,0.0,0.0,0.0,0.782532,0.145142,-0.029663,-0.604736,down
3224,-1.277344,2.566406,9.476563,0.0,0.0,0.0,0.782532,0.145142,-0.029663,-0.604736,down
3229,-1.277344,2.605469,9.476563,0.0,0.0,0.0,0.782532,0.145142,-0.029663,-0.604736,down
3234,-1.277344,2.644531,9.480469,0.0,0.0,0.0,0.782532,0.145142,-0.029663,-0.604736,down
3239,-1.277344,2.605469,9.476563,0.0,0.0,0.0,0.782532,0.145142,-0.029663,-0.604736,down
3245,-1.277344,2.605469,9.476563,0.0,0.0,0.0,0.782471,0.145142,-0.029724,-0.604858,down
3251,-1.277344,2.605469,9.476563,0.0,0.0,0.0,0.78241,0.145142,-0.029724,-0.604858,down
3256,-1.277344,2.605469,9.476563,0.0,0.0,0.0,0.78241,0.145142,-0.029724,-0.604858,down
3261,-1.3125,2.644531,9.515625,0.0,0.0,0.0,0.78241,0.145142,-0.029724,-0.604858,down
3266,-1.3125,2.605469,9.4375,0.0,0.0,0.0,0.78241,0.145142,-0.029724,-0.604858,down
3272,-1.277344,2.605469,9.476563,0.0,0.0,0.0,0.78241,0.145142,-0.029724,-0.604919,down
3278,-1.238281,2.566406,9.476563,0.0,0.0,0.0,0.78241,0.145142,-0.029724,-0.604919,down
3283,-1.3125,2.644531,9.480469,0.0,0.0,0.0,0.78241,0.145142,-0.029724,-0.604919,down
3288,-1.3125,2.644531,9.480469,0.0,0.0,0.0,0.78241,0.145142,-0.029724,-0.604919,down
3293,-1.277344,2.605469,9.476563,0.0,0.0,0.0,0.78241,0.145142,-0.029724,-0.604919,down
3298,-1.277344,2.605469,9.476563,0.0,0.0,0.0,0.78241,0.145142,-0.029724,-0.604919,down
3305,-1.277344,2.605469,9.476563,0.0,0.0,0.0,0.78241,0.145142,-0.029724,-0.604919,down
3310,-1.238281,2.605469,9.476563,0.0,0.0,0.0,0.78241,0.145142,-0.029724,-0.604919,down
3315,-1.277344,2.605469,9.4375,0.0,0.0,0.0,0.78241,0.145142,-0.029724,-0.604919,down
3320,-1.277344,2.605469,9.4375,0.0,0.0,0.0,0.78241,0.145142,-0.029724,-0.604919,down
3326,-1.238281,2.566406,9.558594,0.0,0.0,0.0,0.78241,0.145142,-0.029724,-0.604919,down
3331,-1.277344,2.605469,9.519531,0.0,0.0,0.0,0.78241,0.145142,-0.029724,-0.604919,down
3336,-1.351563,2.605469,9.4375,0.0,0.0,0.0,0.78241,0.145142,-0.029724,-0.604919,down
3341,-1.3125,2.605469,9.4375,0.0,0.0,0.0,0.78241,0.145142,-0.029724,-0.604919,down
3346,-1.238281,2.566406,9.558594,0.0,0.0,0.0,0.78241,0.145142,-0.029724,-0.604919,down
3352,-1.351563,2.605469,9.476563,0.0,0.0,0.0,0.78241,0.145142,-0.029724,-0.604919,down
3357,-1.3125,2.605469,9.4375,0.0,0.0,0.0,0.78241,0.145142,-0.029724,-0.604919,down
3362,-1.277344,2.605469,9.519531,0.0,0.0,0.0,0.78241,0.145142,-0.029724,-0.604919,down
3368,-1.351563,2.605469,9.4375,0.0,0.0,0.0,0.782349,0.145142,-0.029724,-0.604919,down
3373,-1.238281,2.605469,9.519531,0.0,0.0,0.0,0.782349,0.145142,-0.029724,-0.604919,down
3378,-1.238281,2.566406,9.519531,0.0,0.0,0.0,0.782349,0.145142,-0.029724,-0.604919,down
3384,-1.3125,2.644531,9.480469,0.0,0.0,0.0,0.782349,0.145142,-0.029724,-0.604919,down
3390,-1.277344,2.605469,9.476563,0.0,0.0,0.0,0.782349,0.145142,-0.029724,-0.604919,down
3395,-1.238281,2.605469,9.519531,0.0,0.0,0.0,0.782349,0.145142,-0.029724,-0.604919,down
3401,-1.3125,2.644531,9.480469,0.0,0.0,0.0,0.782349,0.145142,-0.029724,-0.60498,down
3406,-1.277344,2.605469,9.476563,0.0,0.0,0.0,0.782349,0.145142,-0.029724,-0.60498,down
3411,-1.277344,2.605469,9.519531,0.0,0.0,0.0,0.782349,0.145142,-0.029724,-0.60498,down
3416,-1.277344,2.605469,9.476563,0.0,0.0,0.0,0.782288,0.145142,-0.029724,-0.60498,down
3422,-1.277344,2.605469,9.476563,0.0,0.0,0.0,0.782288,0.145142,-0.029724,-0.605042,down
3427,-1.238281,2.605469,9.476563,0.0,0.0,0.0,0.782288,0.145142,-0.029724,-0.605042,down
3432,-1.277344,2.605469,9.476563,0.0,0.0,0.0,0.782288,0.145142,-0.029724,-0.605042,down
3438,-1.277344,2.605469,9.476563,0.0,0.0,0.0,0.782288,0.145142,-0.029724,-0.605042,down
3443,-1.277344,2.605469,9.519531,0.0,0.0,0.0,0.782288,0.145142,-0.029724,-0.605042,down
3448,-1.3125,2.605469,9.476563,0.0,0.0,0.0,0.782288,0.145142,-0.029724,-0.605042,down
3453,-1.3125,2.605469,9.476563,0.0,0.0,0.0,0.782288,0.145142,-0.029724,-0.605042,down
3458,-1.277344,2.605469,9.476563,0.0,0.0,0.0,0.782288,0.145142,-0.029724,-0.605042,down
3463,-1.277344,2.605469,9.476563,0.0,0.0,0.0,0.782288,0.145142,-0.029724,-0.605042,down
3468,-1.277344,2.605469,9.476563,0.0,0.0,0.0,0.782288,0.145142,-0.029724,-0.605042,down
3474,-1.277344,2.605469,9.519531,0.0,0.0,0.0,0.782288,0.145142,-0.029724,-0.605042,down
3479,-1.3125,2.605469,9.476563,0.0,0.0,0.0,0.782288,0.145142,-0.029724,-0.605042,down
3485,-1.3125,2.605469,9.476563,0.0,0.0,0.0,0.782288,0.145142,-0.029724,-0.605042,down
3491,-1.238281,2.605469,9.476563,0.0,0.0,0.0,0.782288,0.145142,-0.029724,-0.605042,down
3496,-1.3125,2.605469,9.4375,0.0,0.0,0.0,0.782288,0.145142,-0.029724,-0.605042,down
3501,-1.277344,2.605469,9.4375,0.0,0.0,0.0,0.782288,0.145142,-0.029724,-0.605042,down
3506,-1.277344,2.605469,9.476563,0.0,0.0,0.0,0.782288,0.145142,-0.029724,-0.605042,down
3512,-1.277344,2.566406,9.4375,0.0,0.0,0.0,0.782288,0.145142,-0.029724,-0.605042,down
3517,-1.238281,2.605469,9.476563,0.0,0.0,0.0,0.782288,0.145142,-0.029724,-0.605042,down
3522,-1.277344,2.605469,9.519531,0.0,0.0,0.0,0.782288,0.145142,-0.029724,-0.605042,down
3527,-1.277344,2.605469,9.476563,0.0,0.0,0.0,0.782288,0.145142,-0.029724,-0.605103,down
3532,-1.277344,2.566406,9.4375,0.0,0.0,0.0,0.782288,0.145142,-0.029724,-0.605103,down
3537,-1.238281,2.605469,9.4375,0.0,0.0,0.0,0.782227,0.145142,-0.029724,-0.605103,down
3543,-1.277344,2.605469,9.4375,0.0,0.0,0.0,0.782227,0.145142,-0.029724,-0.605103,down
3548,-1.3125,2.605469,9.519531,0.0,0.0,0.0,0.782227,0.145142,-0.029724,-0.605103,down
3553,-1.277344,2.605469,9.476563,0.0,0.0,0.0,0.782227,0.145142,-0.029724,-0.605103,down
3559,-1.277344,2.605469,9.476563,0.0,0.0,0.0,0.782227,0.145142,-0.029724,-0.605103,down
3564,-1.277344,2.566406,9.476563,0.0,0.0,0.0,0.782227,0.145142,-0.029724,-0.605103,down
3571,-1.277344,2.605469,9.4375,0.0,0.0,0.0,0.782227,0.145142,-0.029724,-0.605103,down
3576,-1.3125,2.605469,9.4375,0.0,0.0,0.0,0.782227,0.145142,-0.029724,-0.605103,down
3582,-1.3125,2.644531,9.480469,0.0,0.0,0.0,0.782227,0.145142,-0.029724,-0.605103,down
3587,-1.238281,2.605469,9.476563,0.0,0.0,0.0,0.782227,0.145142,-0.029724,-0.605103,down
3592,-1.277344,2.605469,9.476563,0.0,0.0,0.0,0.782227,0.145142,-0.029724,-0.605103,down
3597,-1.277344,2.605469,9.476563,0.0,0.0,0.0,0.782227,0.145142,-0.029724,-0.605103,down
3602,-1.277344,2.566406,9.476563,0.0,0.0,0.0,0.782227,0.145142,-0.029724,-0.605103,down
3607,-1.277344,2.605469,9.519531,0.0,0.0,0.0,0.782227,0.145142,-0.029724,-0.605103,down
3612,-1.277344,2.605469,9.476563,0.0,0.0,0.0,0.782227,0.145142,-0.029724,-0.605164,down
3617,-1.277344,2.605469,9.476563,0.0,0.0,0.0,0.782227,0.145142,-0.029724,-0.605164,down
3622,-1.3125,2.605469,9.476563,0.0,0.0,0.0,0.782227,0.145142,-0.029724,-0.605164,down
3627,-1.3125,2.605469,9.476563,0.0,0.0,0.0,0.782166,0.145142,-0.029724,-0.605164,down
3632,-1.277344,2.644531,9.480469,0.0,0.0,0.0,0.782166,0.145142,-0.029724,-0.605164,down
3637,-1.277344,2.644531,9.480469,0.0,0.0,0.0,0.782166,0.145142,-0.029785,-0.605164,down
3642,-1.277344,2.605469,9.476563,0.0,0.0,0.0,0.782166,0.145142,-0.029785,-0.605164,down
3647,-1.238281,2.605469,9.476563,0.0,0.0,0.0,0.782166,0.145142,-0.029785,-0.605225,down
3652,-1.277344,2.605469,9.476563,0.0,0.0,0.0,0.782166,0.145142,-0.029785,-0.605225,down
3657,-1.3125,2.644531,9.480469,0.0,0.0,0.0,0.782166,0.145142,-0.029785,-0.605225,down
3662,-1.277344,2.605469,9.4375,0.0,0.0,0.0,0.782166,0.145142,-0.029785,-0.605225,down
3667,-1.277344,2.566406,9.4375,0.0,0.0,0.0,0.782166,0.145142,-0.029785,-0.605225,down
3672,-1.277344,2.605469,9.4375,0.0,0.0,0.0,0.782104,0.145142,-0.029785,-0.605225,down
3677,-1.277344,2.605469,9.476563,0.0,0.0,0.0,0.782104,0.145142,-0.029785,-0.605225,down
3682,-1.277344,2.605469,9.476563,0.0,0.0,0.0,0.782104,0.145142,-0.029785,-0.605225,down
3687,-1.3125,2.605469,9.476563,0.0,0.0,0.0,0.782104,0.145142,-0.029785,-0.605225,down
3692,-1.3125,2.605469,9.476563,0.0,0.0,0.0,0.782104,0.145142,-0.029785,-0.605286,down
3697,-1.3125,2.605469,9.4375,0.0,0.0,0.0,0.782104,0.145142,-0.029785,-0.605286,down
3702,-1.277344,2.605469,9.476563,0.0,0.0,0.0,0.782104,0.145142,-0.029785,-0.605286,down
3707,-1.277344,2.566406,9.476563,0.0,0.0,0.0,0.782104,0.145142,-0.029785,-0.605286,down
3712,-1.238281,2.605469,9.476563,0.0,0.0,0.0,0.782104,0.145142,-0.029785,-0.605286,down
3717,-1.277344,2.605469,9.476563,0.0,0.0,0.0,0.782104,0.145142,-0.029785,-0.605286,down
3722,-1.277344,2.566406,9.476563,0.0,0.0,0.0,0.782104,0.145142,-0.029785,-0.605286,down
3727,-1.277344,2.605469,9.476563,0.0,0.0,0.0,0.782043,0.145142,-0.029785,-0.605347,down
3732,-1.277344,2.605469,9.476563,0.0,0.0,0.0,0.782043,0.145142,-0.029785,-0.605347,down
3737,-1.277344,2.605469,9.4375,0.0,0.0,0.0,0.782043,0.145142,-0.029785,-0.605347,down
3742,-1.3125,2.605469,9.4375,0.0,0.0,0.0,0.782043,0.145142,-0.029785,-0.605347,down
3747,-1.277344,2.566406,9.476563,0.0,0.0,0.0,0.782043,0.145142,-0.029785,-0.605347,down
3752,-1.277344,2.605469,9.476563,0.0,0.0,0.0,0.782043,0.145142,-0.029785,-0.605347,down
3757,-1.3125,2.605469,9.476563,0.0,0.0,0.0,0.782043,0.145142,-0.029785,-0.605347,down
3762,-1.277344,2.605469,9.476563,0.0,0.0,0.0,0.782043,0.145142,-0.029785,-0.605347,down
3767,-1.277344,2.605469,9.476563,0.0,0.0,0.0,0.782043,0.145142,-0.029785,-0.605347,down
3772,-1.277344,2.605469,9.476563,0.0,0.0,0.0,0.782043,0.145142,-0.029785,-0.605347,down
3777,-1.277344,2.605469,9.476563,0.0,0.0,0.0,0.782043,0.145142,-0.029785,-0.605347,down
3783,-1.277344,2.605469,9.519531,0.0,0.0,0.0,0.782043,0.145142,-0.029785,-0.605408,down
3788,-1.277344,2.605469,9.476563,0.0,0.0,0.0,0.782043,0.145142,-0.029785,-0.605408,down
3793,-1.277344,2.566406,9.519531,0.0,0.0,0.0,0.781982,0.145142,-0.029785,-0.605408,down
3798,-1.277344,2.605469,9.476563,0.0,0.0,0.0,0.781982,0.145142,-0.029785,-0.605408,down
3803,-1.277344,2.566406,9.476563,0.0,0.0,0.0,0.781982,0.145142,-0.029785,-0.605408,down
3808,-1.277344,2.644531,9.480469,0.0,0.0,0.0,0.781982,0.145142,-0.029785,-0.605408,down
3813,-1.277344,2.566406,9.476563,0.0,0.0,0.0,0.781982,0.145142,-0.029785,-0.605408,down
3818,-1.3125,2.605469,9.519531,0.0,0.0,0.0,0.781982,0.145142,-0.029785,-0.605408,down
3823,-1.277344,2.644531,9.480469,0.0,0.0,0.0,0.781982,0.145142,-0.029785,-0.605469,down
3828,-1.277344,2.605469,9.476563,0.0,0.0,0.0,0.781982,0.145142,-0.029785,-0.605469,down
3833,-1.277344,2.605469,9.476563,0.0,0.0,0.0,0.781982,0.145142,-0.029785,-0.605469,down
3838,-1.277344,2.605469,9.519531,0.0,0.0,0.0,0.781982,0.145142,-0.029785,-0.605469,down
3843,-1.3125,2.605469,9.476563,0.0,0.0,0.0,0.781982,0.145142,-0.029785,-0.605469,down
3848,-1.277344,2.605469,9.519531,0.0,0.0,0.0,0.781982,0.145142,-0.029785,-0.605469,down
3853,-1.277344,2.605469,9.476563,0.0,0.0,0.0,0.781982,0.145142,-0.029785,-0.605469,down
3858,-1.238281,2.566406,9.519531,0.0,0.0,0.0,0.781982,0.145142,-0.029785,-0.605469,down
3863,-1.277344,2.566406,9.476563,0.0,0.0,0.0,0.781982,0.145142,-0.029785,-0.605469,down
3868,-1.3125,2.605469,9.476563,0.0,0.0,0.0,0.781982,0.145142,-0.029785,-0.605469,down
3873,-1.3125,2.644531,9.515625,0.0,0.0,0.0,0.781982,0.145142,-0.029785,-0.605469,down
3878,-1.277344,2.605469,9.519531,0.0,0.0,0.0,0.781982,0.145142,-0.029785,-0.605469,down
247146,5.273437,6.320312,5.496094,-0.037109,-0.121094,-0.066406,0.513489,0.441467,0.11084,0.727417,down
247152,5.234375,6.320312,5.457031,-0.044922,-0.083984,-0.066406,0.513489,0.441467,0.11084,0.727417,down
247158,5.273437,6.285156,5.457031,-0.050781,-0.070312,-0.056641,0.513489,0.441467,0.11084,0.727417,down
247164,5.273437,6.246094,5.457031,-0.046875,-0.072266,-0.054687,0.514282,0.441833,0.110352,0.726746,down
247169,5.3125,6.242187,5.457031,-0.046875,-0.072266,-0.054687,0.514648,0.441956,0.110107,0.72644,down
247174,5.3125,6.28125,5.382812,-0.046875,-0.072266,-0.054687,0.514648,0.441956,0.110107,0.72644,down
247179,5.273437,6.246094,5.382812,-0.023437,-0.085937,-0.037109,0.514648,0.441956,0.110107,0.72644,down
247184,5.3125,6.203125,5.382812,-0.023437,-0.085937,-0.037109,0.515015,0.442322,0.109741,0.726013,down
247189,5.3125,6.164062,5.382812,-0.001953,-0.083984,-0.009766,0.515015,0.442322,0.109741,0.726013,down
247194,5.3125,6.164062,5.34375,0.007813,-0.082031,0.003906,0.515076,0.442505,0.109619,0.725891,down
247200,5.390625,6.09375,5.34375,0.007813,-0.082031,0.003906,0.515076,0.44281,0.109436,0.725708,down
247205,5.390625,6.09375,5.34375,0.019531,-0.064453,0.007813,0.515076,0.442993,0.109314,0.725647,down
247211,5.425781,5.976562,5.34375,0.019531,-0.064453,0.007813,0.515076,0.443115,0.109314,0.725586,down
247217,5.464844,6.015625,5.34375,0.019531,-0.064453,0.007813,0.515015,0.443237,0.109253,0.725525,down
247223,5.464844,5.941406,5.457031,0.019531,-0.064453,0.007813,0.515015,0.443237,0.109253,0.725525,down
247229,5.503906,5.9375,5.421875,0.037109,-0.023437,-0.001953,0.515015,0.443237,0.109253,0.725525,down
247234,5.425781,6.019531,5.382812,0.054687,-0.003906,-0.011719,0.515015,0.443237,0.109253,0.725525,down
247239,5.425781,6.097656,5.421875,0.054687,-0.003906,-0.011719,0.514893,0.443604,0.10968,0.725281,down
247244,5.464844,6.125,5.382812,0.109375,0.033203,-0.029297,0.514893,0.443604,0.10968,0.725281,down
247249,5.464844,6.164062,5.457031,0.109375,0.033203,-0.029297,0.514832,0.443665,0.109924,0.725281,down
247254,5.425781,6.242187,5.421875,0.109375,0.0625,-0.050781,0.514832,0.443665,0.109924,0.725281,down
247259,5.390625,6.324219,5.421875,0.115234,0.066406,-0.052734,0.514709,0.443787,0.110474,0.72522,down
247265,5.390625,6.363281,5.496094,0.115234,0.066406,-0.052734,0.514648,0.443787,0.111206,0.725159,down
247270,5.425781,6.402344,5.535156,0.117188,0.087891,-0.046875,0.514587,0.443787,0.111572,0.725159,down
247276,5.464844,6.4375,5.574219,0.117188,0.087891,-0.046875,0.514526,0.443726,0.111938,0.725159,down
247281,5.425781,6.476562,5.613281,0.083984,0.130859,-0.039063,0.514526,0.443726,0.111938,0.725159,down
247287,5.464844,6.476562,5.648437,0.074219,0.142578,-0.029297,0.514526,0.443726,0.111938,0.725159,down
247292,5.464844,6.515625,5.613281,0.074219,0.142578,-0.029297,0.514343,0.443298,0.112976,0.725403,down
247297,5.464844,6.546875,5.648437,0.056641,0.148437,-0.015625,0.514343,0.443298,0.112976,0.725403,down
247302,5.503906,6.625,5.613281,0.050781,0.167969,-0.021484,0.514343,0.443298,0.112976,0.725403,down
247307,5.425781,6.628906,5.535156,0.058594,0.179687,-0.013672,0.514343,0.443298,0.112976,0.725403,down
247313,5.425781,6.667969,5.496094,0.052734,0.185547,-0.015625,0.514343,0.443298,0.112976,0.725403,down
247319,5.425781,6.667969,5.496094,0.052734,0.189453,-0.015625,0.514343,0.443298,0.112976,0.725403,down
247324,5.351562,6.742187,5.457031,0.052734,0.205078,-0.013672,0.514343,0.443298,0.112976,0.725403,down
247329,5.425781,6.746094,5.496094,0.052734,0.205078,-0.013672,0.513733,0.441162,0.115784,0.726685,down
247334,5.425781,6.820312,5.535156,0.052734,0.205078,-0.013672,0.513733,0.441162,0.115784,0.726685,down
247339,5.425781,6.863281,5.535156,0.054687,0.230469,-0.011719,0.513489,0.44043,0.116577,0.727112,down
247344,5.390625,6.972656,5.496094,0.054687,0.230469,-0.011719,0.513489,0.44043,0.116577,0.727112,down
247349,5.390625,6.972656,5.496094,0.054687,0.230469,-0.011719,0.513367,0.440063,0.116943,0.727417,down
247354,5.425781,7.046875,5.457031,-0.011719,0.238281,0.023437,0.513367,0.440063,0.116943,0.727417,down
247360,5.503906,7.050781,5.457031,-0.035156,0.222656,0.042969,0.513184,0.439209,0.117615,0.727966,down
247366,5.542969,7.085937,5.457031,-0.035156,0.222656,0.042969,0.513,0.438293,0.11792,0.728577,down
247371,5.582031,6.96875,5.457031,-0.103516,0.234375,0.082031,0.512878,0.437805,0.118042,0.728943,down
247376,5.542969,6.96875,5.382812,-0.130859,0.25,0.107422,0.512878,0.437805,0.118042,0.728943,down
247381,5.65625,6.933594,5.421875,-0.130859,0.25,0.107422,0.512634,0.436646,0.11792,0.729797,down
247388,5.582031,6.859375,5.34375,-0.130859,0.25,0.107422,0.512634,0.436646,0.11792,0.729797,down
247393,5.542969,6.863281,5.230469,-0.173828,0.298828,0.152344,0.512634,0.436646,0.11792,0.729797,down
247398,5.542969,6.820312,5.265625,-0.154297,0.304688,0.166016,0.512634,0.436646,0.11792,0.729797,down
247403,5.503906,6.746094,5.191406,-0.142578,0.318359,0.173828,0.512634,0.436646,0.11792,0.729797,down
247408,5.503906,6.746094,5.230469,-0.101563,0.330078,0.1875,0.512634,0.436646,0.11792,0.729797,down
247413,5.503906,6.785156,5.191406,-0.052734,0.341797,0.210937,0.512634,0.436646,0.11792,0.729797,down
247418,5.464844,6.742187,5.113281,-0.052734,0.341797,0.210937,0.512634,0.436646,0.11792,0.729797,down
247424,5.390625,6.820312,5.113281,-0.052734,0.341797,0.210937,0.510193,0.431396,0.118103,0.734619,down
247430,5.351562,6.859375,5.113281,0.167969,0.337891,0.285156,0.510193,0.431396,0.118103,0.734619,down
247435,5.351562,6.929687,5.191406,0.167969,0.337891,0.285156,0.507996,0.430298,0.119263,0.736572,down
247440,5.3125,6.96875,5.113281,0.175781,0.339844,0.337891,0.507019,0.429993,0.119751,0.737366,down
247445,5.3125,7.007812,5.039062,0.166016,0.339844,0.359375,0.506104,0.429687,0.120117,0.738098,down
247451,5.3125,7.085937,5.0,0.166016,0.339844,0.359375,0.505249,0.429382,0.120422,0.73877,down
247456,5.3125,7.085937,5.039062,0.166016,0.339844,0.359375,0.504333,0.429077,0.120667,0.739563,down
247461,5.273437,7.046875,5.113281,0.078125,0.359375,0.394531,0.504333,0.429077,0.120667,0.739563,down
247467,5.3125,7.007812,5.113281,0.035156,0.380859,0.40625,0.504333,0.429077,0.120667,0.739563,down
247472,5.351562,6.859375,5.152344,0.035156,0.380859,0.40625,0.501648,0.427612,0.121094,0.742187,down
247478,5.390625,6.824219,5.230469,-0.035156,0.386719,0.40625,0.501648,0.427612,0.121094,0.742187,down
247483,5.390625,6.78125,5.265625,-0.039063,0.388672,0.404297,0.501648,0.427612,0.121094,0.742187,down
247488,5.464844,6.667969,5.230469,-0.025391,0.40625,0.40625,0.501648,0.427612,0.121094,0.742187,down
247493,5.464844,6.667969,5.265625,0.001953,0.404297,0.408203,0.501648,0.427612,0.121094,0.742187,down
247498,5.503906,6.746094,5.304687,0.029297,0.40625,0.412109,0.501648,0.427612,0.121094,0.742187,down
247503,5.503906,6.742187,5.382812,0.080078,0.396484,0.429687,0.501648,0.427612,0.121094,0.742187,down
247509,5.542969,6.863281,5.421875,0.080078,0.396484,0.429687,0.495361,0.42334,0.121582,0.748779,down
247515,5.503906,6.859375,5.457031,0.191406,0.416016,0.511719,0.495361,0.42334,0.121582,0.748779,down
247520,5.542969,6.824219,5.535156,0.191406,0.416016,0.511719,0.491516,0.422058,0.122559,0.751831,down
247525,5.582031,6.863281,5.648437,0.191406,0.416016,0.511719,0.490234,0.421692,0.122864,0.752808,down
247530,5.582031,6.859375,5.6875,0.21875,0.478516,0.623047,0.488647,0.421265,0.12323,0.754028,down
247535,5.582031,6.824219,5.726562,0.21875,0.478516,0.623047,0.488647,0.421265,0.12323,0.754028,down
247540,5.621094,6.820312,5.804687,0.21875,0.472656,0.658203,0.488647,0.421265,0.12323,0.754028,down
247546,5.582031,6.742187,5.878906,0.21875,0.472656,0.658203,0.483887,0.419983,0.124023,0.75769,down
247551,5.582031,6.742187,5.878906,0.203125,0.482422,0.730469,0.482117,0.419556,0.124268,0.759033,down
247557,5.582031,6.746094,5.804687,0.203125,0.482422,0.730469,0.480408,0.419067,0.124451,0.760315,down
247562,5.464844,6.742187,6.070312,0.203125,0.482422,0.730469,0.478516,0.41864,0.124634,0.761719,down
247567,5.464844,6.78125,6.226562,0.242187,0.496094,0.765625,0.478516,0.41864,0.124634,0.761719,down
247572,5.390625,6.863281,6.339844,0.279297,0.5,0.769531,0.478516,0.41864,0.124634,0.761719,down
247578,5.199219,6.902344,6.570312,0.310547,0.517578,0.748047,0.478516,0.41864,0.124634,0.761719,down
247583,5.082031,6.929687,6.683594,0.337891,0.533203,0.740234,0.478516,0.41864,0.124634,0.761719,down
247589,5.121094,6.824219,6.761719,0.332031,0.523437,0.720703,0.478516,0.41864,0.124634,0.761719,down
247595,5.082031,6.859375,6.917969,0.302734,0.503906,0.701172,0.478516,0.41864,0.124634,0.761719,down
247600,5.082031,6.859375,6.996094,0.302734,0.503906,0.701172,0.463562,0.415344,0.127686,0.772217,down
247605,5.042969,6.898437,7.023437,0.302734,0.503906,0.701172,0.463562,0.415344,0.127686,0.772217,down
247610,5.007812,6.859375,6.996094,0.048828,0.460937,0.673828,0.463562,0.415344,0.127686,0.772217,down
247615,4.929687,6.707031,7.023437,0.048828,0.460937,0.673828,0.459106,0.413696,0.127686,0.775757,down
247620,4.851562,6.707031,7.027344,-0.095703,0.367188,0.697266,0.459106,0.413696,0.127686,0.775757,down
247625,4.851562,6.628906,7.0625,-0.095703,0.367188,0.697266,0.457581,0.413025,0.127258,0.7771,down
247630,4.777344,6.589844,7.027344,-0.130859,0.263672,0.755859,0.457581,0.413025,0.127258,0.7771,down
247635,4.699219,6.398437,7.257812,-0.130859,0.263672,0.755859,0.453552,0.411621,0.125305,0.780518,down
247640,4.738281,6.320312,7.335937,-0.0625,0.154297,0.792969,0.453552,0.411621,0.125305,0.780518,down
247645,4.816406,6.207031,7.378906,-0.0625,0.154297,0.792969,0.451904,0.411438,0.124451,0.781677,down
247650,4.929687,6.128906,7.417969,0.048828,0.140625,0.818359,0.451904,0.411438,0.124451,0.781677,down
247655,5.007812,5.902344,7.300781,0.048828,0.140625,0.818359,0.446777,0.411438,0.122498,0.784912,down
247660,5.042969,5.785156,7.300781,0.048828,0.140625,0.818359,0.446777,0.411438,0.122498,0.784912,down
247665,5.042969,5.632812,7.257812,0.166016,0.125,0.845703,0.443298,0.411804,0.121704,0.786804,down
247670,5.121094,5.554687,7.261719,0.271484,0.140625,0.861328,0.443298,0.411804,0.121704,0.786804,down
247675,5.234375,5.441406,7.183594,0.267578,0.160156,0.857422,0.441406,0.412048,0.121521,0.787781,down
247680,5.234375,5.25,7.140625,0.267578,0.160156,0.857422,0.439209,0.412354,0.121277,0.788879,down
247686,5.160156,5.058594,7.027344,0.246094,0.111328,0.871094,0.437195,0.412598,0.121094,0.789917,down
247691,5.160156,5.058594,7.027344,0.246094,0.111328,0.871094,0.43335,0.413208,0.120544,0.791809,down
247696,5.160156,5.058594,7.027344,0.246094,0.111328,0.871094,0.43335,0.413208,0.120544,0.791809,down
247701,5.121094,4.867187,6.835937,0.28125,0.107422,0.863281,0.43335,0.413208,0.120544,0.791809,down
247706,5.082031,4.828125,6.609375,0.322266,0.080078,0.859375,0.43335,0.413208,0.120544,0.791809,down
247711,5.082031,4.828125,6.609375,0.369141,0.060547,0.851562,0.427246,0.414429,0.119995,0.794556,down
247717,5.082031,4.75,6.335937,0.369141,0.060547,0.851562,0.422913,0.41571,0.119995,0.796204,down
247723,5.042969,4.636719,6.226562,0.517578,0.033203,0.818359,0.422913,0.41571,0.119995,0.796204,down
247729,5.007812,4.636719,6.261719,0.556641,0.021484,0.802734,0.422913,0.41571,0.119995,0.796204,down
247734,5.082031,4.597656,6.1875,0.582031,-0.015625,0.796875,0.422913,0.41571,0.119995,0.796204,down
247739,5.082031,4.597656,6.1875,0.591797,-0.021484,0.78125,0.422913,0.41571,0.119995,0.796204,down
247744,4.929687,4.523437,6.070312,0.591797,-0.021484,0.78125,0.422913,0.41571,0.119995,0.796204,down
247749,4.851562,4.445312,6.113281,0.587891,-0.044922,0.753906,0.422913,0.41571,0.119995,0.796204,down
247755,4.816406,4.445312,6.074219,0.544922,-0.113281,0.751953,0.422913,0.41571,0.119995,0.796204,down
247761,4.816406,4.332031,6.148437,0.544922,-0.113281,0.751953,0.403687,0.423706,0.122437,0.801575,down
247766,4.851562,4.253906,6.152344,0.550781,-0.128906,0.738281,0.40155,0.424805,0.12262,0.802063,down
247771,4.890625,4.332031,5.953125,0.550781,-0.128906,0.738281,0.399719,0.42572,0.122803,0.802429,down
247776,4.929687,4.332031,5.953125,0.59375,-0.140625,0.699219,0.399719,0.42572,0.122803,0.802429,down
247781,5.007812,4.40625,5.765625,0.59375,-0.140625,0.699219,0.395691,0.427917,0.123474,0.803162,down
247786,5.007812,4.40625,5.730469,0.677734,-0.109375,0.646484,0.393494,0.429138,0.124023,0.803528,down
247792,4.929687,4.292969,5.691406,0.677734,-0.109375,0.646484,0.391724,0.430115,0.124512,0.803772,down
247797,4.816406,4.523437,5.839844,0.677734,-0.109375,0.646484,0.389648,0.431274,0.125183,0.804016,down
247803,4.738281,4.558594,5.765625,0.708984,-0.15625,0.609375,0.389648,0.431274,0.125183,0.804016,down
247808,4.816406,4.597656,5.691406,0.701172,-0.191406,0.599609,0.389648,0.431274,0.125183,0.804016,down
247814,4.851562,4.523437,5.804687,0.666016,-0.201172,0.589844,0.389648,0.431274,0.125183,0.804016,down
247820,4.96875,4.445312,5.878906,0.666016,-0.201172,0.589844,0.382263,0.436096,0.127319,0.804687,down
247825,5.082031,4.445312,5.957031,0.466797,-0.234375,0.576172,0.382263,0.436096,0.127319,0.804687,down
247830,5.234375,4.445312,5.992187,0.466797,-0.234375,0.576172,0.37738,0.439514,0.127808,0.805054,down
247835,5.351562,4.484375,6.074219,0.466797,-0.234375,0.576172,0.375854,0.44043,0.127747,0.805237,down
247840,5.425781,4.367187,5.957031,0.466797,-0.234375,0.576172,0.375854,0.44043,0.127747,0.805237,down
247845,5.390625,4.253906,5.835937,0.279297,-0.056641,0.517578,0.375854,0.44043,0.127747,0.805237,down
247851,5.351562,4.175781,5.730469,0.279297,-0.056641,0.517578,0.371765,0.442383,0.127625,0.806091,down
247856,5.234375,4.101562,5.765625,0.279297,-0.056641,0.517578,0.370361,0.443054,0.127502,0.806396,down
247861,5.273437,3.984375,5.917969,0.3125,-0.199219,0.457031,0.369202,0.443726,0.12738,0.80658,down
247866,5.3125,4.175781,6.191406,0.3125,-0.199219,0.457031,0.367981,0.444702,0.127441,0.80658,down
247871,5.425781,4.253906,6.148437,0.3125,-0.199219,0.457031,0.366821,0.44574,0.127625,0.806519,down
247876,5.351562,4.636719,6.152344,0.691406,-0.316406,0.408203,0.365295,0.447205,0.128113,0.806335,down
247881,5.464844,4.523437,5.804687,0.691406,-0.160156,0.335938,0.363831,0.448425,0.128906,0.806152,down
247887,5.617187,4.828125,5.382812,0.691406,-0.160156,0.335938,0.36261,0.44928,0.1297,0.806091,down
247892,5.617187,4.828125,5.382812,0.738281,-0.146484,0.316406,0.361084,0.450439,0.130798,0.80603,down
247898,5.734375,4.828125,5.917969,0.738281,-0.146484,0.316406,0.359924,0.451355,0.131592,0.805908,down
247903,5.734375,4.90625,5.957031,0.623047,-0.208984,0.25,0.359924,0.451355,0.131592,0.805908,down
247909,5.734375,4.980469,5.875,0.544922,-0.212891,0.230469,0.359924,0.451355,0.131592,0.805908,down
247914,5.734375,4.980469,5.875,0.414062,-0.257813,0.240234,0.356689,0.454407,0.133606,0.805237,down
247919,5.695312,4.90625,5.804687,0.279297,-0.300781,0.232422,0.356689,0.454407,0.133606,0.805237,down
247925,5.773437,4.867187,5.808594,0.166016,-0.322266,0.238281,0.356689,0.454407,0.133606,0.805237,down
247930,5.773437,4.867187,5.808594,0.058594,-0.330078,0.255859,0.354797,0.457153,0.133362,0.804565,down
247936,5.960937,4.75,5.496094,-0.044922,-0.330078,0.275391,0.354004,0.458618,0.132019,0.804321,down
247941,5.960937,4.675781,5.496094,-0.044922,-0.330078,0.275391,0.353577,0.45929,0.131104,0.80426,down
247947,6.0,4.675781,5.457031,-0.044922,-0.330078,0.275391,0.353149,0.4599,0.130188,0.80426,down
247952,6.117187,4.675781,5.457031,-0.011719,-0.285156,0.34375,0.352661,0.46051,0.129517,0.80426,down
247957,6.382812,4.675781,5.496094,-0.011719,-0.285156,0.34375,0.352051,0.461243,0.128906,0.804199,down
247962,6.425781,4.714844,5.574219,-0.011719,-0.285156,0.34375,0.351379,0.461975,0.12854,0.804077,down
247968,6.503906,4.789062,5.648437,-0.011719,-0.285156,0.34375,0.350647,0.46283,0.128296,0.803955,down
247973,6.460937,4.867187,5.535156,0.324219,-0.25,0.238281,0.350647,0.46283,0.128296,0.803955,down
247979,6.421875,4.941406,5.457031,0.324219,-0.25,0.238281,0.349121,0.464539,0.128601,0.803589,down
247984,6.425781,5.019531,5.535156,0.324219,-0.25,0.238281,0.349121,0.464539,0.128601,0.803589,down
247989,6.386719,5.097656,5.496094,0.496094,-0.216797,0.134766,0.349121,0.464539,0.128601,0.803589,down
247994,6.265625,5.171875,5.496094,0.509766,-0.224609,0.119141,0.349121,0.464539,0.128601,0.803589,down
248000,6.078125,5.328125,5.613281,0.509766,-0.224609,0.119141,0.349121,0.464539,0.128601,0.803589,down
248005,5.882812,5.328125,5.6875,0.414062,-0.451172,0.169922,0.349121,0.464539,0.128601,0.803589,down
248010,5.734375,5.328125,5.726562,0.414062,-0.451172,0.169922,0.344666,0.47052,0.131897,0.801514,down
248016,5.65625,5.058594,5.613281,0.375,-0.527344,0.208984,0.343323,0.473389,0.132019,0.800415,down
248021,5.617187,5.019531,5.535156,0.3125,-0.701172,0.324219,0.343323,0.473389,0.132019,0.800415,down
248026,5.699219,5.058594,5.535156,0.3125,-0.808594,0.380859,0.342468,0.475281,0.131714,0.799683,down
248031,5.773437,5.132812,5.535156,0.3125,-0.808594,0.380859,0.34082,0.479126,0.130737,0.798218,down
248036,5.882812,5.097656,5.574219,0.3125,-0.808594,0.380859,0.339905,0.481323,0.130249,0.797424,down
248041,6.386719,4.941406,5.535156,0.3125,-0.808594,0.380859,0.339905,0.481323,0.130249,0.797424,down
248046,6.464844,4.941406,5.457031,0.429687,-0.957031,0.435547,0.337708,0.486206,0.129272,0.795471,down
248051,6.609375,4.941406,5.34375,0.580078,-0.898437,0.353516,0.336609,0.488647,0.12915,0.794495,down
248056,6.804687,4.75,4.730469,0.580078,-0.898437,0.353516,0.335388,0.49115,0.129272,0.793457,down
248061,6.804687,4.789062,4.347656,0.722656,-0.681641,0.208984,0.335388,0.49115,0.129272,0.793457,down
248066,6.648437,4.90625,3.964844,0.722656,-0.681641,0.208984,0.33429,0.493225,0.1297,0.792542,down
248071,6.503906,4.867187,4.003906,0.722656,-0.681641,0.208984,0.333252,0.495117,0.130432,0.791687,down
248076,6.308594,4.828125,4.117187,0.955078,-0.634766,0.021484,0.333252,0.495117,0.130432,0.791687,down
248081,6.117187,4.789062,4.269531,0.955078,-0.634766,0.021484,0.331177,0.499207,0.132751,0.789612,down
248086,5.542969,4.828125,4.347656,0.955078,-0.634766,0.021484,0.329102,0.503418,0.135498,0.787354,down
248091,5.695312,4.675781,4.003906,1.130859,-0.822266,0.064453,0.329102,0.503418,0.135498,0.787354,down
248096,5.460937,4.597656,3.851563,1.130859,-0.822266,0.064453,0.32782,0.505981,0.137085,0.78595,down
248101,5.539062,4.980469,3.695313,1.130859,-0.947266,0.126953,0.32782,0.505981,0.137085,0.78595,down
248107,6.121094,5.480469,3.390625,1.130859,-0.947266,0.126953,0.323608,0.514832,0.140747,0.781311,down
248112,7.03125,6.054687,2.699219,1.130859,-0.947266,0.126953,0.322266,0.517456,0.141602,0.779907,down
248117,7.113281,5.785156,2.929688,1.050781,-1.021484,0.267578,0.322266,0.517456,0.141602,0.779907,down
248123,7.652344,5.976562,3.046875,1.050781,-1.021484,0.267578,0.322266,0.517456,0.141602,0.779907,down
248129,7.691406,5.710937,3.121094,0.976562,-0.730469,0.197266,0.322266,0.517456,0.141602,0.779907,down
248135,7.730469,5.59375,3.160156,0.949219,-0.568359,0.162109,0.322266,0.517456,0.141602,0.779907,down
248140,7.414062,5.210937,3.3125,0.949219,-0.568359,0.162109,0.315063,0.529785,0.14679,0.773621,down
248145,7.148437,4.867187,3.542969,0.949219,-0.568359,0.162109,0.314026,0.531067,0.14801,0.772949,down
248151,7.074219,4.523437,3.621094,0.443359,-0.224609,-0.085937,0.314026,0.531067,0.14801,0.772949,down
248156,7.074219,4.523437,3.621094,0.443359,-0.224609,-0.085937,0.312683,0.533142,0.150208,0.771667,down
248161,6.964844,4.253906,3.773438,0.251953,-0.228516,-0.132812,0.312683,0.533142,0.150208,0.771667,down
248166,6.765625,4.140625,3.8125,0.097656,-0.248047,-0.134766,0.312622,0.534302,0.151184,0.77063,down
248171,6.765625,4.140625,3.8125,0.019531,-0.316406,-0.146484,0.312927,0.534851,0.151245,0.770142,down
248177,6.847656,4.523437,3.8125,0.085937,-0.447266,-0.142578,0.313538,0.536621,0.151367,0.768677,down
248183,7.03125,4.867187,3.621094,0.085937,-0.447266,-0.142578,0.313599,0.537903,0.151794,0.767639,down
248190,7.1875,5.210937,3.199219,0.619141,-0.601562,-0.21875,0.313599,0.537903,0.151794,0.767639,down
248195,7.492187,5.9375,2.664063,0.982422,-0.525391,-0.183594,0.313599,0.537903,0.151794,0.767639,down
248200,7.648437,6.128906,2.664063,0.982422,-0.525391,-0.183594,0.312622,0.542603,0.155334,0.763977,down
248206,7.613281,6.207031,2.699219,1.1875,-0.371094,-0.138672,0.312622,0.542603,0.155334,0.763977,down
248211,7.652344,6.285156,2.816406,1.1875,-0.371094,-0.138672,0.310608,0.545959,0.159363,0.761597,down
248216,7.613281,5.976562,2.890625,1.148438,-0.275391,-0.115234,0.308167,0.548645,0.163513,0.759766,down
248221,7.53125,5.824219,3.046875,1.148438,-0.275391,-0.115234,0.308167,0.548645,0.163513,0.759766,down
248226,7.457031,5.863281,3.199219,0.429687,-0.017578,-0.123047,0.308167,0.548645,0.163513,0.759766,down
248231,7.386719,5.746094,3.621094,0.429687,-0.017578,-0.123047,0.306641,0.550049,0.166382,0.758728,down
248236,7.492187,5.554687,3.734375,0.429687,-0.017578,-0.123047,0.306519,0.550171,0.167175,0.758545,down
248241,7.492187,5.289062,3.886719,-0.402344,0.193359,-0.265625,0.306946,0.549866,0.167419,0.758545,down
248246,7.414062,4.867187,3.8125,-0.402344,0.193359,-0.265625,0.307739,0.549255,0.167358,0.758667,down
248251,7.347656,4.828125,3.8125,-0.402344,0.193359,-0.265625,0.310181,0.547363,0.166687,0.759216,down
248256,7.230469,4.828125,3.851563,-0.402344,0.193359,-0.265625,0.311523,0.546387,0.166382,0.759399,down
248261,7.191406,4.90625,3.851563,-0.402344,0.193359,-0.265625,0.311523,0.546387,0.166382,0.759399,down
248266,6.925781,5.097656,3.851563,-0.412109,0.21875,-0.482422,0.311523,0.546387,0.166382,0.759399,down
248271,6.925781,5.171875,3.886719,-0.412109,0.21875,-0.482422,0.31543,0.543823,0.167053,0.759521,down
248276,6.847656,5.363281,3.8125,-0.412109,0.21875,-0.482422,0.316223,0.543274,0.167969,0.759338,down
248281,6.882812,5.671875,3.8125,-0.412109,0.21875,-0.482422,0.316223,0.543274,0.167969,0.759338,down
248286,6.882812,5.976562,3.773438,0.369141,0.128906,-0.501953,0.316833,0.54303,0.169434,0.758972,down
248291,6.925781,6.207031,3.734375,0.369141,0.128906,-0.501953,0.317078,0.542908,0.170898,0.758606,down
248297,6.882812,6.359375,3.851563,0.558594,0.169922,-0.480469,0.317261,0.542664,0.174683,0.757812,down
248302,6.84375,6.589844,3.925781,0.558594,0.169922,-0.480469,0.317383,0.542419,0.176453,0.757568,down
248308,6.613281,6.742187,3.886719,0.558594,0.169922,-0.480469,0.317627,0.541992,0.177856,0.757446,down
248313,6.613281,6.742187,3.886719,0.060547,0.347656,-0.460937,0.318176,0.541199,0.179138,0.757507,down
248318,6.539062,6.664062,3.8125,0.060547,0.347656,-0.460937,0.318909,0.540344,0.179871,0.757629,down
248324,6.5,6.550781,3.964844,0.060547,0.347656,-0.460937,0.320007,0.539246,0.180237,0.757812,down
248330,6.460937,6.480469,3.851563,-0.566406,0.326172,-0.470703,0.320007,0.539246,0.180237,0.757812,down
248335,6.425781,6.320312,4.078125,-0.695312,0.332031,-0.457031,0.320007,0.539246,0.180237,0.757812,down
248341,6.382812,6.246094,4.15625,-0.744141,0.294922,-0.462891,0.324707,0.535278,0.179443,0.75885,down
248346,6.386719,6.167969,4.347656,-0.744141,0.294922,-0.462891,0.326416,0.533936,0.178894,0.759155,down
248351,6.421875,6.015625,4.269531,-0.638672,0.185547,-0.46875,0.326416,0.533936,0.178894,0.759155,down
248356,6.386719,6.09375,4.195312,-0.638672,0.185547,-0.46875,0.329773,0.531616,0.177795,0.759644,down
248361,6.382812,6.167969,4.234375,-0.638672,0.185547,-0.46875,0.331482,0.530518,0.177429,0.759705,down
248367,6.382812,6.246094,4.234375,-0.345703,0.146484,-0.523437,0.331482,0.530518,0.177429,0.759705,down
248372,6.382812,6.320312,4.15625,-0.345703,0.146484,-0.523437,0.335815,0.527893,0.177612,0.759583,down
248377,6.386719,6.441406,4.15625,-0.345703,0.146484,-0.523437,0.336975,0.527222,0.177917,0.759521,down
248382,6.386719,6.585937,4.15625,-0.273438,0.224609,-0.482422,0.338257,0.526245,0.178284,0.75946,down
248387,6.308594,6.546875,4.234375,-0.328125,0.244141,-0.453125,0.339417,0.525391,0.178528,0.759521,down
248393,6.269531,6.519531,4.425781,-0.328125,0.244141,-0.453125,0.340576,0.524475,0.178589,0.759644,down
248398,6.386719,6.441406,4.808594,-0.328125,0.244141,-0.453125,0.341858,0.523437,0.178528,0.759766,down
248405,6.425781,6.246094,4.882812,-0.599609,0.179687,-0.419922,0.341858,0.523437,0.178528,0.759766,down
248411,6.386719,6.09375,4.847656,-0.673828,0.171875,-0.449219,0.341858,0.523437,0.178528,0.759766,down
248416,6.382812,6.128906,4.769531,-0.6875,0.132812,-0.490234,0.346558,0.520264,0.177185,0.760132,down
248422,6.347656,6.285156,4.730469,-0.671875,0.089844,-0.53125,0.350342,0.51825,0.176208,0.76001,down
248427,6.421875,6.664062,4.652344,-0.671875,0.089844,-0.53125,0.352112,0.517517,0.175903,0.759766,down
248432,6.539062,6.929687,4.425781,-0.671875,0.089844,-0.53125,0.353699,0.516907,0.175781,0.75946,down
248437,6.539062,7.207031,4.234375,-0.414062,-0.005859,-0.609375,0.353699,0.516907,0.175781,0.75946,down
248442,6.578125,7.390625,4.117187,-0.414062,-0.005859,-0.609375,0.3573,0.515564,0.17572,0.758728,down
248447,6.5,7.3125,4.042969,-0.414062,-0.005859,-0.609375,0.358826,0.514893,0.175659,0.758423,down
248452,6.230469,6.96875,4.117187,-0.539062,0.074219,-0.607422,0.360718,0.513977,0.175537,0.758179,down
248457,6.078125,6.785156,4.269531,-0.539062,0.074219,-0.607422,0.362488,0.513123,0.175354,0.757996,down
248462,5.925781,6.519531,4.460937,-0.673828,0.095703,-0.625,0.364563,0.512024,0.174988,0.757812,down
248467,5.8125,6.28125,4.617187,-0.673828,0.095703,-0.625,0.366455,0.510986,0.174561,0.75769,down
248473,5.734375,6.054687,4.730469,-0.673828,0.095703,-0.625,0.368713,0.509766,0.17395,0.757629,down
248478,5.734375,6.054687,4.847656,-0.876953,0.060547,-0.636719,0.371094,0.508423,0.173157,0.757507,down
248483,5.886719,6.203125,4.960937,-0.876953,0.060547,-0.636719,0.373413,0.507263,0.172302,0.757324,down
248489,6.078125,6.402344,5.0,-0.876953,0.060547,-0.636719,0.375366,0.506348,0.171692,0.75708,down
248495,6.195312,6.550781,4.882812,-0.664062,-0.066406,-0.652344,0.377808,0.505371,0.171021,0.756714,down
248501,6.269531,6.667969,4.652344,-0.523437,-0.097656,-0.654297,0.377808,0.505371,0.171021,0.756714,down
248506,6.269531,6.785156,4.578125,-0.523437,-0.097656,-0.654297,0.381409,0.504272,0.170593,0.755737,down
248512,6.230469,6.898437,4.5,-0.28125,-0.146484,-0.679687,0.381409,0.504272,0.170593,0.755737,down
248517,6.230469,6.898437,4.5,-0.210937,-0.173828,-0.671875,0.384827,0.503662,0.170898,0.754333,down
248522,6.117187,7.351562,4.195312,-0.224609,-0.183594,-0.660156,0.386475,0.503479,0.171204,0.75354,down
248527,6.117187,7.351562,4.195312,-0.320313,-0.167969,-0.648437,0.388062,0.503296,0.171326,0.752808,down
248533,6.003906,7.351562,4.117187,-0.490234,-0.136719,-0.621094,0.388062,0.503296,0.171326,0.752808,down
248539,5.65625,7.046875,4.269531,-0.697266,-0.115234,-0.59375,0.391785,0.502258,0.170776,0.751709,down
248545,5.65625,6.519531,4.539062,-0.894531,-0.103516,-0.568359,0.396179,0.500427,0.168701,0.751099,down
248551,5.65625,6.285156,4.617187,-1.150391,-0.066406,-0.560547,0.396179,0.500427,0.168701,0.751099,down
248556,5.695312,5.898437,4.882812,-1.181641,-0.064453,-0.560547,0.396179,0.500427,0.168701,0.751099,down
248561,5.777344,5.746094,5.074219,-1.181641,-0.064453,-0.560547,0.403748,0.496643,0.164185,0.75061,down
248567,5.84375,5.746094,5.152344,-0.962891,-0.103516,-0.617187,0.403748,0.496643,0.164185,0.75061,down
248572,5.964844,5.710937,5.191406,-0.962891,-0.103516,-0.617187,0.411133,0.493286,0.160339,0.749634,down
248577,6.0,5.785156,5.152344,-0.962891,-0.103516,-0.617187,0.413147,0.492493,0.159668,0.749146,down
248582,6.195312,6.015625,5.113281,-0.962891,-0.103516,-0.617187,0.413147,0.492493,0.159668,0.749146,down
248587,6.308594,6.128906,5.113281,-0.289063,-0.136719,-0.697266,0.413147,0.492493,0.159668,0.749146,down
248592,6.308594,6.324219,5.191406,-0.289063,-0.136719,-0.697266,0.418579,0.491211,0.159668,0.747009,down
248597,6.230469,6.519531,5.074219,-0.289063,-0.136719,-0.697266,0.420105,0.491028,0.160095,0.746155,down
248602,6.078125,6.746094,4.960937,-0.289063,-0.136719,-0.697266,0.420105,0.491028,0.160095,0.746155,down
248607,6.003906,6.859375,4.960937,-0.091797,-0.197266,-0.695312,0.423157,0.490967,0.161072,0.744263,down
248612,5.886719,7.011719,4.921875,-0.091797,-0.197266,-0.695312,0.424683,0.490906,0.161316,0.743408,down
248617,5.8125,7.125,4.769531,-0.091797,-0.197266,-0.695312,0.424683,0.490906,0.161316,0.743408,down
248622,5.773437,7.246094,4.769531,-0.396484,-0.220703,-0.646484,0.428284,0.490356,0.161011,0.74176,down
248627,5.773437,7.28125,4.847656,-0.396484,-0.220703,-0.646484,0.428284,0.490356,0.161011,0.74176,down
248632,5.773437,7.164062,4.847656,-0.783203,-0.201172,-0.591797,0.430298,0.489868,0.1604,0.741028,down
248637,5.734375,7.011719,4.808594,-0.841797,-0.199219,-0.582031,0.432434,0.489197,0.159546,0.740417,down
248642,5.734375,6.933594,4.847656,-0.841797,-0.199219,-0.582031,0.434387,0.488525,0.15863,0.739929,down
248647,5.773437,6.707031,4.960937,-0.841797,-0.199219,-0.582031,0.438782,0.486877,0.156433,0.738892,down
248652,5.773437,6.546875,5.0,-0.847656,-0.205078,-0.583984,0.438782,0.486877,0.156433,0.738892,down
248657,5.847656,6.480469,5.039062,-0.847656,-0.205078,-0.583984,0.441223,0.485962,0.155212,0.738281,down
248662,5.847656,6.441406,5.152344,-0.800781,-0.214844,-0.587891,0.441223,0.485962,0.155212,0.738281,down
248667,5.847656,6.441406,5.152344,-0.800781,-0.214844,-0.587891,0.447266,0.484009,0.152527,0.736511,down
248672,5.8125,6.480469,5.039062,-0.800781,-0.214844,-0.587891,0.447266,0.484009,0.152527,0.736511,down
248677,5.773437,6.546875,4.960937,-0.402344,-0.236328,-0.605469,0.447266,0.484009,0.152527,0.736511,down
248682,5.65625,6.664062,4.847656,-0.402344,-0.236328,-0.605469,0.450989,0.483093,0.151489,0.735046,down
248687,5.542969,6.824219,4.769531,-0.162109,-0.25,-0.617187,0.452576,0.48291,0.151306,0.734192,down
248692,5.503906,6.933594,4.769531,-0.162109,-0.25,-0.617187,0.454163,0.48291,0.151428,0.733215,down
248697,5.390625,7.046875,4.652344,-0.162109,-0.25,-0.617187,0.456848,0.483154,0.151917,0.731323,down
248702,5.351562,7.125,4.539062,-0.162109,-0.25,-0.617187,0.458008,0.483276,0.152222,0.730408,down
248707,5.273437,7.285156,4.5,-0.162109,-0.25,-0.617187,0.458008,0.483276,0.152222,0.730408,down
248712,5.273437,7.316406,4.460937,-0.107422,-0.263672,-0.609375,0.458008,0.483276,0.152222,0.730408,down
248717,5.273437,7.207031,4.5,-0.173828,-0.251953,-0.597656,0.458008,0.483276,0.152222,0.730408,down
248722,5.3125,7.203125,4.539062,-0.173828,-0.251953,-0.597656,0.462097,0.483459,0.152771,0.727539,down
248727,5.273437,7.167969,4.617187,-0.439453,-0.164062,-0.542969,0.463745,0.483276,0.152649,0.726685,down
248732,5.199219,7.046875,4.652344,-0.439453,-0.164062,-0.542969,0.465271,0.48291,0.152405,0.726013,down
248737,5.199219,7.046875,4.652344,-0.541016,-0.128906,-0.517578,0.466858,0.482422,0.152039,0.725403,down
248742,5.3125,6.667969,4.691406,-0.541016,-0.128906,-0.517578,0.468384,0.481934,0.151611,0.724854,down
248747,5.351562,6.664062,4.769531,-0.490234,-0.109375,-0.486328,0.468384,0.481934,0.151611,0.724854,down
248752,5.425781,6.589844,4.769531,-0.490234,-0.109375,-0.486328,0.47168,0.480652,0.150635,0.723755,down
248757,5.425781,6.515625,4.691406,-0.490234,-0.109375,-0.486328,0.473083,0.480164,0.150269,0.723267,down
248762,5.425781,6.515625,4.691406,-0.349609,-0.085937,-0.484375,0.474365,0.479675,0.150085,0.722717,down
248767,5.425781,6.519531,4.652344,-0.349609,-0.085937,-0.484375,0.475647,0.479248,0.150024,0.722168,down
248772,5.390625,6.589844,4.652344,-0.150391,-0.066406,-0.5,0.476807,0.478943,0.150146,0.721558,down
248777,5.390625,6.589844,4.652344,-0.150391,-0.066406,-0.5,0.476807,0.478943,0.150146,0.721558,down
248783,5.351562,6.742187,4.652344,-0.058594,-0.064453,-0.515625,0.479797,0.47876,0.15155,0.719482,down
248789,5.273437,6.902344,4.652344,-0.058594,-0.064453,-0.515625,0.480713,0.478943,0.152283,0.718567,down
248794,5.390625,7.164062,4.730469,-0.058594,-0.064453,-0.515625,0.481567,0.479126,0.152954,0.717712,down
248799,5.390625,7.207031,4.808594,0.119141,-0.162109,-0.5625,0.481567,0.479126,0.152954,0.717712,down
248804,5.3125,7.28125,4.808594,0.087891,-0.15625,-0.583984,0.481567,0.479126,0.152954,0.717712,down
248809,5.3125,7.3125,4.882812,0.060547,-0.160156,-0.585937,0.481567,0.479126,0.152954,0.717712,down
248815,5.160156,7.203125,5.0,0.060547,-0.160156,-0.585937,0.485474,0.479797,0.155579,0.71405,down
248821,5.042969,7.167969,5.074219,-0.029297,-0.150391,-0.589844,0.485474,0.479797,0.155579,0.71405,down
248826,4.851562,7.046875,5.304687,-0.101563,-0.148437,-0.595703,0.485474,0.479797,0.155579,0.71405,down
248831,4.816406,7.011719,5.34375,-0.160156,-0.158203,-0.574219,0.485474,0.479797,0.155579,0.71405,down
248836,4.777344,6.863281,5.265625,-0.236328,-0.164062,-0.560547,0.485474,0.479797,0.155579,0.71405,down
248841,4.777344,6.820312,5.230469,-0.283203,-0.169922,-0.541016,0.485474,0.479797,0.155579,0.71405,down
248846,4.777344,6.78125,5.152344,-0.283203,-0.169922,-0.541016,0.493103,0.478943,0.156921,0.709106,down
248851,4.851562,6.933594,5.0,-0.283203,-0.169922,-0.541016,0.493103,0.478943,0.156921,0.709106,down
248856,4.890625,7.050781,4.921875,-0.183594,-0.236328,-0.498047,0.493103,0.478943,0.156921,0.709106,down
248861,4.929687,7.167969,4.769531,-0.113281,-0.238281,-0.5,0.493103,0.478943,0.156921,0.709106,down
248867,4.929687,7.285156,4.652344,-0.113281,-0.238281,-0.5,0.498779,0.479187,0.157288,0.704895,down
248872,4.96875,7.351562,4.652344,-0.113281,-0.238281,-0.5,0.498779,0.479187,0.157288,0.704895,down
248877,4.929687,7.433594,4.730469,0.083984,-0.277344,-0.5,0.498779,0.479187,0.157288,0.704895,down
248882,4.851562,7.546875,4.730469,0.119141,-0.304688,-0.501953,0.498779,0.479187,0.157288,0.704895,down
248887,4.851562,7.546875,4.730469,0.119141,-0.304688,-0.501953,0.501404,0.480469,0.158508,0.701843,down
248892,4.851562,7.585937,4.769531,0.037109,-0.316406,-0.496094,0.501404,0.480469,0.158508,0.701843,down
248898,4.851562,7.585937,4.882812,-0.060547,-0.320313,-0.5,0.501404,0.480469,0.158508,0.701843,down
248903,4.816406,7.546875,4.960937,-0.060547,-0.320313,-0.5,0.50592,0.481445,0.158752,0.697937,down
248908,4.816406,7.511719,5.0,-0.447266,-0.302734,-0.484375,0.50592,0.481445,0.158752,0.697937,down
248913,4.777344,7.394531,5.0,-0.447266,-0.302734,-0.484375,0.508789,0.481018,0.157654,0.69635,down
248918,4.777344,7.125,5.113281,-0.626953,-0.337891,-0.484375,0.508789,0.481018,0.157654,0.69635,down
248923,4.851562,6.972656,5.074219,-0.626953,-0.337891,-0.484375,0.512207,0.480225,0.155823,0.694824,down
248928,4.890625,6.785156,5.113281,-0.644531,-0.347656,-0.482422,0.512207,0.480225,0.155823,0.694824,down
248933,4.929687,6.667969,5.113281,-0.644531,-0.347656,-0.482422,0.515625,0.47937,0.153931,0.693298,down
248939,4.96875,6.519531,5.074219,-0.644531,-0.347656,-0.482422,0.517212,0.479004,0.153076,0.692505,down
248944,4.929687,6.515625,5.074219,-0.46875,-0.285156,-0.478516,0.518738,0.478699,0.152405,0.691711,down
248949,4.851562,6.515625,5.113281,-0.386719,-0.265625,-0.476562,0.518738,0.478699,0.152405,0.691711,down
248954,4.851562,6.585937,5.113281,-0.386719,-0.265625,-0.476562,0.521545,0.47821,0.151489,0.690186,down
248960,4.890625,6.746094,5.113281,-0.386719,-0.265625,-0.476562,0.522827,0.478027,0.151306,0.689392,down
248967,4.929687,6.898437,5.191406,-0.191406,-0.191406,-0.480469,0.522827,0.478027,0.151306,0.689392,down
248972,4.929687,7.046875,5.113281,-0.171875,-0.179687,-0.494141,0.522827,0.478027,0.151306,0.689392,down
248977,4.929687,7.089844,5.113281,-0.171875,-0.173828,-0.507812,0.522827,0.478027,0.151306,0.689392,down
248983,4.890625,7.085937,5.191406,-0.193359,-0.166016,-0.525391,0.528687,0.477295,0.151489,0.685364,down
248988,4.851562,7.089844,5.230469,-0.193359,-0.166016,-0.525391,0.530029,0.477051,0.151428,0.684509,down
248993,4.777344,7.089844,5.230469,-0.193359,-0.166016,-0.525391,0.531311,0.476807,0.151306,0.683716,down
248998,4.738281,7.046875,5.230469,-0.449219,-0.197266,-0.564453,0.531311,0.476807,0.151306,0.683716,down
249003,4.738281,6.972656,5.191406,-0.525391,-0.197266,-0.574219,0.532959,0.476318,0.151001,0.682861,down
249009,4.625,6.929687,5.191406,-0.525391,-0.197266,-0.574219,0.536255,0.475159,0.150085,0.681274,down
249014,4.585937,6.824219,5.152344,-0.525391,-0.197266,-0.574219,0.537903,0.474548,0.149475,0.680481,down
249019,4.585937,6.667969,5.191406,-0.625,-0.234375,-0.564453,0.537903,0.474548,0.149475,0.680481,down
249025,4.625,6.628906,5.230469,-0.589844,-0.240234,-0.556641,0.537903,0.474548,0.149475,0.680481,down
249030,4.585937,6.546875,5.421875,-0.589844,-0.240234,-0.556641,0.537903,0.474548,0.149475,0.680481,down
249035,4.546875,6.589844,5.496094,-0.382813,-0.271484,-0.517578,0.537903,0.474548,0.149475,0.680481,down
249040,4.546875,6.625,5.574219,-0.273438,-0.273438,-0.513672,0.537903,0.474548,0.149475,0.680481,down
249046,4.46875,6.707031,5.648437,-0.273438,-0.273438,-0.513672,0.537903,0.474548,0.149475,0.680481,down
249051,4.507812,6.824219,5.726562,-0.273438,-0.273438,-0.513672,0.548279,0.472229,0.146606,0.674438,down
249056,4.507812,6.824219,5.726562,0.013672,-0.261719,-0.490234,0.549255,0.472473,0.14679,0.673462,down
249061,4.507812,6.824219,5.726562,0.085937,-0.259766,-0.498047,0.55011,0.472778,0.147095,0.672485,down
249066,4.433594,7.089844,5.648437,0.085937,-0.259766,-0.498047,0.55011,0.472778,0.147095,0.672485,down
249071,4.46875,7.242187,5.613281,0.130859,-0.271484,-0.509766,0.55011,0.472778,0.147095,0.672485,down
249076,4.46875,7.242187,5.613281,0.111328,-0.306641,-0.546875,0.552551,0.474121,0.148437,0.66925,down
249082,4.585937,7.46875,5.496094,-0.091797,-0.345703,-0.578125,0.552551,0.474121,0.148437,0.66925,down
249087,4.585937,7.472656,5.421875,-0.091797,-0.345703,-0.578125,0.554626,0.474854,0.148926,0.66687,down
249093,4.546875,7.429687,5.34375,-0.207031,-0.375,-0.580078,0.554626,0.474854,0.148926,0.66687,down
249098,4.625,7.246094,5.191406,-0.339844,-0.396484,-0.580078,0.554626,0.474854,0.148926,0.66687,down
249103,4.660156,7.125,5.152344,-0.339844,-0.396484,-0.580078,0.559021,0.474976,0.14801,0.66333,down
249108,4.660156,7.007812,5.113281,-0.611328,-0.394531,-0.566406,0.560791,0.474731,0.147278,0.66217,down
249113,4.660156,6.933594,5.039062,-0.611328,-0.394531,-0.566406,0.5625,0.474365,0.146423,0.661133,down
249119,4.660156,6.746094,4.921875,-0.611328,-0.394531,-0.566406,0.565979,0.473389,0.144714,0.659241,down
249124,4.625,6.703125,5.0,-0.544922,-0.292969,-0.525391,0.56781,0.472839,0.143921,0.658264,down
249129,4.625,6.664062,5.0,-0.445312,-0.240234,-0.53125,0.569397,0.472351,0.143311,0.657349,down
249135,4.394531,6.742187,4.882812,-0.445312,-0.240234,-0.53125,0.570618,0.472046,0.143005,0.656555,down
249140,4.355469,6.929687,4.808594,-0.445312,-0.240234,-0.53125,0.571899,0.471802,0.142944,0.655701,down
249146,4.316406,7.089844,4.808594,-0.052734,-0.220703,-0.523437,0.571899,0.471802,0.142944,0.655701,down
249152,4.316406,7.28125,4.847656,0.056641,-0.238281,-0.542969,0.571899,0.471802,0.142944,0.655701,down
249157,4.316406,7.628906,4.882812,0.056641,-0.238281,-0.542969,0.571899,0.471802,0.142944,0.655701,down
249162,4.277344,7.773437,4.847656,0.166016,-0.289063,-0.574219,0.571899,0.471802,0.142944,0.655701,down
249168,4.277344,7.8125,4.808594,0.09375,-0.326172,-0.580078,0.571899,0.471802,0.142944,0.655701,down
249173,4.277344,7.894531,4.960937,0.09375,-0.326172,-0.580078,0.577393,0.473755,0.145264,0.648926,down
249179,4.238281,7.933594,4.882812,-0.070312,-0.330078,-0.580078,0.577393,0.473755,0.145264,0.648926,down
249184,4.277344,7.894531,4.882812,-0.070312,-0.330078,-0.580078,0.580811,0.474609,0.145813,0.645142,down
249189,4.164062,7.738281,5.0,-0.289063,-0.302734,-0.558594,0.580811,0.474609,0.145813,0.645142,down
249194,4.125,7.738281,5.113281,-0.289063,-0.302734,-0.558594,0.583496,0.474304,0.145325,0.643005,down
249199,4.046875,7.664062,5.191406,-0.289063,-0.302734,-0.558594,0.584778,0.473999,0.144958,0.642151,down
249204,4.011719,7.625,5.191406,-0.486328,-0.283203,-0.53125,0.586426,0.473511,0.144409,0.641113,down
249211,3.972656,7.433594,5.191406,-0.486328,-0.283203,-0.53125,0.58783,0.473145,0.14386,0.640259,down
249217,3.972656,7.394531,5.191406,-0.476562,-0.298828,-0.53125,0.58783,0.473145,0.14386,0.640259,down
249222,4.011719,7.46875,5.191406,-0.410156,-0.308594,-0.541016,0.58783,0.473145,0.14386,0.640259,down
249228,4.011719,7.546875,5.152344,-0.337891,-0.330078,-0.546875,0.58783,0.473145,0.14386,0.640259,down
249233,4.046875,7.625,5.074219,-0.285156,-0.337891,-0.556641,0.58783,0.473145,0.14386,0.640259,down
249238,4.046875,7.628906,5.113281,-0.21875,-0.353516,-0.554687,0.58783,0.473145,0.14386,0.640259,down
249243,4.046875,7.703125,5.074219,-0.21875,-0.353516,-0.554687,0.596252,0.471924,0.141541,0.63385,down
249248,4.046875,7.667969,5.0,-0.21875,-0.353516,-0.554687,0.597473,0.471924,0.141296,0.63269,down
249253,4.011719,7.628906,5.039062,-0.21875,-0.353516,-0.554687,0.598816,0.471985,0.141113,0.63147,down
249259,4.011719,7.628906,5.113281,-0.236328,-0.330078,-0.521484,0.601196,0.471924,0.140564,0.629333,down
249265,3.894531,7.550781,5.152344,-0.236328,-0.330078,-0.521484,0.602417,0.471863,0.140198,0.628296,down
249270,3.820313,7.589844,5.152344,-0.363281,-0.347656,-0.5,0.602417,0.471863,0.140198,0.628296,down
249275,3.855469,7.511719,5.113281,-0.408203,-0.353516,-0.517578,0.602417,0.471863,0.140198,0.628296,down
249281,3.972656,7.429687,5.113281,-0.408203,-0.353516,-0.517578,0.606506,0.471252,0.138672,0.625122,down
249286,4.085937,7.46875,5.113281,-0.417969,-0.382813,-0.550781,0.606506,0.471252,0.138672,0.625122,down
249291,4.164062,7.46875,5.152344,-0.410156,-0.380859,-0.564453,0.606506,0.471252,0.138672,0.625122,down
249296,4.203125,7.433594,5.113281,-0.394531,-0.378906,-0.568359,0.606506,0.471252,0.138672,0.625122,down
249301,4.238281,7.429687,5.074219,-0.394531,-0.378906,-0.568359,0.606506,0.471252,0.138672,0.625122,down
249307,4.203125,7.355469,5.074219,-0.367188,-0.349609,-0.595703,0.606506,0.471252,0.138672,0.625122,down
249312,4.203125,7.351562,5.039062,-0.384766,-0.328125,-0.599609,0.606506,0.471252,0.138672,0.625122,down
249318,4.164062,7.355469,5.074219,-0.388672,-0.308594,-0.591797,0.606506,0.471252,0.138672,0.625122,down
249323,4.046875,7.351562,5.074219,-0.367188,-0.298828,-0.587891,0.618286,0.469238,0.134888,0.615906,down
249328,4.046875,7.351562,5.074219,-0.367188,-0.298828,-0.587891,0.618286,0.469238,0.134888,0.615906,down
249333,4.011719,7.429687,5.113281,-0.314453,-0.283203,-0.554687,0.618286,0.469238,0.134888,0.615906,down
249338,3.972656,7.628906,5.039062,-0.314453,-0.283203,-0.554687,0.622375,0.468445,0.134033,0.61261,down
249343,3.855469,7.734375,5.039062,-0.314453,-0.283203,-0.554687,0.623596,0.468201,0.133789,0.611572,down
249349,3.820313,7.773437,5.0,-0.236328,-0.246094,-0.5,0.625916,0.467834,0.133545,0.609558,down
249354,3.742188,7.855469,4.921875,-0.236328,-0.246094,-0.5,0.625916,0.467834,0.133545,0.609558,down
249359,3.703125,7.851562,5.0,-0.111328,-0.228516,-0.527344,0.625916,0.467834,0.133545,0.609558,down
249364,3.742188,7.894531,4.960937,-0.111328,-0.228516,-0.527344,0.629028,0.467712,0.133728,0.606384,down
249369,3.933594,7.933594,4.960937,-0.111328,-0.228516,-0.527344,0.629028,0.467712,0.133728,0.606384,down
249374,4.011719,8.007813,4.960937,-0.111328,-0.228516,-0.527344,0.631226,0.467407,0.13385,0.604309,down
249379,4.046875,7.96875,5.074219,-0.285156,-0.212891,-0.595703,0.631226,0.467407,0.13385,0.604309,down
249384,4.046875,7.855469,5.152344,-0.349609,-0.205078,-0.589844,0.632568,0.467102,0.133789,0.603088,down
249389,4.125,7.707031,5.265625,-0.349609,-0.205078,-0.589844,0.635193,0.466248,0.133484,0.601074,down
249394,4.164062,7.625,5.34375,-0.349609,-0.205078,-0.589844,0.636597,0.465698,0.13324,0.600098,down
249399,4.164062,7.585937,5.34375,-0.511719,-0.175781,-0.578125,0.636597,0.465698,0.13324,0.600098,down
249404,4.164062,7.507812,5.34375,-0.552734,-0.150391,-0.564453,0.638245,0.464905,0.132874,0.59906,down
249410,4.011719,7.507812,5.304687,-0.552734,-0.150391,-0.564453,0.641113,0.463379,0.132141,0.59729,down
249415,4.011719,7.507812,5.304687,-0.486328,-0.154297,-0.548828,0.642639,0.462524,0.131775,0.596436,down
249420,3.933594,7.507812,5.382812,-0.388672,-0.166016,-0.535156,0.644104,0.461853,0.13147,0.595398,down
249426,3.742188,7.664062,5.34375,-0.388672,-0.166016,-0.535156,0.645203,0.461426,0.131287,0.594604,down
249432,3.703125,7.773437,5.230469,-0.222656,-0.201172,-0.529297,0.645203,0.461426,0.131287,0.594604,down
249437,3.703125,7.855469,5.265625,-0.166016,-0.222656,-0.511719,0.645203,0.461426,0.131287,0.594604,down
249443,3.78125,7.816406,5.304687,-0.140625,-0.228516,-0.515625,0.645203,0.461426,0.131287,0.594604,down
249449,3.820313,7.8125,5.265625,-0.142578,-0.228516,-0.503906,0.645203,0.461426,0.131287,0.594604,down
249454,3.78125,7.816406,5.265625,-0.142578,-0.228516,-0.503906,0.650452,0.460693,0.131226,0.589478,down
249459,3.78125,7.816406,5.230469,-0.167969,-0.216797,-0.5,0.650452,0.460693,0.131226,0.589478,down
249464,3.78125,7.816406,5.230469,-0.167969,-0.216797,-0.5,0.653503,0.460205,0.131042,0.586487,down
249469,3.664063,7.734375,5.230469,-0.367188,-0.203125,-0.474609,0.653503,0.460205,0.131042,0.586487,down
249474,3.628906,7.664062,5.230469,-0.367188,-0.203125,-0.474609,0.655884,0.45929,0.130371,0.584717,down
249479,3.511719,7.46875,5.265625,-0.367188,-0.203125,-0.474609,0.657166,0.458679,0.129883,0.583862,down
249484,3.4375,7.394531,5.304687,-0.507812,-0.214844,-0.482422,0.657166,0.458679,0.129883,0.583862,down
249489,3.398438,7.355469,5.230469,-0.507812,-0.214844,-0.482422,0.65863,0.457947,0.129272,0.582886,down
249494,3.359375,7.316406,5.230469,-0.462891,-0.248047,-0.501953,0.65863,0.457947,0.129272,0.582886,down
249499,3.359375,7.351562,5.152344,-0.462891,-0.248047,-0.501953,0.662476,0.456177,0.127808,0.5802,down
249504,3.472656,7.28125,5.230469,-0.419922,-0.251953,-0.517578,0.662476,0.456177,0.127808,0.5802,down
249509,3.472656,7.203125,5.265625,-0.419922,-0.251953,-0.517578,0.665222,0.455139,0.126892,0.578125,down
249514,3.550781,7.164062,5.34375,-0.333984,-0.220703,-0.527344,0.665222,0.455139,0.126892,0.578125,down
249519,3.550781,7.085937,5.34375,-0.333984,-0.220703,-0.527344,0.667542,0.454346,0.126404,0.576172,down
249524,3.550781,7.011719,5.421875,-0.234375,-0.205078,-0.519531,0.667542,0.454346,0.126404,0.576172,down
249529,3.472656,7.050781,5.421875,-0.234375,-0.205078,-0.519531,0.668762,0.454041,0.126282,0.575073,down
249534,3.472656,7.085937,5.421875,-0.21875,-0.21875,-0.513672,0.668762,0.454041,0.126282,0.575073,down
249539,3.472656,7.125,5.421875,-0.216797,-0.21875,-0.525391,0.671875,0.453369,0.126038,0.572021,down
249544,3.472656,7.167969,5.34375,-0.216797,-0.21875,-0.525391,0.671875,0.453369,0.126038,0.572021,down
249549,3.4375,7.28125,5.304687,-0.179687,-0.216797,-0.535156,0.671875,0.453369,0.126038,0.572021,down
249554,3.398438,7.355469,5.304687,-0.179687,-0.216797,-0.535156,0.67395,0.453064,0.125977,0.569763,down
249559,3.398438,7.390625,5.304687,-0.064453,-0.234375,-0.556641,0.674866,0.453003,0.126038,0.568665,down
249564,3.28125,7.390625,5.191406,-0.064453,-0.234375,-0.556641,0.675903,0.453003,0.126221,0.567444,down
249569,3.207031,7.511719,5.152344,-0.064453,-0.234375,-0.556641,0.677795,0.453064,0.126465,0.565125,down
249574,3.167969,7.585937,5.191406,-0.160156,-0.232422,-0.546875,0.677795,0.453064,0.126465,0.565125,down
249579,3.167969,7.550781,5.230469,-0.160156,-0.232422,-0.546875,0.678772,0.453003,0.126526,0.563965,down
249584,3.207031,7.507812,5.265625,-0.230469,-0.234375,-0.546875,0.681091,0.452454,0.126343,0.561646,down
249589,3.246094,7.46875,5.191406,-0.230469,-0.234375,-0.546875,0.68219,0.452087,0.126099,0.560669,down
249594,3.28125,7.394531,5.34375,-0.230469,-0.234375,-0.546875,0.68219,0.452087,0.126099,0.560669,down
249599,3.28125,7.394531,5.34375,-0.402344,-0.210937,-0.519531,0.683472,0.451538,0.125793,0.559631,down
249604,3.320313,7.355469,5.382812,-0.410156,-0.199219,-0.517578,0.684631,0.450989,0.125488,0.558655,down
249609,3.320313,7.355469,5.382812,-0.390625,-0.201172,-0.505859,0.685852,0.450439,0.125183,0.557739,down
249614,3.28125,7.28125,5.457031,-0.390625,-0.201172,-0.505859,0.687073,0.44989,0.124817,0.556702,down
249619,3.28125,7.28125,5.457031,-0.222656,-0.259766,-0.515625,0.688232,0.449524,0.124573,0.555664,down
249625,3.246094,7.394531,5.265625,-0.222656,-0.259766,-0.515625,0.690308,0.449158,0.124207,0.553467,down
249630,3.246094,7.550781,5.191406,-0.222656,-0.259766,-0.515625,0.690308,0.449158,0.124207,0.553467,down
249635,3.246094,7.550781,5.191406,-0.013672,-0.294922,-0.525391,0.692139,0.449402,0.124146,0.551025,down
249640,3.207031,7.625,5.074219,-0.013672,-0.294922,-0.525391,0.692993,0.449646,0.124207,0.549683,down
249646,3.167969,7.734375,5.0,-0.013672,-0.294922,-0.525391,0.693726,0.44989,0.124329,0.548584,down
249651,3.089844,7.738281,4.921875,0.0,-0.269531,-0.507812,0.693726,0.44989,0.124329,0.548584,down
249656,3.050781,7.738281,4.882812,-0.087891,-0.240234,-0.503906,0.693726,0.44989,0.124329,0.548584,down
249662,2.976563,7.738281,4.847656,-0.087891,-0.240234,-0.503906,0.696228,0.450134,0.124451,0.545105,down
249668,2.9375,7.734375,4.882812,-0.310547,-0.201172,-0.484375,0.696228,0.450134,0.124451,0.545105,down
249673,2.976563,7.585937,4.921875,-0.408203,-0.205078,-0.482422,0.696228,0.450134,0.124451,0.545105,down
249679,2.976563,7.472656,4.960937,-0.494141,-0.197266,-0.466797,0.696228,0.450134,0.124451,0.545105,down
249684,2.9375,7.429687,5.039062,-0.583984,-0.189453,-0.451172,0.696228,0.450134,0.124451,0.545105,down
249689,2.9375,7.351562,5.230469,-0.583984,-0.189453,-0.451172,0.702148,0.44696,0.122498,0.540588,down
249694,2.9375,7.3125,5.230469,-0.556641,-0.232422,-0.4375,0.702148,0.44696,0.122498,0.540588,down
249700,2.9375,7.28125,5.230469,-0.556641,-0.232422,-0.4375,0.706055,0.444458,0.120544,0.538025,down
249705,2.9375,7.28125,5.265625,-0.462891,-0.269531,-0.449219,0.707397,0.443726,0.119873,0.536987,down
249710,2.9375,7.355469,5.382812,-0.400391,-0.287109,-0.462891,0.708557,0.443176,0.119263,0.536011,down
249716,2.976563,7.355469,5.34375,-0.373047,-0.291016,-0.494141,0.709595,0.442749,0.118835,0.535095,down
249721,2.976563,7.394531,5.265625,-0.373047,-0.291016,-0.494141,0.710754,0.442383,0.118408,0.533997,down
249727,2.9375,7.3125,5.265625,-0.369141,-0.306641,-0.523437,0.710754,0.442383,0.118408,0.533997,down
249732,3.015625,7.355469,5.304687,-0.408203,-0.308594,-0.527344,0.710754,0.442383,0.118408,0.533997,down
249737,3.015625,7.28125,5.382812,-0.466797,-0.308594,-0.533203,0.710754,0.442383,0.118408,0.533997,down
249743,3.050781,7.246094,5.304687,-0.552734,-0.273438,-0.544922,0.710754,0.442383,0.118408,0.533997,down
249749,3.089844,7.167969,5.457031,-0.636719,-0.25,-0.564453,0.710754,0.442383,0.118408,0.533997,down
249754,3.089844,7.128906,5.535156,-0.636719,-0.25,-0.564453,0.718872,0.438354,0.114929,0.527161,down
249760,3.050781,7.128906,5.648437,-0.78125,-0.197266,-0.611328,0.718872,0.438354,0.114929,0.527161,down
249765,2.9375,7.164062,5.648437,-0.78125,-0.197266,-0.611328,0.723999,0.434448,0.112793,0.523804,down
249770,2.898438,7.164062,5.726562,-0.78125,-0.197266,-0.611328,0.725525,0.433228,0.112183,0.522766,down
249776,2.824219,7.203125,5.878906,-0.78125,-0.197266,-0.611328,0.727234,0.432007,0.111572,0.521545,down
249781,2.707031,7.246094,5.996094,-0.576172,-0.185547,-0.611328,0.728882,0.430908,0.111084,0.520325,down
249786,2.59375,7.351562,6.109375,-0.576172,-0.185547,-0.611328,0.730103,0.430115,0.110718,0.519348,down
249792,2.554688,7.511719,6.148437,-0.576172,-0.185547,-0.611328,0.731445,0.429443,0.110413,0.518066,down
249797,2.554688,7.46875,6.1875,-0.333984,-0.248047,-0.576172,0.732605,0.428894,0.110107,0.516907,down
249803,2.515625,7.507812,6.226562,-0.287109,-0.257813,-0.568359,0.732605,0.428894,0.110107,0.516907,down
249808,2.515625,7.585937,6.261719,-0.287109,-0.257813,-0.568359,0.732605,0.428894,0.110107,0.516907,down
249814,2.554688,7.707031,6.109375,-0.253906,-0.28125,-0.554687,0.732605,0.428894,0.110107,0.516907,down
249819,2.59375,7.703125,6.109375,-0.292969,-0.285156,-0.546875,0.738159,0.427185,0.108765,0.510681,down
249824,2.667969,7.777344,6.148437,-0.292969,-0.285156,-0.546875,0.738159,0.427185,0.108765,0.510681,down
249829,2.707031,7.773437,6.226562,-0.292969,-0.285156,-0.546875,0.73938,0.426636,0.108215,0.509521,down
249834,2.746094,7.707031,6.226562,-0.576172,-0.257813,-0.539062,0.73938,0.426636,0.108215,0.509521,down
249840,2.632813,7.511719,6.339844,-0.664062,-0.228516,-0.548828,0.73938,0.426636,0.108215,0.509521,down
249845,2.667969,7.472656,6.378906,-0.664062,-0.228516,-0.548828,0.7453,0.422302,0.10553,0.505005,down
249850,2.667969,7.394531,6.453125,-0.783203,-0.191406,-0.568359,0.746887,0.420959,0.104797,0.503967,down
249855,2.667969,7.28125,6.453125,-0.783203,-0.191406,-0.568359,0.746887,0.420959,0.104797,0.503967,down
249860,2.59375,7.203125,6.609375,-0.787109,-0.175781,-0.574219,0.748535,0.419495,0.104065,0.50293,down
249865,2.441406,7.207031,6.683594,-0.792969,-0.164062,-0.568359,0.749939,0.418274,0.103455,0.502014,down
249870,2.441406,7.207031,6.683594,-0.792969,-0.164062,-0.568359,0.749939,0.418274,0.103455,0.502014,down
249875,2.402344,7.207031,6.722656,-0.677734,-0.173828,-0.552734,0.749939,0.418274,0.103455,0.502014,down
249880,2.171875,7.207031,6.800781,-0.59375,-0.179687,-0.552734,0.754395,0.414429,0.101563,0.49884,down
249885,2.171875,7.246094,6.835937,-0.490234,-0.201172,-0.542969,0.756836,0.412781,0.100708,0.496643,down
249890,2.171875,7.285156,6.835937,-0.347656,-0.265625,-0.533203,0.756836,0.412781,0.100708,0.496643,down
249895,2.132813,7.429687,6.722656,-0.347656,-0.265625,-0.533203,0.759033,0.411804,0.099915,0.494263,down
249900,2.132813,7.46875,6.683594,-0.283203,-0.308594,-0.525391,0.759033,0.411804,0.099915,0.494263,down
249905,2.171875,7.46875,6.761719,-0.283203,-0.308594,-0.525391,0.760193,0.411438,0.099487,0.49292,down
249910,2.25,7.507812,6.644531,-0.285156,-0.324219,-0.529297,0.762207,0.410828,0.098694,0.490417,down
249916,2.25,7.507812,6.609375,-0.369141,-0.298828,-0.523437,0.763184,0.410461,0.098206,0.489319,down
249921,2.402344,7.394531,6.800781,-0.369141,-0.298828,-0.523437,0.764404,0.409851,0.097656,0.487976,down
249926,2.402344,7.355469,6.761719,-0.455078,-0.269531,-0.515625,0.765442,0.409302,0.097168,0.486938,down
249931,2.363281,7.285156,6.722656,-0.455078,-0.269531,-0.515625,0.766663,0.408569,0.09668,0.485779,down
249936,2.324219,7.203125,6.722656,-0.455078,-0.269531,-0.515625,0.767822,0.407776,0.096191,0.48468,down
249942,2.25,7.167969,6.761719,-0.455078,-0.269531,-0.515625,0.769043,0.406921,0.095764,0.483521,down
249949,2.132813,7.167969,6.722656,-0.484375,-0.195312,-0.537109,0.769043,0.406921,0.095764,0.483521,down
249955,2.132813,7.164062,6.683594,-0.466797,-0.1875,-0.539062,0.772522,0.404541,0.094604,0.480225,down
249960,2.132813,7.203125,6.609375,-0.466797,-0.1875,-0.539062,0.772522,0.404541,0.094604,0.480225,down
249965,2.09375,7.242187,6.683594,-0.396484,-0.199219,-0.529297,0.774719,0.403198,0.093933,0.477905,down
249970,2.25,7.433594,6.644531,-0.396484,-0.199219,-0.529297,0.775696,0.40271,0.093628,0.476807,down
249975,2.285156,7.433594,6.644531,-0.396484,-0.199219,-0.529297,0.776611,0.402283,0.093384,0.475708,down
249980,2.285156,7.511719,6.570312,-0.396484,-0.199219,-0.529297,0.776611,0.402283,0.093384,0.475708,down
249985,2.324219,7.511719,6.492187,-0.263672,-0.207031,-0.470703,0.776611,0.402283,0.093384,0.475708,down
249990,2.363281,7.46875,6.453125,-0.263672,-0.207031,-0.470703,0.779297,0.401062,0.092651,0.472473,down
249995,2.363281,7.472656,6.570312,-0.263672,-0.207031,-0.470703,0.779297,0.401062,0.092651,0.472473,down
250000,2.441406,7.429687,6.53125,-0.244141,-0.158203,-0.435547,0.780884,0.400269,0.092346,0.470642,down
250005,2.363281,7.28125,6.492187,-0.244141,-0.158203,-0.435547,0.781616,0.39978,0.092224,0.469788,down
250010,2.285156,7.3125,6.53125,-0.296875,-0.160156,-0.443359,0.781616,0.39978,0.092224,0.469788,down
250015,2.25,7.316406,6.570312,-0.279297,-0.183594,-0.46875,0.782593,0.399231,0.09198,0.46875,down
250020,2.324219,7.285156,6.609375,-0.279297,-0.183594,-0.46875,0.783386,0.398804,0.091797,0.467834,down
250025,2.324219,7.285156,6.609375,-0.279297,-0.183594,-0.46875,0.785034,0.398132,0.09137,0.465698,down
250030,2.25,7.355469,6.570312,-0.279297,-0.183594,-0.46875,0.785034,0.398132,0.09137,0.465698,down
250035,2.25,7.394531,6.609375,-0.052734,-0.261719,-0.505859,0.785034,0.398132,0.09137,0.465698,down
250040,2.285156,7.585937,6.644531,-0.052734,-0.261719,-0.505859,0.78656,0.39801,0.091125,0.463257,down
250045,2.363281,7.667969,6.570312,0.011719,-0.238281,-0.488281,0.787231,0.398132,0.091125,0.461975,down
250050,2.363281,7.777344,6.492187,0.011719,-0.238281,-0.488281,0.787903,0.398376,0.091125,0.460632,down
250055,2.324219,7.855469,6.492187,0.011719,-0.238281,-0.488281,0.788513,0.398499,0.091125,0.459473,down
250060,2.363281,7.894531,6.53125,-0.101563,-0.189453,-0.464844,0.788513,0.398499,0.091125,0.459473,down
250065,2.285156,7.851562,6.492187,-0.101563,-0.189453,-0.464844,0.789673,0.398621,0.091187,0.457336,down
250070,2.171875,7.855469,6.453125,-0.257813,-0.167969,-0.453125,0.790466,0.398438,0.091125,0.456238,down
250075,2.171875,7.851562,6.570312,-0.257813,-0.167969,-0.453125,0.79126,0.398071,0.091003,0.4552,down
250080,2.09375,7.738281,6.644531,-0.257813,-0.167969,-0.453125,0.792908,0.396973,0.090454,0.453369,down
250085,2.058594,7.664062,6.683594,-0.257813,-0.167969,-0.453125,0.792908,0.396973,0.090454,0.453369,down
250090,1.980469,7.585937,6.722656,-0.46875,-0.207031,-0.400391,0.792908,0.396973,0.090454,0.453369,down
250095,2.019531,7.46875,6.875,-0.46875,-0.207031,-0.400391,0.7948,0.395447,0.089539,0.451477,down
250101,2.058594,7.433594,6.875,-0.455078,-0.222656,-0.386719,0.796631,0.394043,0.08844,0.449768,down
250106,2.171875,7.390625,6.914062,-0.371094,-0.251953,-0.384766,0.797668,0.393372,0.087769,0.44873,down
250111,2.171875,7.285156,6.953125,-0.371094,-0.251953,-0.384766,0.798462,0.392883,0.08728,0.447754,down
250116,2.210938,7.203125,6.914062,-0.371094,-0.251953,-0.384766,0.799133,0.392578,0.086853,0.44696,down
250121,2.285156,7.242187,6.953125,-0.191406,-0.257813,-0.384766,0.799866,0.392334,0.086426,0.445862,down
250126,2.324219,7.207031,6.875,-0.152344,-0.248047,-0.386719,0.800537,0.392151,0.086121,0.444885,down
250131,2.324219,7.246094,6.835937,-0.152344,-0.248047,-0.386719,0.801086,0.392029,0.085876,0.444031,down
250136,2.402344,7.3125,6.800781,-0.185547,-0.199219,-0.375,0.801819,0.391846,0.085571,0.442993,down
250142,2.441406,7.242187,6.761719,-0.185547,-0.199219,-0.375,0.802368,0.391541,0.085388,0.442261,down
250147,2.363281,7.28125,6.683594,-0.28125,-0.140625,-0.363281,0.802368,0.391541,0.085388,0.442261,down
250153,2.25,7.246094,6.722656,-0.28125,-0.140625,-0.363281,0.803772,0.390564,0.0849,0.440674,down
250159,2.171875,7.207031,6.835937,-0.330078,-0.115234,-0.333984,0.803772,0.390564,0.0849,0.440674,down
250164,2.132813,7.164062,6.835937,-0.345703,-0.105469,-0.316406,0.803772,0.390564,0.0849,0.440674,down
250170,2.058594,7.085937,6.835937,-0.345703,-0.105469,-0.316406,0.80658,0.388,0.083862,0.437927,down
250175,2.058594,7.007812,6.875,-0.345703,-0.105469,-0.316406,0.80658,0.388,0.083862,0.437927,down
250180,2.058594,7.007812,6.875,-0.318359,-0.128906,-0.304688,0.807312,0.38739,0.083557,0.437256,down
250185,2.09375,7.007812,6.875,-0.267578,-0.142578,-0.306641,0.807312,0.38739,0.083557,0.437256,down
250190,2.09375,7.007812,6.875,-0.203125,-0.171875,-0.304688,0.808533,0.386536,0.083008,0.435913,down
250195,2.171875,6.929687,6.875,-0.203125,-0.171875,-0.304688,0.808533,0.386536,0.083008,0.435913,down
250200,2.171875,6.929687,6.875,-0.121094,-0.1875,-0.310547,0.809509,0.386292,0.082581,0.434326,down
250205,2.285156,6.898437,6.800781,0.017578,-0.179687,-0.314453,0.810242,0.386597,0.082458,0.432739,down
250210,2.285156,6.972656,6.761719,0.017578,-0.179687,-0.314453,0.810242,0.386597,0.082458,0.432739,down
250215,2.285156,7.046875,6.761719,0.113281,-0.179687,-0.328125,0.810242,0.386597,0.082458,0.432739,down
250220,2.285156,7.085937,6.683594,0.123047,-0.1875,-0.333984,0.810242,0.386597,0.082458,0.432739,down
250225,2.25,7.128906,6.570312,0.123047,-0.1875,-0.333984,0.811096,0.387634,0.082703,0.430115,down
250230,2.363281,7.242187,6.53125,0.123047,-0.1875,-0.333984,0.811462,0.387878,0.082764,0.429199,down
250236,2.285156,7.242187,6.53125,0.009766,-0.099609,-0.330078,0.811462,0.387878,0.082764,0.429199,down
250241,2.171875,7.316406,6.609375,0.009766,-0.099609,-0.330078,0.8125,0.388184,0.08313,0.42688,down
250247,2.058594,7.351562,6.644531,0.009766,-0.099609,-0.330078,0.812927,0.388123,0.083313,0.426086,down
250252,1.980469,7.285156,6.644531,-0.101563,-0.0625,-0.308594,0.813354,0.387939,0.083374,0.425476,down
250257,1.980469,7.285156,6.644531,-0.134766,-0.066406,-0.294922,0.813354,0.387939,0.083374,0.425476,down
250263,1.863281,7.242187,6.644531,-0.134766,-0.066406,-0.294922,0.814209,0.38739,0.083374,0.424255,down
250269,1.828125,7.203125,6.609375,-0.199219,-0.087891,-0.275391,0.814209,0.38739,0.083374,0.424255,down
250275,1.828125,7.246094,6.722656,-0.234375,-0.103516,-0.263672,0.814209,0.38739,0.083374,0.424255,down
250280,1.902344,7.246094,6.722656,-0.242187,-0.128906,-0.261719,0.814209,0.38739,0.083374,0.424255,down
250286,1.902344,7.207031,6.722656,-0.224609,-0.150391,-0.259766,0.814209,0.38739,0.083374,0.424255,down
250291,1.902344,7.167969,6.722656,-0.224609,-0.150391,-0.259766,0.817383,0.385132,0.082031,0.420532,down
250296,1.863281,7.125,6.683594,-0.224609,-0.150391,-0.259766,0.81781,0.384888,0.081848,0.419922,down
250301,1.902344,7.128906,6.722656,-0.138672,-0.164062,-0.271484,0.818298,0.384705,0.081604,0.419189,down
250306,1.902344,7.128906,6.722656,-0.128906,-0.154297,-0.271484,0.818298,0.384705,0.081604,0.419189,down
250311,1.863281,7.089844,6.761719,-0.128906,-0.154297,-0.271484,0.818787,0.384521,0.08136,0.418518,down
250316,1.863281,7.085937,6.800781,-0.128906,-0.154297,-0.271484,0.81958,0.384216,0.081055,0.417297,down
250321,1.828125,7.085937,6.835937,-0.128906,-0.154297,-0.271484,0.81958,0.384216,0.081055,0.417297,down
250326,1.789063,7.085937,6.800781,-0.160156,-0.128906,-0.248047,0.820435,0.383728,0.080688,0.416077,down
250331,1.789063,7.085937,6.835937,-0.160156,-0.128906,-0.248047,0.820862,0.383423,0.080505,0.415527,down
250336,1.789063,7.128906,6.761719,-0.160156,-0.128906,-0.248047,0.82135,0.383179,0.080322,0.414917,down
250341,1.789063,7.128906,6.761719,-0.171875,-0.130859,-0.246094,0.82135,0.383179,0.080322,0.414917,down
250346,1.789063,7.125,6.875,-0.171875,-0.130859,-0.246094,0.821777,0.382874,0.080139,0.414307,down
250352,1.789063,6.859375,6.800781,-0.171875,-0.130859,-0.246094,0.822632,0.382385,0.079773,0.413208,down
250357,1.789063,6.859375,6.800781,-0.136719,-0.101563,-0.244141,0.822998,0.382141,0.079651,0.412659,down
250362,1.789063,6.742187,6.683594,-0.140625,-0.082031,-0.255859,0.823486,0.381897,0.079529,0.411987,down
250368,1.789063,6.667969,6.917969,-0.140625,-0.082031,-0.255859,0.823853,0.381653,0.079468,0.411499,down
250373,1.828125,6.550781,6.914062,-0.115234,-0.097656,-0.314453,0.823853,0.381653,0.079468,0.411499,down
250378,1.789063,6.515625,6.835937,-0.117188,-0.099609,-0.345703,0.823853,0.381653,0.079468,0.411499,down
250384,1.828125,6.515625,6.800781,-0.126953,-0.128906,-0.361328,0.823853,0.381653,0.079468,0.411499,down
250390,1.828125,6.589844,6.722656,-0.125,-0.152344,-0.365234,0.823853,0.381653,0.079468,0.411499,down
250395,1.789063,6.628906,6.722656,-0.115234,-0.150391,-0.375,0.823853,0.381653,0.079468,0.411499,down
250401,1.789063,6.859375,6.800781,-0.091797,-0.150391,-0.378906,0.823853,0.381653,0.079468,0.411499,down
250406,1.828125,6.933594,6.835937,-0.091797,-0.150391,-0.378906,0.827759,0.380432,0.079163,0.404785,down
250411,1.789063,7.050781,6.800781,-0.013672,-0.158203,-0.345703,0.827759,0.380432,0.079163,0.404785,down
250416,1.789063,7.011719,6.761719,-0.013672,-0.158203,-0.345703,0.828125,0.380493,0.079102,0.403931,down
250421,1.789063,7.007812,6.835937,0.025391,-0.160156,-0.316406,0.828125,0.380493,0.079102,0.403931,down
250426,1.75,7.125,6.875,0.025391,-0.160156,-0.316406,0.829163,0.380859,0.079102,0.401428,down
250431,1.75,7.125,6.914062,0.03125,-0.175781,-0.302734,0.829163,0.380859,0.079102,0.401428,down
250436,1.75,7.125,6.914062,0.03125,-0.175781,-0.302734,0.829773,0.381226,0.079041,0.399902,down
250441,1.75,7.125,6.835937,0.03125,-0.175781,-0.302734,0.829773,0.381226,0.079041,0.399902,down
250446,1.75,7.164062,6.800781,-0.039063,-0.191406,-0.291016,0.830078,0.381287,0.078918,0.399109,down
250452,1.789063,7.128906,6.761719,-0.039063,-0.191406,-0.291016,0.830811,0.381409,0.078613,0.397522,down
250457,1.789063,7.167969,6.722656,-0.003906,-0.177734,-0.275391,0.831177,0.381531,0.078491,0.39679,down
250463,1.828125,7.164062,6.800781,-0.003906,-0.177734,-0.275391,0.831421,0.381653,0.07843,0.396179,down
250468,1.828125,7.203125,6.800781,0.054687,-0.15625,-0.275391,0.831421,0.381653,0.07843,0.396179,down
250474,1.828125,7.207031,6.761719,0.083984,-0.130859,-0.273438,0.831421,0.381653,0.07843,0.396179,down
250479,1.789063,7.203125,6.683594,0.083984,-0.130859,-0.273438,0.832153,0.382324,0.078552,0.393982,down
250484,1.789063,7.285156,6.761719,0.146484,-0.134766,-0.273438,0.832153,0.382324,0.078552,0.393982,down
250489,1.789063,7.207031,6.722656,0.15625,-0.144531,-0.271484,0.832153,0.382324,0.078552,0.393982,down
250494,1.789063,7.28125,6.683594,0.15625,-0.144531,-0.271484,0.832581,0.383484,0.078918,0.391846,down
250499,1.789063,7.316406,6.722656,0.125,-0.160156,-0.265625,0.832581,0.383484,0.078918,0.391846,down
250505,1.789063,7.28125,6.800781,0.076172,-0.150391,-0.267578,0.832581,0.383484,0.078918,0.391846,down
250510,1.789063,7.203125,6.835937,0.076172,-0.150391,-0.267578,0.83313,0.384399,0.078979,0.389648,down
250515,1.789063,7.246094,6.761719,0.03125,-0.160156,-0.257813,0.83313,0.384399,0.078979,0.389648,down
250520,1.789063,7.316406,6.761719,0.021484,-0.158203,-0.248047,0.83313,0.384399,0.078979,0.389648,down
250525,1.789063,7.351562,6.835937,0.029297,-0.164062,-0.236328,0.83313,0.384399,0.078979,0.389648,down
250530,1.789063,7.28125,6.914062,0.029297,-0.164062,-0.236328,0.834106,0.385071,0.078735,0.387024,down
250535,1.789063,7.28125,6.875,0.037109,-0.181641,-0.199219,0.834106,0.385071,0.078735,0.387024,down
250540,1.789063,7.28125,6.800781,0.052734,-0.167969,-0.191406,0.834106,0.385071,0.078735,0.387024,down
250545,1.789063,7.246094,6.761719,0.078125,-0.162109,-0.181641,0.834106,0.385071,0.078735,0.387024,down
250550,1.789063,7.285156,6.761719,0.078125,-0.162109,-0.181641,0.834106,0.385071,0.078735,0.387024,down
250555,1.789063,7.242187,6.683594,0.078125,-0.162109,-0.181641,0.834778,0.386475,0.078247,0.384216,down
250561,1.828125,7.28125,6.683594,0.205078,-0.177734,-0.15625,0.834778,0.387573,0.078186,0.383179,down
250566,1.789063,7.511719,6.570312,0.205078,-0.177734,-0.15625,0.834778,0.387573,0.078186,0.383179,down
250571,1.828125,7.550781,6.53125,0.283203,-0.138672,-0.148437,0.834717,0.388184,0.078247,0.38269,down
250576,1.863281,7.472656,6.570312,0.283203,-0.138672,-0.148437,0.834595,0.388977,0.078369,0.382141,down
250581,1.789063,7.585937,6.53125,0.283203,-0.138672,-0.148437,0.834473,0.389526,0.078491,0.381714,down
250586,1.789063,7.507812,6.492187,0.222656,-0.066406,-0.134766,0.834412,0.390198,0.078735,0.381226,down
250591,1.75,7.507812,6.492187,0.205078,-0.076172,-0.126953,0.83429,0.390686,0.078918,0.38092,down
250596,1.75,7.585937,6.492187,0.205078,-0.076172,-0.126953,0.834229,0.391235,0.079102,0.380493,down
250602,1.671875,7.511719,6.53125,0.205078,-0.076172,-0.126953,0.834167,0.391968,0.079285,0.379761,down
250607,1.710938,7.46875,6.683594,0.035156,-0.125,-0.103516,0.834229,0.392151,0.079163,0.379395,down
250612,1.75,7.472656,6.761719,-0.035156,-0.109375,-0.089844,0.834229,0.392151,0.079163,0.379395,down
250617,1.789063,7.429687,6.722656,-0.035156,-0.109375,-0.089844,0.834534,0.392212,0.078857,0.378845,down
250623,1.789063,7.28125,6.644531,-0.035156,-0.109375,-0.089844,0.834717,0.39209,0.078674,0.378601,down
250628,1.789063,7.203125,6.800781,-0.035156,-0.109375,-0.089844,0.8349,0.391968,0.07843,0.378357,down
250634,1.789063,7.125,6.800781,-0.083984,-0.113281,-0.089844,0.8349,0.391968,0.07843,0.378357,down
250639,1.789063,7.085937,6.644531,-0.091797,-0.101563,-0.095703,0.8349,0.391968,0.07843,0.378357,down
250646,1.75,7.011719,6.722656,-0.095703,-0.099609,-0.09375,0.8349,0.391968,0.07843,0.378357,down
250651,1.789063,6.96875,6.835937,-0.099609,-0.095703,-0.076172,0.8349,0.391968,0.07843,0.378357,down
250656,1.789063,6.96875,6.800781,-0.09375,-0.082031,-0.068359,0.835815,0.391418,0.077332,0.377075,down
250662,1.75,6.859375,6.683594,-0.082031,-0.080078,-0.050781,0.835999,0.391296,0.077148,0.376892,down
250667,1.789063,6.96875,6.644531,-0.082031,-0.080078,-0.050781,0.836304,0.391052,0.076782,0.376526,down
250672,1.789063,7.007812,6.800781,-0.082031,-0.080078,-0.050781,0.836304,0.391052,0.076782,0.376526,down
250677,1.789063,7.007812,6.914062,-0.082031,-0.080078,-0.050781,0.836487,0.390869,0.076599,0.376282,down
250682,1.789063,6.96875,6.875,0.011719,-0.041016,-0.044922,0.836548,0.390869,0.076538,0.37616,down
250687,1.75,6.933594,6.875,0.037109,-0.033203,-0.056641,0.836548,0.390869,0.076538,0.37616,down
250692,1.75,6.972656,6.761719,0.037109,-0.033203,-0.056641,0.836609,0.391113,0.076599,0.375854,down
250697,1.75,6.972656,6.761719,0.037109,-0.033203,-0.056641,0.836548,0.391296,0.07666,0.375671,down
250702,1.789063,7.007812,6.835937,0.126953,-0.048828,-0.066406,0.836548,0.391296,0.07666,0.375671,down
250707,1.789063,7.085937,6.835937,0.126953,-0.048828,-0.066406,0.836487,0.391907,0.076843,0.375305,down
250712,1.789063,7.085937,6.835937,0.126953,-0.048828,-0.066406,0.836426,0.392212,0.076904,0.375061,down
250717,1.789063,7.207031,6.761719,0.128906,-0.048828,-0.066406,0.836365,0.392517,0.077026,0.374878,down
250723,1.789063,7.125,6.683594,0.128906,-0.048828,-0.066406,0.836304,0.392761,0.077087,0.374695,down
250728,1.789063,7.203125,6.683594,0.117188,-0.025391,-0.064453,0.836304,0.392761,0.077087,0.374695,down
250733,1.789063,7.203125,6.644531,0.117188,-0.025391,-0.064453,0.836182,0.39325,0.077332,0.374329,down
250739,1.789063,7.242187,6.644531,0.083984,-0.019531,-0.066406,0.836182,0.393494,0.077454,0.374207,down
250744,1.789063,7.285156,6.570312,0.0625,-0.019531,-0.060547,0.836182,0.393494,0.077454,0.374207,down
250749,1.789063,7.242187,6.609375,0.0625,-0.019531,-0.060547,0.836121,0.393738,0.077637,0.373901,down
250754,1.789063,7.242187,6.609375,0.013672,-0.005859,-0.074219,0.836121,0.393738,0.077637,0.373901,down
250760,1.75,7.203125,6.644531,0.0,-0.007813,-0.072266,0.836121,0.393738,0.077637,0.373901,down
250765,1.75,7.203125,6.644531,0.0,-0.007813,-0.072266,0.836304,0.393799,0.077881,0.373413,down
250770,1.75,7.125,6.609375,0.0,-0.007813,-0.072266,0.836304,0.393799,0.077881,0.373413,down
250775,1.75,7.050781,6.683594,0.0,-0.007813,-0.072266,0.836426,0.393799,0.078003,0.373108,down
250781,1.75,7.167969,6.722656,0.011719,-0.039063,-0.066406,0.836426,0.393799,0.078003,0.373108,down
250787,1.75,7.128906,6.722656,0.011719,-0.039063,-0.066406,0.836548,0.393982,0.078003,0.37262,down
250792,1.710938,7.128906,6.722656,0.025391,-0.039063,-0.048828,0.836548,0.393982,0.078003,0.37262,down
250797,1.710938,7.128906,6.722656,0.025391,-0.039063,-0.048828,0.836609,0.394165,0.078003,0.372375,down
250803,1.710938,7.164062,6.683594,0.025391,-0.039063,-0.048828,0.836609,0.394226,0.078003,0.372253,down
250808,1.710938,7.203125,6.644531,0.041016,-0.039063,-0.021484,0.836609,0.394348,0.078003,0.372131,down
250813,1.75,7.164062,6.683594,0.042969,-0.046875,-0.019531,0.836609,0.394348,0.078003,0.372131,down
250818,1.75,7.242187,6.683594,0.029297,-0.046875,-0.013672,0.836609,0.394348,0.078003,0.372131,down
250823,1.710938,7.203125,6.644531,0.029297,-0.046875,-0.013672,0.836548,0.394653,0.077881,0.371948,down
250829,1.710938,7.164062,6.644531,0.029297,-0.046875,-0.013672,0.836548,0.394775,0.077881,0.371887,down
250836,1.710938,7.085937,6.683594,0.03125,-0.03125,-0.017578,0.836548,0.394775,0.077881,0.371887,down
250841,1.671875,7.085937,6.570312,0.03125,-0.019531,-0.037109,0.836548,0.394775,0.077881,0.371887,down
250847,1.671875,7.050781,6.570312,0.027344,-0.027344,-0.044922,0.836548,0.394775,0.077881,0.371887,down
250852,1.671875,7.085937,6.570312,0.027344,-0.027344,-0.044922,0.836487,0.395081,0.078003,0.371582,down
250857,1.710938,7.046875,6.570312,0.013672,-0.033203,-0.058594,0.836487,0.395081,0.078003,0.371582,down
250862,1.671875,7.085937,6.570312,0.029297,-0.048828,-0.066406,0.836609,0.395325,0.078003,0.371094,down
250867,1.710938,7.050781,6.609375,0.050781,-0.068359,-0.066406,0.836609,0.395325,0.078003,0.371094,down
250872,1.710938,7.128906,6.570312,0.050781,-0.068359,-0.066406,0.836609,0.395508,0.077942,0.370911,down
250877,1.710938,7.125,6.609375,0.050781,-0.068359,-0.066406,0.836609,0.395935,0.077942,0.370544,down
