timestamp,ax,ay,az,gx,gy,gz,qw,qx,qy,qz,label
137016,8.21875,3.546875,3.402344,-0.287109,-0.082031,-0.212891,0.196533,0.568848,0.097595,0.792664,down
137022,8.261719,3.46875,3.519531,-0.287109,-0.082031,-0.212891,0.196533,0.568848,0.097595,0.792664,down
137027,8.261719,3.507813,3.59375,-0.210937,-0.105469,-0.212891,0.196533,0.568848,0.097595,0.792664,down
137033,8.261719,3.507813,3.59375,-0.121094,-0.117188,-0.208984,0.196533,0.568848,0.097595,0.792664,down
137038,8.21875,3.621094,3.671875,-0.121094,-0.117188,-0.208984,0.202026,0.568604,0.096741,0.791504,down
137043,8.152344,3.660156,3.59375,0.0,-0.095703,-0.234375,0.202026,0.568604,0.096741,0.791504,down
137048,8.113281,3.777344,3.59375,0.0,-0.095703,-0.234375,0.202759,0.568665,0.096985,0.79126,down
137053,8.035156,3.738281,3.59375,0.121094,-0.089844,-0.230469,0.202759,0.568665,0.096985,0.79126,down
137058,8.070313,3.96875,3.59375,0.121094,-0.089844,-0.230469,0.204529,0.568787,0.09845,0.790527,down
137063,8.109375,3.890625,3.632813,0.132812,-0.107422,-0.21875,0.204529,0.568787,0.09845,0.790527,down
137068,8.148438,3.929688,3.632813,0.132812,-0.107422,-0.21875,0.205017,0.568909,0.099121,0.790283,down
137073,8.183594,3.96875,3.554688,0.048828,-0.140625,-0.189453,0.205017,0.568909,0.099121,0.790283,down
137079,8.335938,3.890625,3.59375,-0.015625,-0.144531,-0.185547,0.206055,0.569092,0.099976,0.789734,down
137084,8.335938,3.890625,3.59375,-0.068359,-0.146484,-0.181641,0.207153,0.569336,0.100403,0.789185,down
137089,8.414063,3.777344,3.554688,-0.068359,-0.146484,-0.181641,0.207947,0.569458,0.100464,0.788879,down
137094,8.375,3.777344,3.554688,-0.068359,-0.146484,-0.181641,0.208557,0.569519,0.100464,0.788696,down
137099,8.375,3.738281,3.554688,-0.158203,-0.126953,-0.183594,0.209412,0.56958,0.100342,0.788452,down
137104,8.375,3.738281,3.554688,-0.164062,-0.107422,-0.201172,0.210144,0.56958,0.100281,0.788269,down
137109,8.257813,3.660156,3.671875,-0.164062,-0.107422,-0.201172,0.210937,0.56958,0.100281,0.788025,down
137114,8.222656,3.621094,3.746094,-0.164062,-0.107422,-0.201172,0.211609,0.569519,0.100281,0.787903,down
137119,8.179688,3.621094,3.746094,-0.115234,-0.089844,-0.220703,0.212402,0.569519,0.100342,0.787659,down
137124,8.152344,3.585938,3.785156,-0.089844,-0.087891,-0.224609,0.213135,0.569519,0.100403,0.787476,down
137130,8.179688,3.585938,3.785156,-0.089844,-0.087891,-0.224609,0.213684,0.569519,0.100586,0.787292,down
137135,8.179688,3.621094,3.785156,-0.052734,-0.117188,-0.234375,0.214355,0.56958,0.100769,0.787048,down
137140,8.109375,3.699219,3.710938,-0.041016,-0.123047,-0.242187,0.214355,0.56958,0.100769,0.787048,down
137145,8.148438,3.699219,3.746094,-0.029297,-0.138672,-0.240234,0.214355,0.56958,0.100769,0.787048,down
137150,8.113281,3.621094,3.710938,-0.029297,-0.138672,-0.240234,0.214355,0.56958,0.100769,0.787048,down
137155,8.070313,3.621094,3.59375,-0.013672,-0.162109,-0.224609,0.214355,0.56958,0.100769,0.787048,down
137160,8.070313,3.699219,3.671875,-0.003906,-0.195312,-0.208984,0.214355,0.56958,0.100769,0.787048,down
137166,8.113281,3.738281,3.632813,-0.003906,-0.195312,-0.208984,0.214355,0.56958,0.100769,0.787048,down
137171,8.113281,3.777344,3.519531,0.027344,-0.255859,-0.175781,0.214355,0.56958,0.100769,0.787048,down
137177,8.113281,3.851563,3.402344,0.041016,-0.28125,-0.154297,0.214355,0.56958,0.100769,0.787048,down
137182,8.152344,3.851563,3.402344,0.041016,-0.28125,-0.154297,0.219116,0.572083,0.102783,0.783691,down
137187,8.179688,3.96875,3.328125,0.041016,-0.28125,-0.154297,0.219116,0.572083,0.102783,0.783691,down
137192,8.152344,3.96875,3.363281,0.041016,-0.28125,-0.154297,0.219849,0.57312,0.103149,0.782654,down
137197,8.179688,4.003906,3.328125,0.097656,-0.322266,-0.183594,0.219849,0.57312,0.103149,0.782654,down
137203,8.296875,4.082031,3.210938,0.117188,-0.310547,-0.191406,0.219849,0.57312,0.103149,0.782654,down
137208,8.339844,4.121094,3.210938,0.066406,-0.294922,-0.208984,0.220825,0.574768,0.104126,0.781067,down
137213,8.378906,4.160156,3.210938,0.066406,-0.294922,-0.208984,0.221252,0.575317,0.104553,0.780457,down
137219,8.335938,4.195312,2.980469,-0.046875,-0.265625,-0.212891,0.22168,0.575745,0.104736,0.779968,down
137224,8.335938,4.160156,2.980469,-0.046875,-0.265625,-0.212891,0.2229,0.576599,0.10498,0.778992,down
137230,8.300781,4.195312,2.945313,-0.152344,-0.263672,-0.216797,0.223633,0.576965,0.104919,0.778503,down
137235,8.222656,4.351562,2.90625,-0.152344,-0.263672,-0.216797,0.224304,0.577209,0.104797,0.778137,down
137241,8.148438,4.425781,2.867188,-0.152344,-0.263672,-0.216797,0.225098,0.577454,0.104614,0.777771,down
137246,8.152344,4.351562,2.828125,-0.257813,-0.289063,-0.193359,0.225098,0.577454,0.104614,0.777771,down
137251,8.109375,4.273437,2.789063,-0.294922,-0.294922,-0.199219,0.225098,0.577454,0.104614,0.777771,down
137256,8.070313,4.121094,2.828125,-0.294922,-0.294922,-0.199219,0.227783,0.578369,0.103455,0.776428,down
137262,8.070313,4.121094,2.90625,-0.302734,-0.3125,-0.195312,0.227783,0.578369,0.103455,0.776428,down
137268,8.074219,4.003906,2.980469,-0.230469,-0.308594,-0.208984,0.227783,0.578369,0.103455,0.776428,down
137273,7.996094,4.042969,2.980469,-0.230469,-0.308594,-0.208984,0.230469,0.579468,0.102173,0.775024,down
137279,7.953125,4.121094,3.019531,-0.177734,-0.300781,-0.214844,0.231995,0.580261,0.101807,0.774048,down
137284,7.953125,4.082031,3.058594,-0.087891,-0.296875,-0.228516,0.231995,0.580261,0.101807,0.774048,down
137289,7.839844,4.160156,3.097656,-0.03125,-0.294922,-0.240234,0.232727,0.580688,0.101807,0.773499,down
137294,7.769531,4.160156,3.171875,-0.03125,-0.294922,-0.240234,0.233887,0.581543,0.102112,0.772461,down
137299,7.726562,4.234375,3.210938,0.052734,-0.259766,-0.271484,0.233887,0.581543,0.102112,0.772461,down
137304,7.652344,4.273437,3.25,0.052734,-0.259766,-0.271484,0.234985,0.582397,0.102844,0.771362,down
137310,7.457031,4.3125,3.441406,0.052734,-0.259766,-0.271484,0.235535,0.582703,0.103271,0.770935,down
137315,7.347656,4.273437,3.480469,0.035156,-0.238281,-0.310547,0.236145,0.58313,0.103699,0.770386,down
137320,7.308594,4.3125,3.480469,-0.013672,-0.230469,-0.335938,0.236145,0.58313,0.103699,0.770386,down
137325,7.070312,4.3125,3.554688,-0.064453,-0.232422,-0.349609,0.236145,0.58313,0.103699,0.770386,down
137330,6.847656,4.3125,3.632813,-0.064453,-0.232422,-0.349609,0.236145,0.58313,0.103699,0.770386,down
137335,6.847656,4.3125,3.632813,-0.183594,-0.271484,-0.375,0.236145,0.58313,0.103699,0.770386,down
137341,6.6875,4.273437,3.746094,-0.183594,-0.271484,-0.375,0.240601,0.584534,0.104797,0.767761,down
137346,6.460937,4.273437,3.902344,-0.304688,-0.320313,-0.394531,0.240601,0.584534,0.104797,0.767761,down
137351,6.382812,4.160156,4.054687,-0.365234,-0.359375,-0.400391,0.240601,0.584534,0.104797,0.767761,down
137356,6.347656,4.042969,4.132812,-0.410156,-0.400391,-0.410156,0.240601,0.584534,0.104797,0.767761,down
137363,6.121094,3.96875,4.207031,-0.441406,-0.429687,-0.425781,0.240601,0.584534,0.104797,0.767761,down
137369,6.0,3.890625,4.285156,-0.486328,-0.521484,-0.460937,0.240601,0.584534,0.104797,0.767761,down
137374,5.964844,3.890625,4.324219,-0.541016,-0.566406,-0.470703,0.249634,0.586792,0.102661,0.763489,down
137379,5.964844,3.890625,4.324219,-0.53125,-0.609375,-0.511719,0.253174,0.587891,0.10144,0.761597,down
137384,5.738281,3.777344,4.4375,-0.53125,-0.609375,-0.511719,0.255127,0.588562,0.10083,0.760498,down
137389,5.660156,3.777344,4.589844,-0.541016,-0.724609,-0.578125,0.255127,0.588562,0.10083,0.760498,down
137394,5.582031,3.660156,4.628906,-0.541016,-0.724609,-0.578125,0.259277,0.59021,0.09967,0.757935,down
137399,5.421875,3.585938,4.589844,-0.541016,-0.724609,-0.578125,0.261536,0.591187,0.099121,0.75647,down
137404,5.3125,3.507813,4.589844,-0.541016,-0.724609,-0.578125,0.263672,0.592163,0.098755,0.755005,down
137409,5.195312,3.507813,4.589844,-0.541016,-0.724609,-0.578125,0.263672,0.592163,0.098755,0.755005,down
137414,5.082031,3.429688,4.550781,-0.46875,-0.935547,-0.775391,0.263672,0.592163,0.098755,0.755005,down
137419,4.773437,3.46875,4.515625,-0.46875,-0.935547,-0.775391,0.270752,0.595703,0.097656,0.749878,down
137424,4.660156,3.507813,4.476562,-0.478516,-1.042969,-0.857422,0.270752,0.595703,0.097656,0.749878,down
137429,4.433594,3.546875,4.398437,-0.478516,-1.042969,-0.857422,0.273438,0.597107,0.097351,0.747803,down
137434,4.316406,3.546875,4.363281,-0.554687,-1.183594,-0.908203,0.273438,0.597107,0.097351,0.747803,down
137439,4.007812,3.585938,4.132812,-0.554687,-1.183594,-0.908203,0.281433,0.60144,0.096191,0.741455,down
137444,3.855469,3.546875,4.09375,-0.628906,-1.318359,-0.984375,0.281433,0.60144,0.096191,0.741455,down
137449,3.816406,3.546875,4.019531,-0.660156,-1.396484,-1.013672,0.284729,0.603271,0.095581,0.738831,down
137454,3.78125,3.585938,3.9375,-0.660156,-1.396484,-1.013672,0.290955,0.606812,0.094299,0.733643,down
137459,3.742188,3.699219,3.898438,-0.660156,-1.396484,-1.013672,0.294312,0.608765,0.093506,0.730774,down
137464,4.234375,3.929688,3.710938,-0.660156,-1.396484,-1.013672,0.294312,0.608765,0.093506,0.730774,down
137469,4.46875,4.234375,3.671875,-0.800781,-1.603516,-1.126953,0.301819,0.612854,0.091614,0.724487,down
137474,4.394531,5.042969,3.519531,-0.800781,-1.603516,-1.126953,0.305542,0.614807,0.090515,0.721436,down
137479,4.199219,5.5,3.363281,-1.025391,-1.746094,-1.130859,0.305542,0.614807,0.090515,0.721436,down
137484,4.085937,5.992187,3.210938,-1.025391,-1.746094,-1.130859,0.309875,0.617004,0.08905,0.717896,down
137489,3.855469,6.957031,3.019531,-1.179688,-1.828125,-1.101563,0.309875,0.617004,0.08905,0.717896,down
137494,3.855469,6.957031,3.019531,-1.654297,-2.087891,-0.939453,0.318054,0.621033,0.085449,0.711243,down
137499,3.625,7.296875,2.980469,-2.023438,-2.238281,-0.859375,0.322205,0.622986,0.082947,0.707947,down
137504,3.550781,7.222656,2.980469,-2.023438,-2.238281,-0.859375,0.327637,0.625305,0.078979,0.703857,down
137509,3.511719,7.339844,2.828125,-2.023438,-2.238281,-0.859375,0.338318,0.629028,0.069641,0.696472,down
137514,3.433594,7.261719,2.636719,-2.023438,-2.238281,-0.859375,0.338318,0.629028,0.069641,0.696472,down
137519,3.398438,7.183594,2.523438,-3.632813,-2.748047,-0.644531,0.338318,0.629028,0.069641,0.696472,down
137524,3.625,6.769531,2.214844,-4.054687,-2.855469,-0.638672,0.351929,0.632263,0.055847,0.687927,down
137529,3.625,6.769531,2.214844,-4.054687,-2.855469,-0.638672,0.367371,0.634521,0.039307,0.678894,down
137534,3.742188,6.113281,1.871094,-4.054687,-2.855469,-0.638672,0.367371,0.634521,0.039307,0.678894,down
137539,3.742188,6.113281,1.871094,-4.697266,-2.929688,-0.742187,0.376587,0.635132,0.029419,0.673706,down
137544,3.742188,5.078125,1.410156,-4.833984,-2.919922,-0.851562,0.376587,0.635132,0.029419,0.673706,down
137549,3.742188,4.777344,1.296875,-4.710937,-2.869141,-1.183594,0.39447,0.635437,0.011169,0.663696,down
137554,3.933594,4.5,1.21875,-4.710937,-2.869141,-1.183594,0.413391,0.635315,-0.006409,0.652283,down
137559,4.046875,4.394531,1.21875,-4.179687,-2.855469,-1.554688,0.413391,0.635315,-0.006409,0.652283,down
137564,4.660156,4.160156,1.296875,-4.179687,-2.855469,-1.554688,0.431274,0.635681,-0.020813,0.639893,down
137569,4.816406,4.160156,1.488281,-3.554688,-2.775391,-1.929688,0.431274,0.635681,-0.020813,0.639893,down
137574,4.933594,4.160156,1.679688,-3.265625,-2.667969,-2.085938,0.440796,0.636169,-0.027405,0.632629,down
137579,4.589844,4.390625,1.679688,-3.265625,-2.667969,-2.085938,0.448486,0.636719,-0.032104,0.626465,down
137584,4.589844,4.390625,1.679688,-3.265625,-2.667969,-2.085938,0.4646,0.638123,-0.040039,0.612671,down
137589,4.125,4.578125,1.488281,-3.265625,-2.667969,-2.085938,0.4646,0.638123,-0.040039,0.612671,down
137594,3.933594,4.65625,1.488281,-2.345703,-2.482422,-2.683594,0.4646,0.638123,-0.040039,0.612671,down
137599,3.933594,4.65625,1.488281,-2.345703,-2.482422,-2.683594,0.479736,0.640015,-0.045227,0.598511,down
137604,3.433594,4.886719,1.449219,-2.345703,-2.482422,-2.683594,0.479736,0.640015,-0.045227,0.598511,down
137609,2.9375,4.964844,1.335938,-2.144531,-2.560547,-2.876953,0.494629,0.642639,-0.049011,0.583069,down
137614,2.785156,5.042969,1.21875,-2.107422,-2.623047,-2.947266,0.509277,0.645569,-0.052124,0.566711,down
137619,2.324219,5.117187,0.988281,-2.107422,-2.623047,-2.947266,0.509277,0.645569,-0.052124,0.566711,down
137624,2.210938,5.15625,0.761719,-1.914063,-2.861328,-3.056641,0.516357,0.647156,-0.053589,0.55835,down
137629,2.210938,5.230469,0.683594,-1.914063,-2.861328,-3.056641,0.524109,0.649048,-0.055115,0.548645,down
137634,2.09375,5.382812,0.570312,-1.589844,-3.048828,-3.117188,0.530762,0.65094,-0.056458,0.539795,down
137640,2.132813,5.726562,0.339844,-1.589844,-3.048828,-3.117188,0.542847,0.655334,-0.058472,0.521912,down
137645,2.210938,5.886719,0.183594,-1.105469,-3.1875,-3.214844,0.549072,0.658447,-0.059143,0.511292,down
137650,2.820313,6.414062,0.03125,-1.105469,-3.1875,-3.214844,0.554626,0.661804,-0.059448,0.500854,down
137655,3.050781,6.6875,0.03125,-1.105469,-3.1875,-3.214844,0.554626,0.661804,-0.059448,0.500854,down
137660,3.050781,6.6875,0.03125,-0.496094,-3.242188,-3.328125,0.558594,0.664795,-0.059265,0.492493,down
137665,3.128906,6.957031,0.070312,-0.496094,-3.242188,-3.328125,0.562927,0.668762,-0.058533,0.482178,down
137670,3.128906,7.300781,-0.007813,0.240234,-3.15625,-3.519531,0.566589,0.672913,-0.057434,0.472107,down
137675,3.011719,7.453125,-0.082031,0.240234,-3.15625,-3.519531,0.566589,0.672913,-0.057434,0.472107,down
137680,2.785156,7.683594,-0.082031,0.453125,-3.232422,-3.701172,0.566589,0.672913,-0.057434,0.472107,down
137685,2.515625,7.957031,-0.082031,0.453125,-3.232422,-3.701172,0.579285,0.69165,-0.049194,0.428589,down
137690,2.09375,8.140625,-0.160156,0.453125,-3.232422,-3.701172,0.58197,0.695557,-0.047058,0.418762,down
137695,1.480469,8.300781,-0.503906,0.148437,-3.402344,-4.005859,0.58551,0.700134,-0.044556,0.406128,down
137700,1.058594,8.300781,-0.734375,0.148437,-3.402344,-4.005859,0.58551,0.700134,-0.044556,0.406128,down
137705,1.058594,8.300781,-0.734375,-0.332031,-3.71875,-4.130859,0.588867,0.703735,-0.042603,0.395203,down
137710,0.101563,8.910156,-1.003906,-0.332031,-3.71875,-4.130859,0.588867,0.703735,-0.042603,0.395203,down
137715,0.101563,8.910156,-1.003906,-0.603516,-3.923828,-4.177734,0.597046,0.710571,-0.039673,0.370178,down
137720,-0.320313,9.25,-0.964844,-0.867187,-4.123047,-4.238281,0.607239,0.716309,-0.038269,0.341553,down
137725,-0.585937,9.105469,-1.117188,-0.867187,-4.123047,-4.238281,0.61261,0.718689,-0.038086,0.326782,down
137730,-0.777344,8.945313,-1.230469,-0.867187,-4.123047,-4.238281,0.617432,0.720581,-0.037964,0.313171,down
137735,-1.085938,8.871094,-1.421875,-1.238281,-4.660156,-4.550781,0.617432,0.720581,-0.037964,0.313171,down
137740,-1.085938,8.871094,-1.421875,-1.222656,-4.78125,-4.693359,0.627686,0.724365,-0.037781,0.282532,down
137746,-1.8125,9.632813,-1.84375,-1.222656,-4.78125,-4.693359,0.632812,0.726257,-0.037537,0.265869,down
137751,-2.082031,10.210938,-2.0,-0.994141,-4.972656,-4.867187,0.632812,0.726257,-0.037537,0.265869,down
137756,-2.082031,10.210938,-2.0,-0.789062,-5.039062,-4.869141,0.641602,0.730164,-0.036804,0.232178,down
137761,-2.082031,10.210938,-2.0,-0.615234,-5.160156,-4.808594,0.645081,0.732239,-0.036499,0.215332,down
137766,-2.386719,10.59375,-2.113281,-0.615234,-5.160156,-4.808594,0.645081,0.732239,-0.036499,0.215332,down
137771,-2.734375,11.015625,-1.960938,-0.396484,-5.302734,-4.693359,0.645081,0.732239,-0.036499,0.215332,down
137778,-3.421875,12.890625,-1.84375,-0.140625,-5.439453,-4.529297,0.650269,0.737,-0.036743,0.180664,down
137784,-3.84375,13.46875,-2.035156,0.001953,-5.675781,-3.9375,0.650269,0.737,-0.036743,0.180664,down
137789,-4.148437,13.960938,-2.34375,0.001953,-5.675781,-3.9375,0.653625,0.744629,-0.040527,0.128967,down
137794,-4.378906,14.464844,-2.957031,-0.662109,-5.681641,-3.662109,0.653625,0.744629,-0.040527,0.128967,down
137799,-4.496094,14.582031,-3.605469,-0.662109,-5.681641,-3.662109,0.65564,0.74762,-0.044861,0.095886,down
137804,-4.339844,13.816406,-4.375,-0.662109,-5.681641,-3.662109,0.657593,0.747681,-0.047729,0.078796,down
137809,-4.035156,13.195313,-4.679687,-0.662109,-5.681641,-3.662109,0.6604,0.746704,-0.051025,0.061218,down
137815,-3.84375,12.628906,-4.792969,-2.546875,-6.214844,-3.693359,0.6604,0.746704,-0.051025,0.061218,down
137820,-3.421875,11.96875,-5.101562,-2.546875,-6.214844,-3.693359,0.667542,0.741882,-0.057983,0.026672,down
137825,-3.421875,11.96875,-5.101562,-2.826172,-6.191406,-3.712891,0.671875,0.738037,-0.061646,0.008301,down
137830,-3.230469,11.898438,-5.101562,-2.826172,-6.191406,-3.712891,0.67627,0.733704,-0.065002,-0.009399,down
137835,-2.847656,11.742188,-4.335937,-3.027344,-5.962891,-3.746094,0.680542,0.729004,-0.068237,-0.027039,down
137840,-3.152344,12.933594,-4.066406,-2.988281,-5.783203,-3.744141,0.688538,0.718811,-0.07373,-0.061768,down
137845,-3.191406,14.199219,-3.796875,-2.496094,-5.488281,-3.708984,0.688538,0.718811,-0.07373,-0.061768,down
137850,-3.269531,16.300781,-2.878906,-2.496094,-5.488281,-3.708984,0.691956,0.713379,-0.076355,-0.080078,down
137855,-3.34375,17.183594,-2.839844,-2.496094,-5.488281,-3.708984,0.695496,0.705322,-0.080566,-0.111267,down
137860,-3.535156,17.457031,-3.03125,-2.496094,-5.488281,-3.708984,0.695984,0.701904,-0.083008,-0.126587,down
137865,-3.691406,17.523437,-3.1875,-1.146484,-5.105469,-3.052734,0.695984,0.701904,-0.083008,-0.126587,down
137870,-3.84375,17.90625,-4.027344,-1.146484,-5.105469,-3.052734,0.695862,0.695251,-0.089417,-0.156311,down
137875,-3.804688,18.289062,-4.105469,-1.146484,-5.105469,-3.052734,0.695862,0.695251,-0.089417,-0.156311,down
137880,-3.804688,18.289062,-4.105469,-1.445313,-4.955078,-2.029297,0.696045,0.691711,-0.093262,-0.168579,down
137885,-3.652344,18.605469,-3.683594,-1.445313,-4.955078,-2.029297,0.697327,0.686768,-0.097839,-0.180298,down
137890,-3.152344,17.527344,-4.105469,-4.798828,-4.167969,-0.576172,0.697327,0.686768,-0.097839,-0.180298,down
137895,-3.191406,16.453125,-4.71875,-4.798828,-4.167969,-0.576172,0.706116,0.670532,-0.106689,-0.200928,down
137900,-3.117188,15.613281,-4.871094,-4.798828,-4.167969,-0.576172,0.72406,0.643982,-0.113953,-0.219238,down
137905,-2.003906,13.46875,-3.953125,-4.798828,-4.167969,-0.576172,0.72406,0.643982,-0.113953,-0.219238,down
137910,-1.390625,12.816406,-3.53125,-4.798828,-4.167969,-0.576172,0.745605,0.611755,-0.11908,-0.235779,down
137915,-0.894531,12.167969,-2.957031,-4.798828,-4.167969,-0.576172,0.745605,0.611755,-0.11908,-0.235779,down
137920,-0.550781,11.667969,-2.34375,-7.552734,-3.175781,-0.28125,0.745605,0.611755,-0.11908,-0.235779,down
137926,-0.203125,12.089844,-1.15625,-7.552734,-3.175781,-0.28125,0.775208,0.56366,-0.122498,-0.257507,down
137931,-0.550781,12.707031,-0.734375,-6.033203,-2.707031,-0.650391,0.783875,0.547974,-0.122925,-0.264893,down
137936,-0.625,12.972656,-0.234375,-5.363281,-2.583984,-0.867187,0.789612,0.536743,-0.123108,-0.270691,down
137941,-0.625,12.972656,-0.234375,-4.720703,-2.472656,-1.003906,0.789612,0.536743,-0.123108,-0.270691,down
137946,-1.125,12.855469,1.066406,-4.720703,-2.472656,-1.003906,0.794861,0.525452,-0.123352,-0.277283,down
137951,-1.46875,12.933594,1.371094,-4.107422,-2.433594,-1.035156,0.799316,0.514954,-0.123779,-0.283875,down
137957,-1.351563,12.851563,1.601563,-4.107422,-2.433594,-1.035156,0.80603,0.497009,-0.125366,-0.296021,down
137963,-1.351563,11.785156,3.402344,-4.107422,-2.433594,-1.035156,0.80603,0.497009,-0.125366,-0.296021,down
137968,-1.277344,11.863281,3.746094,-3.574219,-2.294922,-0.654297,0.80603,0.497009,-0.125366,-0.296021,down
137973,-1.277344,12.007813,3.824219,-3.541016,-2.226563,-0.505859,0.80603,0.497009,-0.125366,-0.296021,down
137978,-1.277344,12.007813,3.824219,-3.515625,-2.146484,-0.363281,0.818726,0.461365,-0.129578,-0.316345,down
137983,-1.238281,12.128906,4.285156,-3.515625,-2.146484,-0.363281,0.818726,0.461365,-0.129578,-0.316345,down
137988,-1.238281,12.128906,4.285156,-3.375,-2.162109,-0.154297,0.824829,0.443787,-0.132263,-0.324463,down
137993,-0.433594,12.773438,4.4375,-3.375,-2.162109,-0.154297,0.827637,0.435303,-0.13385,-0.328064,down
137998,-0.203125,12.738281,4.550781,-3.128906,-2.171875,-0.115234,0.827637,0.435303,-0.13385,-0.328064,down
138003,0.21875,12.128906,4.4375,-3.128906,-2.171875,-0.115234,0.827637,0.435303,-0.13385,-0.328064,down
138009,0.179687,11.933594,4.207031,-3.128906,-2.171875,-0.115234,0.8349,0.411255,-0.139099,-0.338379,down
138015,0.410156,11.359375,3.824219,-2.355469,-1.927734,-0.152344,0.8349,0.411255,-0.139099,-0.338379,down
138020,0.292969,11.136719,3.824219,-2.074219,-1.648438,-0.082031,0.8349,0.411255,-0.139099,-0.338379,down
138025,-0.011719,10.941406,4.09375,-2.074219,-1.648438,-0.082031,0.839661,0.392151,-0.144287,-0.346863,down
138031,0.410156,10.476563,4.285156,-2.074219,-1.501953,0.013672,0.841248,0.385864,-0.145935,-0.349365,down
138036,0.410156,10.476563,4.285156,-2.154297,-1.359375,0.029297,0.844177,0.374878,-0.148315,-0.353271,down
138041,0.21875,9.941406,4.933594,-2.179688,-1.226563,0.03125,0.846069,0.368347,-0.14917,-0.355225,down
138047,0.027344,9.59375,5.929687,-2.179688,-1.226563,0.03125,0.847473,0.363586,-0.149658,-0.356628,down
138052,0.027344,9.445313,6.351562,-2.179688,-1.226563,0.03125,0.84906,0.357788,-0.15033,-0.358459,down
138057,0.179687,9.488281,6.699219,-2.179688,-1.226563,0.03125,0.84906,0.357788,-0.15033,-0.358459,down
138062,0.445312,9.554688,7.042969,-1.855469,-1.201172,-0.099609,0.851379,0.347961,-0.151733,-0.361938,down
138067,0.445312,9.554688,7.042969,-1.554688,-1.181641,-0.201172,0.851379,0.347961,-0.151733,-0.361938,down
138072,0.675781,9.976563,7.386719,-1.554688,-1.181641,-0.201172,0.852905,0.339417,-0.153503,-0.365784,down
138078,0.601562,10.058594,7.273437,-1.554688,-1.181641,-0.201172,0.853455,0.33551,-0.154541,-0.367615,down
138084,0.675781,10.015625,7.273437,-1.234375,-1.09375,-0.234375,0.853455,0.33551,-0.154541,-0.367615,down
138090,0.867187,9.792969,7.308594,-1.234375,-1.09375,-0.234375,0.854492,0.328125,-0.156372,-0.371155,down
138095,1.175781,9.484375,7.003906,-1.380859,-0.960937,-0.167969,0.855042,0.324646,-0.157104,-0.372681,down
138100,1.40625,9.101563,6.734375,-1.380859,-0.960937,-0.167969,0.855652,0.320801,-0.157776,-0.374268,down
138106,1.328125,8.40625,6.8125,-1.427734,-0.679687,-0.148437,0.856323,0.3172,-0.158142,-0.375671,down
138112,0.945312,8.066406,7.117187,-1.427734,-0.679687,-0.148437,0.857849,0.309875,-0.158142,-0.378235,down
138117,0.945312,8.066406,7.117187,-1.314453,-0.478516,-0.164062,0.858643,0.306519,-0.157776,-0.379395,down
138123,0.753906,7.535156,7.347656,-1.314453,-0.478516,-0.164062,0.858643,0.306519,-0.157776,-0.379395,down
138130,0.675781,7.535156,7.308594,-1.183594,-0.349609,-0.248047,0.858643,0.306519,-0.157776,-0.379395,down
138135,0.484375,7.640625,7.234375,-1.082031,-0.263672,-0.306641,0.858643,0.306519,-0.157776,-0.379395,down
138140,0.140625,7.605469,7.578125,-0.955078,-0.162109,-0.375,0.858643,0.306519,-0.157776,-0.379395,down
138145,0.140625,7.605469,7.65625,-0.955078,-0.162109,-0.375,0.861328,0.293701,-0.154358,-0.384705,down
138151,0.21875,7.605469,7.730469,-0.658203,-0.142578,-0.421875,0.861511,0.291931,-0.153442,-0.386047,down
138156,0.253906,7.414062,7.769531,-0.658203,-0.142578,-0.421875,0.861633,0.289185,-0.152161,-0.388306,down
138162,0.101563,7.03125,7.699219,-0.658203,-0.142578,-0.421875,0.861755,0.288025,-0.151611,-0.389099,down
138167,-0.203125,6.839844,8.113281,-0.658203,-0.142578,-0.421875,0.861938,0.286682,-0.151184,-0.389893,down
138173,-0.203125,6.839844,8.113281,-0.517578,-0.232422,-0.173828,0.861938,0.286682,-0.151184,-0.389893,down
138178,-0.050781,6.800781,7.925781,-0.519531,-0.310547,-0.085937,0.861938,0.286682,-0.151184,-0.389893,down
138183,0.21875,6.992187,7.699219,-0.558594,-0.408203,-0.017578,0.861938,0.286682,-0.151184,-0.389893,down
138188,0.484375,7.070312,7.65625,-0.626953,-0.472656,0.064453,0.861938,0.286682,-0.151184,-0.389893,down
138195,0.753906,7.03125,7.578125,-0.707031,-0.501953,0.132812,0.861938,0.286682,-0.151184,-0.389893,down
138200,1.289063,6.917969,7.308594,-0.751953,-0.496094,0.175781,0.861938,0.286682,-0.151184,-0.389893,down
138205,1.40625,6.800781,7.160156,-0.751953,-0.496094,0.175781,0.864502,0.274719,-0.152527,-0.392334,down
138211,1.441406,6.726562,7.195312,-0.742187,-0.335938,0.242187,0.865845,0.270569,-0.152771,-0.39209,down
138216,1.328125,6.609375,7.277344,-0.628906,-0.078125,0.265625,0.866516,0.268921,-0.152588,-0.391785,down
138222,0.5625,6.378906,7.964844,-0.628906,-0.078125,0.265625,0.867187,0.267639,-0.152283,-0.391357,down
138227,0.410156,6.457031,8.0,-0.365234,-0.005859,0.292969,0.867798,0.266602,-0.152039,-0.390808,down
138232,0.332031,6.609375,8.082031,-0.365234,-0.005859,0.292969,0.868408,0.265747,-0.151978,-0.390076,down
138237,0.253906,6.800781,8.042969,-0.365234,-0.005859,0.292969,0.868408,0.265747,-0.151978,-0.390076,down
138242,0.140625,7.03125,8.078125,-0.103516,-0.060547,0.318359,0.869141,0.264954,-0.152405,-0.388733,down
138247,0.140625,7.03125,8.078125,-0.103516,-0.060547,0.318359,0.869141,0.264954,-0.152405,-0.388733,down
138252,0.21875,7.222656,7.921875,0.125,-0.195312,0.326172,0.869568,0.264893,-0.153564,-0.38739,down
138257,0.410156,7.222656,7.847656,0.125,-0.195312,0.326172,0.869751,0.264771,-0.154358,-0.386719,down
138262,1.023438,7.492187,7.386719,0.125,-0.195312,0.326172,0.869934,0.264648,-0.155273,-0.386108,down
138267,1.214844,7.566406,7.464844,0.125,-0.195312,0.326172,0.870178,0.264343,-0.15625,-0.385315,down
138272,1.25,7.300781,7.804687,0.125,-0.195312,0.326172,0.870178,0.264343,-0.15625,-0.385315,down
138277,1.25,7.300781,7.804687,-0.15625,-0.070312,0.427734,0.870178,0.264343,-0.15625,-0.385315,down
138283,1.25,6.839844,8.003906,-0.15625,-0.070312,0.427734,0.871521,0.262817,-0.157288,-0.382874,down
138288,0.867187,6.574219,8.425781,-0.15625,-0.070312,0.427734,0.872253,0.262085,-0.157104,-0.381836,down
138293,0.601562,6.457031,8.726563,-0.328125,0.285156,0.556641,0.872253,0.262085,-0.157104,-0.381836,down
138298,0.21875,6.417969,8.917969,-0.298828,0.324219,0.607422,0.873962,0.260803,-0.156067,-0.379211,down
138305,-0.164062,6.226562,9.1875,-0.222656,0.279297,0.666016,0.873962,0.260803,-0.156067,-0.379211,down
138311,-0.164062,6.1875,9.1875,0.042969,0.09375,0.757812,0.873962,0.260803,-0.156067,-0.379211,down
138316,-0.050781,6.035156,9.113281,0.228516,0.021484,0.773437,0.876526,0.259644,-0.155457,-0.374268,down
138321,0.101563,5.960937,9.035156,0.228516,0.021484,0.773437,0.877747,0.260193,-0.156677,-0.370605,down
138327,0.0625,6.035156,8.84375,0.228516,0.021484,0.773437,0.878113,0.261292,-0.157837,-0.368408,down
138332,-0.089844,6.417969,9.109375,0.808594,-0.082031,0.734375,0.878296,0.262573,-0.159119,-0.366516,down
138338,-0.164062,7.261719,8.996094,0.808594,-0.082031,0.734375,0.878357,0.263733,-0.1604,-0.364929,down
138344,0.027344,7.109375,8.304688,0.808594,-0.082031,0.734375,0.878357,0.263733,-0.1604,-0.364929,down
138349,0.0625,6.957031,8.1875,0.205078,-0.384766,0.560547,0.878357,0.263733,-0.1604,-0.364929,down
138354,0.0625,6.574219,8.082031,-0.046875,-0.455078,0.490234,0.878357,0.263733,-0.1604,-0.364929,down
138359,0.140625,6.113281,8.042969,-0.208984,-0.488281,0.4375,0.878357,0.263733,-0.1604,-0.364929,down
138364,0.292969,5.308594,8.0,-0.208984,-0.488281,0.4375,0.878357,0.263733,-0.1604,-0.364929,down
138370,0.445312,5.078125,7.695312,-0.208984,-0.488281,0.4375,0.879822,0.261108,-0.168213,-0.359802,down
138376,0.523437,5.0,7.425781,-0.238281,-0.523437,0.279297,0.879822,0.261108,-0.168213,-0.359802,down
138381,0.5625,4.925781,7.238281,-0.238281,-0.523437,0.279297,0.880432,0.25769,-0.171631,-0.359192,down
138386,0.484375,4.886719,7.160156,-0.238281,-0.523437,0.279297,0.880432,0.25769,-0.171631,-0.359192,down
138391,0.410156,5.0,7.042969,0.089844,-0.474609,0.189453,0.880249,0.257141,-0.174133,-0.358826,down
138396,0.179687,5.308594,7.039062,0.585937,-0.453125,0.115234,0.880249,0.257141,-0.174133,-0.358826,down
138401,0.027344,5.308594,7.238281,0.785156,-0.480469,0.103516,0.879822,0.25769,-0.175537,-0.358643,down
138406,0.0625,5.421875,7.199219,0.785156,-0.480469,0.103516,0.878601,0.260193,-0.179321,-0.358093,down
138411,-0.28125,5.691406,7.273437,0.785156,-0.480469,0.103516,0.878601,0.260193,-0.179321,-0.358093,down
138416,-0.394531,5.996094,7.503906,0.785156,-0.480469,0.103516,0.87793,0.261719,-0.181213,-0.357666,down
138421,-0.511719,6.496094,7.808594,0.564453,-0.539062,0.214844,0.87793,0.261719,-0.181213,-0.357666,down
138426,-0.96875,6.535156,7.921875,0.564453,-0.539062,0.214844,0.876709,0.26416,-0.185181,-0.35675,down
138432,-0.855469,6.800781,8.382813,0.564453,-0.539062,0.214844,0.876404,0.263367,-0.188538,-0.356384,down
138438,-0.164062,5.882812,8.570313,0.564453,-0.539062,0.214844,0.876587,0.261475,-0.190186,-0.356445,down
138443,0.984375,5.5,8.230469,-0.9375,-1.230469,0.431641,0.876953,0.258423,-0.192322,-0.356689,down
138449,1.40625,5.039062,8.191406,-1.220703,-1.234375,0.445312,0.876953,0.258423,-0.192322,-0.356689,down
138455,1.632813,5.117187,8.109375,-1.173828,-1.265625,0.453125,0.876953,0.258423,-0.192322,-0.356689,down
138460,1.710938,5.347656,8.226563,-1.056641,-1.216797,0.441406,0.876953,0.258423,-0.192322,-0.356689,down
138466,1.75,5.230469,8.308594,-0.996094,-1.117188,0.416016,0.879211,0.240356,-0.201965,-0.358398,down
138472,1.632813,5.769531,8.847656,-0.996094,-1.117188,0.416016,0.879456,0.237366,-0.203918,-0.358643,down
138477,1.632813,5.539062,8.953125,-0.515625,-0.951172,0.273438,0.879578,0.235413,-0.205505,-0.358826,down
138482,1.632813,5.347656,9.035156,-0.439453,-0.917969,0.214844,0.879578,0.233215,-0.207458,-0.359131,down
138488,1.480469,5.5,9.722656,-0.439453,-0.917969,0.214844,0.879456,0.231567,-0.209045,-0.359436,down
138493,1.480469,5.460937,10.140625,-0.15625,-0.945312,0.126953,0.879456,0.231567,-0.209045,-0.359436,down
138498,1.480469,5.460937,10.140625,0.019531,-0.960937,0.095703,0.878906,0.229065,-0.213013,-0.360107,down
138503,1.480469,5.460937,10.140625,0.152344,-1.005859,0.085937,0.878418,0.228333,-0.215271,-0.360474,down
138508,1.597656,5.996094,9.957031,0.152344,-1.005859,0.085937,0.878418,0.228333,-0.215271,-0.360474,down
138513,1.710938,6.992187,9.535156,0.207031,-1.072266,0.119141,0.878418,0.228333,-0.215271,-0.360474,down
138519,2.285156,7.644531,8.917969,0.207031,-1.072266,0.119141,0.877197,0.227295,-0.220398,-0.360962,down
138524,2.820313,7.222656,8.609375,0.207031,-1.072266,0.119141,0.87616,0.225525,-0.22522,-0.361572,down
138530,2.898438,6.957031,8.570313,-0.25,-0.912109,0.101563,0.87616,0.225525,-0.22522,-0.361572,down
138535,2.859375,6.726562,8.726563,-0.292969,-0.826172,0.082031,0.87616,0.225525,-0.22522,-0.361572,down
138541,2.554688,6.152344,9.269531,-0.267578,-0.736328,0.050781,0.87616,0.225525,-0.22522,-0.361572,down
138546,2.402344,5.960937,9.453125,-0.267578,-0.736328,0.050781,0.875061,0.220337,-0.231689,-0.363403,down
138551,2.019531,5.691406,9.457031,-0.105469,-0.609375,-0.009766,0.875061,0.220337,-0.231689,-0.363403,down
138556,1.75,5.421875,9.1875,-0.105469,-0.609375,-0.009766,0.874451,0.218445,-0.234314,-0.364258,down
138562,1.597656,4.964844,8.648438,-0.105469,-0.609375,-0.009766,0.87384,0.217163,-0.236694,-0.36499,down
138567,1.367188,4.847656,8.308594,-0.009766,-0.607422,0.054687,0.873535,0.216492,-0.238098,-0.365234,down
138572,1.40625,4.734375,8.148438,-0.009766,-0.607422,0.054687,0.873169,0.215942,-0.239441,-0.365479,down
138577,1.40625,4.582031,8.535156,0.107422,-0.826172,-0.005859,0.872681,0.215393,-0.241211,-0.365845,down
138583,1.597656,4.925781,7.730469,0.107422,-0.826172,-0.005859,0.87207,0.214844,-0.243103,-0.366272,down
138588,1.597656,4.886719,7.078125,-0.046875,-0.789062,0.019531,0.87207,0.214844,-0.243103,-0.366272,down
138593,1.480469,5.347656,6.773437,-0.175781,-0.726562,0.048828,0.87207,0.214844,-0.243103,-0.366272,down
138599,1.632813,5.460937,7.34375,-0.175781,-0.726562,0.048828,0.870911,0.212036,-0.247864,-0.367554,down
138605,1.597656,5.230469,7.234375,-0.363281,-0.679687,0.070312,0.870911,0.212036,-0.247864,-0.367554,down
138610,1.480469,5.0,6.964844,-0.439453,-0.611328,0.083984,0.870911,0.212036,-0.247864,-0.367554,down
138615,1.214844,4.925781,6.777344,-0.439453,-0.611328,0.083984,0.870544,0.20752,-0.25116,-0.368835,down
138621,1.058594,4.886719,6.695312,-0.439453,-0.611328,0.083984,0.870544,0.205933,-0.251953,-0.369141,down
138627,1.328125,4.925781,7.117187,-0.357422,-0.632812,0.175781,0.870544,0.205933,-0.251953,-0.369141,down
138632,1.671875,4.886719,7.769531,-0.357422,-0.632812,0.175781,0.870483,0.201294,-0.255005,-0.369751,down
138637,1.824219,4.886719,7.617187,-0.357422,-0.632812,0.175781,0.870361,0.200134,-0.256165,-0.369812,down
138642,2.054688,5.0,7.421875,-0.119141,-0.582031,0.234375,0.870361,0.200134,-0.256165,-0.369812,down
138647,2.363281,5.613281,7.15625,-0.119141,-0.582031,0.234375,0.870178,0.198242,-0.25885,-0.369568,down
138652,2.402344,5.539062,7.234375,-0.119141,-0.582031,0.234375,0.870056,0.197693,-0.259949,-0.369202,down
138657,2.476563,5.804687,7.277344,-0.119141,-0.582031,0.234375,0.869995,0.197327,-0.26123,-0.368774,down
138662,2.707031,6.496094,7.34375,0.111328,-0.472656,0.392578,0.869934,0.196899,-0.262634,-0.368103,down
138667,2.859375,6.878906,7.304687,0.111328,-0.472656,0.392578,0.869995,0.196411,-0.263794,-0.367432,down
138672,3.207031,6.800781,7.238281,-0.103516,-0.421875,0.533203,0.870178,0.195496,-0.265015,-0.366516,down
138678,3.664063,6.839844,7.347656,-0.103516,-0.421875,0.533203,0.870483,0.194519,-0.265991,-0.365662,down
138683,3.816406,6.765625,7.347656,-0.298828,-0.371094,0.660156,0.870911,0.193176,-0.266846,-0.364685,down
138689,3.933594,6.574219,7.078125,-0.298828,-0.371094,0.660156,0.87146,0.191772,-0.267578,-0.363586,down
138694,3.972656,6.378906,7.460937,-0.392578,-0.214844,0.755859,0.87146,0.191772,-0.267578,-0.363586,down
138700,3.894531,6.035156,7.886719,-0.367188,-0.212891,0.765625,0.87146,0.191772,-0.267578,-0.363586,down
138705,3.894531,5.769531,7.765625,-0.367188,-0.212891,0.765625,0.87146,0.191772,-0.267578,-0.363586,down
138711,3.742188,5.730469,7.699219,-0.367188,-0.212891,0.765625,0.874329,0.185852,-0.269592,-0.358215,down
138717,3.589844,5.730469,7.847656,-0.080078,-0.216797,0.755859,0.874329,0.185852,-0.269592,-0.358215,down
138722,3.703125,5.613281,7.847656,-0.080078,-0.216797,0.755859,0.876038,0.183167,-0.271484,-0.354004,down
138727,3.816406,5.460937,7.617187,-0.080078,-0.216797,0.755859,0.876526,0.182556,-0.2724,-0.352356,down
138732,3.625,5.652344,7.582031,-0.080078,-0.216797,0.755859,0.876953,0.18219,-0.273132,-0.351013,down
138737,3.894531,5.804687,7.425781,0.134766,-0.136719,0.640625,0.876953,0.18219,-0.273132,-0.351013,down
138742,3.742188,5.921875,7.460937,0.134766,-0.136719,0.640625,0.877747,0.181702,-0.274475,-0.348206,down
138747,3.625,5.882812,7.542969,0.134766,-0.136719,0.640625,0.877747,0.181702,-0.274475,-0.348206,down
138752,3.472656,6.035156,7.65625,0.033203,0.019531,0.560547,0.877747,0.181702,-0.274475,-0.348206,down
138757,3.28125,5.921875,7.699219,0.033203,0.019531,0.560547,0.879089,0.180969,-0.275391,-0.344299,down
138762,3.207031,5.460937,7.199219,0.033203,0.019531,0.560547,0.879089,0.180969,-0.275391,-0.344299,down
138767,3.207031,5.460937,7.199219,-0.150391,0.107422,0.488281,0.879639,0.180481,-0.27533,-0.343262,down
138772,2.859375,5.15625,7.121094,-0.150391,0.107422,0.488281,0.880188,0.179871,-0.275085,-0.342346,down
138777,2.859375,5.15625,7.121094,-0.300781,0.162109,0.398438,0.880798,0.179138,-0.274719,-0.341553,down
138782,2.707031,4.425781,7.382812,-0.300781,0.162109,0.398438,0.881348,0.178345,-0.274292,-0.340881,down
138787,2.785156,4.390625,7.5,-0.269531,0.179687,0.265625,0.882324,0.177124,-0.273132,-0.339905,down
138792,2.976563,4.234375,7.5,-0.269531,0.179687,0.265625,0.882324,0.177124,-0.273132,-0.339905,down
138798,2.976563,4.234375,7.5,-0.125,0.189453,0.041016,0.882874,0.176575,-0.272156,-0.339478,down
138803,3.050781,4.425781,8.039063,-0.025391,0.136719,-0.017578,0.883057,0.176575,-0.271667,-0.339417,down
138808,3.050781,4.464844,8.347656,0.080078,0.105469,-0.070312,0.883057,0.176819,-0.271423,-0.339478,down
138814,3.011719,4.65625,8.386719,0.080078,0.105469,-0.070312,0.882996,0.177124,-0.271301,-0.3396,down
138819,3.011719,4.65625,8.386719,0.150391,-0.011719,-0.087891,0.882874,0.177612,-0.271362,-0.339722,down
138824,3.242188,4.847656,8.003906,0.150391,-0.011719,-0.087891,0.882874,0.177612,-0.271362,-0.339722,down
138829,3.359375,4.925781,7.660156,0.072266,-0.109375,-0.037109,0.882874,0.177612,-0.271362,-0.339722,down
138834,3.433594,4.847656,7.699219,0.019531,-0.132812,-0.025391,0.882874,0.177612,-0.271362,-0.339722,down
138840,3.398438,4.773437,7.804687,-0.021484,-0.154297,-0.011719,0.882874,0.177612,-0.271362,-0.339722,down
138846,3.511719,4.847656,7.582031,-0.037109,-0.138672,0.015625,0.882874,0.177612,-0.271362,-0.339722,down
138851,3.550781,5.0,7.542969,-0.037109,-0.138672,0.015625,0.88208,0.177734,-0.272888,-0.340393,down
138857,3.625,5.039062,7.582031,-0.037109,-0.138672,0.015625,0.882019,0.177551,-0.273132,-0.340454,down
138862,3.664063,5.15625,7.503906,-0.087891,-0.09375,0.056641,0.882019,0.177551,-0.273132,-0.340454,down
138868,3.703125,5.117187,7.660156,-0.087891,-0.09375,0.056641,0.882019,0.176819,-0.273682,-0.340454,down
138873,3.664063,5.15625,7.621094,-0.076172,-0.070312,0.0625,0.882019,0.176514,-0.273804,-0.340393,down
138879,3.625,5.15625,7.695312,-0.076172,-0.070312,0.0625,0.88208,0.176331,-0.273926,-0.340393,down
138885,3.664063,4.964844,7.460937,-0.076172,-0.070312,0.0625,0.88208,0.176147,-0.273987,-0.340393,down
138890,3.625,4.886719,7.617187,-0.082031,-0.029297,-0.005859,0.88208,0.176147,-0.273987,-0.340393,down
138895,3.625,4.847656,7.617187,-0.113281,-0.021484,-0.046875,0.88208,0.176147,-0.273987,-0.340393,down
138901,3.433594,4.65625,7.695312,-0.142578,-0.009766,-0.076172,0.88208,0.176147,-0.273987,-0.340393,down
138906,3.398438,4.695312,7.65625,-0.164062,0.0,-0.103516,0.88208,0.176147,-0.273987,-0.340393,down
138911,3.242188,4.734375,7.886719,-0.164062,0.0,-0.103516,0.882019,0.175049,-0.273438,-0.341614,down
138917,3.128906,4.808594,8.082031,-0.076172,-0.091797,-0.130859,0.882019,0.175049,-0.273438,-0.341614,down
138922,3.050781,5.0,8.039063,-0.076172,-0.091797,-0.130859,0.881653,0.174561,-0.273438,-0.342773,down
138927,3.128906,5.0,7.882812,-0.072266,-0.15625,-0.091797,0.881653,0.174561,-0.273438,-0.342773,down
138932,3.28125,4.964844,7.808594,-0.072266,-0.15625,-0.091797,0.88147,0.174377,-0.273621,-0.34314,down
138937,3.511719,4.847656,7.804687,-0.074219,-0.144531,-0.019531,0.88147,0.174377,-0.273621,-0.34314,down
138943,3.625,4.695312,7.808594,-0.074219,-0.144531,-0.019531,0.881165,0.173645,-0.274292,-0.34375,down
138948,3.703125,4.773437,7.847656,-0.011719,-0.097656,0.052734,0.881104,0.173523,-0.274536,-0.34375,down
138953,3.703125,4.734375,7.921875,-0.003906,-0.064453,0.076172,0.881104,0.173401,-0.274719,-0.343689,down
138959,3.664063,4.65625,7.964844,-0.025391,-0.058594,0.072266,0.881104,0.173279,-0.274841,-0.343567,down
138964,3.511719,4.773437,8.003906,-0.025391,-0.058594,0.072266,0.881165,0.173157,-0.275024,-0.343445,down
138969,3.433594,4.886719,8.003906,-0.037109,-0.080078,0.042969,0.881165,0.173157,-0.275024,-0.343445,down
138975,3.433594,4.964844,7.84375,-0.037109,-0.080078,0.042969,0.881165,0.172852,-0.275269,-0.343445,down
138980,3.28125,5.039062,7.621094,-0.035156,-0.082031,0.005859,0.881165,0.172852,-0.275269,-0.343445,down
138986,3.28125,5.191406,7.539062,-0.035156,-0.082031,0.005859,0.881042,0.172607,-0.275513,-0.343567,down
138991,3.28125,5.230469,7.578125,-0.017578,-0.064453,-0.013672,0.881042,0.172607,-0.275513,-0.343567,down
138996,3.320313,5.230469,7.660156,-0.017578,-0.064453,-0.013672,0.881042,0.172607,-0.275513,-0.343567,down
139002,3.28125,5.117187,7.621094,-0.017578,-0.064453,-0.013672,0.88092,0.172485,-0.275818,-0.343689,down
139008,3.320313,5.078125,7.539062,-0.015625,-0.001953,0.041016,0.880981,0.172363,-0.275818,-0.343628,down
139014,3.242188,5.0,7.804687,-0.015625,-0.001953,0.041016,0.881042,0.172363,-0.275757,-0.343506,down
139019,3.320313,4.925781,7.84375,-0.023437,0.025391,0.060547,0.881104,0.172302,-0.275757,-0.343384,down
139024,3.320313,4.886719,7.804687,-0.025391,0.029297,0.0625,0.881104,0.172302,-0.275757,-0.343384,down
139029,3.320313,4.925781,7.769531,-0.025391,0.025391,0.066406,0.881104,0.172302,-0.275757,-0.343384,down
139035,3.359375,4.964844,7.84375,-0.025391,0.025391,0.066406,0.881348,0.17218,-0.275513,-0.343018,down
139040,3.320313,5.117187,7.769531,-0.005859,0.037109,0.052734,0.881348,0.17218,-0.275513,-0.343018,down
139045,3.28125,5.039062,7.765625,-0.009766,0.035156,0.056641,0.881348,0.17218,-0.275513,-0.343018,down
139050,3.28125,4.925781,7.730469,-0.009766,0.035156,0.056641,0.881531,0.172241,-0.27533,-0.342712,down
139055,3.320313,4.964844,7.695312,0.001953,0.037109,0.029297,0.881531,0.172241,-0.27533,-0.342712,down
139060,3.359375,4.925781,7.660156,0.013672,0.037109,0.017578,0.881531,0.172241,-0.27533,-0.342712,down
139065,3.359375,5.0,7.730469,0.017578,0.041016,-0.005859,0.881531,0.172241,-0.27533,-0.342712,down
139070,3.398438,5.117187,7.804687,0.017578,0.041016,-0.005859,0.881653,0.172546,-0.274963,-0.342529,down
139075,3.320313,5.269531,7.769531,0.013672,0.035156,-0.019531,0.881653,0.172546,-0.274963,-0.342529,down
139081,3.242188,5.308594,7.582031,-0.003906,0.052734,-0.013672,0.881653,0.172546,-0.274963,-0.342529,down
139086,3.28125,5.269531,7.503906,-0.003906,0.052734,-0.013672,0.881653,0.172546,-0.274963,-0.342529,down
139092,3.398438,5.269531,7.464844,-0.003906,0.052734,-0.013672,0.881775,0.172729,-0.274414,-0.34259,down
139098,3.472656,5.230469,7.503906,-0.128906,0.113281,0.041016,0.881775,0.172729,-0.274414,-0.34259,down
139103,3.550781,5.269531,7.621094,-0.128906,0.113281,0.041016,0.882141,0.172302,-0.273499,-0.342468,down
139108,3.472656,5.078125,7.925781,-0.128906,0.113281,0.041016,0.882385,0.172058,-0.273071,-0.342468,down
139113,3.359375,4.964844,7.882812,-0.150391,0.142578,0.021484,0.882385,0.172058,-0.273071,-0.342468,down
139118,3.320313,4.886719,7.804687,-0.150391,0.142578,0.021484,0.88269,0.171692,-0.272217,-0.342468,down
139124,3.128906,4.964844,7.765625,-0.150391,0.142578,0.021484,0.882812,0.17157,-0.271851,-0.342468,down
139129,2.667969,4.65625,7.960937,-0.150391,0.142578,0.021484,0.882935,0.17157,-0.271545,-0.342468,down
139134,2.976563,4.808594,7.84375,-0.015625,0.042969,0.011719,0.882935,0.17157,-0.271545,-0.342468,down
139139,2.898438,4.925781,8.1875,-0.015625,0.042969,0.011719,0.882996,0.17157,-0.271301,-0.342407,down
139145,3.050781,4.773437,7.804687,-0.015625,0.042969,0.011719,0.882935,0.171631,-0.271423,-0.342407,down
139151,3.050781,4.773437,7.695312,0.042969,-0.072266,-0.019531,0.882935,0.171631,-0.271423,-0.342407,down
139156,3.089844,4.847656,7.660156,0.0625,-0.105469,-0.019531,0.882935,0.171631,-0.271423,-0.342407,down
139161,3.089844,4.886719,7.660156,0.0625,-0.105469,-0.019531,0.882629,0.171936,-0.272095,-0.34259,down
139166,3.128906,4.808594,7.65625,0.050781,-0.099609,-0.025391,0.882629,0.171936,-0.272095,-0.34259,down
139172,3.089844,4.808594,7.769531,0.050781,-0.099609,-0.025391,0.882385,0.172119,-0.272583,-0.342712,down
139178,3.050781,4.695312,7.925781,0.058594,-0.099609,-0.011719,0.882385,0.172119,-0.272583,-0.342712,down
139183,3.050781,4.542969,7.960937,0.060547,-0.121094,-0.005859,0.882385,0.172119,-0.272583,-0.342712,down
139188,2.976563,4.464844,7.964844,0.126953,-0.152344,0.003906,0.882385,0.172119,-0.272583,-0.342712,down
139193,3.511719,4.617187,8.042969,0.126953,-0.152344,0.003906,0.881714,0.172668,-0.274353,-0.342834,down
139198,3.703125,4.734375,8.113281,0.126953,-0.152344,0.003906,0.88147,0.172913,-0.274963,-0.342896,down
139203,3.625,4.773437,7.804687,0.166016,-0.15625,-0.103516,0.88147,0.172913,-0.274963,-0.342896,down
139208,3.433594,4.503906,8.042969,0.166016,-0.15625,-0.103516,0.881104,0.173279,-0.275513,-0.343018,down
139214,3.433594,4.503906,8.042969,0.183594,-0.226562,-0.134766,0.880554,0.173889,-0.276428,-0.343506,down
139219,3.589844,4.847656,8.152344,0.224609,-0.208984,-0.136719,0.880127,0.174316,-0.2771,-0.343811,down
139225,3.589844,5.191406,7.765625,0.224609,-0.208984,-0.136719,0.879822,0.174744,-0.277588,-0.343994,down
139231,3.589844,5.308594,7.382812,0.224609,-0.208984,-0.136719,0.879456,0.175293,-0.278137,-0.344116,down
139236,3.511719,5.308594,7.308594,0.181641,-0.097656,-0.064453,0.879456,0.175293,-0.278137,-0.344116,down
139242,3.511719,5.15625,7.425781,0.113281,-0.072266,-0.046875,0.879456,0.175293,-0.278137,-0.344116,down
139248,3.589844,5.230469,7.503906,0.113281,-0.072266,-0.046875,0.878906,0.17627,-0.279053,-0.34436,down
139253,3.589844,5.347656,7.503906,0.070312,-0.041016,-0.066406,0.878784,0.176453,-0.279175,-0.344482,down
139258,3.625,5.386719,7.425781,0.070312,-0.041016,-0.066406,0.87854,0.176819,-0.279419,-0.344727,down
139263,3.511719,5.347656,7.421875,0.070312,-0.041016,-0.066406,0.87854,0.176819,-0.279419,-0.344727,down
139268,3.550781,5.347656,7.460937,0.070312,-0.041016,-0.066406,0.878235,0.177307,-0.279541,-0.345154,down
139273,3.511719,5.269531,7.425781,0.070312,-0.041016,-0.066406,0.878235,0.177307,-0.279541,-0.345154,down
139278,3.511719,5.230469,7.386719,0.070312,0.003906,-0.160156,0.878235,0.177307,-0.279541,-0.345154,down
139283,3.589844,5.117187,7.5,0.070312,0.003906,-0.160156,0.877747,0.178101,-0.27948,-0.346008,down
139288,3.550781,5.039062,7.542969,0.070312,0.003906,-0.160156,0.877563,0.178406,-0.279419,-0.346375,down
139293,3.703125,4.925781,7.621094,0.070312,0.003906,-0.160156,0.877563,0.178406,-0.279419,-0.346375,down
139298,3.703125,5.078125,7.582031,0.076172,0.058594,-0.197266,0.877563,0.178406,-0.279419,-0.346375,down
139303,3.742188,5.230469,7.726562,0.076172,0.058594,-0.197266,0.877075,0.179504,-0.279053,-0.347412,down
139308,3.589844,5.269531,7.808594,0.035156,0.119141,-0.207031,0.877075,0.179504,-0.279053,-0.347412,down
139313,3.550781,5.269531,7.964844,0.035156,0.119141,-0.207031,0.876892,0.179871,-0.278687,-0.347839,down
139318,3.398438,5.269531,8.0,0.058594,0.152344,-0.193359,0.876892,0.179871,-0.278687,-0.347839,down
139323,3.398438,5.269531,7.765625,0.058594,0.152344,-0.193359,0.876648,0.18103,-0.277649,-0.348816,down
139328,3.472656,5.347656,7.765625,0.058594,0.152344,-0.193359,0.876648,0.18103,-0.277649,-0.348816,down
139333,3.511719,5.386719,7.804687,0.09375,0.136719,-0.181641,0.876648,0.18103,-0.277649,-0.348816,down
139338,3.511719,5.386719,7.921875,0.09375,0.136719,-0.181641,0.876282,0.182495,-0.276672,-0.34967,down
139343,3.625,5.308594,8.078125,0.09375,0.136719,-0.181641,0.876099,0.183105,-0.276428,-0.349976,down
139348,3.742188,5.308594,7.730469,0.09375,0.136719,-0.181641,0.876099,0.183105,-0.276428,-0.349976,down
139353,3.816406,5.421875,7.421875,0.134766,0.185547,-0.199219,0.876099,0.183105,-0.276428,-0.349976,down
139358,3.816406,5.613281,7.234375,0.134766,0.185547,-0.199219,0.875732,0.184937,-0.27533,-0.35083,down
139363,3.816406,5.5,7.273437,0.134766,0.185547,-0.199219,0.875732,0.184937,-0.27533,-0.35083,down
139368,3.816406,5.460937,7.273437,-0.023437,0.28125,-0.138672,0.875732,0.184937,-0.27533,-0.35083,down
139374,4.007812,5.269531,7.304687,-0.023437,0.28125,-0.138672,0.875854,0.186035,-0.273315,-0.35144,down
139380,3.972656,5.230469,7.347656,-0.023437,0.28125,-0.138672,0.876038,0.186218,-0.272522,-0.351501,down
139385,4.277344,5.269531,7.277344,-0.15625,0.375,-0.015625,0.876343,0.18634,-0.271545,-0.351501,down
139391,4.277344,5.230469,7.5,-0.216797,0.380859,0.037109,0.876343,0.18634,-0.271545,-0.351501,down
139397,4.355469,5.117187,7.460937,-0.308594,0.402344,0.072266,0.876343,0.18634,-0.271545,-0.351501,down
139402,4.355469,4.964844,7.503906,-0.394531,0.416016,0.097656,0.876343,0.18634,-0.271545,-0.351501,down
139408,4.199219,4.773437,7.726562,-0.449219,0.425781,0.105469,0.876343,0.18634,-0.271545,-0.351501,down
139413,3.972656,4.695312,7.921875,-0.449219,0.425781,0.105469,0.878784,0.184326,-0.265747,-0.350952,down
139418,4.007812,4.65625,8.039063,-0.449219,0.425781,0.105469,0.879395,0.183594,-0.264343,-0.350769,down
139424,3.78125,4.617187,8.226563,-0.376953,0.390625,0.083984,0.879395,0.183594,-0.264343,-0.350769,down
139429,3.78125,4.617187,8.226563,-0.363281,0.384766,0.048828,0.88092,0.182068,-0.260864,-0.350464,down
139435,3.703125,4.503906,8.042969,-0.363281,0.384766,0.048828,0.881348,0.18158,-0.259766,-0.350403,down
139440,3.742188,4.542969,8.042969,-0.330078,0.34375,-0.001953,0.881714,0.181213,-0.258667,-0.350464,down
139445,3.398438,4.65625,8.152344,-0.330078,0.34375,-0.001953,0.88208,0.180786,-0.257446,-0.350586,down
139451,3.207031,4.734375,7.882812,-0.330078,0.34375,-0.001953,0.882385,0.180603,-0.256592,-0.350647,down
139456,3.050781,4.964844,7.769531,-0.197266,0.330078,-0.039063,0.882385,0.180603,-0.256592,-0.350647,down
139461,2.898438,5.039062,7.660156,-0.189453,0.318359,-0.013672,0.882385,0.180603,-0.256592,-0.350647,down
139466,2.898438,5.0,7.660156,-0.189453,0.318359,-0.013672,0.882385,0.180603,-0.256592,-0.350647,down
139472,2.820313,4.964844,7.621094,-0.189453,0.318359,-0.013672,0.883484,0.180054,-0.25293,-0.350769,down
139478,2.707031,4.964844,7.542969,-0.271484,0.318359,0.044922,0.883484,0.180054,-0.25293,-0.350769,down
139483,2.628906,4.773437,7.578125,-0.3125,0.324219,0.054687,0.883484,0.180054,-0.25293,-0.350769,down
139488,2.59375,4.773437,7.578125,-0.3125,0.324219,0.054687,0.884583,0.178955,-0.250122,-0.350586,down
139493,2.132813,4.886719,7.621094,-0.326172,0.392578,0.044922,0.884583,0.178955,-0.250122,-0.350586,down
139498,2.324219,4.925781,7.304687,-0.326172,0.392578,0.044922,0.885437,0.178101,-0.247925,-0.350403,down
139504,1.902344,4.734375,7.460937,-0.326172,0.392578,0.044922,0.886292,0.177368,-0.245483,-0.350342,down
139509,1.75,4.617187,7.617187,-0.314453,0.40625,-0.007813,0.886719,0.177002,-0.244141,-0.350403,down
139514,1.671875,4.65625,7.765625,-0.269531,0.402344,-0.025391,0.887085,0.176758,-0.242859,-0.350464,down
139519,1.632813,4.773437,7.925781,-0.183594,0.402344,-0.025391,0.887085,0.176758,-0.242859,-0.350464,down
139524,1.710938,5.15625,7.960937,-0.183594,0.402344,-0.025391,0.887695,0.176758,-0.240723,-0.350403,down
139529,1.710938,5.191406,8.0,-0.046875,0.484375,-0.027344,0.887695,0.176758,-0.240723,-0.350403,down
139534,1.40625,5.269531,7.960937,-0.046875,0.484375,-0.027344,0.888245,0.17749,-0.238464,-0.350159,down
139540,1.25,5.308594,7.925781,-0.046875,0.484375,-0.027344,0.88855,0.177917,-0.237427,-0.349976,down
139546,1.097656,5.0,8.078125,0.015625,0.453125,0.056641,0.888855,0.178406,-0.236328,-0.349609,down
139552,0.945312,4.773437,8.34375,0.044922,0.398438,0.097656,0.888855,0.178406,-0.236328,-0.349609,down
139558,0.601562,4.617187,8.808594,0.085937,0.335938,0.132812,0.888855,0.178406,-0.236328,-0.349609,down
139563,0.714844,4.542969,8.804688,0.177734,0.158203,0.177734,0.888855,0.178406,-0.236328,-0.349609,down
139568,0.832031,4.542969,8.691406,0.177734,0.158203,0.177734,0.889893,0.180115,-0.233948,-0.347778,down
139573,1.058594,4.425781,8.082031,0.189453,0.070312,0.175781,0.889893,0.180115,-0.233948,-0.347778,down
139578,1.136719,4.195312,7.882812,0.189453,0.070312,0.175781,0.890076,0.180908,-0.23407,-0.34668,down
139583,1.214844,4.234375,7.695312,0.171875,-0.050781,0.107422,0.890076,0.180908,-0.23407,-0.34668,down
139589,1.40625,4.617187,7.882812,0.222656,-0.113281,0.080078,0.890076,0.180908,-0.23407,-0.34668,down
139595,1.480469,4.847656,8.042969,0.222656,-0.113281,0.080078,0.889709,0.182678,-0.235962,-0.34552,down
139600,1.480469,4.847656,8.042969,0.480469,-0.222656,0.068359,0.889404,0.183533,-0.236816,-0.345154,down
139605,1.597656,5.15625,7.695312,0.480469,-0.222656,0.068359,0.889099,0.184448,-0.237793,-0.344788,down
139610,1.597656,5.15625,7.621094,0.480469,-0.222656,0.068359,0.888794,0.185364,-0.239014,-0.34436,down
139615,1.597656,5.117187,8.269531,0.480469,-0.222656,0.068359,0.888794,0.185364,-0.239014,-0.34436,down
139620,1.789063,5.078125,8.648438,0.521484,-0.539062,0.244141,0.888794,0.185364,-0.239014,-0.34436,down
139625,2.171875,5.0,8.769531,0.548828,-0.660156,0.271484,0.888794,0.185364,-0.239014,-0.34436,down
139631,2.707031,5.078125,8.230469,0.548828,-0.660156,0.271484,0.887329,0.187866,-0.245728,-0.342041,down
139636,2.976563,5.0,7.960937,0.679687,-0.742187,0.242187,0.887329,0.187866,-0.245728,-0.342041,down
139642,3.359375,5.117187,7.621094,0.775391,-0.771484,0.181641,0.887329,0.187866,-0.245728,-0.342041,down
139648,4.125,5.769531,7.730469,0.775391,-0.771484,0.181641,0.884705,0.191345,-0.255066,-0.340027,down
139653,3.855469,5.84375,8.042969,0.775391,-0.771484,0.181641,0.884705,0.191345,-0.255066,-0.340027,down
139658,3.703125,5.769531,8.269531,0.664062,-0.578125,0.001953,0.884705,0.191345,-0.255066,-0.340027,down
139663,3.703125,5.730469,8.230469,0.664062,-0.578125,0.001953,0.883301,0.193237,-0.258911,-0.3396,down
139668,4.085937,6.152344,8.078125,0.664062,-0.578125,0.001953,0.881897,0.195435,-0.262634,-0.339294,down
139673,4.277344,6.035156,7.964844,0.664062,-0.578125,0.001953,0.881897,0.195435,-0.262634,-0.339294,down
139678,3.433594,5.460937,7.347656,0.453125,-0.400391,-0.101563,0.881897,0.195435,-0.262634,-0.339294,down
139683,2.9375,5.347656,7.503906,0.453125,-0.400391,-0.101563,0.880554,0.197388,-0.265625,-0.339355,down
139688,3.011719,5.539062,8.082031,0.453125,-0.400391,-0.101563,0.879883,0.198059,-0.26709,-0.339539,down
139694,3.050781,5.539062,8.078125,0.324219,-0.554687,-0.154297,0.879883,0.198059,-0.26709,-0.339539,down
139699,3.167969,5.308594,7.425781,0.324219,-0.554687,-0.154297,0.87793,0.199158,-0.271118,-0.340576,down
139704,2.859375,5.15625,6.542969,0.324219,-0.554687,-0.154297,0.877441,0.199341,-0.272217,-0.341003,down
139709,2.402344,5.308594,7.539062,0.214844,-0.648437,-0.111328,0.877441,0.199341,-0.272217,-0.341003,down
139714,2.59375,5.460937,8.421875,0.302734,-0.667969,-0.126953,0.87677,0.199402,-0.273621,-0.341492,down
139719,3.320313,5.269531,7.84375,0.302734,-0.667969,-0.126953,0.875427,0.199768,-0.276733,-0.342285,down
139724,3.625,5.15625,7.160156,0.302734,-0.667969,-0.126953,0.875427,0.199768,-0.276733,-0.342285,down
139729,3.472656,5.039062,6.855469,0.326172,-0.570312,-0.208984,0.875427,0.199768,-0.276733,-0.342285,down
139735,3.664063,5.039062,7.804687,0.326172,-0.570312,-0.208984,0.873047,0.200989,-0.281372,-0.343872,down
139741,3.816406,5.117187,7.882812,0.326172,-0.570312,-0.208984,0.872314,0.201477,-0.282654,-0.34436,down
139746,4.621094,5.613281,6.851562,0.378906,-0.455078,-0.300781,0.87146,0.202148,-0.284058,-0.344971,down
139751,4.164062,5.691406,6.429687,0.273438,-0.306641,-0.291016,0.87146,0.202148,-0.284058,-0.344971,down
139756,3.550781,5.613281,7.160156,0.273438,-0.306641,-0.291016,0.87146,0.202148,-0.284058,-0.344971,down
139761,3.472656,5.652344,7.382812,0.101563,-0.183594,-0.207031,0.87146,0.202148,-0.284058,-0.344971,down
139767,3.550781,5.691406,7.34375,0.072266,-0.162109,-0.179687,0.87146,0.202148,-0.284058,-0.344971,down
139772,3.550781,5.652344,7.042969,0.052734,-0.138672,-0.158203,0.87146,0.202148,-0.284058,-0.344971,down
139778,3.742188,5.691406,6.855469,0.019531,-0.123047,-0.160156,0.87146,0.202148,-0.284058,-0.344971,down
139783,3.972656,5.804687,6.738281,-0.035156,-0.099609,-0.175781,0.87146,0.202148,-0.284058,-0.344971,down
139789,3.664063,5.804687,6.816406,-0.109375,-0.068359,-0.207031,0.87146,0.202148,-0.284058,-0.344971,down
139794,3.550781,5.769531,7.042969,-0.109375,-0.068359,-0.207031,0.868408,0.203613,-0.286377,-0.349915,down
139799,3.359375,5.882812,7.082031,-0.189453,0.070312,-0.189453,0.868408,0.203613,-0.286377,-0.349915,down
139804,3.207031,5.804687,7.304687,-0.189453,0.070312,-0.189453,0.868347,0.20343,-0.286011,-0.350403,down
139809,3.398438,6.035156,7.347656,-0.189453,0.083984,-0.154297,0.868347,0.20343,-0.286011,-0.350403,down
139814,3.359375,6.1875,7.277344,-0.224609,0.113281,-0.021484,0.868408,0.202942,-0.285095,-0.351196,down
139819,3.511719,6.304687,7.277344,-0.224609,0.113281,-0.021484,0.868774,0.202271,-0.284119,-0.351563,down
139824,3.894531,6.226562,7.195312,-0.224609,0.113281,-0.021484,0.868774,0.202271,-0.284119,-0.351563,down
139829,4.007812,5.960937,7.277344,-0.224609,0.113281,-0.021484,0.869507,0.20105,-0.282715,-0.351624,down
139834,4.125,5.882812,7.277344,-0.224609,0.113281,-0.021484,0.869507,0.20105,-0.282715,-0.351624,down
139839,4.046875,5.804687,7.238281,-0.384766,0.376953,0.019531,0.869507,0.20105,-0.282715,-0.351624,down
139845,4.007812,5.5,6.660156,-0.384766,0.376953,0.019531,0.87085,0.199585,-0.27948,-0.351685,down
139851,3.703125,5.5,6.542969,-0.384766,0.376953,0.019531,0.871521,0.199036,-0.27771,-0.351746,down
139856,3.011719,5.308594,7.039062,-0.484375,0.638672,0.019531,0.872192,0.198547,-0.276001,-0.351746,down
139862,2.707031,5.230469,7.503906,-0.457031,0.65625,0.056641,0.872803,0.19812,-0.274292,-0.351685,down
139868,2.628906,5.347656,7.765625,-0.402344,0.65625,0.089844,0.872803,0.19812,-0.274292,-0.351685,down
139873,2.59375,5.5,8.042969,-0.359375,0.613281,0.121094,0.872803,0.19812,-0.274292,-0.351685,down
139878,2.707031,5.421875,8.1875,-0.34375,0.517578,0.146484,0.872803,0.19812,-0.274292,-0.351685,down
139883,2.898438,5.230469,7.882812,-0.347656,0.482422,0.146484,0.872803,0.19812,-0.274292,-0.351685,down
139889,2.9375,5.15625,7.882812,-0.375,0.435547,0.082031,0.872803,0.19812,-0.274292,-0.351685,down
139894,2.976563,5.078125,7.925781,-0.375,0.435547,0.082031,0.87677,0.195801,-0.265381,-0.349976,down
139899,3.089844,4.964844,7.886719,-0.347656,0.408203,0.037109,0.87677,0.195801,-0.265381,-0.349976,down
139905,3.128906,4.964844,7.964844,-0.320313,0.40625,-0.023437,0.878113,0.194702,-0.261719,-0.349976,down
139910,3.050781,5.0,7.964844,-0.302734,0.416016,-0.103516,0.878479,0.194458,-0.260437,-0.350159,down
139916,2.59375,5.117187,8.082031,-0.302734,0.416016,-0.103516,0.878784,0.194275,-0.259216,-0.350342,down
139921,2.171875,5.15625,8.425781,-0.302734,0.416016,-0.103516,0.879089,0.194153,-0.258057,-0.350586,down
139926,2.054688,5.269531,8.5,-0.140625,0.298828,-0.0625,0.879089,0.194153,-0.258057,-0.350586,down
139931,2.132813,5.386719,8.535156,-0.048828,0.203125,-0.039063,0.879089,0.194153,-0.258057,-0.350586,down
139937,2.4375,5.460937,8.265625,-0.048828,0.203125,-0.039063,0.879639,0.194336,-0.25592,-0.350708,down
139942,2.554688,5.730469,7.699219,-0.048828,0.203125,-0.039063,0.879639,0.194336,-0.25592,-0.350708,down
139947,2.628906,5.613281,7.726562,0.089844,0.119141,0.021484,0.879639,0.194336,-0.25592,-0.350708,down
139952,2.59375,5.460937,7.84375,0.113281,0.105469,0.029297,0.879639,0.194336,-0.25592,-0.350708,down
139957,2.59375,5.539062,7.960937,0.113281,0.105469,0.029297,0.879639,0.194336,-0.25592,-0.350708,down
139963,2.667969,5.421875,7.921875,0.220703,0.039063,0.025391,0.879639,0.194336,-0.25592,-0.350708,down
139968,2.667969,5.347656,7.765625,0.257813,0.023437,0.011719,0.879639,0.194336,-0.25592,-0.350708,down
139974,2.363281,5.078125,7.726562,0.271484,0.017578,0.003906,0.879639,0.194336,-0.25592,-0.350708,down
139979,2.132813,4.847656,7.765625,0.302734,-0.097656,0.056641,0.879456,0.197998,-0.255737,-0.349182,down
139984,2.132813,5.191406,8.460938,0.302734,-0.097656,0.056641,0.879333,0.198608,-0.256104,-0.348938,down
139990,3.207031,5.15625,8.609375,0.544922,-0.396484,0.033203,0.879089,0.199219,-0.256897,-0.348633,down
139995,2.746094,5.078125,7.425781,0.544922,-0.396484,0.033203,0.878113,0.200928,-0.259521,-0.348083,down
140001,2.285156,5.0,7.199219,0.515625,-0.396484,0.060547,0.877747,0.201599,-0.26062,-0.347839,down
140006,2.515625,5.039062,8.078125,0.515625,-0.396484,0.060547,0.877136,0.202576,-0.26239,-0.347534,down
140012,2.324219,4.964844,8.042969,0.515625,-0.396484,0.060547,0.876648,0.203308,-0.263794,-0.34729,down
140017,2.59375,4.886719,7.660156,0.685547,-0.558594,0.060547,0.876648,0.203308,-0.263794,-0.34729,down
140022,2.9375,5.078125,6.960937,0.654297,-0.533203,0.029297,0.876648,0.203308,-0.263794,-0.34729,down
140027,2.402344,5.421875,7.304687,0.654297,-0.533203,0.029297,0.874695,0.206177,-0.268982,-0.346497,down
140032,2.246094,5.460937,7.808594,0.513672,-0.5,0.052734,0.874695,0.206177,-0.268982,-0.346497,down
140037,2.9375,5.5,7.769531,0.488281,-0.539062,0.056641,0.874695,0.206177,-0.268982,-0.346497,down
140042,3.011719,5.269531,7.234375,0.435547,-0.496094,-0.005859,0.874695,0.206177,-0.268982,-0.346497,down
140047,2.171875,5.613281,7.421875,0.435547,-0.496094,-0.005859,0.874695,0.206177,-0.268982,-0.346497,down
140053,2.9375,5.730469,7.886719,0.365234,-0.529297,0.042969,0.874695,0.206177,-0.268982,-0.346497,down
140058,3.359375,5.578125,7.082031,0.300781,-0.550781,-0.033203,0.874695,0.206177,-0.268982,-0.346497,down
140064,2.785156,5.691406,7.660156,0.15625,-0.427734,-0.052734,0.870422,0.209473,-0.280212,-0.346313,down
140069,3.207031,5.804687,8.1875,0.15625,-0.427734,-0.052734,0.870422,0.209473,-0.280212,-0.346313,down
140075,3.894531,5.804687,7.726562,0.201172,-0.416016,-0.101563,0.870422,0.209473,-0.280212,-0.346313,down
140081,3.894531,5.804687,7.726562,0.130859,-0.306641,-0.0625,0.868958,0.209839,-0.283569,-0.347107,down
140086,3.742188,5.539062,7.464844,0.130859,-0.306641,-0.0625,0.868652,0.2099,-0.284302,-0.347229,down
140091,3.816406,5.578125,7.460937,0.167969,-0.222656,-0.015625,0.868652,0.2099,-0.284302,-0.347229,down
140096,4.007812,5.578125,7.195312,0.167969,-0.181641,-0.017578,0.868652,0.2099,-0.284302,-0.347229,down
140101,4.238281,5.691406,6.734375,0.167969,-0.181641,-0.017578,0.868652,0.2099,-0.284302,-0.347229,down
140107,3.320313,5.769531,6.617187,0.167969,-0.181641,-0.017578,0.867737,0.210754,-0.286194,-0.347412,down
140113,3.128906,5.769531,6.855469,-0.011719,0.009766,-0.039063,0.867737,0.210754,-0.286194,-0.347412,down
140119,3.207031,5.804687,7.003906,-0.011719,0.009766,-0.039063,0.867676,0.210815,-0.286133,-0.347595,down
140124,3.167969,5.921875,6.964844,-0.011719,0.009766,-0.039063,0.867676,0.210693,-0.286011,-0.347717,down
140130,3.167969,5.921875,7.042969,-0.154297,-0.050781,-0.037109,0.867676,0.210693,-0.286011,-0.347717,down
140135,3.320313,5.960937,7.308594,-0.154297,-0.050781,-0.037109,0.867737,0.209839,-0.285767,-0.348328,down
140140,3.242188,5.960937,7.304687,-0.154297,-0.050781,-0.037109,0.867798,0.209412,-0.285706,-0.348511,down
140145,3.320313,5.84375,7.273437,-0.154297,-0.050781,-0.037109,0.867798,0.209412,-0.285706,-0.348511,down
140150,3.742188,5.652344,7.503906,-0.238281,-0.060547,0.005859,0.867798,0.209412,-0.285706,-0.348511,down
140156,3.816406,5.230469,7.503906,-0.238281,-0.060547,0.005859,0.867981,0.207703,-0.285522,-0.349121,down
140161,3.816406,5.230469,7.503906,-0.210937,-0.044922,0.009766,0.868103,0.207153,-0.285461,-0.349304,down
140166,3.742188,5.078125,7.160156,-0.195312,0.048828,0.003906,0.868225,0.206665,-0.285278,-0.349426,down
140172,3.472656,5.652344,6.855469,-0.195312,0.048828,0.003906,0.868347,0.20636,-0.284912,-0.349487,down
140177,3.511719,5.769531,7.15625,-0.152344,0.181641,0.042969,0.868591,0.206177,-0.284424,-0.349487,down
140182,3.589844,5.882812,7.199219,-0.126953,0.238281,0.068359,0.868835,0.205994,-0.283875,-0.349365,down
140187,3.589844,6.074219,7.042969,-0.126953,0.238281,0.068359,0.869202,0.205933,-0.283203,-0.349121,down
140192,3.320313,6.035156,7.039062,-0.126953,0.238281,0.068359,0.869202,0.205933,-0.283203,-0.349121,down
140198,3.320313,5.691406,7.542969,-0.140625,0.335938,0.152344,0.869202,0.205933,-0.283203,-0.349121,down
140203,3.433594,5.460937,7.464844,-0.089844,0.330078,0.130859,0.869202,0.205933,-0.283203,-0.349121,down
140208,3.433594,5.5,6.964844,-0.089844,0.330078,0.130859,0.870789,0.205872,-0.28009,-0.347656,down
140214,3.050781,5.613281,7.042969,-0.052734,0.417969,0.136719,0.870789,0.205872,-0.28009,-0.347656,down
140220,2.976563,5.613281,7.425781,-0.033203,0.394531,0.214844,0.870789,0.205872,-0.28009,-0.347656,down
140225,3.089844,5.308594,8.265625,-0.033203,0.394531,0.214844,0.872559,0.206604,-0.276794,-0.345398,down
140230,3.207031,5.539062,7.882812,0.117188,0.353516,0.25,0.872559,0.206604,-0.276794,-0.345398,down
140235,2.976563,5.84375,7.65625,0.117188,0.353516,0.25,0.872986,0.207031,-0.276184,-0.344604,down
140240,2.9375,5.84375,7.578125,0.0625,0.289063,0.287109,0.872986,0.207031,-0.276184,-0.344604,down
140245,2.785156,5.613281,7.539062,0.0625,0.289063,0.287109,0.874146,0.207764,-0.274841,-0.342224,down
140250,2.898438,5.613281,7.464844,0.095703,0.236328,0.275391,0.874146,0.207764,-0.274841,-0.342224,down
140255,2.898438,5.613281,7.238281,0.095703,0.236328,0.275391,0.874573,0.208008,-0.274475,-0.34137,down
140260,2.859375,5.613281,7.238281,0.089844,0.232422,0.234375,0.874573,0.208008,-0.274475,-0.34137,down
140265,3.050781,5.5,7.386719,0.089844,0.232422,0.234375,0.875488,0.20874,-0.27356,-0.339294,down
140270,3.207031,5.578125,7.5,0.072266,0.220703,0.1875,0.875488,0.20874,-0.27356,-0.339294,down
140275,3.28125,5.578125,7.464844,0.072266,0.220703,0.1875,0.875793,0.208984,-0.273193,-0.338623,down
140280,2.898438,5.769531,7.621094,0.048828,0.246094,0.197266,0.875793,0.208984,-0.273193,-0.338623,down
140285,2.898438,5.84375,7.621094,0.033203,0.25,0.21875,0.876709,0.209534,-0.272034,-0.336853,down
140290,2.859375,5.84375,7.695312,0.015625,0.246094,0.248047,0.876709,0.209534,-0.272034,-0.336853,down
140295,2.820313,5.804687,7.277344,0.015625,0.246094,0.248047,0.877075,0.209656,-0.271606,-0.336121,down
140301,2.515625,5.769531,7.160156,0.015625,0.246094,0.248047,0.877869,0.209656,-0.270691,-0.334839,down
140306,2.667969,5.347656,7.660156,0.015625,0.246094,0.248047,0.878296,0.209473,-0.270264,-0.334167,down
140311,2.746094,5.269531,7.617187,-0.082031,0.136719,0.273438,0.878662,0.209229,-0.269958,-0.333557,down
140317,3.011719,5.308594,7.578125,-0.082031,0.136719,0.273438,0.879028,0.209106,-0.269775,-0.332947,down
140322,3.128906,5.308594,7.617187,-0.015625,0.119141,0.242187,0.879333,0.208984,-0.269592,-0.332336,down
157719,5.65625,3.164063,7.082031,0.382813,0.523437,1.130859,0.250244,0.351807,0.080139,0.898437,down
157724,5.65625,3.164063,7.082031,-0.466797,0.669922,1.195313,0.244812,0.349731,0.079224,0.900818,down
157729,5.386719,2.855469,7.195312,-0.466797,0.669922,1.195313,0.239746,0.346558,0.075745,0.903687,down
157734,5.3125,2.816406,7.542969,-0.466797,0.669922,1.195313,0.237671,0.345032,0.073792,0.905029,down
157740,5.234375,2.894531,7.730469,-0.466797,0.669922,1.195313,0.235229,0.343262,0.071533,0.906494,down
157745,5.3125,2.78125,7.769531,-0.523437,0.742187,1.269531,0.232788,0.341492,0.06958,0.907959,down
157750,5.273437,2.703125,7.847656,-0.304688,0.800781,1.265625,0.232788,0.341492,0.06958,0.907959,down
157756,5.3125,2.78125,7.925781,-0.304688,0.800781,1.265625,0.227295,0.337952,0.067017,0.910828,down
157762,5.3125,2.78125,7.925781,0.232422,0.884766,1.232422,0.224304,0.336304,0.06665,0.912231,down
157767,5.351562,2.472656,7.964844,0.490234,0.919922,1.212891,0.224304,0.336304,0.06665,0.912231,down
157773,5.160156,2.625,7.960937,0.490234,0.919922,1.212891,0.224304,0.336304,0.06665,0.912231,down
157778,5.042969,2.703125,7.882812,0.859375,0.980469,1.203125,0.224304,0.336304,0.06665,0.912231,down
157783,4.890625,2.78125,7.886719,0.982422,0.978516,1.244141,0.224304,0.336304,0.06665,0.912231,down
157788,4.660156,2.972656,7.847656,0.982422,0.978516,1.244141,0.206787,0.328369,0.072327,0.918823,down
157793,4.777344,2.855469,8.078125,0.982422,0.978516,1.244141,0.203003,0.326904,0.073975,0.920044,down
157799,4.890625,2.933594,8.078125,0.705078,0.886719,1.365234,0.203003,0.326904,0.073975,0.920044,down
157804,5.003906,2.933594,7.769531,0.705078,0.886719,1.365234,0.195251,0.324219,0.076538,0.922424,down
157809,5.003906,2.933594,7.769531,0.417969,0.921875,1.357422,0.187683,0.321045,0.07782,0.924988,down
157814,4.96875,2.855469,7.886719,0.339844,0.947266,1.306641,0.183777,0.319153,0.078064,0.926453,down
157819,5.042969,2.894531,7.882812,0.339844,0.947266,1.306641,0.180725,0.317505,0.078247,0.927551,down
157824,5.003906,2.550781,8.230469,0.339844,0.947266,1.306641,0.177673,0.315735,0.078308,0.928772,down
157829,4.851562,2.511719,7.804687,0.339844,0.947266,1.306641,0.177673,0.315735,0.078308,0.928772,down
157834,4.738281,2.433594,7.460937,0.070312,0.943359,1.0,0.177673,0.315735,0.078308,0.928772,down
157839,4.699219,2.320313,7.699219,0.070312,0.943359,1.0,0.169617,0.309998,0.078003,0.932251,down
157844,4.429687,2.472656,7.925781,0.070312,0.943359,1.0,0.169617,0.309998,0.078003,0.932251,down
157849,4.429687,2.472656,7.925781,0.070312,0.892578,0.919922,0.167297,0.308105,0.077759,0.933289,down
157854,4.125,2.472656,7.847656,0.070312,0.892578,0.919922,0.164978,0.306335,0.077637,0.934265,down
157859,4.164062,2.128906,8.152344,0.177734,0.800781,0.927734,0.162476,0.304626,0.077637,0.935303,down
157864,4.164062,2.128906,8.152344,0.228516,0.755859,0.941406,0.162476,0.304626,0.077637,0.935303,down
157870,4.085937,2.359375,8.109375,0.228516,0.755859,0.941406,0.154846,0.300293,0.078186,0.937927,down
157876,3.972656,2.359375,8.269531,0.228516,0.755859,0.941406,0.152161,0.299072,0.078491,0.938721,down
157881,3.972656,2.550781,8.152344,0.228516,0.755859,0.941406,0.149475,0.298035,0.078674,0.939514,down
157887,3.972656,2.816406,8.148438,0.273438,0.507812,1.074219,0.149475,0.298035,0.078674,0.939514,down
157893,4.277344,2.625,8.042969,0.21875,0.453125,1.099609,0.149475,0.298035,0.078674,0.939514,down
157898,4.394531,2.207031,8.226563,0.21875,0.453125,1.099609,0.141113,0.295471,0.078552,0.941589,down
157903,4.429687,2.28125,8.226563,0.113281,0.439453,1.044922,0.141113,0.295471,0.078552,0.941589,down
157908,4.46875,2.242188,8.148438,0.0,0.4375,1.017578,0.141113,0.295471,0.078552,0.941589,down
157914,4.394531,1.820313,8.308594,0.0,0.4375,1.017578,0.13324,0.292969,0.076965,0.943665,down
157919,4.199219,1.820313,8.265625,-0.166016,0.484375,0.880859,0.131287,0.292175,0.07605,0.944275,down
157924,4.199219,1.820313,8.265625,-0.166016,0.484375,0.880859,0.129089,0.291138,0.075073,0.944946,down
157929,3.78125,2.089844,8.652344,-0.091797,0.453125,0.845703,0.125244,0.289307,0.073669,0.946106,down
157934,3.433594,2.207031,8.34375,-0.091797,0.453125,0.845703,0.125244,0.289307,0.073669,0.946106,down
157939,3.433594,2.167969,8.425781,-0.091797,0.453125,0.845703,0.123047,0.288513,0.072815,0.946777,down
157944,3.550781,2.128906,8.460938,-0.224609,0.140625,0.923828,0.123047,0.288513,0.072815,0.946777,down
157949,3.972656,1.707031,8.730469,-0.224609,0.140625,0.923828,0.119141,0.287659,0.070923,0.947632,down
157954,4.199219,1.4375,8.953125,-0.314453,0.027344,0.908203,0.117188,0.287537,0.069702,0.947998,down
157959,4.316406,1.402344,8.914063,-0.314453,0.027344,0.908203,0.115234,0.287476,0.068359,0.948364,down
157965,4.316406,1.402344,8.914063,-0.291016,0.03125,0.822266,0.111816,0.287537,0.065796,0.948975,down
157971,4.355469,1.210938,8.464844,-0.291016,0.03125,0.822266,0.110168,0.287476,0.064575,0.949219,down
157977,4.394531,1.210938,8.460938,-0.330078,0.023437,0.757812,0.110168,0.287476,0.064575,0.949219,down
157982,4.507812,1.054688,8.648438,-0.332031,-0.011719,0.738281,0.110168,0.287476,0.064575,0.949219,down
157987,4.429687,0.980469,8.652344,-0.332031,-0.011719,0.738281,0.105591,0.287537,0.060669,0.950012,down
157992,4.429687,0.941406,8.808594,-0.169922,-0.027344,0.667969,0.105591,0.287537,0.060669,0.950012,down
157997,4.429687,0.941406,8.652344,-0.060547,-0.050781,0.628906,0.105591,0.287537,0.060669,0.950012,down
158002,4.429687,0.941406,8.570313,0.03125,-0.048828,0.568359,0.105591,0.287537,0.060669,0.950012,down
158008,4.199219,1.019531,8.609375,0.03125,-0.048828,0.568359,0.105591,0.287537,0.060669,0.950012,down
158014,4.046875,1.210938,8.609375,0.191406,-0.066406,0.486328,0.105591,0.287537,0.060669,0.950012,down
158019,3.933594,1.324219,8.765625,0.259766,-0.152344,0.46875,0.105591,0.287537,0.060669,0.950012,down
158024,3.933594,1.4375,8.957031,0.259766,-0.152344,0.46875,0.095154,0.289917,0.058838,0.9505,down
158029,3.742188,1.554688,8.847656,0.259766,-0.152344,0.46875,0.095154,0.289917,0.058838,0.9505,down
158034,3.664063,1.515625,8.804688,0.123047,-0.431641,0.496094,0.095154,0.289917,0.058838,0.9505,down
158039,3.78125,1.402344,8.84375,0.123047,-0.431641,0.496094,0.091675,0.292969,0.058594,0.94989,down
158044,3.816406,1.285156,8.886719,0.123047,-0.431641,0.496094,0.090576,0.294556,0.058167,0.949524,down
158049,3.933594,0.902344,8.917969,0.123047,-0.431641,0.496094,0.090576,0.294556,0.058167,0.949524,down
158054,4.007812,0.789062,8.917969,-0.011719,-0.826172,0.460937,0.088745,0.298584,0.057129,0.948547,down
158059,4.164062,0.597656,8.730469,-0.011719,-0.826172,0.460937,0.088745,0.298584,0.057129,0.948547,down
158064,4.164062,0.597656,8.730469,0.060547,-1.027344,0.384766,0.087952,0.301025,0.056641,0.947876,down
158070,4.164062,0.441406,8.609375,0.15625,-1.099609,0.333984,0.087952,0.301025,0.056641,0.947876,down
158076,4.277344,-0.132812,8.460938,0.291016,-1.148438,0.269531,0.085754,0.309265,0.056885,0.945374,down
158081,4.277344,-0.132812,8.460938,0.291016,-1.148438,0.269531,0.085754,0.309265,0.056885,0.945374,down
158086,4.429687,-0.132812,8.082031,0.521484,-1.222656,0.158203,0.085205,0.312256,0.057556,0.944397,down
158091,4.46875,0.023437,8.078125,0.681641,-1.279297,0.080078,0.085205,0.312256,0.057556,0.944397,down
158097,4.394531,0.40625,8.152344,0.681641,-1.279297,0.080078,0.083618,0.321655,0.061157,0.941162,down
158102,4.46875,0.597656,8.082031,1.0625,-1.341797,-0.033203,0.083618,0.321655,0.061157,0.941162,down
158108,4.546875,0.789062,8.082031,1.181641,-1.404297,-0.091797,0.083618,0.321655,0.061157,0.941162,down
158114,4.585937,0.75,8.34375,1.212891,-1.486328,-0.132812,0.083618,0.321655,0.061157,0.941162,down
158119,4.46875,0.789062,8.382813,1.214844,-1.587891,-0.169922,0.083618,0.321655,0.061157,0.941162,down
158124,4.507812,0.980469,8.148438,1.205078,-1.755859,-0.162109,0.083618,0.321655,0.061157,0.941162,down
158129,4.699219,1.171875,8.113281,1.205078,-1.755859,-0.162109,0.081299,0.344116,0.07605,0.932312,down
158134,4.699219,1.171875,8.113281,1.126953,-1.910156,-0.148437,0.080994,0.348816,0.078735,0.930359,down
158139,4.8125,1.132813,8.039063,1.126953,-1.910156,-0.148437,0.080811,0.353149,0.081055,0.928528,down
158144,4.851562,0.980469,7.769531,1.072266,-1.992188,-0.158203,0.080566,0.36261,0.085449,0.9245,down
158149,4.96875,0.863281,7.621094,0.953125,-2.074219,-0.169922,0.080566,0.36261,0.085449,0.9245,down
158154,5.160156,0.902344,7.804687,0.953125,-2.074219,-0.169922,0.080505,0.367615,0.087524,0.922363,down
158159,5.3125,0.980469,7.960937,0.953125,-2.074219,-0.169922,0.080505,0.372925,0.089539,0.920044,down
158165,5.425781,1.363281,7.578125,1.013672,-2.152344,-0.232422,0.080505,0.372925,0.089539,0.920044,down
158170,5.386719,1.59375,7.582031,1.167969,-2.199219,-0.318359,0.080688,0.382935,0.09375,0.915466,down
158175,5.351562,1.785156,7.542969,1.167969,-2.199219,-0.318359,0.080994,0.393738,0.09906,0.910278,down
158180,5.351562,1.976563,7.421875,1.167969,-2.199219,-0.318359,0.080994,0.393738,0.09906,0.910278,down
158185,5.542969,2.128906,7.542969,1.322266,-2.255859,-0.400391,0.081238,0.39917,0.101929,0.907593,down
158190,5.542969,2.128906,7.542969,1.419922,-2.300781,-0.460937,0.081421,0.403687,0.104553,0.905273,down
158195,5.695312,2.359375,7.882812,1.419922,-2.300781,-0.460937,0.081726,0.409241,0.10791,0.902344,down
158200,5.695312,2.359375,7.882812,1.458984,-2.435547,-0.619141,0.082458,0.420166,0.114685,0.896423,down
158205,6.039062,2.625,7.582031,1.458984,-2.435547,-0.619141,0.082458,0.420166,0.114685,0.896423,down
158210,6.460937,2.359375,6.894531,1.244141,-2.566406,-0.724609,0.083252,0.425903,0.118103,0.893188,down
158216,6.847656,2.550781,6.429687,1.244141,-2.566406,-0.724609,0.08551,0.437439,0.124146,0.886536,down
158221,7.035156,2.78125,6.277344,1.03125,-2.59375,-0.869141,0.08551,0.437439,0.124146,0.886536,down
158227,7.414062,3.046875,5.585937,1.03125,-2.59375,-0.869141,0.088806,0.448547,0.129395,0.879883,down
158232,7.417969,3.238281,5.28125,0.773437,-2.408203,-1.021484,0.088806,0.448547,0.129395,0.879883,down
158237,7.492187,3.507813,5.128906,0.644531,-2.277344,-1.056641,0.088806,0.448547,0.129395,0.879883,down
158242,7.453125,4.082031,5.128906,0.644531,-2.277344,-1.056641,0.095642,0.463379,0.136047,0.870422,down
158247,7.492187,4.082031,5.089844,0.523437,-2.039063,-1.060547,0.095642,0.463379,0.136047,0.870422,down
158252,7.457031,3.8125,4.933594,0.480469,-1.923828,-1.052734,0.095642,0.463379,0.136047,0.870422,down
158258,7.109375,3.660156,4.589844,0.421875,-1.806641,-1.025391,0.095642,0.463379,0.136047,0.870422,down
158263,7.109375,3.660156,4.589844,0.378906,-1.708984,-0.978516,0.105286,0.479187,0.143127,0.859558,down
158268,7.109375,3.660156,4.589844,0.380859,-1.673828,-0.941406,0.107544,0.482544,0.144653,0.857117,down
158273,6.882812,3.738281,5.164062,0.380859,-1.673828,-0.941406,0.109741,0.485962,0.14624,0.854675,down
158278,6.996094,3.738281,5.050781,0.380859,-1.673828,-0.941406,0.109741,0.485962,0.14624,0.854675,down
158283,6.996094,3.738281,5.050781,0.445312,-1.716797,-0.957031,0.113892,0.492493,0.149475,0.849792,down
158288,7.113281,4.082031,4.933594,0.445312,-1.716797,-0.957031,0.113892,0.492493,0.149475,0.849792,down
158294,7.113281,4.082031,4.933594,0.335938,-1.957031,-1.101563,0.118774,0.500061,0.152771,0.844055,down
158299,7.414062,3.738281,4.4375,0.335938,-1.957031,-1.101563,0.121155,0.503357,0.154114,0.841553,down
158304,7.574219,3.8125,4.132812,0.335938,-1.957031,-1.101563,0.124207,0.507507,0.155762,0.838318,down
158309,7.765625,3.851563,3.863281,0.300781,-1.925781,-1.189453,0.124207,0.507507,0.155762,0.838318,down
158314,7.878906,4.082031,3.671875,0.300781,-1.925781,-1.189453,0.124207,0.507507,0.155762,0.838318,down
158319,7.878906,4.3125,3.480469,0.300781,-1.925781,-1.189453,0.133057,0.518066,0.160339,0.82959,down
158324,7.878906,4.3125,3.480469,0.25,-1.568359,-1.208984,0.135925,0.520996,0.161865,0.826965,down
158330,7.648437,4.808594,3.441406,0.226562,-1.417969,-1.195313,0.141418,0.525818,0.164795,0.822388,down
158335,7.191406,5.269531,3.441406,0.167969,-1.191406,-1.175781,0.141418,0.525818,0.164795,0.822388,down
158340,7.035156,5.269531,3.59375,0.128906,-1.210938,-1.15625,0.144348,0.528076,0.166382,0.820129,down
158345,6.996094,5.078125,3.976563,0.128906,-1.210938,-1.15625,0.146912,0.529907,0.167664,0.818237,down
158350,6.996094,5.078125,3.976563,0.128906,-1.210938,-1.15625,0.152527,0.534119,0.170044,0.813965,down
158355,6.921875,5.15625,4.054687,0.128906,-1.210938,-1.15625,0.152527,0.534119,0.170044,0.813965,down
158360,7.035156,5.347656,4.324219,-0.017578,-1.375,-1.113281,0.152527,0.534119,0.170044,0.813965,down
158365,7.347656,5.347656,3.976563,-0.068359,-1.46875,-1.119141,0.152527,0.534119,0.170044,0.813965,down
158370,7.414062,5.230469,3.902344,-0.28125,-1.541016,-1.070313,0.161499,0.541138,0.172546,0.807068,down
158375,7.417969,5.15625,3.632813,-0.28125,-1.541016,-1.070313,0.168335,0.546265,0.173096,0.802063,down
158380,7.414062,4.964844,3.519531,-0.28125,-1.541016,-1.070313,0.168335,0.546265,0.173096,0.802063,down
158385,7.496094,4.695312,3.171875,-0.478516,-1.505859,-1.0625,0.171875,0.548706,0.172974,0.799683,down
158390,7.492187,4.695312,3.019531,-0.529297,-1.460938,-1.076172,0.17511,0.550781,0.172791,0.797546,down
158395,7.492187,4.695312,3.019531,-0.529297,-1.460938,-1.076172,0.17511,0.550781,0.172791,0.797546,down
158400,7.492187,4.695312,3.019531,-0.560547,-1.365234,-1.085938,0.185669,0.556396,0.172363,0.791382,down
158405,7.53125,4.808594,2.714844,-0.560547,-1.365234,-1.085938,0.185669,0.556396,0.172363,0.791382,down
158410,7.269531,5.269531,2.90625,-0.404297,-1.003906,-1.183594,0.189148,0.557861,0.172424,0.78949,down
158415,7.070312,5.460937,2.789063,-0.404297,-1.003906,-1.183594,0.192505,0.559143,0.172729,0.78772,down
158421,6.925781,5.613281,2.90625,-0.404297,-1.003906,-1.183594,0.199219,0.561584,0.173584,0.784119,down
158426,6.847656,5.460937,3.136719,-0.404297,-1.003906,-1.183594,0.202393,0.562744,0.174072,0.782349,down
158431,6.847656,5.269531,3.097656,-0.292969,-1.015625,-1.148438,0.202393,0.562744,0.174072,0.782349,down
158436,6.847656,5.269531,3.097656,-0.283203,-1.039063,-1.132813,0.202393,0.562744,0.174072,0.782349,down
158441,7.035156,5.191406,3.097656,-0.283203,-1.039063,-1.132813,0.211914,0.566833,0.175598,0.77655,down
158446,7.074219,5.117187,2.980469,-0.283203,-1.039063,-1.132813,0.214905,0.568237,0.176147,0.774536,down
158451,7.152344,5.117187,2.867188,-0.201172,-1.101563,-1.154297,0.218262,0.569824,0.176819,0.772278,down
158456,7.070312,5.460937,2.90625,-0.201172,-1.101563,-1.154297,0.221375,0.57135,0.17749,0.770081,down
158461,6.960937,5.730469,2.714844,-0.201172,-1.101563,-1.154297,0.22406,0.572693,0.178162,0.768127,down
158466,6.960937,5.882812,2.523438,-0.111328,-1.142578,-1.177734,0.227356,0.574402,0.179016,0.765686,down
158471,6.925781,6.113281,2.558594,-0.042969,-1.15625,-1.193359,0.230347,0.57605,0.179932,0.763367,down
158477,6.886719,6.378906,2.445313,-0.042969,-1.15625,-1.193359,0.232849,0.577454,0.180786,0.761353,down
158482,6.886719,6.378906,2.445313,0.019531,-1.064453,-1.181641,0.235901,0.579163,0.182007,0.75885,down
158489,6.964844,6.535156,2.332031,0.019531,-1.064453,-1.181641,0.235901,0.579163,0.182007,0.75885,down
158494,6.730469,6.378906,2.214844,0.017578,-0.962891,-1.183594,0.235901,0.579163,0.182007,0.75885,down
158500,6.609375,6.378906,2.101563,-0.037109,-0.96875,-1.177734,0.235901,0.579163,0.182007,0.75885,down
158505,6.609375,6.378906,2.101563,-0.148437,-1.009766,-1.142578,0.246643,0.584229,0.186218,0.750488,down
158510,6.382812,6.414062,2.214844,-0.28125,-1.089844,-1.078125,0.246643,0.584229,0.186218,0.750488,down
158515,6.382812,6.414062,2.214844,-0.414062,-1.199219,-0.992187,0.252625,0.586914,0.18689,0.746155,down
158521,6.542969,6.378906,2.253906,-0.414062,-1.199219,-0.992187,0.255737,0.58844,0.186646,0.744019,down
158527,6.921875,5.882812,2.332031,-0.689453,-1.3125,-0.894531,0.262329,0.591553,0.185059,0.739563,down
158533,7.148437,5.882812,2.253906,-0.689453,-1.3125,-0.894531,0.262329,0.591553,0.185059,0.739563,down
158538,7.03125,5.578125,2.101563,-0.833984,-1.291016,-0.869141,0.262329,0.591553,0.185059,0.739563,down
158543,7.070312,5.347656,1.910156,-0.802734,-1.226563,-0.90625,0.262329,0.591553,0.185059,0.739563,down
158549,6.886719,5.15625,1.757813,-0.748047,-1.175781,-0.951172,0.262329,0.591553,0.185059,0.739563,down
158554,6.765625,5.117187,1.71875,-0.675781,-1.113281,-1.009766,0.262329,0.591553,0.185059,0.739563,down
158559,6.730469,5.191406,1.679688,-0.570312,-1.087891,-1.076172,0.262329,0.591553,0.185059,0.739563,down
158564,6.730469,5.191406,1.679688,-0.462891,-1.056641,-1.148438,0.286499,0.600281,0.179871,0.724731,down
158569,6.648437,5.613281,1.601563,-0.462891,-1.056641,-1.148438,0.286499,0.600281,0.179871,0.724731,down
158575,6.652344,5.921875,1.527344,-0.201172,-0.980469,-1.259766,0.286499,0.600281,0.179871,0.724731,down
158580,6.648437,6.304687,1.449219,0.054687,-0.927734,-1.285156,0.286499,0.600281,0.179871,0.724731,down
158586,6.460937,6.726562,1.449219,0.054687,-0.927734,-1.285156,0.301392,0.605591,0.184509,0.713013,down
158591,6.269531,6.839844,1.449219,0.054687,-0.927734,-1.285156,0.301392,0.605591,0.184509,0.713013,down
158596,6.15625,7.113281,1.449219,0.089844,-0.923828,-1.121094,0.301392,0.605591,0.184509,0.713013,down
158601,6.191406,7.183594,1.449219,0.089844,-0.923828,-1.121094,0.308411,0.608887,0.18811,0.706238,down
158607,6.382812,7.179687,1.679688,0.089844,-0.923828,-1.121094,0.310791,0.609802,0.188538,0.704285,down
158612,6.347656,6.953125,1.640625,-0.521484,-0.953125,-0.931641,0.313599,0.610718,0.188599,0.702209,down
158617,6.269531,6.496094,1.566406,-0.521484,-0.953125,-0.931641,0.317017,0.611511,0.187988,0.700134,down
158622,6.34375,6.074219,1.527344,-0.521484,-0.953125,-0.931641,0.320068,0.611938,0.187195,0.698608,down
158628,6.386719,5.578125,1.757813,-0.521484,-0.953125,-0.931641,0.323792,0.612366,0.185974,0.696838,down
158633,6.425781,5.386719,1.871094,-1.074219,-0.964844,-0.964844,0.323792,0.612366,0.185974,0.696838,down
158638,6.574219,5.386719,1.949219,-0.998047,-0.919922,-1.017578,0.323792,0.612366,0.185974,0.696838,down
158644,6.609375,5.5,1.792969,-0.998047,-0.919922,-1.017578,0.335022,0.61322,0.182983,0.691528,down
158649,6.609375,5.5,1.792969,-0.691406,-0.802734,-1.144531,0.338501,0.613464,0.182678,0.689697,down
158654,6.539062,5.652344,1.679688,-0.691406,-0.802734,-1.144531,0.338501,0.613464,0.182678,0.689697,down
158659,6.425781,6.378906,1.296875,-0.503906,-0.775391,-1.201172,0.338501,0.613464,0.182678,0.689697,down
158664,6.425781,6.378906,1.296875,-0.082031,-0.716797,-1.335938,0.347778,0.614624,0.184387,0.683594,down
158670,6.230469,7.070312,1.21875,0.089844,-0.666016,-1.386719,0.347778,0.614624,0.184387,0.683594,down
158675,5.773437,7.335937,1.21875,0.208984,-0.638672,-1.404297,0.347778,0.614624,0.184387,0.683594,down
158680,5.582031,7.496094,1.21875,0.208984,-0.638672,-1.404297,0.355286,0.616333,0.189636,0.676697,down
158686,5.464844,7.535156,1.335938,0.09375,-0.808594,-1.228516,0.355286,0.616333,0.189636,0.676697,down
158691,5.582031,7.453125,1.449219,-0.082031,-0.869141,-1.138672,0.360107,0.617859,0.193176,0.671753,down
158697,5.734375,7.496094,1.566406,-0.082031,-0.869141,-1.138672,0.364868,0.619324,0.194763,0.667358,down
158702,5.734375,7.496094,1.566406,-0.535156,-0.939453,-0.962891,0.367737,0.619995,0.194763,0.665161,down
158707,5.695312,7.152344,1.410156,-0.535156,-0.939453,-0.962891,0.371216,0.620544,0.194214,0.662842,down
158713,5.617187,6.875,1.335938,-0.535156,-0.939453,-0.962891,0.374084,0.62085,0.193542,0.661194,down
158718,5.617187,6.800781,1.371094,-0.824219,-0.927734,-0.933594,0.374084,0.62085,0.193542,0.661194,down
158723,5.695312,6.878906,1.410156,-0.767578,-0.904297,-0.960937,0.374084,0.62085,0.193542,0.661194,down
158728,5.65625,6.875,1.371094,-0.638672,-0.853516,-1.011719,0.374084,0.62085,0.193542,0.661194,down
158734,5.695312,6.917969,1.410156,-0.470703,-0.816406,-1.083984,0.374084,0.62085,0.193542,0.661194,down
158739,5.808594,6.992187,1.410156,-0.324219,-0.806641,-1.136719,0.374084,0.62085,0.193542,0.661194,down
158744,5.886719,7.070312,1.371094,-0.177734,-0.773437,-1.185547,0.374084,0.62085,0.193542,0.661194,down
158749,5.886719,7.300781,1.296875,-0.177734,-0.773437,-1.185547,0.374084,0.62085,0.193542,0.661194,down
158755,5.964844,7.335937,1.296875,-0.177734,-0.773437,-1.185547,0.397339,0.623779,0.194641,0.644348,down
158761,5.925781,7.414062,1.257813,0.173828,-0.652344,-1.333984,0.397339,0.623779,0.194641,0.644348,down
158766,5.65625,7.683594,1.335938,0.173828,-0.652344,-1.333984,0.40387,0.625305,0.199402,0.637268,down
158771,5.542969,7.875,1.449219,0.082031,-0.738281,-1.335938,0.40387,0.625305,0.199402,0.637268,down
158776,5.351562,7.988281,1.566406,0.082031,-0.738281,-1.335938,0.406433,0.625916,0.201111,0.63446,down
158781,5.234375,8.023438,1.757813,-0.125,-0.916016,-1.25,0.406433,0.625916,0.201111,0.63446,down
158786,5.121094,7.984375,1.792969,-0.125,-0.916016,-1.25,0.411255,0.627075,0.203369,0.629517,down
158791,5.121094,7.984375,1.792969,-0.232422,-1.003906,-1.179688,0.41394,0.627747,0.203979,0.626892,down
158796,5.234375,7.875,1.792969,-0.232422,-1.003906,-1.179688,0.416748,0.628479,0.204285,0.624146,down
158801,5.234375,7.875,1.792969,-0.289063,-1.113281,-1.060547,0.419434,0.629333,0.204407,0.62146,down
158806,5.734375,8.101563,1.679688,-0.289063,-1.113281,-1.060547,0.419434,0.629333,0.204407,0.62146,down
158811,5.808594,8.367188,1.527344,-0.212891,-1.115234,-1.037109,0.426941,0.632202,0.205017,0.61322,down
158816,5.464844,9.175781,1.066406,-0.212891,-1.115234,-1.037109,0.426941,0.632202,0.205017,0.61322,down
158821,5.425781,9.484375,0.914062,-0.212891,-1.115234,-1.037109,0.431824,0.634155,0.206238,0.607361,down
158826,5.464844,9.636719,0.875,-0.015625,-1.091797,-1.294922,0.431824,0.634155,0.206238,0.607361,down
158831,5.617187,9.710938,0.835937,-0.015625,-1.091797,-1.294922,0.437195,0.636047,0.208008,0.600891,down
158836,5.695312,9.488281,0.683594,-0.015625,-1.091797,-1.294922,0.437195,0.636047,0.208008,0.600891,down
158841,5.65625,9.328125,0.492187,-0.015625,-1.091797,-1.294922,0.439941,0.636841,0.208923,0.597717,down
158846,5.503906,9.171875,0.300781,-0.339844,-0.945312,-1.267578,0.439941,0.636841,0.208923,0.597717,down
158851,4.929687,8.5625,0.339844,-0.339844,-0.945312,-1.267578,0.445618,0.637817,0.210388,0.591919,down
158856,4.851562,8.183594,0.375,-0.339844,-0.945312,-1.267578,0.448608,0.638062,0.210632,0.589294,down
158861,4.8125,7.984375,0.414062,-0.339844,-0.945312,-1.267578,0.451538,0.638184,0.210449,0.586975,down
158866,4.929687,7.835937,0.414062,-0.90625,-1.041016,-0.919922,0.451538,0.638184,0.210449,0.586975,down
158871,5.234375,7.757812,0.414062,-0.90625,-1.041016,-0.919922,0.458435,0.638245,0.208862,0.582092,down
158877,5.234375,7.757812,0.414062,-0.894531,-0.96875,-0.84375,0.4646,0.638123,0.206848,0.578125,down
158882,5.351562,7.957031,0.109375,-0.759766,-0.90625,-0.837891,0.467957,0.638,0.205811,0.575867,down
158888,4.96875,8.222656,0.070312,-0.759766,-0.90625,-0.837891,0.470398,0.638062,0.205261,0.573975,down
158893,4.621094,8.523438,0.261719,-0.759766,-0.90625,-0.837891,0.470398,0.638062,0.205261,0.573975,down
158899,4.429687,8.792969,0.339844,0.234375,-0.837891,-1.027344,0.470398,0.638062,0.205261,0.573975,down
158904,4.429687,8.792969,0.339844,0.527344,-0.839844,-1.105469,0.47583,0.640198,0.20697,0.566467,down
158909,4.238281,9.253906,0.453125,0.644531,-0.853516,-1.191406,0.477051,0.641479,0.208679,0.563416,down
158914,4.238281,9.253906,0.453125,0.644531,-0.853516,-1.191406,0.477051,0.641479,0.208679,0.563416,down
158920,4.125,9.292969,0.53125,0.630859,-0.875,-1.25,0.479492,0.643982,0.21228,0.557068,down
158926,4.125,9.292969,0.53125,0.341797,-0.923828,-1.25,0.481079,0.645142,0.213867,0.553772,down
158932,4.085937,8.789063,0.605469,0.341797,-0.923828,-1.25,0.485168,0.646545,0.215698,0.547791,down
158937,4.046875,8.722656,0.644531,-0.431641,-0.994141,-1.117188,0.487976,0.646912,0.216003,0.544739,down
158943,4.085937,8.300781,0.835937,-0.431641,-0.994141,-1.117188,0.490723,0.646912,0.215759,0.542297,down
158948,4.238281,7.875,0.761719,-0.431641,-0.994141,-1.117188,0.490723,0.646912,0.215759,0.542297,down
158953,4.316406,7.878906,0.796875,-1.03125,-1.072266,-1.083984,0.490723,0.646912,0.215759,0.542297,down
158958,4.316406,8.0625,0.796875,-1.029297,-1.056641,-1.097656,0.490723,0.646912,0.215759,0.542297,down
158963,4.316406,8.0625,0.796875,-0.974609,-1.042969,-1.109375,0.505188,0.645325,0.212402,0.532166,down
158968,4.199219,8.222656,0.953125,-0.974609,-1.042969,-1.109375,0.508667,0.644897,0.211792,0.529663,down
158975,4.046875,8.367188,0.875,-0.496094,-0.908203,-1.130859,0.508667,0.644897,0.211792,0.529663,down
158981,3.972656,8.640625,0.988281,-0.220703,-0.865234,-1.136719,0.508667,0.644897,0.211792,0.529663,down
158987,3.972656,8.789063,0.988281,0.023437,-0.832031,-1.146484,0.508667,0.644897,0.211792,0.529663,down
158993,3.894531,8.871094,0.875,0.230469,-0.775391,-1.169922,0.519958,0.64624,0.214539,0.515686,down
158998,3.550781,9.214844,0.875,0.230469,-0.775391,-1.169922,0.521423,0.646851,0.215637,0.513,down
159024,3.050781,9.210938,1.066406,-0.296875,-0.960937,-1.144531,0.530884,0.64917,0.220093,0.498291,down
159030,3.089844,8.984375,0.914062,-0.449219,-0.986328,-1.169922,0.530884,0.64917,0.220093,0.498291,down
159036,3.128906,8.722656,0.914062,-0.564453,-1.035156,-1.212891,0.530884,0.64917,0.220093,0.498291,down
159041,3.207031,8.644531,0.796875,-0.564453,-1.035156,-1.212891,0.539368,0.648926,0.220093,0.489441,down
159046,3.207031,8.644531,0.796875,-0.550781,-1.087891,-1.328125,0.542725,0.648682,0.220032,0.486023,down
159051,3.207031,8.644531,0.796875,-0.496094,-1.078125,-1.394531,0.545593,0.648499,0.220154,0.483032,down
159056,3.433594,8.910156,0.683594,-0.496094,-1.078125,-1.394531,0.548645,0.648376,0.22052,0.479492,down
159061,3.550781,9.101563,0.414062,-0.496094,-1.078125,-1.394531,0.548645,0.648376,0.22052,0.479492,down
159066,3.550781,9.101563,0.414062,-0.232422,-0.857422,-1.513672,0.554199,0.648193,0.221924,0.472717,down
159071,3.28125,9.410156,0.183594,-0.138672,-0.757812,-1.466797,0.554199,0.648193,0.221924,0.472717,down
159076,2.976563,9.523438,0.53125,-0.138672,-0.757812,-1.466797,0.559265,0.647827,0.224182,0.466125,down
159081,2.707031,9.371094,0.605469,-0.138672,-0.757812,-1.466797,0.561707,0.647644,0.225403,0.46283,down
159087,2.515625,9.292969,0.644531,-0.138672,-0.785156,-1.263672,0.561707,0.647644,0.225403,0.46283,down
159092,2.324219,9.332031,0.875,-0.138672,-0.785156,-1.263672,0.568115,0.647461,0.228088,0.453918,down
159097,2.402344,9.328125,0.914062,-0.138672,-0.785156,-1.263672,0.568115,0.647461,0.228088,0.453918,down
159102,2.324219,9.332031,0.835937,-0.208984,-0.943359,-1.162109,0.568115,0.647461,0.228088,0.453918,down
159107,2.324219,9.332031,0.835937,-0.230469,-0.974609,-1.166016,0.574585,0.647583,0.229187,0.444946,down
159113,2.363281,9.484375,0.644531,-0.230469,-0.974609,-1.166016,0.576843,0.647583,0.229431,0.441833,down
159118,2.402344,9.527344,0.605469,-0.224609,-0.990234,-1.234375,0.579224,0.647644,0.229736,0.438599,down
159124,2.476563,9.527344,0.570312,-0.208984,-0.992187,-1.277344,0.579224,0.647644,0.229736,0.438599,down
159129,2.667969,9.449219,0.453125,-0.208984,-0.992187,-1.277344,0.583801,0.647583,0.23053,0.432068,down
159135,2.707031,9.410156,0.339844,-0.259766,-0.957031,-1.337891,0.583801,0.647583,0.23053,0.432068,down
159140,2.785156,9.292969,0.261719,-0.332031,-0.917969,-1.361328,0.583801,0.647583,0.23053,0.432068,down
159145,2.898438,8.910156,0.183594,-0.433594,-0.871094,-1.417969,0.583801,0.647583,0.23053,0.432068,down
159150,2.859375,8.871094,0.148437,-0.511719,-0.818359,-1.455078,0.583801,0.647583,0.23053,0.432068,down
159155,2.820313,8.871094,0.222656,-0.533203,-0.769531,-1.484375,0.583801,0.647583,0.23053,0.432068,down
159160,2.746094,8.949219,0.375,-0.480469,-0.732422,-1.503906,0.583801,0.647583,0.23053,0.432068,down
159165,2.246094,9.171875,0.570312,-0.359375,-0.710937,-1.507813,0.583801,0.647583,0.23053,0.432068,down
159170,2.246094,9.171875,0.570312,-0.220703,-0.726562,-1.472656,0.604858,0.642883,0.236084,0.406311,down
159176,2.019531,9.367188,0.644531,-0.220703,-0.726562,-1.472656,0.606995,0.642517,0.237122,0.403076,down
159181,2.019531,9.367188,0.644531,0.119141,-0.816406,-1.333984,0.608887,0.642517,0.23822,0.399597,down
159186,1.632813,9.675781,0.492187,0.119141,-0.816406,-1.333984,0.608887,0.642517,0.23822,0.399597,down
159191,1.789063,10.289063,0.375,0.302734,-0.953125,-1.263672,0.608887,0.642517,0.23822,0.399597,down
159196,1.75,10.824219,-0.273438,0.302734,-0.953125,-1.263672,0.612488,0.644836,0.240906,0.38855,down
159201,1.671875,11.097656,-0.503906,0.708984,-1.046875,-1.162109,0.61322,0.64624,0.241943,0.384399,down
159206,1.671875,11.398438,-0.542969,0.748047,-1.035156,-1.152344,0.61322,0.64624,0.241943,0.384399,down
159211,1.671875,11.664063,-0.582031,0.748047,-1.035156,-1.152344,0.614319,0.648865,0.243835,0.376892,down
159217,1.597656,11.703125,-0.542969,0.587891,-1.025391,-1.158203,0.614319,0.648865,0.243835,0.376892,down
159222,1.597656,11.585938,-0.542969,0.037109,-1.029297,-1.130859,0.616028,0.651123,0.245605,0.369141,down
159228,1.597656,11.324219,-0.464844,-0.324219,-1.019531,-1.113281,0.617493,0.651611,0.246094,0.365417,down
159233,1.40625,10.675781,-0.542969,-0.324219,-1.019531,-1.113281,0.621521,0.651062,0.246033,0.359558,down
159238,1.328125,9.90625,-0.3125,-0.324219,-1.019531,-1.113281,0.621521,0.651062,0.246033,0.359558,down
159243,1.367188,9.59375,-0.121094,-1.044922,-1.041016,-1.072266,0.621521,0.651062,0.246033,0.359558,down
159249,1.25,9.449219,0.03125,-1.0625,-1.035156,-1.066406,0.630859,0.647339,0.24408,0.351257,down
159255,1.175781,9.328125,-0.007813,-1.0625,-1.035156,-1.066406,0.63446,0.645813,0.243225,0.348206,down
159260,0.945312,9.371094,-0.042969,-0.683594,-0.945312,-1.029297,0.63446,0.645813,0.243225,0.348206,down
159266,0.867187,9.523438,-0.042969,-0.447266,-0.902344,-0.992187,0.63446,0.645813,0.243225,0.348206,down
159272,0.714844,9.90625,-0.273438,-0.107422,-0.871094,-0.96875,0.63446,0.645813,0.243225,0.348206,down
159277,0.714844,10.136719,-0.3125,0.541016,-0.869141,-0.974609,0.642517,0.64386,0.242676,0.337219,down
159283,0.714844,10.25,-0.234375,0.541016,-0.869141,-0.974609,0.643555,0.645691,0.243896,0.330811,down
159288,0.636719,10.519531,-0.390625,0.541016,-0.869141,-0.974609,0.643677,0.647095,0.244995,0.327026,down
159294,0.636719,10.59375,-0.425781,0.541016,-0.869141,-0.974609,0.643677,0.648315,0.245972,0.323914,down
159299,0.675781,10.59375,-0.351563,0.746094,-0.761719,-1.064453,0.643677,0.648315,0.245972,0.323914,down
159304,0.675781,10.59375,-0.351563,0.574219,-0.757812,-1.078125,0.643982,0.650452,0.248169,0.3172,down
159309,0.714844,10.515625,-0.160156,0.574219,-0.757812,-1.078125,0.643982,0.650452,0.248169,0.3172,down
159314,0.714844,10.515625,-0.160156,0.326172,-0.744141,-1.080078,0.64563,0.651245,0.249817,0.310913,down
159319,0.636719,10.328125,-0.199219,0.326172,-0.744141,-1.080078,0.64563,0.651245,0.249817,0.310913,down
159324,0.636719,10.328125,-0.199219,-0.328125,-0.716797,-1.113281,0.649292,0.649902,0.25061,0.305359,down
159329,0.410156,9.59375,0.261719,-0.328125,-0.716797,-1.113281,0.651794,0.64856,0.250732,0.302795,down
159334,0.371094,9.558594,0.339844,-0.853516,-0.763672,-1.158203,0.651794,0.64856,0.250732,0.302795,down
159341,0.253906,9.597656,0.414062,-0.783203,-0.738281,-1.173828,0.651794,0.64856,0.250732,0.302795,down
159346,0.140625,9.675781,0.492187,-0.630859,-0.738281,-1.191406,0.651794,0.64856,0.250732,0.302795,down
159351,0.101563,9.671875,0.492187,-0.443359,-0.751953,-1.181641,0.651794,0.64856,0.250732,0.302795,down
159356,-0.011719,9.867188,0.414062,-0.232422,-0.755859,-1.158203,0.651794,0.64856,0.250732,0.302795,down
159361,-0.089844,9.976563,0.375,-0.054687,-0.744141,-1.136719,0.651794,0.64856,0.250732,0.302795,down
159367,-0.164062,10.359375,0.183594,0.121094,-0.728516,-1.119141,0.651794,0.64856,0.250732,0.302795,down
159372,-0.128906,10.519531,0.300781,0.285156,-0.746094,-1.121094,0.651794,0.64856,0.250732,0.302795,down
159377,-0.128906,10.710938,0.300781,0.285156,-0.746094,-1.121094,0.668518,0.641724,0.254395,0.276672,down
159382,-0.203125,10.742188,0.109375,0.285156,-0.746094,-1.121094,0.669373,0.641907,0.255188,0.273376,down
159388,-0.203125,10.746094,0.070312,0.113281,-0.722656,-1.167969,0.671509,0.641663,0.256653,0.267334,down
159393,-0.203125,10.746094,0.070312,-0.230469,-0.720703,-1.240234,0.673157,0.641052,0.257385,0.263977,down
159398,-0.164062,10.632813,0.222656,-0.230469,-0.720703,-1.240234,0.675049,0.640076,0.257996,0.260803,down
159403,-0.242187,10.59375,0.261719,-0.230469,-0.720703,-1.240234,0.67688,0.638977,0.258484,0.258179,down
159408,-0.28125,10.4375,0.261719,-0.728516,-0.705078,-1.332031,0.679504,0.637329,0.259094,0.255005,down
159413,-0.394531,10.402344,0.339844,-0.851562,-0.726562,-1.332031,0.682129,0.635498,0.259521,0.252014,down
159419,-0.777344,10.289063,0.570312,-0.851562,-0.726562,-1.332031,0.68457,0.633728,0.259766,0.249573,down
159424,-0.777344,10.289063,0.570312,-0.945312,-0.775391,-1.289063,0.687622,0.631531,0.259949,0.24646,down
159429,-0.855469,10.289063,0.53125,-0.945312,-0.775391,-1.289063,0.687622,0.631531,0.259949,0.24646,down
159435,-0.933594,10.398438,0.414062,-0.873047,-0.775391,-1.253906,0.690125,0.629761,0.260071,0.243896,down
159440,-1.085938,10.671875,0.453125,-0.873047,-0.775391,-1.253906,0.690125,0.629761,0.260071,0.243896,down
159445,-1.085938,10.671875,0.453125,-0.806641,-0.804687,-1.171875,0.695312,0.62616,0.260132,0.238342,down
159451,-1.429688,11.4375,0.300781,-0.722656,-0.796875,-1.136719,0.695312,0.62616,0.260132,0.238342,down
159457,-1.46875,11.667969,0.261719,-0.621094,-0.761719,-1.140625,0.695312,0.62616,0.260132,0.238342,down
159462,-1.46875,11.78125,0.414062,-0.621094,-0.761719,-1.140625,0.704224,0.620239,0.260254,0.227295,down
159468,-1.46875,11.785156,0.605469,-0.775391,-0.814453,-1.160156,0.704224,0.620239,0.260254,0.227295,down
159473,-1.46875,11.785156,0.605469,-0.886719,-0.826172,-1.183594,0.711182,0.615234,0.260254,0.218994,down
159478,-1.429688,11.589844,0.644531,-1.068359,-0.808594,-1.210938,0.714233,0.612854,0.260071,0.215881,down
159483,-1.46875,11.359375,0.492187,-1.068359,-0.808594,-1.210938,0.716858,0.610718,0.259888,0.213562,down
159488,-1.507813,10.636719,0.835937,-1.068359,-0.808594,-1.210938,0.720459,0.607666,0.25946,0.210754,down
159493,-1.429688,10.214844,1.179688,-1.068359,-0.808594,-1.210938,0.723633,0.604919,0.25885,0.208374,down
159498,-1.429688,9.910156,1.566406,-1.505859,-0.994141,-1.132813,0.723633,0.604919,0.25885,0.208374,down
159503,-1.351563,9.789063,1.566406,-1.505859,-0.994141,-1.132813,0.73053,0.598999,0.257263,0.203308,down
159508,-1.507813,9.828125,1.296875,-1.505859,-0.994141,-1.132813,0.733887,0.59613,0.256409,0.200684,down
159513,-1.507813,9.867188,1.296875,-1.175781,-0.955078,-0.998047,0.733887,0.59613,0.256409,0.200684,down
159518,-1.546875,10.019531,1.371094,-1.175781,-0.955078,-0.998047,0.739685,0.59137,0.254761,0.195618,down
159523,-1.582031,10.214844,1.335938,-0.761719,-0.878906,-0.96875,0.739685,0.59137,0.254761,0.195618,down
159528,-1.660156,10.675781,1.105469,-0.761719,-0.878906,-0.96875,0.743896,0.588135,0.253723,0.190613,down
159533,-1.699219,10.863281,1.027344,-0.412109,-0.783203,-0.939453,0.745789,0.586853,0.253357,0.187744,down
159538,-1.738281,11.097656,0.953125,-0.326172,-0.720703,-0.939453,0.745789,0.586853,0.253357,0.187744,down
159543,-1.8125,11.242188,0.953125,-0.326172,-0.720703,-0.939453,0.748474,0.585083,0.253113,0.182739,down
159549,-1.851563,11.246094,1.105469,-0.326172,-0.720703,-0.939453,0.749695,0.584229,0.253174,0.18042,down
159554,-1.929688,11.164063,1.105469,-0.431641,-0.566406,-0.919922,0.751038,0.583191,0.253235,0.178101,down
159559,-2.003906,11.058594,1.105469,-0.595703,-0.539062,-0.914062,0.751038,0.583191,0.253235,0.178101,down
159564,-2.003906,10.898438,1.21875,-0.595703,-0.539062,-0.914062,0.751038,0.583191,0.253235,0.178101,down
159569,-2.003906,10.898438,1.21875,-0.822266,-0.544922,-0.923828,0.754333,0.580139,0.253357,0.173828,down
159574,-2.003906,10.710938,1.296875,-1.085938,-0.566406,-0.919922,0.754333,0.580139,0.253357,0.173828,down
159580,-2.042969,10.253906,1.601563,-1.367188,-0.611328,-0.917969,0.761963,0.572144,0.252441,0.168396,down
159585,-2.042969,10.253906,1.601563,-1.367188,-0.611328,-0.917969,0.761963,0.572144,0.252441,0.168396,down
159591,-1.851563,9.449219,2.175781,-1.775391,-0.703125,-0.949219,0.768677,0.564697,0.251038,0.164978,down
159597,-1.660156,9.253906,2.597656,-1.791016,-0.78125,-1.009766,0.768677,0.564697,0.251038,0.164978,down
159602,-1.621094,9.023438,2.558594,-1.695313,-0.759766,-1.058594,0.775452,0.55719,0.249451,0.161194,down
159607,-1.8125,8.949219,2.523438,-1.695313,-0.759766,-1.058594,0.77887,0.553345,0.248657,0.159119,down
159613,-1.8125,8.832031,2.597656,-1.564453,-0.755859,-1.083984,0.785034,0.546387,0.247437,0.154785,down
159618,-1.773438,8.945313,2.867188,-1.564453,-0.755859,-1.083984,0.787781,0.543335,0.246887,0.152405,down
159623,-1.8125,8.90625,2.90625,-1.564453,-0.755859,-1.083984,0.787781,0.543335,0.246887,0.152405,down
159628,-2.003906,8.90625,2.867188,-1.115234,-0.763672,-1.107422,0.787781,0.543335,0.246887,0.152405,down
159634,-2.15625,8.949219,2.945313,-1.115234,-0.763672,-1.107422,0.795349,0.534912,0.245605,0.144653,down
159639,-2.273438,8.984375,2.945313,-1.115234,-0.763672,-1.107422,0.797546,0.532471,0.245178,0.142334,down
159644,-2.273438,8.984375,2.945313,-1.203125,-0.767578,-1.076172,0.80011,0.529541,0.244629,0.139709,down
159650,-2.386719,8.90625,2.867188,-1.203125,-0.767578,-1.076172,0.80249,0.526794,0.244141,0.137512,down
159655,-2.386719,8.683594,2.980469,-1.203125,-0.767578,-1.076172,0.804993,0.523804,0.243591,0.135254,down
159660,-2.386719,8.484375,3.019531,-1.375,-0.724609,-1.025391,0.804993,0.523804,0.243591,0.135254,down
159666,-2.386719,8.257813,3.097656,-1.380859,-0.693359,-1.017578,0.804993,0.523804,0.243591,0.135254,down
159671,-2.425781,7.953125,3.171875,-1.380859,-0.693359,-1.017578,0.812805,0.513977,0.242004,0.128723,down
159676,-2.425781,7.722656,3.328125,-1.380859,-0.693359,-1.017578,0.812805,0.513977,0.242004,0.128723,down
159681,-2.503906,7.683594,3.363281,-1.380859,-0.693359,-1.017578,0.817383,0.507996,0.241394,0.124695,down
159687,-2.503906,7.683594,3.363281,-1.027344,-0.529297,-1.103516,0.819397,0.505249,0.241333,0.122498,down
159692,-2.578125,7.800781,3.671875,-1.027344,-0.529297,-1.103516,0.819397,0.505249,0.241333,0.122498,down
159697,-2.578125,7.800781,3.671875,-0.576172,-0.515625,-1.203125,0.822815,0.500793,0.241699,0.117432,down
159702,-2.617188,7.878906,3.785156,-0.576172,-0.515625,-1.203125,0.822815,0.500793,0.241699,0.117432,down
159707,-2.847656,8.21875,3.554688,-0.341797,-0.496094,-1.248047,0.824951,0.498169,0.242493,0.111572,down
159713,-2.925781,8.339844,3.554688,0.148437,-0.511719,-1.292969,0.824951,0.498169,0.242493,0.111572,down
159718,-2.960938,8.527344,3.59375,0.148437,-0.511719,-1.292969,0.826721,0.496582,0.244385,0.101318,down
159723,-3.0,8.722656,3.554688,0.148437,-0.511719,-1.292969,0.827087,0.496277,0.244873,0.098206,down
159728,-3.191406,9.105469,3.402344,0.148437,-0.511719,-1.292969,0.827576,0.49585,0.245483,0.094482,down
159733,-3.269531,9.214844,3.363281,0.148437,-0.511719,-1.292969,0.827576,0.49585,0.245483,0.094482,down
159738,-3.308594,9.214844,3.289063,-0.029297,-0.564453,-1.259766,0.828918,0.494446,0.246277,0.088074,down
159743,-3.34375,9.253906,3.289063,-0.375,-0.591797,-1.234375,0.828918,0.494446,0.246277,0.088074,down
159748,-3.382813,9.171875,3.210938,-0.568359,-0.587891,-1.214844,0.829895,0.493164,0.246521,0.085022,down
159753,-3.34375,9.171875,3.25,-0.568359,-0.587891,-1.214844,0.832581,0.489441,0.246887,0.079102,down
159758,-3.382813,8.988281,3.402344,-0.568359,-0.587891,-1.214844,0.832581,0.489441,0.246887,0.079102,down
159763,-3.382813,8.90625,3.480469,-0.568359,-0.587891,-1.214844,0.834229,0.487061,0.246948,0.076294,down
159768,-3.460938,8.832031,3.519531,-1.007813,-0.578125,-1.1875,0.834229,0.487061,0.246948,0.076294,down
159773,-3.5,8.71875,3.59375,-1.146484,-0.554687,-1.148438,0.834229,0.487061,0.246948,0.076294,down
159779,-3.535156,8.449219,3.824219,-1.146484,-0.554687,-1.148438,0.841614,0.475586,0.247192,0.066589,down
159785,-3.613281,8.140625,4.015625,-1.146484,-0.554687,-1.148438,0.843262,0.472839,0.247253,0.064514,down
159791,-3.652344,7.988281,4.054687,-0.982422,-0.484375,-1.095703,0.843262,0.472839,0.247253,0.064514,down
159796,-3.652344,7.761719,4.207031,-0.849609,-0.439453,-1.101563,0.843262,0.472839,0.247253,0.064514,down
159801,-3.691406,7.683594,4.207031,-0.705078,-0.386719,-1.099609,0.8479,0.465149,0.247864,0.057617,down
159807,-3.726563,7.457031,4.207031,-0.505859,-0.339844,-1.113281,0.8479,0.465149,0.247864,0.057617,down
159813,-3.652344,7.917969,4.707031,-0.248047,-0.324219,-1.130859,0.8479,0.465149,0.247864,0.057617,down
159818,-3.691406,7.601562,4.285156,-0.248047,-0.324219,-1.130859,0.850525,0.460205,0.249573,0.050049,down
159823,-3.804688,7.914062,4.09375,0.027344,-0.169922,-1.132813,0.851135,0.458923,0.250366,0.047485,down
159828,-3.804688,7.914062,4.09375,0.027344,-0.169922,-1.132813,0.85144,0.458191,0.251221,0.045105,down
159833,-3.882813,8.300781,4.132812,0.070312,-0.130859,-1.134766,0.851562,0.457581,0.252197,0.042664,down
159838,-3.882813,8.300781,4.132812,0.070312,-0.130859,-1.134766,0.851562,0.457581,0.252197,0.042664,down
159843,-3.921875,8.449219,3.976563,0.166016,-0.072266,-1.142578,0.851624,0.456665,0.254517,0.037415,down
159848,-3.921875,8.449219,3.976563,0.037109,-0.041016,-1.136719,0.851685,0.456055,0.255737,0.034851,down
159853,-3.996094,8.371094,3.902344,0.037109,-0.041016,-1.136719,0.851807,0.455322,0.256958,0.03241,down
159858,-4.035156,8.335938,3.902344,-0.296875,0.041016,-1.115234,0.85199,0.454407,0.258301,0.030151,down
159863,-4.113281,8.261719,3.941406,-0.296875,0.041016,-1.115234,0.852783,0.45166,0.260986,0.025879,down
159868,-4.265625,8.144531,3.941406,-0.296875,0.041016,-1.115234,0.852783,0.45166,0.260986,0.025879,down
159873,-4.417969,8.0625,3.976563,-0.640625,0.021484,-1.107422,0.853455,0.449646,0.262451,0.023682,down
159878,-4.496094,7.984375,4.167969,-0.640625,0.021484,-1.107422,0.854126,0.447693,0.263794,0.02179,down
159883,-4.496094,7.917969,4.4375,-0.640625,0.021484,-1.107422,0.854919,0.445557,0.264954,0.019897,down
159888,-4.53125,7.839844,4.550781,-0.664062,-0.140625,-1.041016,0.854919,0.445557,0.264954,0.019897,down
159893,-4.609375,7.796875,4.742187,-0.664062,-0.140625,-1.041016,0.856628,0.441345,0.266785,0.016174,down
159898,-4.648437,7.800781,4.820312,-0.515625,-0.271484,-0.96875,0.857544,0.439087,0.267639,0.014038,down
159903,-4.6875,7.800781,4.898437,-0.515625,-0.271484,-0.96875,0.858337,0.437195,0.268188,0.012024,down
159908,-4.761719,7.878906,4.972656,-0.515625,-0.271484,-0.96875,0.85907,0.435608,0.268555,0.010071,down
159914,-4.800781,7.875,5.089844,-0.357422,-0.382813,-0.921875,0.860413,0.432861,0.268921,0.00592,down
159919,-4.878906,7.917969,5.128906,-0.257813,-0.488281,-0.898437,0.861084,0.431519,0.268921,0.003479,down
159925,-4.953125,8.144531,5.050781,-0.267578,-0.544922,-0.908203,0.861633,0.430481,0.268799,0.001343,down
159930,-5.070312,8.40625,4.859375,-0.267578,-0.544922,-0.908203,0.862427,0.429138,0.268494,-0.001099,down
159935,-5.03125,8.410156,4.859375,-0.472656,-0.714844,-0.919922,0.862427,0.429138,0.268494,-0.001099,down
159942,-4.953125,8.410156,4.859375,-0.632812,-0.783203,-0.9375,0.862427,0.429138,0.268494,-0.001099,down
159948,-4.878906,8.222656,4.859375,-0.632812,-0.783203,-0.9375,0.865662,0.423584,0.266724,-0.008301,down
159953,-4.800781,8.066406,4.820312,-1.201172,-0.876953,-0.955078,0.865662,0.423584,0.266724,-0.008301,down
159958,-4.761719,7.800781,4.859375,-1.201172,-0.876953,-0.955078,0.868896,0.417786,0.265137,-0.012878,down
159963,-4.722656,7.640625,5.011719,-1.201172,-0.876953,-0.955078,0.870972,0.414001,0.26416,-0.015198,down
159968,-4.6875,7.453125,5.164062,-1.201172,-0.876953,-0.955078,0.872864,0.4104,0.263306,-0.017029,down
159974,-4.609375,7.339844,5.242187,-1.671875,-0.914062,-0.962891,0.877502,0.401489,0.261414,-0.020996,down
159979,-4.722656,6.957031,5.320312,-1.671875,-0.914062,-0.962891,0.879761,0.396973,0.260559,-0.022827,down
159984,-4.761719,6.765625,5.394531,-1.671875,-0.914062,-0.962891,0.879761,0.396973,0.260559,-0.022827,down
159989,-4.761719,6.765625,5.394531,-1.765625,-0.865234,-1.003906,0.881897,0.392578,0.259827,-0.024658,down
159994,-4.839844,6.6875,5.511719,-1.765625,-0.865234,-1.003906,0.884094,0.388062,0.258972,-0.02655,down
159999,-5.261719,7.109375,5.664062,-1.640625,-0.892578,-1.029297,0.886292,0.383545,0.258118,-0.028625,down
160004,-5.261719,7.109375,5.664062,-1.640625,-0.892578,-1.029297,0.886292,0.383545,0.258118,-0.028625,down
160009,-5.492187,7.300781,5.855469,-1.503906,-0.96875,-1.087891,0.892212,0.370911,0.255188,-0.035461,down
160014,-5.757812,7.835937,6.046875,-1.503906,-0.96875,-1.087891,0.894287,0.366516,0.253845,-0.038208,down
160019,-5.875,7.957031,5.96875,-1.503906,-0.96875,-1.087891,0.896179,0.362549,0.252563,-0.040649,down
160024,-5.910156,7.914062,5.929687,-1.585938,-1.230469,-1.140625,0.898132,0.358276,0.251099,-0.043274,down
160029,-5.910156,7.914062,5.929687,-1.699219,-1.296875,-1.119141,0.900269,0.353821,0.249512,-0.045837,down
160035,-5.757812,7.605469,6.121094,-1.773438,-1.328125,-1.083984,0.902649,0.348755,0.24762,-0.048523,down
160040,-5.335937,6.957031,6.238281,-1.773438,-1.328125,-1.083984,0.904785,0.344055,0.24585,-0.050842,down
160046,-5.222656,6.613281,6.316406,-1.873047,-1.337891,-0.976562,0.904785,0.344055,0.24585,-0.050842,down
160051,-4.953125,6.074219,6.578125,-1.857422,-1.332031,-0.912109,0.904785,0.344055,0.24585,-0.050842,down
160057,-4.953125,6.074219,6.816406,-1.765625,-1.330078,-0.837891,0.904785,0.344055,0.24585,-0.050842,down
160062,-4.953125,6.035156,6.894531,-1.646484,-1.324219,-0.759766,0.904785,0.344055,0.24585,-0.050842,down
160067,-5.03125,6.035156,6.894531,-1.478516,-1.306641,-0.728516,0.904785,0.344055,0.24585,-0.050842,down
160072,-5.03125,6.1875,6.8125,-1.478516,-1.306641,-0.728516,0.904785,0.344055,0.24585,-0.050842,down
160078,-5.070312,6.378906,6.890625,-1.056641,-1.359375,-0.683594,0.904785,0.344055,0.24585,-0.050842,down
160083,-5.183594,6.6875,7.082031,-0.734375,-1.525391,-0.707031,0.904785,0.344055,0.24585,-0.050842,down
160088,-5.222656,7.074219,6.964844,-0.734375,-1.525391,-0.707031,0.921631,0.307922,0.22583,-0.069214,down
160093,-5.414062,7.988281,6.429687,-0.681641,-1.599609,-0.746094,0.922913,0.305603,0.222961,-0.071594,down
160098,-5.414062,7.988281,6.429687,-0.681641,-1.599609,-0.746094,0.922913,0.305603,0.222961,-0.071594,down
160103,-5.414062,7.988281,6.429687,-0.777344,-1.677734,-0.794922,0.92572,0.300293,0.216614,-0.076965,down
160108,-5.453125,8.179688,5.816406,-0.777344,-1.677734,-0.794922,0.92572,0.300293,0.216614,-0.076965,down
160113,-5.03125,7.796875,6.085937,-2.291016,-2.386719,-0.804687,0.92572,0.300293,0.216614,-0.076965,down
160118,-4.761719,7.375,6.351562,-2.291016,-2.386719,-0.804687,0.932251,0.286072,0.204468,-0.0849,down
160124,-4.226562,6.570312,6.429687,-2.683594,-2.423828,-0.755859,0.932251,0.286072,0.204468,-0.0849,down
160129,-4.035156,5.921875,6.433594,-3.255859,-2.357422,-0.601562,0.932251,0.286072,0.204468,-0.0849,down
160134,-3.765625,5.347656,6.578125,-3.255859,-2.357422,-0.601562,0.944702,0.253906,0.186096,-0.09198,down
160139,-3.230469,4.3125,7.078125,-3.255859,-2.357422,-0.601562,0.944702,0.253906,0.186096,-0.09198,down
160144,-3.117188,3.777344,7.304687,-3.255859,-2.357422,-0.601562,0.950317,0.237488,0.178223,-0.093506,down
160149,-3.0,3.238281,7.464844,-2.855469,-1.863281,-0.255859,0.950317,0.237488,0.178223,-0.093506,down
160154,-3.0,2.78125,7.542969,-2.855469,-1.863281,-0.255859,0.955261,0.222229,0.170654,-0.094421,down
160159,-2.886719,2.433594,7.699219,-2.855469,-1.863281,-0.255859,0.956909,0.217285,0.167725,-0.094666,down
160164,-3.0,2.128906,7.808594,-1.0625,-1.330078,-0.037109,0.956909,0.217285,0.167725,-0.094666,down
160169,-3.0,2.128906,7.808594,-1.0625,-1.330078,-0.037109,0.958313,0.213318,0.164551,-0.095032,down
160174,-2.960938,2.207031,7.699219,-0.3125,-1.1875,0.021484,0.958313,0.213318,0.164551,-0.095032,down
160179,-2.960938,2.207031,7.699219,0.445312,-1.046875,0.076172,0.959595,0.211365,0.15918,-0.095825,down
160184,-3.117188,2.933594,7.464844,0.445312,-1.046875,0.076172,0.959595,0.211365,0.15918,-0.095825,down
160190,-3.117188,2.933594,7.464844,1.166016,-0.898437,0.117188,0.958313,0.221313,0.151733,-0.0979,down
160196,-3.117188,4.925781,7.5,1.166016,-0.898437,0.117188,0.957275,0.227173,0.149414,-0.098694,down
160201,-3.078125,5.386719,7.421875,3.013672,-0.515625,0.244141,0.957275,0.227173,0.149414,-0.098694,down
160207,-3.152344,5.691406,7.304687,3.1875,-0.384766,0.238281,0.957275,0.227173,0.149414,-0.098694,down
160212,-3.230469,5.921875,7.078125,3.222656,-0.275391,0.226562,0.957275,0.227173,0.149414,-0.098694,down
160218,-3.421875,6.34375,6.738281,3.222656,-0.275391,0.226562,0.950562,0.256775,0.142029,-0.101746,down
160223,-3.460938,6.574219,6.621094,2.935547,-0.160156,0.251953,0.950562,0.256775,0.142029,-0.101746,down
160228,-3.5,6.875,6.542969,2.287109,-0.210937,0.3125,0.950562,0.256775,0.142029,-0.101746,down
160233,-3.382813,6.992187,6.621094,2.287109,-0.210937,0.3125,0.945435,0.27655,0.138245,-0.103027,down
160238,-3.308594,6.996094,6.734375,2.287109,-0.210937,0.3125,0.944153,0.281494,0.136963,-0.103088,down
160244,-3.191406,7.03125,6.773437,1.544922,-0.273438,0.375,0.944153,0.281494,0.136963,-0.103088,down
160249,-3.039063,6.917969,6.773437,1.255859,-0.269531,0.404297,0.944153,0.281494,0.136963,-0.103088,down
160254,-2.960938,6.800781,6.894531,0.746094,-0.271484,0.474609,0.94165,0.291748,0.133179,-0.102295,down
160259,-2.808594,6.726562,7.0,0.746094,-0.271484,0.474609,0.941162,0.294067,0.131897,-0.101563,down
160264,-2.769531,6.609375,7.042969,0.746094,-0.271484,0.474609,0.940918,0.295654,0.130798,-0.10083,down
160269,-2.65625,6.304687,7.042969,0.382813,-0.21875,0.503906,0.940918,0.295654,0.130798,-0.10083,down
160274,-2.578125,6.152344,7.0,0.212891,-0.123047,0.513672,0.940735,0.297668,0.128967,-0.09906,down
160279,-2.539063,5.960937,7.078125,0.212891,-0.123047,0.513672,0.940735,0.298401,0.128113,-0.0979,down
160284,-2.578125,5.769531,7.117187,0.212891,-0.039063,0.527344,0.940735,0.299011,0.127502,-0.096802,down
160290,-2.539063,5.421875,7.195312,0.212891,-0.039063,0.527344,0.940674,0.300354,0.126526,-0.094543,down
160295,-2.578125,5.308594,7.117187,0.363281,0.058594,0.519531,0.940491,0.301392,0.126099,-0.093262,down
160300,-2.617188,5.230469,7.238281,0.457031,0.105469,0.513672,0.940308,0.302551,0.125854,-0.092041,down
160306,-2.578125,5.191406,7.277344,0.546875,0.152344,0.498047,0.940002,0.303772,0.125671,-0.091003,down
160311,-2.539063,5.191406,7.304687,0.546875,0.152344,0.498047,0.939636,0.305298,0.125671,-0.089905,down
160316,-2.578125,5.15625,7.34375,0.712891,0.263672,0.464844,0.939636,0.305298,0.125671,-0.089905,down
160321,-2.617188,5.15625,7.308594,0.712891,0.263672,0.464844,0.938538,0.309265,0.125977,-0.087585,down
160326,-2.695313,5.230469,7.308594,0.712891,0.263672,0.464844,0.937927,0.311157,0.126221,-0.086609,down
160331,-2.695313,5.230469,7.308594,0.900391,0.380859,0.412109,0.937256,0.313477,0.126587,-0.085571,down
160336,-2.65625,5.308594,7.34375,0.900391,0.380859,0.412109,0.937256,0.313477,0.126587,-0.085571,down
160341,-2.769531,5.539062,7.460937,0.972656,0.408203,0.392578,0.936462,0.315857,0.127075,-0.084595,down
160346,-2.769531,5.539062,7.460937,0.972656,0.408203,0.392578,0.936462,0.315857,0.127075,-0.084595,down
160351,-2.847656,5.769531,7.386719,1.042969,0.429687,0.361328,0.934753,0.321045,0.128052,-0.082764,down
160356,-2.847656,5.804687,7.34375,1.054688,0.435547,0.314453,0.934753,0.321045,0.128052,-0.082764,down
160362,-2.847656,5.996094,7.347656,1.054688,0.435547,0.314453,0.931946,0.328979,0.1297,-0.080383,down
160368,-2.847656,6.035156,7.277344,1.039063,0.4375,0.263672,0.931946,0.328979,0.1297,-0.080383,down
160374,-2.886719,6.152344,7.238281,0.966797,0.427734,0.201172,0.931946,0.328979,0.1297,-0.080383,down
