timestamp,ax,ay,az,gx,gy,gz,qw,qx,qy,qz,label
350322,0.589844,9.769531,1.515625,0.138672,0.134766,-0.154297,0.757874,0.636719,0.083923,0.11499,up
350328,0.515625,9.847656,1.554688,0.146484,0.144531,-0.148437,0.757874,0.636719,0.083923,0.11499,up
350334,0.515625,9.84375,1.59375,0.160156,0.169922,-0.162109,0.757874,0.636719,0.083923,0.11499,up
350339,0.398438,9.886719,1.554688,0.169922,0.1875,-0.162109,0.757874,0.636719,0.083923,0.11499,up
350345,0.324219,9.882813,1.59375,0.160156,0.210937,-0.15625,0.757874,0.636719,0.083923,0.11499,up
350350,0.207031,9.921875,1.59375,0.160156,0.210937,-0.15625,0.756165,0.638123,0.088379,0.114685,up
350355,0.167969,9.886719,1.628906,0.109375,0.197266,-0.126953,0.756165,0.638123,0.088379,0.114685,up
350360,0.128906,9.921875,1.628906,0.109375,0.197266,-0.126953,0.755981,0.638245,0.088928,0.114746,up
350365,0.09375,9.886719,1.628906,0.09375,0.183594,-0.115234,0.755981,0.638245,0.088928,0.114746,up
350370,0.054687,9.925781,1.667969,0.09375,0.183594,-0.115234,0.755554,0.63855,0.090576,0.114929,up
350375,0.09375,9.886719,1.667969,0.064453,0.134766,-0.078125,0.755554,0.63855,0.090576,0.114929,up
350380,0.09375,9.921875,1.628906,0.064453,0.134766,-0.078125,0.755432,0.638611,0.091003,0.11499,up
350385,0.09375,9.921875,1.628906,0.0625,0.132812,-0.070312,0.75531,0.638672,0.091431,0.115051,up
350390,0.167969,9.886719,1.628906,0.0625,0.132812,-0.070312,0.755188,0.638733,0.091736,0.115112,up
350395,0.167969,9.886719,1.628906,0.066406,0.119141,-0.068359,0.755188,0.638733,0.091736,0.115112,up
350400,0.285156,9.847656,1.59375,0.066406,0.119141,-0.068359,0.755005,0.638855,0.092529,0.115234,up
350405,0.285156,9.847656,1.59375,0.066406,0.119141,-0.068359,0.754761,0.639038,0.093262,0.115295,up
350410,0.285156,9.808594,1.554688,0.066406,0.119141,-0.068359,0.754761,0.639038,0.093262,0.115295,up
350415,0.324219,9.730469,1.554688,0.072266,0.177734,-0.078125,0.754761,0.639038,0.093262,0.115295,up
350421,0.324219,9.730469,1.515625,0.072266,0.177734,-0.078125,0.754395,0.639221,0.094666,0.115601,up
350426,0.324219,9.691406,1.554688,0.078125,0.226562,-0.082031,0.754211,0.639282,0.095276,0.115784,up
350431,0.285156,9.691406,1.59375,0.078125,0.259766,-0.085937,0.754089,0.639343,0.095886,0.116028,up
350437,0.246094,9.652344,1.515625,0.078125,0.259766,-0.085937,0.753906,0.639343,0.096558,0.116272,up
350442,0.207031,9.648438,1.4375,0.078125,0.259766,-0.085937,0.753723,0.639404,0.09729,0.116516,up
350447,0.128906,9.648438,1.4375,0.085937,0.335938,-0.099609,0.753723,0.639404,0.09729,0.116516,up
350453,-0.023437,9.769531,1.515625,0.083984,0.345703,-0.111328,0.753723,0.639404,0.09729,0.116516,up
350459,-0.214844,9.84375,1.476563,0.083984,0.345703,-0.111328,0.753174,0.639526,0.099915,0.117554,up
350464,-0.367188,9.886719,1.476563,0.121094,0.398438,-0.121094,0.753174,0.639526,0.099915,0.117554,up
350470,-0.445312,9.84375,1.4375,0.144531,0.404297,-0.148437,0.752319,0.639771,0.102905,0.11853,up
350475,-0.558594,9.886719,1.363281,0.144531,0.404297,-0.148437,0.752319,0.639771,0.102905,0.11853,up
350480,-0.558594,9.847656,1.4375,0.109375,0.298828,-0.160156,0.752319,0.639771,0.102905,0.11853,up
350485,-0.597656,9.769531,1.4375,0.109375,0.298828,-0.160156,0.751831,0.640015,0.104919,0.119019,up
350490,-0.519531,9.6875,1.554688,0.109375,0.298828,-0.160156,0.751648,0.640076,0.105713,0.119141,up
350496,-0.480469,9.648438,1.554688,0.117188,0.203125,-0.134766,0.751648,0.640076,0.105713,0.119141,up
350501,-0.40625,9.613281,1.515625,0.117188,0.203125,-0.134766,0.751099,0.64032,0.107666,0.119263,up
350506,-0.367188,9.652344,1.515625,0.189453,0.166016,-0.107422,0.750793,0.640564,0.108276,0.119324,up
350512,-0.253906,9.6875,1.4375,0.189453,0.166016,-0.107422,0.750488,0.640869,0.108765,0.119324,up
350517,-0.253906,9.6875,1.4375,0.181641,0.181641,-0.099609,0.750183,0.641113,0.109314,0.119385,up
350522,-0.175781,9.609375,1.4375,0.181641,0.181641,-0.099609,0.749878,0.641357,0.109924,0.119507,up
350527,-0.097656,9.570313,1.402344,0.181641,0.181641,-0.099609,0.749573,0.641602,0.110596,0.119629,up
350532,-0.097656,9.570313,1.363281,0.181641,0.181641,-0.099609,0.749573,0.641602,0.110596,0.119629,up
350537,-0.097656,9.570313,1.363281,0.166016,0.308594,-0.125,0.749573,0.641602,0.110596,0.119629,up
350543,-0.023437,9.464844,1.285156,0.166016,0.308594,-0.125,0.749573,0.641602,0.110596,0.119629,up
350548,0.054687,9.382813,1.285156,0.166016,0.308594,-0.125,0.748291,0.642334,0.113892,0.120483,up
350554,0.015625,9.382813,1.246094,0.197266,0.447266,-0.154297,0.748291,0.642334,0.113892,0.120483,up
350559,0.015625,9.382813,1.246094,0.193359,0.494141,-0.164062,0.747498,0.6427,0.116211,0.121216,up
350564,0.054687,9.347656,1.171875,0.193359,0.539062,-0.164062,0.74707,0.642822,0.117493,0.121704,up
350569,0.054687,9.347656,1.171875,0.191406,0.607422,-0.169922,0.746643,0.643005,0.118896,0.122253,up
350575,0.09375,9.230469,1.132813,0.191406,0.607422,-0.169922,0.746643,0.643005,0.118896,0.122253,up
350580,-0.097656,9.1875,1.09375,0.212891,0.763672,-0.191406,0.746643,0.643005,0.118896,0.122253,up
350585,-0.136719,9.1875,1.09375,0.212891,0.763672,-0.191406,0.745178,0.643311,0.124023,0.124512,up
350590,-0.289063,9.265625,1.09375,0.212891,0.763672,-0.191406,0.744507,0.643433,0.12616,0.125549,up
350596,-0.328125,9.304688,1.09375,0.267578,0.941406,-0.216797,0.744507,0.643433,0.12616,0.125549,up
350601,-0.519531,9.347656,1.09375,0.267578,0.941406,-0.216797,0.742615,0.643799,0.132446,0.12854,up
350606,-0.636719,9.421875,1.054688,0.267578,0.941406,-0.216797,0.741821,0.643921,0.13501,0.1297,up
350611,-0.710937,9.425781,1.054688,0.308594,1.001953,-0.232422,0.741821,0.643921,0.13501,0.1297,up
350616,-0.789062,9.460938,0.980469,0.308594,1.001953,-0.232422,0.740295,0.644287,0.139526,0.131836,up
350621,-0.828125,9.535156,0.941406,0.308594,1.001953,-0.232422,0.739563,0.64447,0.141724,0.132812,up
350626,-0.863281,9.730469,1.019531,0.351563,0.958984,-0.234375,0.739563,0.64447,0.141724,0.132812,up
350631,-0.789062,9.726563,1.054688,0.375,0.951172,-0.242187,0.738647,0.644714,0.144226,0.133911,up
350636,-0.671875,9.726563,1.09375,0.375,0.951172,-0.242187,0.736938,0.645264,0.148743,0.135803,up
350641,-0.710937,9.726563,1.171875,0.375,0.951172,-0.242187,0.736023,0.645569,0.15094,0.13678,up
350646,-0.710937,9.84375,1.054688,0.429687,1.001953,-0.25,0.736023,0.645569,0.15094,0.13678,up
350651,-0.636719,9.84375,1.019531,0.371094,1.017578,-0.242187,0.734985,0.645935,0.153503,0.137817,up
350656,-0.558594,9.730469,1.019531,0.371094,1.017578,-0.242187,0.733215,0.646423,0.158081,0.139832,up
350661,-0.519531,9.730469,1.019531,0.371094,1.017578,-0.242187,0.732422,0.646484,0.160583,0.141052,up
350667,-0.558594,9.730469,1.019531,0.240234,1.111328,-0.253906,0.731567,0.646484,0.16333,0.142395,up
350672,-0.636719,9.648438,0.941406,0.240234,1.111328,-0.253906,0.730835,0.646362,0.165833,0.143616,up
350678,-0.863281,9.574219,0.710937,0.240234,1.111328,-0.253906,0.730225,0.646179,0.168274,0.144836,up
350684,-0.980469,9.5,0.558594,0.113281,1.166016,-0.275391,0.730225,0.646179,0.168274,0.144836,up
350689,-1.132813,9.503906,0.558594,0.039063,1.138672,-0.269531,0.730225,0.646179,0.168274,0.144836,up
350694,-1.09375,9.308594,0.597656,0.039063,1.138672,-0.269531,0.730225,0.646179,0.168274,0.144836,up
350699,-1.09375,9.269531,0.671875,0.017578,1.005859,-0.261719,0.730225,0.646179,0.168274,0.144836,up
350704,-1.058594,9.191406,0.789062,0.042969,0.960937,-0.269531,0.730225,0.646179,0.168274,0.144836,up
350709,-0.980469,9.191406,0.980469,0.042969,0.960937,-0.269531,0.727356,0.643738,0.182739,0.1521,up
350714,-1.058594,9.269531,1.171875,0.042969,0.960937,-0.269531,0.727356,0.643738,0.182739,0.1521,up
350719,-1.058594,9.382813,1.324219,0.310547,1.0,-0.333984,0.727356,0.643738,0.182739,0.1521,up
350724,-1.019531,9.460938,1.324219,0.460937,1.013672,-0.347656,0.727356,0.643738,0.182739,0.1521,up
350729,-1.019531,9.6875,1.324219,0.460937,1.013672,-0.347656,0.727356,0.643738,0.182739,0.1521,up
350734,-1.058594,9.804688,1.285156,0.460937,1.013672,-0.347656,0.722473,0.644592,0.195435,0.156189,up
350739,-1.09375,9.921875,1.210938,0.792969,1.113281,-0.408203,0.722473,0.644592,0.195435,0.156189,up
350744,-1.132813,10.070313,1.171875,0.835937,1.126953,-0.394531,0.722473,0.644592,0.195435,0.156189,up
350749,-1.171875,10.1875,1.09375,0.835937,1.126953,-0.394531,0.722473,0.644592,0.195435,0.156189,up
350754,-1.285156,10.335938,1.09375,0.835937,1.126953,-0.394531,0.715515,0.647888,0.207458,0.158997,up
350760,-1.285156,10.335938,1.09375,0.824219,1.152344,-0.369141,0.713684,0.648682,0.210449,0.159729,up
350765,-1.324219,10.417969,1.09375,0.767578,1.146484,-0.351563,0.713684,0.648682,0.210449,0.159729,up
350771,-1.324219,10.417969,1.09375,0.693359,1.142578,-0.324219,0.710266,0.650146,0.21637,0.161438,up
350776,-1.363281,10.496094,1.054688,0.693359,1.142578,-0.324219,0.707214,0.651123,0.221802,0.163391,up
350781,-1.324219,10.535156,0.863281,0.693359,1.142578,-0.324219,0.70575,0.651489,0.224609,0.16449,up
350786,-1.285156,10.453125,0.902344,0.451172,1.080078,-0.228516,0.70575,0.651489,0.224609,0.16449,up
350791,-1.25,10.417969,0.941406,0.451172,1.080078,-0.228516,0.704346,0.651733,0.227356,0.16571,up
350796,-1.25,10.378906,0.941406,0.396484,1.076172,-0.195312,0.704346,0.651733,0.227356,0.16571,up
350802,-1.25,10.375,0.863281,0.396484,1.076172,-0.195312,0.700867,0.652161,0.234253,0.169067,up
350807,-1.25,10.335938,0.828125,0.417969,1.111328,-0.179687,0.699524,0.652344,0.236938,0.17041,up
350813,-1.285156,10.265625,0.75,0.417969,1.111328,-0.179687,0.698303,0.652466,0.239136,0.17157,up
350818,-1.324219,10.226563,0.710937,0.46875,1.115234,-0.166016,0.698303,0.652466,0.239136,0.17157,up
350824,-1.324219,10.152344,0.75,0.46875,1.115234,-0.166016,0.698303,0.652466,0.239136,0.17157,up
350829,-1.324219,10.152344,0.75,0.519531,1.046875,-0.150391,0.698303,0.652466,0.239136,0.17157,up
350834,-1.324219,10.269531,0.75,0.556641,1.019531,-0.140625,0.698303,0.652466,0.239136,0.17157,up
350839,-1.324219,10.339844,0.710937,0.556641,1.019531,-0.140625,0.691284,0.654114,0.250732,0.177368,up
350844,-1.324219,10.378906,0.710937,0.632812,0.972656,-0.121094,0.691284,0.654114,0.250732,0.177368,up
350849,-1.25,10.375,0.710937,0.644531,0.935547,-0.125,0.691284,0.654114,0.250732,0.177368,up
350855,-1.25,10.335938,0.710937,0.644531,0.935547,-0.125,0.686462,0.655823,0.257202,0.180237,up
350860,-1.171875,10.414063,0.671875,0.644531,0.935547,-0.125,0.686462,0.655823,0.257202,0.180237,up
350866,-1.210938,10.453125,0.632812,0.609375,0.828125,-0.105469,0.681824,0.657654,0.263,0.182678,up
350871,-1.171875,10.496094,0.558594,0.609375,0.828125,-0.105469,0.681824,0.657654,0.263,0.182678,up
350876,-1.171875,10.496094,0.519531,0.609375,0.828125,-0.105469,0.679016,0.658752,0.266541,0.184082,up
350881,-1.132813,10.496094,0.480469,0.609375,0.828125,-0.105469,0.679016,0.658752,0.266541,0.184082,up
350886,-1.132813,10.457031,0.441406,0.498047,0.736328,-0.105469,0.676514,0.659607,0.269836,0.185486,up
350891,-1.09375,10.414063,0.367188,0.498047,0.736328,-0.105469,0.675415,0.659912,0.271362,0.186218,up
350896,-1.09375,10.375,0.289063,0.498047,0.736328,-0.105469,0.674316,0.660156,0.272949,0.187073,up
350901,-1.09375,10.339844,0.214844,0.498047,0.736328,-0.105469,0.674316,0.660156,0.272949,0.187073,up
350906,-1.132813,10.304688,0.175781,0.291016,0.705078,-0.083984,0.674316,0.660156,0.272949,0.187073,up
350911,-1.09375,10.265625,0.175781,0.291016,0.705078,-0.083984,0.672485,0.660339,0.275879,0.18866,up
350916,-1.09375,10.226563,0.136719,0.291016,0.705078,-0.083984,0.671631,0.660339,0.277283,0.189514,up
350921,-1.09375,10.226563,0.136719,0.191406,0.664062,-0.080078,0.670105,0.660217,0.28009,0.191223,up
350926,-1.132813,10.265625,0.058594,0.191406,0.664062,-0.080078,0.670105,0.660217,0.28009,0.191223,up
350931,-1.132813,10.265625,0.058594,0.136719,0.632812,-0.085937,0.669495,0.660156,0.281372,0.192078,up
350936,-1.132813,10.226563,0.097656,0.136719,0.632812,-0.085937,0.668762,0.659973,0.282715,0.192932,up
350941,-1.132813,10.226563,0.097656,0.146484,0.617187,-0.089844,0.668213,0.659851,0.283875,0.193665,up
350946,-1.171875,10.265625,0.097656,0.138672,0.607422,-0.101563,0.668213,0.659851,0.283875,0.193665,up
350951,-1.171875,10.265625,0.097656,0.140625,0.578125,-0.103516,0.666931,0.659607,0.286377,0.195129,up
350957,-1.210938,10.375,0.058594,0.152344,0.548828,-0.099609,0.665771,0.659424,0.288696,0.19635,up
350963,-1.25,10.378906,-0.015625,0.152344,0.548828,-0.099609,0.665283,0.659302,0.289734,0.196899,up
350968,-1.210938,10.378906,-0.015625,0.152344,0.548828,-0.099609,0.664917,0.659119,0.29071,0.197449,up
350974,-1.210938,10.414063,0.023437,0.005859,0.382813,-0.105469,0.664917,0.659119,0.29071,0.197449,up
350979,-1.25,10.414063,0.023437,-0.058594,0.357422,-0.103516,0.664917,0.659119,0.29071,0.197449,up
350984,-1.210938,10.375,0.023437,-0.115234,0.349609,-0.103516,0.664917,0.659119,0.29071,0.197449,up
350990,-1.210938,10.417969,-0.015625,-0.175781,0.341797,-0.087891,0.664917,0.659119,0.29071,0.197449,up
350995,-1.210938,10.378906,-0.054687,-0.244141,0.347656,-0.070312,0.664917,0.659119,0.29071,0.197449,up
351000,-1.210938,10.335938,-0.132812,-0.316406,0.347656,-0.054687,0.664917,0.659119,0.29071,0.197449,up
351006,-1.25,10.335938,-0.132812,-0.380859,0.347656,-0.023437,0.664917,0.659119,0.29071,0.197449,up
351011,-1.210938,10.269531,-0.054687,-0.476562,0.304688,0.005859,0.664917,0.659119,0.29071,0.197449,up
351016,-1.25,10.148438,0.023437,-0.476562,0.304688,0.005859,0.666077,0.653809,0.296082,0.203125,up
351021,-1.25,10.148438,0.023437,-0.496094,0.271484,0.033203,0.666626,0.652893,0.296265,0.203979,up
351026,-1.25,10.074219,0.023437,-0.496094,0.271484,0.033203,0.667175,0.651917,0.296448,0.204834,up
351032,-1.285156,10.074219,0.023437,-0.486328,0.257813,0.033203,0.668396,0.650024,0.296692,0.206543,up
351037,-1.363281,9.992188,0.023437,-0.486328,0.257813,0.033203,0.668945,0.649231,0.296753,0.207275,up
351042,-1.324219,9.996094,0.023437,-0.429687,0.126953,0.03125,0.669556,0.648376,0.296753,0.207947,up
351047,-1.324219,10.03125,0.097656,-0.390625,0.074219,0.033203,0.669556,0.648376,0.296753,0.207947,up
351052,-1.285156,9.992188,0.25,-0.359375,0.025391,0.037109,0.670166,0.647644,0.296631,0.208496,up
351057,-1.285156,9.953125,0.175781,-0.359375,0.025391,0.037109,0.671204,0.646484,0.296265,0.209229,up
351063,-1.285156,9.957031,0.214844,-0.283203,-0.027344,0.042969,0.671692,0.645996,0.296021,0.209534,up
351068,-1.285156,9.921875,0.175781,-0.283203,-0.027344,0.042969,0.67218,0.645569,0.295715,0.209717,up
351074,-1.210938,9.886719,0.25,-0.283203,-0.027344,0.042969,0.672546,0.645264,0.29541,0.209839,up
351079,-1.210938,9.886719,0.289063,-0.246094,-0.146484,0.068359,0.673096,0.644897,0.294922,0.2099,up
351085,-1.132813,9.765625,0.289063,-0.248047,-0.175781,0.066406,0.673096,0.644897,0.294922,0.2099,up
351090,-1.09375,9.765625,0.289063,-0.248047,-0.175781,0.066406,0.674011,0.644409,0.293945,0.209961,up
351095,-1.09375,9.730469,0.289063,-0.234375,-0.21875,0.078125,0.674011,0.644409,0.293945,0.209961,up
351100,-1.09375,9.648438,0.328125,-0.214844,-0.238281,0.082031,0.674011,0.644409,0.293945,0.209961,up
351105,-1.058594,9.574219,0.25,-0.1875,-0.259766,0.085937,0.674011,0.644409,0.293945,0.209961,up
351111,-1.019531,9.53125,0.25,-0.1875,-0.259766,0.085937,0.676208,0.643677,0.29071,0.209412,up
351116,-1.019531,9.5,0.214844,-0.1875,-0.259766,0.085937,0.676208,0.643677,0.29071,0.209412,up
351122,-1.019531,9.535156,0.214844,-0.044922,-0.269531,0.080078,0.676697,0.643921,0.28949,0.208862,up
351127,-1.019531,9.570313,0.214844,-0.044922,-0.269531,0.080078,0.676758,0.644226,0.28894,0.208496,up
351132,-1.019531,9.574219,0.175781,0.128906,-0.291016,0.078125,0.676758,0.644226,0.28894,0.208496,up
351137,-1.019531,9.652344,0.136719,0.128906,-0.291016,0.078125,0.676758,0.644653,0.28833,0.208069,up
351142,-0.980469,9.648438,0.136719,0.169922,-0.287109,0.068359,0.676758,0.644653,0.28833,0.208069,up
351148,-0.980469,9.726563,0.058594,0.169922,-0.287109,0.068359,0.676392,0.646057,0.286865,0.206726,up
351153,-1.019531,9.691406,0.023437,0.228516,-0.271484,0.066406,0.676208,0.646667,0.286438,0.206238,up
351158,-0.980469,9.6875,0.058594,0.216797,-0.267578,0.068359,0.676025,0.647217,0.286011,0.20575,up
351165,-0.980469,9.652344,0.058594,0.216797,-0.267578,0.068359,0.675842,0.647766,0.285522,0.205322,up
351170,-0.980469,9.652344,0.023437,0.195312,-0.267578,0.09375,0.675842,0.647766,0.285522,0.205322,up
351175,-0.980469,9.648438,-0.015625,0.181641,-0.263672,0.085937,0.675842,0.647766,0.285522,0.205322,up
351180,-0.980469,9.609375,-0.015625,0.158203,-0.261719,0.091797,0.675842,0.647766,0.285522,0.205322,up
351185,-0.941406,9.574219,-0.054687,0.158203,-0.261719,0.091797,0.675842,0.647766,0.285522,0.205322,up
351191,-0.941406,9.570313,-0.09375,0.158203,-0.261719,0.091797,0.67511,0.650208,0.28302,0.203369,up
351197,-0.980469,9.570313,-0.132812,0.144531,-0.238281,0.085937,0.67511,0.650208,0.28302,0.203369,up
351202,-1.019531,9.609375,-0.167969,0.15625,-0.246094,0.083984,0.674805,0.651489,0.281616,0.202271,up
351207,-1.019531,9.648438,-0.167969,0.15625,-0.246094,0.083984,0.674805,0.651489,0.281616,0.202271,up
351212,-0.980469,9.652344,-0.09375,0.169922,-0.269531,0.074219,0.6745,0.652466,0.280701,0.201416,up
351217,-0.980469,9.652344,-0.167969,0.183594,-0.283203,0.054687,0.674377,0.652893,0.280212,0.200928,up
351223,-0.980469,9.652344,-0.167969,0.183594,-0.283203,0.054687,0.674255,0.653442,0.279724,0.200378,up
351228,-0.980469,9.613281,-0.207031,0.177734,-0.292969,0.050781,0.674133,0.653931,0.279236,0.199829,up
351233,-0.941406,9.652344,-0.207031,0.177734,-0.292969,0.050781,0.674011,0.654419,0.278748,0.199341,up
351238,-0.980469,9.652344,-0.246094,0.177734,-0.292969,0.050781,0.67395,0.654785,0.27832,0.198853,up
351243,-0.941406,9.613281,-0.285156,0.152344,-0.289063,0.027344,0.673889,0.655273,0.277832,0.198303,up
351248,-0.902344,9.613281,-0.324219,0.148437,-0.287109,0.029297,0.673828,0.655701,0.277405,0.197754,up
351254,-0.863281,9.53125,-0.285156,0.148437,-0.287109,0.029297,0.673767,0.656067,0.276978,0.197266,up
351259,-0.863281,9.535156,-0.324219,0.152344,-0.267578,0.029297,0.673706,0.656494,0.27655,0.196777,up
351265,-0.863281,9.574219,-0.363281,0.152344,-0.253906,0.029297,0.673706,0.656494,0.27655,0.196777,up
351271,-0.863281,9.609375,-0.363281,0.177734,-0.242187,0.037109,0.673706,0.656494,0.27655,0.196777,up
351276,-0.863281,9.609375,-0.363281,0.179687,-0.234375,0.025391,0.673706,0.656494,0.27655,0.196777,up
351281,-0.863281,9.652344,-0.398438,0.191406,-0.205078,0.019531,0.673706,0.656494,0.27655,0.196777,up
351286,-0.863281,9.691406,-0.4375,0.212891,-0.185547,0.017578,0.673706,0.656494,0.27655,0.196777,up
351291,-0.863281,9.730469,-0.4375,0.212891,-0.185547,0.017578,0.672729,0.659058,0.274597,0.194092,up
351296,-0.902344,9.726563,-0.398438,0.212891,-0.185547,0.017578,0.672485,0.659485,0.274414,0.193726,up
351302,-0.863281,9.765625,-0.363281,0.230469,-0.162109,0.005859,0.671936,0.660461,0.274109,0.192932,up
351307,-0.902344,9.769531,-0.398438,0.230469,-0.162109,0.005859,0.671631,0.660889,0.273987,0.192505,up
351312,-0.902344,9.769531,-0.398438,0.230469,-0.162109,0.005859,0.671631,0.660889,0.273987,0.192505,up
351317,-0.902344,9.808594,-0.398438,0.207031,-0.132812,0.0,0.671631,0.660889,0.273987,0.192505,up
351322,-0.902344,9.804688,-0.4375,0.185547,-0.130859,-0.007813,0.670959,0.662048,0.273682,0.191467,up
351327,-0.902344,9.804688,-0.363281,0.185547,-0.130859,-0.007813,0.670959,0.662048,0.273682,0.191467,up
351332,-0.902344,9.808594,-0.398438,0.152344,-0.107422,-0.003906,0.670715,0.662415,0.27356,0.191101,up
351337,-0.902344,9.847656,-0.4375,0.152344,-0.107422,-0.003906,0.670532,0.66272,0.273499,0.190857,up
351343,-0.902344,9.804688,-0.4375,0.152344,-0.107422,-0.003906,0.670227,0.663208,0.273315,0.190308,up
351349,-0.941406,9.84375,-0.4375,0.152344,-0.107422,-0.003906,0.670105,0.663513,0.273193,0.190002,up
351354,-0.941406,9.882813,-0.4375,0.128906,-0.119141,-0.021484,0.669983,0.663757,0.273132,0.189697,up
351359,-0.980469,9.921875,-0.398438,0.136719,-0.126953,-0.025391,0.669861,0.664001,0.27301,0.189453,up
351364,-0.941406,9.925781,-0.4375,0.136719,-0.126953,-0.025391,0.669861,0.664001,0.27301,0.189453,up
351370,-0.941406,9.957031,-0.4375,0.150391,-0.125,-0.03125,0.669861,0.664001,0.27301,0.189453,up
351376,-0.941406,10.03125,-0.515625,0.140625,-0.119141,-0.027344,0.669861,0.664001,0.27301,0.189453,up
351382,-0.902344,10.074219,-0.476562,0.140625,-0.119141,-0.027344,0.669312,0.6651,0.272705,0.188049,up
351388,-0.902344,10.113281,-0.515625,0.072266,-0.072266,-0.041016,0.669312,0.6651,0.272705,0.188049,up
351393,-0.863281,10.113281,-0.515625,0.072266,-0.072266,-0.041016,0.669128,0.665527,0.272583,0.187256,up
351399,-0.902344,10.070313,-0.515625,0.033203,-0.050781,-0.042969,0.669067,0.665588,0.272644,0.187134,up
351404,-0.863281,10.109375,-0.476562,0.033203,-0.050781,-0.042969,0.669128,0.665588,0.272644,0.186951,up
351409,-0.863281,10.035156,-0.398438,-0.021484,-0.03125,-0.037109,0.669128,0.665588,0.272644,0.186951,up
351415,-0.902344,10.074219,-0.476562,-0.021484,-0.03125,-0.037109,0.66925,0.665527,0.272644,0.186768,up
351420,-0.941406,10.035156,-0.476562,-0.021484,-0.03125,-0.037109,0.66925,0.665527,0.272644,0.186768,up
351426,-0.941406,10.035156,-0.476562,-0.009766,-0.001953,-0.029297,0.66925,0.665527,0.272644,0.186768,up
351431,-0.941406,10.070313,-0.4375,-0.009766,-0.001953,-0.029297,0.669373,0.665344,0.272766,0.186646,up
351436,-0.863281,10.109375,-0.476562,-0.009766,-0.001953,-0.029297,0.669373,0.665344,0.272888,0.186584,up
351441,-0.902344,10.109375,-0.4375,0.039063,0.007813,-0.029297,0.669373,0.665344,0.272888,0.186584,up
351446,-0.902344,10.109375,-0.476562,0.046875,0.003906,-0.039063,0.669373,0.665344,0.272888,0.186584,up
351451,-0.902344,10.109375,-0.4375,0.046875,0.003906,-0.039063,0.669189,0.665466,0.273132,0.18634,up
351456,-0.902344,10.1875,-0.398438,0.046875,0.003906,-0.039063,0.669067,0.665588,0.273193,0.186279,up
351462,-0.902344,10.226563,-0.398438,0.099609,-0.013672,-0.019531,0.669067,0.665588,0.273193,0.186279,up
351467,-0.941406,10.339844,-0.476562,0.099609,0.0,-0.027344,0.669067,0.665588,0.273193,0.186279,up
351472,-0.941406,10.339844,-0.4375,0.099609,0.0,-0.027344,0.66864,0.666016,0.273438,0.185974,up
351477,-0.941406,10.378906,-0.4375,0.099609,0.0,-0.027344,0.668579,0.666077,0.273499,0.185852,up
351482,-0.941406,10.457031,-0.4375,-0.042969,0.007813,-0.017578,0.668579,0.666077,0.273499,0.185852,up
351487,-0.941406,10.496094,-0.476562,-0.042969,0.007813,-0.017578,0.66864,0.666016,0.273499,0.185791,up
351492,-0.941406,10.496094,-0.4375,-0.042969,0.007813,-0.017578,0.668701,0.665894,0.27356,0.185852,up
351497,-0.941406,10.457031,-0.476562,-0.140625,0.037109,-0.015625,0.668701,0.665894,0.27356,0.185852,up
351503,-0.941406,10.496094,-0.4375,-0.181641,0.035156,-0.005859,0.669495,0.664978,0.273621,0.18634,up
351508,-0.980469,10.417969,-0.4375,-0.181641,0.035156,-0.005859,0.669861,0.664551,0.27356,0.186646,up
351513,-0.941406,10.414063,-0.398438,-0.257813,0.048828,0.005859,0.669861,0.664551,0.27356,0.186646,up
351518,-0.980469,10.417969,-0.363281,-0.257813,0.048828,0.005859,0.670593,0.663635,0.273499,0.187134,up
351523,-1.019531,10.457031,-0.398438,-0.257813,0.048828,0.005859,0.670959,0.663208,0.273499,0.187439,up
351528,-0.980469,10.453125,-0.398438,-0.273438,0.046875,0.013672,0.671387,0.66272,0.273438,0.187744,up
351533,-0.980469,10.492188,-0.324219,-0.294922,0.041016,0.009766,0.671387,0.66272,0.273438,0.187744,up
351538,-0.941406,10.453125,-0.324219,-0.294922,0.041016,0.009766,0.672302,0.661682,0.273254,0.188354,up
351544,-0.902344,10.335938,-0.285156,-0.294922,0.041016,0.009766,0.672852,0.661072,0.273193,0.18866,up
351549,-0.863281,10.335938,-0.246094,-0.404297,0.044922,0.0,0.672852,0.661072,0.273193,0.18866,up
351554,-0.863281,10.265625,-0.167969,-0.439453,0.029297,0.003906,0.672852,0.661072,0.273193,0.18866,up
351559,-0.863281,10.265625,-0.132812,-0.464844,0.027344,-0.003906,0.674805,0.658936,0.272827,0.189758,up
351565,-0.863281,10.269531,-0.054687,-0.464844,0.027344,-0.003906,0.675598,0.658081,0.272644,0.190125,up
351571,-0.863281,10.269531,-0.015625,-0.521484,0.003906,0.005859,0.675598,0.658081,0.272644,0.190125,up
351577,-0.863281,10.269531,-0.015625,-0.570312,0.007813,0.005859,0.675598,0.658081,0.272644,0.190125,up
351582,-0.828125,10.304688,0.023437,-0.570312,0.007813,0.005859,0.675598,0.658081,0.272644,0.190125,up
351588,-0.828125,10.265625,0.023437,-0.658203,0.011719,0.03125,0.675598,0.658081,0.272644,0.190125,up
351593,-0.828125,10.304688,0.058594,-0.658203,0.011719,0.03125,0.680359,0.653076,0.271301,0.192322,up
351598,-0.828125,10.339844,0.097656,-0.658203,0.011719,0.03125,0.682434,0.650879,0.27063,0.19342,up
351603,-0.828125,10.269531,0.136719,-0.658203,0.011719,0.03125,0.682434,0.650879,0.27063,0.19342,up
351608,-0.863281,10.230469,0.175781,-0.636719,0.037109,0.056641,0.684448,0.648682,0.269958,0.194641,up
351613,-0.789062,10.226563,0.214844,-0.636719,0.037109,0.056641,0.685364,0.647644,0.269592,0.195251,up
351618,-0.828125,10.148438,0.289063,-0.636719,0.037109,0.056641,0.686218,0.646729,0.269348,0.195862,up
351623,-0.75,10.03125,0.289063,-0.566406,0.058594,0.101563,0.686218,0.646729,0.269348,0.195862,up
351628,-0.75,10.074219,0.367188,-0.541016,0.074219,0.111328,0.687134,0.645691,0.268982,0.196594,up
351633,-0.789062,10.03125,0.367188,-0.541016,0.074219,0.111328,0.688599,0.643921,0.268372,0.197876,up
351638,-0.75,10.074219,0.367188,-0.460937,0.085937,0.125,0.688599,0.643921,0.268372,0.197876,up
351643,-0.789062,9.992188,0.40625,-0.460937,0.085937,0.125,0.68927,0.643127,0.268127,0.198608,up
351648,-0.75,10.109375,0.40625,-0.427734,0.087891,0.134766,0.68927,0.643127,0.268127,0.198608,up
351653,-0.75,10.109375,0.40625,-0.427734,0.087891,0.134766,0.690857,0.641113,0.267273,0.200562,up
351658,-0.710937,10.148438,0.40625,-0.427734,0.087891,0.134766,0.690857,0.641113,0.267273,0.200562,up
351663,-0.75,10.152344,0.441406,-0.369141,0.095703,0.167969,0.691833,0.639893,0.266724,0.202026,up
351668,-0.710937,10.1875,0.441406,-0.369141,0.095703,0.167969,0.692139,0.639404,0.266418,0.202759,up
351673,-0.671875,10.230469,0.441406,-0.244141,0.101563,0.207031,0.692139,0.639404,0.266418,0.202759,up
351678,-0.710937,10.265625,0.40625,-0.244141,0.101563,0.207031,0.692627,0.638733,0.265869,0.204102,up
351683,-0.75,10.339844,0.441406,-0.244141,0.101563,0.207031,0.692627,0.638733,0.265869,0.204102,up
351688,-0.75,10.375,0.519531,-0.164062,0.085937,0.242187,0.69281,0.638367,0.265259,0.205444,up
351693,-0.789062,10.414063,0.558594,-0.115234,0.066406,0.267578,0.69281,0.638367,0.265259,0.205444,up
351698,-0.789062,10.453125,0.558594,-0.115234,0.066406,0.267578,0.69281,0.638184,0.264526,0.206787,up
351703,-0.75,10.453125,0.632812,-0.115234,0.066406,0.267578,0.69281,0.638184,0.264526,0.206787,up
351708,-0.75,10.453125,0.632812,-0.085937,0.072266,0.292969,0.692688,0.638184,0.263733,0.208252,up
351713,-0.671875,10.457031,0.710937,-0.085937,0.072266,0.292969,0.692688,0.638184,0.263733,0.208252,up
351718,-0.636719,10.496094,0.75,-0.072266,0.039063,0.302734,0.692688,0.638184,0.263733,0.208252,up
351724,-0.597656,10.378906,0.710937,-0.072266,0.039063,0.302734,0.692444,0.638306,0.262512,0.210144,up
351729,-0.558594,10.375,0.632812,-0.095703,0.037109,0.304688,0.692383,0.638306,0.262024,0.210876,up
351734,-0.558594,10.453125,0.632812,-0.111328,0.025391,0.304688,0.692383,0.638306,0.261536,0.211548,up
351740,-0.480469,10.417969,0.632812,-0.111328,0.025391,0.304688,0.692383,0.638306,0.261108,0.212097,up
351745,-0.40625,10.453125,0.632812,-0.111328,0.025391,0.304688,0.692444,0.638245,0.260559,0.212708,up
351750,-0.445312,10.496094,0.558594,-0.15625,-0.017578,0.306641,0.692444,0.638245,0.260559,0.212708,up
351756,-0.367188,10.535156,0.480469,-0.185547,0.0,0.302734,0.692444,0.638245,0.260559,0.212708,up
351761,-0.40625,10.535156,0.480469,-0.208984,0.005859,0.306641,0.692444,0.638245,0.260559,0.212708,up
351766,-0.40625,10.652344,0.441406,-0.208984,0.005859,0.306641,0.692932,0.637756,0.258179,0.215393,up
351772,-0.40625,10.652344,0.480469,-0.240234,0.044922,0.310547,0.692932,0.637756,0.258179,0.215393,up
351777,-0.445312,10.609375,0.441406,-0.255859,0.064453,0.308594,0.692932,0.637756,0.258179,0.215393,up
351782,-0.445312,10.574219,0.441406,-0.273438,0.09375,0.318359,0.692932,0.637756,0.258179,0.215393,up
351787,-0.40625,10.535156,0.480469,-0.289063,0.119141,0.333984,0.692932,0.637756,0.258179,0.215393,up
351793,-0.445312,10.492188,0.480469,-0.289063,0.138672,0.341797,0.694031,0.635925,0.255249,0.220703,up
351798,-0.367188,10.375,0.519531,-0.289063,0.138672,0.341797,0.694153,0.63562,0.254761,0.221802,up
351803,-0.289063,10.375,0.558594,-0.289063,0.138672,0.341797,0.694153,0.63562,0.254761,0.221802,up
351808,-0.214844,10.269531,0.632812,-0.236328,0.142578,0.400391,0.694275,0.635132,0.253723,0.223999,up
351813,-0.097656,10.152344,0.710937,-0.236328,0.142578,0.400391,0.694275,0.635132,0.253723,0.223999,up
351818,-0.023437,10.148438,0.863281,-0.150391,0.085937,0.417969,0.694275,0.63501,0.253174,0.225037,up
351823,0.09375,10.148438,0.828125,-0.150391,0.085937,0.417969,0.694275,0.634888,0.252625,0.226013,up
351829,0.128906,10.304688,0.789062,-0.105469,0.085937,0.419922,0.694275,0.634888,0.252625,0.226013,up
351835,0.09375,10.53125,0.558594,-0.105469,0.085937,0.419922,0.693787,0.635071,0.251038,0.228699,up
351840,0.128906,10.609375,0.558594,0.03125,0.070312,0.396484,0.693481,0.635315,0.250488,0.229553,up
351847,0.128906,10.691406,0.519531,0.041016,0.046875,0.394531,0.693481,0.635315,0.250488,0.229553,up
351852,0.167969,10.914063,0.558594,0.041016,0.046875,0.394531,0.693481,0.635315,0.250488,0.229553,up
351858,0.167969,10.992188,0.519531,0.003906,0.03125,0.396484,0.693481,0.635315,0.250488,0.229553,up
351863,0.207031,10.996094,0.480469,-0.052734,0.044922,0.394531,0.6922,0.636353,0.247803,0.233459,up
351868,0.246094,10.953125,0.40625,-0.052734,0.044922,0.394531,0.6922,0.636353,0.247803,0.233459,up
351873,0.246094,10.953125,0.328125,-0.28125,0.144531,0.392578,0.692139,0.636292,0.247314,0.234375,up
351878,0.285156,10.914063,0.328125,-0.28125,0.144531,0.392578,0.692261,0.635986,0.246704,0.235474,up
351884,0.285156,10.757813,0.367188,-0.498047,0.175781,0.412109,0.692444,0.635559,0.246216,0.236572,up
351889,0.285156,10.691406,0.40625,-0.498047,0.175781,0.412109,0.693359,0.634033,0.244873,0.23938,up
351895,0.246094,10.570313,0.441406,-0.673828,0.216797,0.431641,0.69397,0.633057,0.244202,0.240906,up
351900,0.246094,10.414063,0.558594,-0.673828,0.216797,0.431641,0.69458,0.632141,0.243591,0.242187,up
351905,0.207031,10.226563,0.597656,-0.673828,0.216797,0.431641,0.695374,0.63092,0.242859,0.243835,up
351911,0.207031,10.1875,0.671875,-0.78125,0.283203,0.423828,0.695374,0.63092,0.242859,0.243835,up
351917,0.246094,10.148438,0.710937,-0.78125,0.304688,0.417969,0.695374,0.63092,0.242859,0.243835,up
351922,0.246094,9.921875,0.902344,-0.779297,0.285156,0.410156,0.695374,0.63092,0.242859,0.243835,up
351928,0.324219,9.84375,1.019531,-0.751953,0.287109,0.388672,0.695374,0.63092,0.242859,0.243835,up
351933,0.359375,9.84375,1.09375,-0.636719,0.273438,0.347656,0.695374,0.63092,0.242859,0.243835,up
351938,0.359375,9.691406,1.171875,-0.636719,0.273438,0.347656,0.69989,0.623413,0.239258,0.25354,up
351944,0.359375,9.613281,1.210938,-0.582031,0.25,0.298828,0.700989,0.621399,0.238464,0.256042,up
351949,0.359375,9.808594,1.285156,-0.525391,0.158203,0.214844,0.700989,0.621399,0.238464,0.256042,up
351954,0.359375,10.113281,1.363281,-0.589844,0.117188,0.162109,0.70166,0.620361,0.238037,0.257202,up
351959,0.359375,10.308594,1.4375,-0.589844,0.117188,0.162109,0.703125,0.618347,0.237244,0.25885,up
351965,0.324219,10.453125,1.171875,-0.589844,0.117188,0.162109,0.704224,0.616943,0.236755,0.259644,up
351970,0.246094,10.535156,1.054688,-1.080078,0.082031,0.039063,0.705627,0.615173,0.236206,0.260498,up
351975,0.246094,10.496094,0.941406,-1.291016,0.070312,0.023437,0.705627,0.615173,0.236206,0.260498,up
351980,0.207031,10.414063,0.75,-1.291016,0.070312,0.023437,0.705627,0.615173,0.236206,0.260498,up
351985,0.207031,10.109375,0.710937,-1.509766,0.0625,0.007813,0.709473,0.610535,0.23468,0.262329,up
351990,0.207031,10.109375,0.710937,-1.771484,0.044922,0.015625,0.714844,0.604065,0.232422,0.264648,up
351995,0.09375,9.847656,0.863281,-1.771484,0.044922,0.015625,0.71814,0.600159,0.231018,0.265991,up
352001,0.167969,9.53125,1.019531,-1.771484,0.044922,0.015625,0.721863,0.595581,0.229431,0.267456,up
352008,0.128906,9.269531,1.054688,-2.988281,0.185547,-0.107422,0.721863,0.595581,0.229431,0.267456,up
352013,0.054687,9.308594,1.019531,-3.271484,0.326172,-0.179687,0.735352,0.577881,0.22522,0.273132,up
352018,-0.023437,9.421875,1.019531,-3.271484,0.326172,-0.179687,0.735352,0.577881,0.22522,0.273132,up
352023,-0.097656,9.460938,1.285156,-3.582031,0.541016,-0.332031,0.735352,0.577881,0.22522,0.273132,up
352029,-0.136719,9.464844,1.898438,-3.677734,0.537109,-0.394531,0.735352,0.577881,0.22522,0.273132,up
352034,-0.214844,9.308594,2.320313,-3.677734,0.537109,-0.394531,0.756287,0.547607,0.221069,0.281616,up
352040,-0.253906,9.230469,2.664063,-3.677734,0.537109,-0.394531,0.760925,0.540527,0.220215,0.283325,up
352045,-0.445312,9.191406,2.742188,-3.583984,0.636719,-0.486328,0.760925,0.540527,0.220215,0.283325,up
352052,-0.636719,8.964844,2.78125,-3.583984,0.636719,-0.486328,0.770569,0.525208,0.218811,0.287231,up
352057,-0.75,8.84375,2.933594,-3.597656,0.720703,-0.429687,0.770569,0.525208,0.218811,0.287231,up
352062,-0.75,8.84375,2.933594,-3.613281,0.667969,-0.398438,0.779785,0.509705,0.217468,0.291321,up
352067,-0.75,8.582031,3.429688,-3.605469,0.654297,-0.384766,0.78418,0.502014,0.216614,0.293396,up
352072,-0.75,8.582031,3.429688,-3.595703,0.650391,-0.353516,0.788513,0.494385,0.215759,0.29541,up
352079,-0.828125,8.121094,4.234375,-3.660156,0.689453,-0.259766,0.788513,0.494385,0.215759,0.29541,up
352084,-0.863281,7.738281,4.582031,-3.660156,0.689453,-0.259766,0.80127,0.470703,0.212646,0.302063,up
352089,-0.863281,7.550781,4.695312,-3.544922,0.712891,-0.162109,0.80127,0.470703,0.212646,0.302063,up
352094,-0.980469,7.46875,4.773437,-3.544922,0.712891,-0.162109,0.805603,0.462036,0.211487,0.304688,up
352099,-1.019531,7.394531,4.964844,-3.099609,0.623047,-0.115234,0.805603,0.462036,0.211487,0.304688,up
352104,-1.058594,7.390625,5.382812,-3.099609,0.623047,-0.115234,0.815491,0.441223,0.208557,0.311035,up
352109,-1.09375,7.511719,5.539062,-3.099609,0.623047,-0.115234,0.818359,0.434937,0.207825,0.312927,up
352114,-1.058594,7.578125,5.652344,-3.099609,0.623047,-0.115234,0.818359,0.434937,0.207825,0.312927,up
352119,-1.25,7.65625,5.652344,-1.990234,0.630859,-0.117188,0.818359,0.434937,0.207825,0.312927,up
352124,-1.632813,8.121094,5.613281,-1.990234,0.630859,-0.117188,0.822571,0.424988,0.207092,0.315979,up
352129,-1.632813,8.121094,5.613281,-1.820313,0.533203,-0.080078,0.824341,0.420593,0.206909,0.317383,up
352134,-1.59375,8.078125,5.691406,-1.820313,0.533203,-0.080078,0.825989,0.416565,0.206604,0.318665,up
352139,-1.515625,7.964844,5.84375,-1.605469,0.386719,-0.013672,0.825989,0.416565,0.206604,0.318665,up
352144,-1.707031,8.277344,6.035156,-1.550781,0.382813,0.03125,0.830261,0.405762,0.205139,0.322449,up
352149,-1.554688,8.0,6.226562,-1.550781,0.382813,0.03125,0.830261,0.405762,0.205139,0.322449,up
352154,-1.476563,8.082031,6.226562,-1.498047,0.28125,0.123047,0.832825,0.398987,0.203735,0.325195,up
352159,-1.476563,8.15625,6.074219,-1.498047,0.28125,0.123047,0.832825,0.398987,0.203735,0.325195,up
352164,-1.515625,8.039063,6.035156,-1.701172,0.28125,0.261719,0.832825,0.398987,0.203735,0.325195,up
352169,-1.441406,7.964844,6.113281,-1.701172,0.28125,0.261719,0.835449,0.391602,0.201843,0.328491,up
352175,-1.324219,7.8125,6.378906,-1.753906,0.230469,0.316406,0.836792,0.387878,0.200684,0.3302,up
352180,-1.324219,7.8125,6.378906,-1.753906,0.230469,0.316406,0.839233,0.38092,0.198303,0.333557,up
352185,-1.363281,7.550781,6.304687,-1.669922,0.285156,0.326172,0.840454,0.377197,0.197144,0.335449,up
352190,-1.476563,7.507812,6.304687,-1.636719,0.279297,0.302734,0.841675,0.373352,0.195984,0.33728,up
352196,-1.476563,7.578125,6.417969,-1.636719,0.279297,0.302734,0.842712,0.370117,0.195007,0.338867,up
352201,-1.476563,7.511719,6.417969,-1.628906,0.251953,0.220703,0.843872,0.366516,0.193909,0.340454,up
352206,-1.441406,7.507812,6.457031,-1.621094,0.224609,0.160156,0.843872,0.366516,0.193909,0.340454,up
352212,-1.363281,7.273437,6.570312,-1.621094,0.224609,0.160156,0.843872,0.366516,0.193909,0.340454,up
352218,-1.324219,7.238281,6.6875,-1.621094,0.224609,0.160156,0.847717,0.355713,0.190735,0.344299,up
352223,-1.210938,7.046875,6.726562,-1.787109,0.146484,0.011719,0.847717,0.355713,0.190735,0.344299,up
352229,-1.171875,6.703125,6.769531,-1.820313,0.134766,-0.027344,0.847717,0.355713,0.190735,0.344299,up
352234,-1.171875,6.472656,6.914062,-2.072266,0.083984,-0.019531,0.852173,0.343872,0.186951,0.347229,up
352239,-1.09375,6.28125,7.074219,-2.072266,0.083984,-0.019531,0.854004,0.339111,0.185303,0.348328,up
352244,-1.09375,6.28125,7.074219,-2.179688,0.068359,-0.007813,0.855652,0.334839,0.183777,0.349243,up
352249,-1.09375,5.859375,7.148437,-2.203125,0.035156,0.021484,0.855652,0.334839,0.183777,0.349243,up
352254,-1.09375,5.859375,7.148437,-2.1875,-0.019531,0.048828,0.859192,0.325317,0.180054,0.35144,up
352260,-1.132813,5.554687,7.375,-2.107422,-0.070312,0.076172,0.862488,0.316467,0.175903,0.353577,up
352266,-1.058594,5.398437,7.53125,-1.789063,-0.142578,0.111328,0.863892,0.312622,0.173889,0.354553,up
352271,-1.019531,5.589844,7.917969,-1.789063,-0.142578,0.111328,0.865173,0.309204,0.171997,0.355408,up
352276,-0.980469,5.515625,7.957031,-1.28125,-0.222656,0.113281,0.865173,0.309204,0.171997,0.355408,up
352282,-1.019531,5.9375,7.679687,-1.039063,-0.242187,0.109375,0.865173,0.309204,0.171997,0.355408,up
352289,-1.132813,6.128906,7.605469,-0.822266,-0.248047,0.064453,0.865173,0.309204,0.171997,0.355408,up
352294,-1.058594,6.28125,7.53125,-0.695312,-0.34375,-0.041016,0.865173,0.309204,0.171997,0.355408,up
352299,-1.019531,6.433594,7.414062,-0.695312,-0.34375,-0.041016,0.869141,0.299622,0.16449,0.357422,up
352304,-1.019531,6.703125,7.335937,-0.759766,-0.376953,-0.09375,0.869141,0.299622,0.16449,0.357422,up
352310,-1.019531,6.585937,7.335937,-1.144531,-0.449219,-0.158203,0.869141,0.299622,0.16449,0.357422,up
352315,-0.828125,6.394531,7.03125,-1.144531,-0.449219,-0.158203,0.87323,0.292236,0.157654,0.35675,up
352321,-0.941406,5.667969,6.574219,-1.144531,-0.449219,-0.158203,0.874451,0.28949,0.155823,0.356689,up
352326,-0.902344,5.398437,6.265625,-1.144531,-0.449219,-0.158203,0.876099,0.285583,0.153564,0.356812,up
352332,-0.863281,5.132812,6.613281,-2.179688,-0.261719,-0.148437,0.876099,0.285583,0.153564,0.356812,up
352337,-0.519531,4.75,7.261719,-2.316406,-0.242187,-0.115234,0.876099,0.285583,0.153564,0.356812,up
352343,-0.480469,4.289062,7.335937,-2.357422,-0.197266,-0.109375,0.876099,0.285583,0.153564,0.356812,up
352348,-0.558594,3.984375,7.417969,-2.296875,-0.115234,-0.123047,0.876099,0.285583,0.153564,0.356812,up
352354,-0.671875,4.058594,7.53125,-2.181641,-0.042969,-0.125,0.876099,0.285583,0.153564,0.356812,up
352359,-0.671875,3.984375,7.875,-1.738281,-0.007813,-0.154297,0.886169,0.256836,0.139954,0.359375,up
352364,-0.671875,3.984375,7.875,-1.738281,-0.007813,-0.154297,0.887451,0.252686,0.138367,0.359741,up
352369,-0.671875,3.984375,7.875,-1.441406,0.009766,-0.191406,0.888611,0.249023,0.137024,0.359924,up
352374,-0.902344,3.984375,8.0625,-1.441406,0.009766,-0.191406,0.889587,0.246094,0.136047,0.359924,up
352379,-0.789062,4.058594,8.144531,-0.826172,0.0,-0.277344,0.890381,0.243835,0.135437,0.35968,up
352385,-0.863281,3.984375,8.183594,-0.472656,-0.136719,-0.3125,0.890381,0.243835,0.135437,0.35968,up
352390,-0.789062,4.136719,8.179688,-0.472656,-0.136719,-0.3125,0.892395,0.239868,0.133667,0.358032,up
352395,-0.75,4.210937,7.957031,-0.472656,-0.136719,-0.3125,0.892883,0.239258,0.133057,0.357483,up
352400,-0.710937,4.289062,7.761719,-0.359375,-0.279297,-0.228516,0.893433,0.238586,0.132202,0.356873,up
352405,-0.789062,4.367187,7.605469,-0.359375,-0.279297,-0.228516,0.893921,0.238037,0.131409,0.356384,up
352410,-0.671875,4.441406,7.605469,-0.359375,-0.279297,-0.228516,0.894409,0.237305,0.130371,0.355957,up
352415,-0.636719,4.519531,7.601562,-0.423828,-0.318359,-0.101563,0.894897,0.236572,0.129272,0.355652,up
352420,-0.636719,4.59375,7.644531,-0.414062,-0.294922,-0.068359,0.894897,0.236572,0.129272,0.355652,up
352425,-0.636719,4.59375,7.644531,-0.388672,-0.28125,-0.027344,0.895264,0.235962,0.128418,0.355469,up
352430,-0.636719,4.402344,7.644531,-0.388672,-0.28125,-0.027344,0.895935,0.23468,0.126526,0.355225,up
352435,-0.636719,4.441406,7.796875,-0.388672,-0.28125,-0.027344,0.896179,0.234253,0.12561,0.355225,up
352440,-0.597656,4.441406,7.917969,-0.101563,-0.232422,0.019531,0.896301,0.23407,0.125,0.355225,up
352445,-0.558594,4.710937,8.027344,-0.101563,-0.232422,0.019531,0.896423,0.234192,0.12439,0.355103,up
352450,-0.480469,4.824219,7.957031,-0.101563,-0.232422,0.019531,0.896484,0.234558,0.123962,0.354919,up
352455,-0.558594,4.863281,7.839844,0.183594,-0.183594,-0.099609,0.896484,0.234558,0.123962,0.354919,up
352460,-0.519531,4.941406,7.875,0.183594,-0.183594,-0.099609,0.896545,0.235596,0.123596,0.354187,up
352465,-0.558594,5.324219,7.835937,0.183594,-0.183594,-0.099609,0.896545,0.236267,0.123474,0.353699,up
352470,-0.519531,5.515625,7.875,0.183594,-0.183594,-0.099609,0.896606,0.236816,0.123413,0.35321,up
352475,-0.480469,5.515625,7.796875,0.054687,-0.140625,-0.160156,0.896606,0.236816,0.123413,0.35321,up
352480,-0.40625,5.476562,7.679687,0.054687,-0.140625,-0.160156,0.896912,0.237183,0.123047,0.352295,up
352485,-0.367188,5.4375,7.722656,0.054687,-0.140625,-0.160156,0.897217,0.236816,0.122681,0.35199,up
352490,-0.289063,5.171875,7.757812,-0.373047,-0.0625,-0.1875,0.897217,0.236816,0.122681,0.35199,up
352495,-0.214844,5.054687,7.957031,-0.429687,-0.027344,-0.191406,0.897583,0.236084,0.122314,0.351563,up
352500,-0.175781,4.976562,8.101563,-0.429687,-0.027344,-0.191406,0.898437,0.234131,0.121643,0.351013,up
352505,-0.214844,4.941406,8.21875,-0.429687,-0.027344,-0.191406,0.898804,0.233154,0.121399,0.350769,up
352510,-0.289063,4.710937,8.445313,-0.380859,0.025391,-0.171875,0.898804,0.233154,0.121399,0.350769,up
352515,-0.289063,4.785156,8.527344,-0.283203,0.029297,-0.162109,0.899231,0.232056,0.121216,0.350464,up
352520,-0.40625,4.863281,8.753906,-0.283203,0.029297,-0.162109,0.89978,0.230713,0.121033,0.349976,up
352525,-0.445312,4.976562,8.949219,-0.283203,0.029297,-0.162109,0.89978,0.230713,0.121033,0.349976,up
352530,-0.519531,4.976562,8.988281,-0.011719,-0.007813,-0.144531,0.900085,0.230591,0.121155,0.349365,up
352535,-0.671875,5.054687,9.0625,-0.011719,-0.007813,-0.144531,0.900085,0.231018,0.121277,0.348999,up
352540,-0.75,4.976562,9.0625,-0.011719,-0.007813,-0.144531,0.900024,0.231689,0.121338,0.348694,up
352545,-0.789062,5.054687,8.90625,-0.011719,-0.007813,-0.144531,0.900024,0.231689,0.121338,0.348694,up
352550,-0.828125,5.171875,8.789063,0.416016,-0.140625,-0.054687,0.899719,0.233643,0.12146,0.348083,up
352555,-0.75,5.363281,8.832031,0.416016,-0.140625,-0.054687,0.899597,0.23468,0.121399,0.347778,up
352560,-0.789062,5.476562,8.753906,0.416016,-0.140625,-0.054687,0.899414,0.235718,0.121338,0.347473,up
352565,-0.75,5.554687,8.789063,0.416016,-0.140625,-0.054687,0.899414,0.235718,0.121338,0.347473,up
352570,-0.671875,5.628906,8.828125,0.326172,-0.212891,-0.013672,0.89917,0.237549,0.120972,0.346985,up
352575,-0.636719,5.707031,8.566406,0.326172,-0.212891,-0.013672,0.899109,0.238281,0.120789,0.346802,up
352580,-0.636719,5.707031,8.449219,0.326172,-0.212891,-0.013672,0.898987,0.23877,0.120605,0.346741,up
352585,-0.558594,5.667969,8.335938,0.326172,-0.212891,-0.013672,0.898987,0.23877,0.120605,0.346741,up
352590,-0.480469,5.667969,8.566406,0.058594,-0.082031,0.03125,0.898987,0.23877,0.120605,0.346741,up
352595,-0.519531,5.589844,8.683594,0.058594,-0.082031,0.03125,0.898865,0.239319,0.1203,0.346863,up
352600,-0.445312,5.554687,8.71875,-0.007813,0.025391,0.013672,0.898865,0.239319,0.1203,0.346863,up
352605,-0.480469,5.4375,8.789063,-0.007813,0.025391,0.013672,0.898865,0.239319,0.120361,0.346863,up
352610,-0.558594,5.246094,8.71875,-0.009766,0.017578,0.005859,0.898865,0.239319,0.120361,0.346863,up
352615,-0.480469,5.207031,8.679688,0.003906,-0.009766,-0.007813,0.898804,0.239258,0.120361,0.346985,up
352620,-0.519531,5.171875,8.722656,0.003906,-0.009766,-0.007813,0.898865,0.239319,0.120361,0.346924,up
352625,-0.445312,5.132812,8.789063,0.003906,-0.009766,-0.007813,0.898865,0.239319,0.120361,0.346924,up
352630,-0.445312,5.171875,8.71875,0.003906,-0.009766,-0.007813,0.898926,0.239624,0.120117,0.346558,up
352635,-0.445312,5.246094,8.722656,0.091797,-0.146484,-0.117188,0.898926,0.239624,0.120117,0.346558,up
352640,-0.367188,5.285156,8.71875,0.091797,-0.146484,-0.117188,0.899109,0.240234,0.119812,0.345825,up
352645,-0.40625,5.207031,8.71875,0.085937,-0.191406,-0.146484,0.899109,0.240234,0.119812,0.345825,up
352650,-0.40625,5.207031,8.683594,0.085937,-0.191406,-0.146484,0.899353,0.240845,0.119263,0.34491,up
352655,-0.40625,5.171875,8.605469,0.085937,-0.191406,-0.146484,0.899353,0.240845,0.119263,0.34491,up
352660,-0.367188,5.207031,8.488281,0.0,-0.212891,-0.142578,0.899353,0.240845,0.119263,0.34491,up
352665,-0.367188,5.171875,8.261719,0.0,-0.212891,-0.142578,0.899841,0.241394,0.118103,0.343506,up
352670,-0.445312,5.246094,8.261719,-0.054687,-0.154297,-0.134766,0.899841,0.241394,0.118103,0.343506,up
352675,-0.367188,5.246094,8.371094,-0.054687,-0.154297,-0.134766,0.900085,0.241394,0.117737,0.343079,up
352680,-0.367188,5.207031,8.445313,-0.064453,-0.080078,-0.150391,0.900085,0.241394,0.117737,0.343079,up
352686,-0.445312,5.207031,8.523438,-0.064453,-0.080078,-0.150391,0.900635,0.241089,0.117188,0.342102,up
352691,-0.480469,5.207031,8.605469,-0.056641,-0.083984,-0.158203,0.900818,0.240967,0.117065,0.341675,up
352696,-0.480469,5.132812,8.605469,-0.050781,-0.09375,-0.164062,0.901001,0.240906,0.116882,0.341309,up
352702,-0.480469,5.015625,8.5625,-0.033203,-0.103516,-0.160156,0.901184,0.240845,0.11676,0.340942,up
352708,-0.480469,5.054687,8.527344,-0.033203,-0.103516,-0.160156,0.901184,0.240845,0.11676,0.340942,up
352714,-0.40625,5.015625,8.566406,0.005859,-0.115234,-0.169922,0.90155,0.240845,0.116394,0.340088,up
352720,-0.40625,5.09375,8.445313,0.005859,-0.115234,-0.169922,0.901794,0.24115,0.11615,0.339172,up
352725,-0.40625,5.054687,8.449219,0.005859,-0.115234,-0.169922,0.901794,0.24115,0.11615,0.339172,up
352730,-0.367188,5.09375,8.527344,0.089844,-0.130859,-0.154297,0.902039,0.241699,0.115906,0.338318,up
352735,-0.289063,5.09375,8.488281,0.089844,-0.130859,-0.154297,0.902039,0.241699,0.115906,0.338318,up
352740,-0.289063,5.09375,8.410156,0.169922,-0.126953,-0.128906,0.9021,0.242065,0.115784,0.337891,up
352745,-0.328125,5.09375,8.410156,0.169922,-0.126953,-0.128906,0.902161,0.242432,0.115662,0.337524,up
352750,-0.328125,5.207031,8.371094,0.201172,-0.125,-0.123047,0.902222,0.243469,0.115601,0.33667,up
352755,-0.328125,5.324219,8.367188,0.201172,-0.125,-0.123047,0.902222,0.24408,0.115601,0.336304,up
352760,-0.367188,5.398437,8.339844,0.201172,-0.125,-0.123047,0.902222,0.24408,0.115601,0.336304,up
352765,-0.328125,5.398437,8.339844,0.255859,-0.115234,-0.09375,0.902222,0.24408,0.115601,0.336304,up
352770,-0.328125,5.363281,8.410156,0.263672,-0.107422,-0.078125,0.902039,0.246033,0.115601,0.335327,up
352775,-0.328125,5.4375,8.371094,0.263672,-0.107422,-0.078125,0.902039,0.246033,0.115601,0.335327,up
352780,-0.328125,5.515625,8.339844,0.263672,-0.107422,-0.078125,0.901917,0.246765,0.115662,0.335022,up
352786,-0.289063,5.628906,8.257813,0.248047,-0.083984,-0.076172,0.901794,0.247864,0.115784,0.334473,up
352791,-0.328125,5.667969,8.21875,0.248047,-0.083984,-0.076172,0.901794,0.24823,0.115845,0.334229,up
352796,-0.367188,5.667969,8.257813,0.048828,-0.052734,-0.107422,0.901855,0.248474,0.115845,0.333923,up
352801,-0.367188,5.554687,8.261719,0.048828,-0.052734,-0.107422,0.901917,0.248474,0.115845,0.333679,up
352806,-0.328125,5.515625,8.261719,0.048828,-0.052734,-0.107422,0.9021,0.248413,0.115784,0.333374,up
352812,-0.328125,5.515625,8.296875,0.048828,-0.052734,-0.107422,0.902222,0.248291,0.115723,0.33313,up
352817,-0.40625,5.476562,8.300781,-0.099609,-0.080078,-0.121094,0.902222,0.248291,0.115723,0.33313,up
352823,-0.328125,5.515625,8.261719,-0.121094,-0.097656,-0.109375,0.902222,0.248291,0.115723,0.33313,up
352828,-0.253906,5.4375,8.40625,-0.121094,-0.097656,-0.109375,0.902771,0.247681,0.11499,0.332336,up
352834,-0.289063,5.363281,8.410156,-0.117188,-0.134766,-0.087891,0.902771,0.247681,0.11499,0.332336,up
352839,-0.214844,5.285156,8.339844,-0.095703,-0.138672,-0.097656,0.902771,0.247681,0.11499,0.332336,up
352844,-0.214844,5.324219,8.300781,-0.0625,-0.130859,-0.085937,0.902771,0.247681,0.11499,0.332336,up
352849,-0.289063,5.363281,8.371094,-0.0625,-0.130859,-0.085937,0.902771,0.247681,0.11499,0.332336,up
352854,-0.445312,5.324219,8.5625,-0.0625,-0.130859,-0.085937,0.903503,0.247314,0.113525,0.331055,up
352859,-0.097656,4.941406,8.300781,0.007813,-0.130859,-0.066406,0.903503,0.247314,0.113525,0.331055,up
352865,-0.175781,5.285156,8.101563,-0.007813,-0.050781,-0.080078,0.903748,0.247498,0.113098,0.330444,up
352870,0.015625,5.246094,8.523438,-0.007813,-0.050781,-0.080078,0.903748,0.247498,0.113098,0.330444,up
352875,0.015625,5.246094,8.40625,0.058594,0.107422,-0.095703,0.903748,0.247498,0.113098,0.330444,up
352880,-0.0625,5.324219,8.101563,0.058594,0.107422,-0.095703,0.903809,0.24762,0.113403,0.330078,up
352886,-0.097656,5.476562,8.066406,0.058594,0.144531,-0.099609,0.90387,0.247498,0.114258,0.329773,up
352891,-0.097656,5.4375,8.105469,-0.005859,0.234375,-0.128906,0.90387,0.247498,0.114258,0.329773,up
352896,-0.175781,5.4375,7.984375,-0.005859,0.234375,-0.128906,0.90387,0.247253,0.114868,0.329651,up
352901,-0.175781,5.4375,7.957031,-0.005859,0.234375,-0.128906,0.903992,0.246582,0.11615,0.329346,up
352906,-0.175781,5.515625,7.914062,-0.005859,0.234375,-0.128906,0.904114,0.246033,0.116943,0.329163,up
352911,-0.214844,5.628906,7.988281,-0.1875,0.3125,-0.173828,0.904297,0.2453,0.117676,0.329041,up
352916,-0.175781,5.667969,8.0625,-0.1875,0.3125,-0.173828,0.904297,0.2453,0.117676,0.329041,up
352921,-0.289063,5.707031,8.0625,-0.1875,0.3125,-0.173828,0.904663,0.243591,0.118774,0.328857,up
352927,-0.253906,5.554687,8.335938,-0.1875,0.3125,-0.173828,0.904907,0.242615,0.119141,0.328796,up
352932,-0.253906,5.476562,8.296875,-0.408203,0.177734,-0.128906,0.905212,0.241394,0.119385,0.328735,up
352938,-0.253906,5.363281,8.40625,-0.408203,0.177734,-0.128906,0.905518,0.240417,0.119446,0.328674,up
352944,-0.253906,5.363281,8.367188,-0.460937,0.0625,-0.144531,0.905518,0.240417,0.119446,0.328674,up
352950,-0.214844,5.4375,8.339844,-0.507812,-0.015625,-0.177734,0.905518,0.240417,0.119446,0.328674,up
352956,-0.097656,5.4375,8.605469,-0.507812,-0.015625,-0.177734,0.907166,0.235779,0.118408,0.32782,up
352961,-0.136719,5.246094,8.679688,-0.509766,-0.082031,-0.210937,0.907593,0.234619,0.117981,0.327515,up
352967,-0.136719,5.132812,8.484375,-0.509766,-0.082031,-0.210937,0.908142,0.233459,0.117493,0.327148,up
352972,-0.136719,5.09375,8.523438,-0.462891,-0.060547,-0.216797,0.908569,0.232361,0.117065,0.326721,up
352978,-0.0625,5.09375,8.449219,-0.462891,-0.060547,-0.216797,0.909058,0.231262,0.116699,0.326355,up
352983,-0.097656,4.976562,8.367188,-0.507812,0.013672,-0.228516,0.909485,0.230103,0.116455,0.325989,up
352989,-0.097656,5.015625,8.527344,-0.505859,0.054687,-0.21875,0.909485,0.230103,0.116455,0.325989,up
352995,-0.136719,4.941406,8.5625,-0.492187,0.107422,-0.228516,0.909485,0.230103,0.116455,0.325989,up
353000,-0.175781,4.976562,8.5625,-0.464844,0.154297,-0.228516,0.909485,0.230103,0.116455,0.325989,up
353006,-0.214844,4.941406,8.644531,-0.425781,0.199219,-0.234375,0.909485,0.230103,0.116455,0.325989,up
353011,-0.253906,5.09375,8.640625,-0.398438,0.242187,-0.220703,0.911621,0.223816,0.116638,0.324463,up
353016,-0.328125,5.207031,8.71875,-0.398438,0.242187,-0.220703,0.911987,0.222595,0.116943,0.324219,up
353021,-0.40625,5.246094,8.792969,-0.398438,0.242187,-0.220703,0.912292,0.221436,0.11731,0.323975,up
353026,-0.445312,5.285156,8.867188,-0.408203,0.199219,-0.193359,0.912292,0.221436,0.11731,0.323975,up
353031,-0.671875,5.4375,9.066406,-0.408203,0.199219,-0.193359,0.913208,0.218018,0.118042,0.323364,up
353036,-0.710937,5.476562,9.144531,-0.390625,0.085937,-0.136719,0.913208,0.218018,0.118042,0.323364,up
353041,-0.75,5.4375,9.171875,-0.390625,0.085937,-0.136719,0.913818,0.216003,0.11792,0.32312,up
353046,-0.828125,5.363281,9.214844,-0.390625,0.085937,-0.136719,0.914124,0.215088,0.117615,0.322998,up
353051,-0.828125,5.4375,9.292969,-0.390625,0.085937,-0.136719,0.914124,0.215088,0.117615,0.322998,up
353056,-0.828125,5.476562,9.332031,-0.433594,-0.173828,-0.037109,0.914124,0.215088,0.117615,0.322998,up
353061,-0.828125,5.4375,9.253906,-0.431641,-0.212891,-0.033203,0.914734,0.213257,0.116455,0.322876,up
353066,-0.671875,5.246094,9.210938,-0.443359,-0.224609,-0.03125,0.915039,0.212463,0.115662,0.322815,up
353071,-0.671875,5.285156,9.210938,-0.443359,-0.224609,-0.03125,0.915405,0.211487,0.114746,0.322754,up
353076,-0.597656,5.285156,9.25,-0.380859,-0.267578,-0.058594,0.91571,0.210754,0.113892,0.322693,up
353082,-0.367188,5.476562,8.945313,-0.380859,-0.267578,-0.058594,0.916321,0.209412,0.112183,0.322388,up
353087,-0.328125,5.515625,9.023438,-0.373047,-0.246094,-0.091797,0.916687,0.208618,0.111267,0.322144,up
353092,-0.253906,5.476562,9.140625,-0.390625,-0.224609,-0.101563,0.916992,0.207947,0.110474,0.321899,up
353098,-0.289063,5.4375,8.945313,-0.390625,-0.224609,-0.101563,0.917297,0.207214,0.109863,0.321716,up
353103,-0.289063,5.4375,8.988281,-0.390625,-0.224609,-0.101563,0.917664,0.20636,0.109253,0.321533,up
353109,-0.328125,5.4375,9.027344,-0.482422,-0.074219,-0.101563,0.917664,0.20636,0.109253,0.321533,up
353114,-0.367188,5.398437,9.066406,-0.521484,-0.037109,-0.105469,0.917664,0.20636,0.109253,0.321533,up
353120,-0.558594,5.324219,9.140625,-0.521484,-0.037109,-0.105469,0.917664,0.20636,0.109253,0.321533,up
353125,-0.597656,5.285156,9.289063,-0.59375,-0.019531,-0.076172,0.917664,0.20636,0.109253,0.321533,up
353131,-0.597656,5.207031,9.328125,-0.542969,-0.066406,-0.023437,0.917664,0.20636,0.109253,0.321533,up
353136,-0.710937,5.171875,9.523438,-0.542969,-0.066406,-0.023437,0.920044,0.197815,0.105652,0.321228,up
353141,-0.710937,5.132812,9.527344,-0.433594,-0.140625,0.033203,0.920044,0.197815,0.105652,0.321228,up
353146,-0.671875,5.09375,9.558594,-0.433594,-0.140625,0.033203,0.920288,0.196838,0.10498,0.32135,up
353151,-0.671875,5.171875,9.527344,-0.351563,-0.167969,0.056641,0.920288,0.196838,0.10498,0.32135,up
353156,-0.558594,5.09375,9.488281,-0.351563,-0.167969,0.056641,0.920654,0.195496,0.103577,0.321655,up
353161,-0.480469,5.171875,9.527344,-0.351563,-0.167969,0.056641,0.920715,0.195129,0.102844,0.321899,up
353166,-0.480469,5.171875,9.527344,-0.083984,-0.193359,0.128906,0.920715,0.195068,0.102295,0.322083,up
353171,-0.367188,5.398437,9.289063,-0.023437,-0.179687,0.138672,0.920715,0.195129,0.101807,0.322327,up
353176,-0.367188,5.398437,9.289063,0.011719,-0.183594,0.158203,0.920715,0.195129,0.101807,0.322327,up
353182,-0.367188,5.476562,9.332031,0.011719,-0.183594,0.158203,0.920654,0.195251,0.101257,0.322571,up
353187,-0.328125,5.515625,9.140625,-0.019531,-0.164062,0.164062,0.920349,0.19574,0.099854,0.323486,up
353192,-0.445312,5.667969,9.175781,-0.019531,-0.164062,0.164062,0.920349,0.195679,0.099243,0.323853,up
353197,-0.480469,5.589844,9.140625,-0.212891,-0.15625,0.167969,0.920288,0.195435,0.098633,0.324219,up
353202,-0.519531,5.589844,9.144531,-0.212891,-0.15625,0.167969,0.920349,0.195068,0.098083,0.324524,up
353207,-0.636719,5.4375,9.140625,-0.212891,-0.15625,0.167969,0.920349,0.194458,0.09729,0.325012,up
353212,-0.671875,5.363281,9.175781,-0.408203,-0.152344,0.205078,0.92041,0.193726,0.096497,0.3255,up
353217,-0.710937,5.246094,9.214844,-0.408203,-0.152344,0.205078,0.920471,0.193054,0.095764,0.325989,up
353222,-0.671875,5.132812,9.328125,-0.4375,-0.126953,0.267578,0.920471,0.193054,0.095764,0.325989,up
353227,-0.671875,4.824219,9.527344,-0.4375,-0.126953,0.267578,0.920532,0.191406,0.094238,0.327332,up
353233,-0.636719,4.59375,9.59375,-0.337891,-0.103516,0.369141,0.92041,0.190613,0.093445,0.328247,up
353238,-0.480469,4.441406,9.832031,-0.337891,-0.103516,0.369141,0.920288,0.190186,0.092834,0.329102,up
353243,-0.445312,4.402344,9.90625,-0.126953,-0.09375,0.464844,0.920288,0.190186,0.092834,0.329102,up
353248,-0.328125,4.519531,10.136719,-0.126953,-0.09375,0.464844,0.920288,0.190186,0.092834,0.329102,up
353254,-0.328125,4.519531,10.171875,0.117188,-0.09375,0.568359,0.920288,0.190186,0.092834,0.329102,up
353260,-0.289063,4.441406,10.328125,0.242187,-0.107422,0.601562,0.920288,0.190186,0.092834,0.329102,up
353266,-0.214844,4.75,10.363281,0.242187,-0.107422,0.601562,0.91803,0.191956,0.090698,0.334961,up
353271,-0.214844,4.902344,10.402344,0.523437,-0.105469,0.613281,0.91803,0.191956,0.090698,0.334961,up
353276,-0.253906,5.015625,10.332031,0.523437,-0.105469,0.613281,0.916565,0.194519,0.090393,0.337585,up
353281,-0.253906,5.207031,10.210938,0.523437,-0.105469,0.613281,0.915771,0.195984,0.090271,0.338867,up
353287,-0.253906,5.246094,10.09375,0.564453,-0.113281,0.582031,0.914307,0.198914,0.090149,0.341064,up
353292,-0.253906,5.246094,9.976563,0.484375,-0.130859,0.544922,0.913574,0.200439,0.090027,0.342224,up
353297,-0.253906,5.285156,9.75,0.484375,-0.130859,0.544922,0.912903,0.201599,0.089783,0.343323,up
353302,-0.214844,5.285156,9.710938,0.484375,-0.130859,0.544922,0.912415,0.202454,0.089478,0.344299,up
353307,-0.214844,5.207031,9.59375,0.074219,-0.152344,0.503906,0.912415,0.202454,0.089478,0.344299,up
353312,-0.136719,5.171875,9.527344,-0.056641,-0.150391,0.5,0.911865,0.203125,0.088989,0.345459,up
353317,-0.097656,4.75,9.523438,-0.056641,-0.150391,0.5,0.911133,0.203369,0.087708,0.347473,up
353323,-0.023437,4.558594,9.527344,-0.199219,-0.166016,0.511719,0.910767,0.203186,0.086853,0.348755,up
353328,0.054687,4.175781,9.449219,-0.199219,-0.166016,0.511719,0.910522,0.203003,0.086121,0.349792,up
353333,0.09375,4.019531,9.445313,-0.205078,-0.158203,0.539062,0.910522,0.203003,0.086121,0.349792,up
353339,0.09375,3.867188,9.527344,-0.205078,-0.158203,0.539062,0.90979,0.202637,0.084473,0.352234,up
353344,0.128906,3.867188,9.445313,-0.095703,-0.15625,0.560547,0.909424,0.202576,0.08374,0.353455,up
353350,0.167969,3.90625,9.527344,0.007813,-0.150391,0.574219,0.909424,0.202576,0.08374,0.353455,up
353355,0.167969,4.019531,9.554688,0.007813,-0.150391,0.574219,0.909424,0.202576,0.08374,0.353455,up
353360,0.167969,4.019531,9.554688,0.228516,-0.144531,0.578125,0.907898,0.203796,0.082031,0.357117,up
353365,0.09375,4.210937,9.527344,0.314453,-0.138672,0.582031,0.907898,0.203796,0.082031,0.357117,up
353371,0.09375,4.175781,9.488281,0.314453,-0.138672,0.582031,0.905884,0.206787,0.080994,0.360718,up
353376,0.09375,4.25,9.445313,0.314453,-0.138672,0.582031,0.905884,0.206787,0.080994,0.360718,up
353381,0.167969,4.289062,9.410156,0.447266,-0.160156,0.601562,0.905884,0.206787,0.080994,0.360718,up
353386,0.167969,4.480469,9.367188,0.476562,-0.164062,0.595703,0.905884,0.206787,0.080994,0.360718,up
353391,0.167969,4.558594,9.371094,0.476562,-0.164062,0.595703,0.903564,0.210693,0.0802,0.364319,up
353396,0.167969,4.632812,9.371094,0.476562,-0.164062,0.595703,0.902771,0.212097,0.079834,0.36554,up
353402,0.207031,4.671875,9.367188,0.330078,-0.238281,0.585937,0.902771,0.212097,0.079834,0.36554,up
353407,0.246094,4.710937,9.171875,0.330078,-0.238281,0.585937,0.900818,0.215332,0.078369,0.368835,up
353412,0.285156,4.671875,9.175781,0.330078,-0.238281,0.585937,0.900085,0.216431,0.077637,0.370117,up
353417,0.285156,4.75,9.171875,0.222656,-0.251953,0.572266,0.900085,0.216431,0.077637,0.370117,up
353422,0.359375,4.785156,9.210938,0.222656,-0.251953,0.572266,0.898926,0.218079,0.076355,0.372253,up
353428,0.398438,4.75,9.175781,0.179687,-0.248047,0.574219,0.898315,0.218811,0.075684,0.373352,up
353433,0.476562,4.710937,9.144531,0.179687,-0.228516,0.585937,0.897644,0.219666,0.07489,0.374634,up
353438,0.515625,4.671875,9.101563,0.179687,-0.228516,0.585937,0.897095,0.220276,0.07428,0.375671,up
353444,0.550781,4.59375,9.210938,0.179687,-0.228516,0.585937,0.896484,0.221008,0.073669,0.376831,up
353450,0.515625,4.59375,9.210938,0.201172,-0.1875,0.619141,0.896484,0.221008,0.073669,0.376831,up
353455,0.515625,4.59375,9.175781,0.236328,-0.177734,0.644531,0.896484,0.221008,0.073669,0.376831,up
353460,0.476562,4.558594,9.171875,0.285156,-0.177734,0.666016,0.896484,0.221008,0.073669,0.376831,up
353466,0.515625,4.558594,9.175781,0.349609,-0.1875,0.691406,0.896484,0.221008,0.073669,0.376831,up
353471,0.476562,4.59375,9.214844,0.425781,-0.191406,0.71875,0.896484,0.221008,0.073669,0.376831,up
353477,0.515625,4.519531,9.140625,0.515625,-0.177734,0.748047,0.896484,0.221008,0.073669,0.376831,up
353482,0.515625,4.558594,9.066406,0.515625,-0.177734,0.748047,0.889587,0.230286,0.070374,0.388123,up
353487,0.515625,4.558594,9.066406,0.515625,-0.177734,0.748047,0.889587,0.230286,0.070374,0.388123,up
353492,0.550781,4.519531,9.105469,0.832031,-0.052734,0.859375,0.886963,0.234375,0.07074,0.391602,up
353497,0.589844,4.75,9.101563,0.832031,-0.052734,0.859375,0.885498,0.236694,0.071228,0.393433,up
353502,0.550781,4.941406,9.101563,0.832031,-0.052734,0.859375,0.885498,0.236694,0.071228,0.393433,up
353507,0.550781,4.941406,9.101563,1.126953,0.070312,0.951172,0.883911,0.239197,0.071838,0.395325,up
353512,0.589844,5.015625,9.066406,1.1875,0.083984,0.974609,0.883911,0.239197,0.071838,0.395325,up
353517,0.589844,5.246094,9.171875,1.226563,0.097656,0.982422,0.883911,0.239197,0.071838,0.395325,up
353522,0.707031,5.285156,9.214844,1.269531,0.121094,1.003906,0.883911,0.239197,0.071838,0.395325,up
353527,0.667969,5.476562,9.171875,1.341797,0.134766,1.027344,0.883911,0.239197,0.071838,0.395325,up
353532,0.589844,5.707031,9.214844,1.355469,0.121094,1.027344,0.874939,0.253418,0.076233,0.405518,up
353537,0.550781,5.820312,9.328125,1.355469,0.121094,1.027344,0.872986,0.25647,0.077271,0.407593,up
353542,0.550781,5.9375,9.328125,1.355469,0.121094,1.027344,0.870911,0.259705,0.078247,0.40979,up
353547,0.589844,6.089844,9.253906,1.310547,0.052734,1.042969,0.867065,0.265625,0.079834,0.413818,up
353552,0.628906,6.28125,9.140625,1.310547,0.052734,1.042969,0.865234,0.268372,0.080383,0.415771,up
353557,0.707031,6.472656,9.101563,1.310547,0.052734,1.042969,0.865234,0.268372,0.080383,0.415771,up
353562,0.820312,6.511719,9.027344,1.171875,-0.023437,1.046875,0.865234,0.268372,0.080383,0.415771,up
353567,0.820312,6.585937,9.023438,1.107422,-0.033203,1.044922,0.859619,0.276489,0.081665,0.421814,up
353573,0.859375,6.625,8.945313,1.107422,-0.033203,1.044922,0.857666,0.279114,0.08197,0.424072,up
353578,0.820312,6.585937,8.984375,0.876953,-0.023437,1.056641,0.855896,0.28125,0.082092,0.426086,up
353583,0.859375,6.550781,8.945313,0.808594,-0.007813,1.048828,0.854187,0.283264,0.082214,0.428162,up
353589,0.898437,6.359375,8.910156,0.808594,-0.007813,1.048828,0.852661,0.285034,0.082336,0.430054,up
353595,0.859375,6.359375,8.910156,0.703125,0.013672,1.052734,0.852661,0.285034,0.082336,0.430054,up
353601,0.859375,6.242187,8.988281,0.673828,0.013672,1.070313,0.852661,0.285034,0.082336,0.430054,up
353606,0.898437,6.164062,8.945313,0.654297,0.003906,1.078125,0.852661,0.285034,0.082336,0.430054,up
353612,0.972656,6.164062,8.949219,0.701172,-0.025391,1.107422,0.852661,0.285034,0.082336,0.430054,up
353617,1.089844,6.164062,8.90625,0.701172,-0.025391,1.107422,0.844299,0.293457,0.082214,0.440796,up
353622,1.203125,6.164062,8.753906,0.734375,-0.039063,1.126953,0.844299,0.293457,0.082214,0.440796,up
353628,1.28125,6.203125,8.71875,0.785156,-0.052734,1.144531,0.838806,0.299133,0.081909,0.447449,up
353633,1.355469,6.28125,8.640625,0.851562,-0.060547,1.166016,0.836731,0.301392,0.081848,0.44989,up
353638,1.433594,6.320312,8.484375,0.871094,-0.054687,1.179688,0.834778,0.303467,0.081787,0.452087,up
353644,1.433594,6.433594,8.410156,0.871094,-0.054687,1.179688,0.832947,0.30542,0.081787,0.454163,up
353649,1.433594,6.433594,8.410156,0.853516,-0.033203,1.203125,0.832947,0.30542,0.081787,0.454163,up
353654,1.546875,6.472656,8.183594,0.853516,-0.033203,1.203125,0.830872,0.307556,0.081726,0.456482,up
353660,1.585938,6.550781,8.0625,0.773437,-0.013672,1.210938,0.830872,0.307556,0.081726,0.456482,up
353666,1.664063,6.625,7.878906,0.773437,-0.013672,1.210938,0.824829,0.313293,0.081543,0.463501,up
353671,1.664063,6.742187,7.796875,0.654297,-0.019531,1.214844,0.824829,0.313293,0.081543,0.463501,up
353677,1.625,6.777344,7.839844,0.572266,-0.021484,1.216797,0.824829,0.313293,0.081543,0.463501,up
353682,1.625,6.777344,7.839844,0.419922,-0.050781,1.191406,0.819153,0.317932,0.080627,0.470581,up
353687,1.625,6.742187,7.796875,0.419922,-0.050781,1.191406,0.817383,0.319153,0.080139,0.472839,up
353693,1.625,6.777344,7.839844,0.347656,-0.070312,1.179688,0.813965,0.321289,0.078796,0.477539,up
353699,1.816406,6.703125,7.800781,0.347656,-0.070312,1.179688,0.8125,0.322083,0.078003,0.479675,up
353705,1.855469,6.585937,7.757812,0.138672,-0.121094,1.128906,0.810974,0.322754,0.077026,0.481873,up
353711,1.894531,6.585937,7.796875,0.082031,-0.130859,1.109375,0.810974,0.322754,0.077026,0.481873,up
353717,1.96875,6.472656,7.835937,0.082031,-0.130859,1.109375,0.810974,0.322754,0.077026,0.481873,up
353722,1.96875,6.394531,7.761719,-0.011719,-0.15625,1.087891,0.810974,0.322754,0.077026,0.481873,up
353728,1.96875,6.28125,7.722656,-0.052734,-0.152344,1.076172,0.80426,0.32489,0.071106,0.492554,up
353734,2.007813,6.050781,7.761719,-0.052734,-0.152344,1.076172,0.803101,0.325134,0.069885,0.494446,up
353739,2.007813,6.011719,7.800781,-0.078125,-0.160156,1.107422,0.801819,0.325378,0.068604,0.496521,up
353744,2.007813,5.9375,7.757812,-0.037109,-0.15625,1.117188,0.800537,0.325623,0.067322,0.498596,up
353751,2.085938,5.898437,7.605469,-0.005859,-0.132812,1.134766,0.800537,0.325623,0.067322,0.498596,up
353757,2.121094,5.898437,7.566406,0.072266,-0.091797,1.150391,0.800537,0.325623,0.067322,0.498596,up
353762,2.238281,5.898437,7.566406,0.072266,-0.091797,1.150391,0.796265,0.326782,0.063843,0.505066,up
353767,2.390625,5.898437,7.453125,0.099609,-0.058594,1.140625,0.796265,0.326782,0.063843,0.505066,up
353772,2.542969,5.859375,7.417969,0.099609,-0.058594,1.140625,0.793152,0.327698,0.061951,0.509583,up
353778,2.699219,5.898437,7.453125,0.164062,0.041016,1.119141,0.793152,0.327698,0.061951,0.509583,up
353783,2.890625,5.898437,7.414062,0.164062,0.041016,1.119141,0.78833,0.329102,0.059814,0.516296,up
353789,3.273438,5.898437,7.5625,0.164062,0.041016,1.119141,0.786926,0.329407,0.059326,0.518372,up
353794,3.425781,5.898437,7.644531,0.107422,0.109375,1.035156,0.785461,0.329651,0.058838,0.520508,up
353799,3.425781,5.9375,7.679687,0.083984,0.115234,1.009766,0.784058,0.329895,0.058289,0.522583,up
353804,3.386719,5.972656,7.800781,0.083984,0.115234,1.009766,0.784058,0.329895,0.058289,0.522583,up
353809,3.308594,6.050781,7.800781,0.054687,0.099609,0.988281,0.782593,0.330017,0.0578,0.524658,up
353814,3.308594,6.050781,7.800781,0.03125,0.070312,0.966797,0.781311,0.330139,0.05719,0.526611,up
353819,3.273438,6.050781,7.953125,0.03125,0.070312,0.966797,0.780029,0.330261,0.056519,0.528442,up
353825,3.117188,6.203125,8.261719,0.03125,0.070312,0.966797,0.777649,0.330444,0.05481,0.532043,up
353831,3.042969,6.164062,8.257813,-0.082031,-0.136719,0.902344,0.777649,0.330444,0.05481,0.532043,up
353836,2.964844,6.203125,8.257813,-0.091797,-0.199219,0.894531,0.777649,0.330444,0.05481,0.532043,up
353842,2.890625,6.164062,8.296875,-0.101563,-0.279297,0.904297,0.773193,0.33136,0.049683,0.538391,up
353847,2.773438,6.128906,8.183594,-0.101563,-0.279297,0.904297,0.773193,0.33136,0.049683,0.538391,up
353853,2.8125,6.164062,8.027344,-0.148437,-0.402344,0.896484,0.771118,0.332092,0.046204,0.54126,up
353858,2.851563,6.011719,7.953125,-0.201172,-0.501953,0.914062,0.771118,0.332092,0.046204,0.54126,up
353863,2.890625,5.9375,7.957031,-0.201172,-0.501953,0.914062,0.769104,0.332886,0.042236,0.544006,up
353868,2.925781,5.859375,7.800781,-0.1875,-0.523437,0.921875,0.769104,0.332886,0.042236,0.544006,up
353873,2.925781,5.859375,7.683594,-0.162109,-0.517578,0.933594,0.767944,0.333374,0.040039,0.54541,up
353878,3.082031,5.898437,7.566406,-0.162109,-0.517578,0.933594,0.765869,0.33429,0.036194,0.548035,up
353883,3.117188,5.898437,7.375,-0.113281,-0.425781,0.962891,0.765869,0.33429,0.036194,0.548035,up
353888,3.15625,5.898437,7.21875,-0.080078,-0.361328,0.978516,0.764648,0.334778,0.034241,0.549622,up
353894,3.195313,5.859375,7.179687,-0.080078,-0.361328,0.978516,0.762146,0.335693,0.030945,0.552734,up
353900,3.15625,5.859375,7.109375,-0.080078,-0.361328,0.978516,0.760864,0.33606,0.029724,0.554321,up
353905,3.15625,5.859375,7.109375,0.044922,-0.167969,1.027344,0.759338,0.336487,0.028442,0.556213,up
353910,3.195313,5.746094,7.109375,0.044922,-0.167969,1.027344,0.757935,0.336853,0.027405,0.557922,up
353916,3.347656,5.746094,7.109375,0.044922,-0.167969,1.027344,0.75647,0.337158,0.026489,0.559814,up
353921,3.386719,5.78125,7.113281,0.050781,-0.033203,1.033203,0.75647,0.337158,0.026489,0.559814,up
353927,3.464844,5.746094,7.03125,0.017578,-0.019531,1.027344,0.75647,0.337158,0.026489,0.559814,up
353932,3.5,5.820312,7.113281,-0.017578,-0.025391,1.023438,0.75647,0.337158,0.026489,0.559814,up
353938,3.539063,5.78125,7.148437,-0.080078,-0.056641,1.005859,0.75647,0.337158,0.026489,0.559814,up
353943,3.617188,5.859375,7.074219,-0.080078,-0.056641,1.005859,0.747864,0.337708,0.02063,0.571167,up
353948,3.617188,5.9375,7.035156,-0.080078,-0.056641,1.005859,0.746582,0.337646,0.019409,0.572937,up
353953,3.65625,5.898437,7.183594,-0.164062,-0.136719,0.986328,0.746582,0.337646,0.019409,0.572937,up
353958,3.578125,5.972656,7.261719,-0.164062,-0.136719,0.986328,0.745239,0.337524,0.018066,0.574768,up
353963,3.5,5.9375,7.261719,-0.191406,-0.185547,0.96875,0.745239,0.337524,0.018066,0.574768,up
353968,3.425781,5.859375,7.335937,-0.191406,-0.185547,0.96875,0.741577,0.337402,0.013916,0.579651,up
353973,3.464844,5.820312,7.375,-0.214844,-0.195312,0.978516,0.741577,0.337402,0.013916,0.579651,up
353978,3.425781,5.820312,7.296875,-0.214844,-0.195312,0.978516,0.740234,0.337341,0.012268,0.581421,up
353983,3.5,5.78125,7.21875,-0.302734,-0.105469,0.992187,0.740234,0.337341,0.012268,0.581421,up
353988,3.578125,5.667969,7.261719,-0.302734,-0.105469,0.992187,0.736755,0.336487,0.007996,0.586426,up
353993,3.617188,5.554687,7.300781,-0.386719,0.013672,0.990234,0.736755,0.336487,0.007996,0.586426,up
353998,3.617188,5.476562,7.222656,-0.386719,0.013672,0.990234,0.735535,0.335815,0.00647,0.588379,up
354003,3.695313,5.398437,7.296875,-0.441406,0.095703,0.980469,0.735535,0.335815,0.00647,0.588379,up
354008,3.578125,5.207031,7.296875,-0.449219,0.123047,0.982422,0.733398,0.334167,0.003784,0.59198,up
354013,3.617188,5.171875,7.257812,-0.449219,0.123047,0.982422,0.732178,0.33313,0.00238,0.594055,up
354019,3.730469,5.015625,7.296875,-0.445312,0.138672,0.972656,0.73114,0.332153,0.00116,0.595947,up
354024,3.808594,5.015625,7.109375,-0.445312,0.138672,0.972656,0.730042,0.331116,-6.1e-05,0.597778,up
354029,3.808594,5.015625,7.109375,-0.427734,0.164062,0.976562,0.729065,0.3302,-0.00116,0.599548,up
354034,3.695313,5.09375,7.183594,-0.427734,0.164062,0.976562,0.727905,0.329224,-0.002319,0.60144,up
354039,3.960938,4.941406,7.414062,-0.330078,0.148437,0.982422,0.726746,0.328308,-0.003418,0.603394,up
354044,3.921875,4.902344,7.414062,-0.273438,0.166016,0.994141,0.725525,0.327576,-0.004395,0.605286,up
354049,3.886719,4.863281,7.492187,-0.273438,0.166016,0.994141,0.722839,0.326233,-0.006104,0.609131,up
354055,3.769531,4.863281,7.535156,-0.273438,0.166016,0.994141,0.721436,0.325745,-0.006897,0.611084,up
354060,3.730469,4.824219,7.535156,-0.273438,0.166016,0.994141,0.721436,0.325745,-0.006897,0.611084,up
354065,3.769531,4.824219,7.53125,-0.089844,0.132812,1.027344,0.721436,0.325745,-0.006897,0.611084,up
354070,3.769531,4.75,7.535156,-0.119141,0.134766,1.017578,0.721436,0.325745,-0.006897,0.611084,up
354075,3.847656,4.671875,7.535156,-0.136719,0.142578,1.021484,0.721436,0.325745,-0.006897,0.611084,up
354080,3.921875,4.710937,7.453125,-0.136719,0.142578,1.021484,0.721436,0.325745,-0.006897,0.611084,up
354085,4.0,4.710937,7.378906,-0.191406,0.166016,1.025391,0.721436,0.325745,-0.006897,0.611084,up
354091,4.0,4.785156,7.339844,-0.228516,0.189453,1.025391,0.721436,0.325745,-0.006897,0.611084,up
354096,4.0,4.710937,7.179687,-0.228516,0.189453,1.025391,0.721436,0.325745,-0.006897,0.611084,up
354101,4.0,4.671875,7.183594,-0.3125,0.285156,1.03125,0.721436,0.325745,-0.006897,0.611084,up
354107,4.039062,4.558594,7.222656,-0.351563,0.339844,1.023438,0.721436,0.325745,-0.006897,0.611084,up
354112,3.886719,4.328125,7.375,-0.351563,0.339844,1.023438,0.721436,0.325745,-0.006897,0.611084,up
354118,3.886719,4.175781,7.375,-0.351563,0.339844,1.023438,0.704285,0.316589,-0.016357,0.635193,up
354124,3.847656,4.058594,7.414062,-0.384766,0.566406,1.005859,0.704285,0.316589,-0.016357,0.635193,up
354129,3.886719,3.789063,7.914062,-0.384766,0.566406,1.005859,0.700623,0.312073,-0.0177,0.641357,up
354134,3.921875,3.636719,7.984375,-0.337891,0.605469,0.974609,0.699219,0.310242,-0.018066,0.64386,up
354139,3.886719,3.523438,7.953125,-0.337891,0.605469,0.974609,0.698059,0.308838,-0.01825,0.645691,up
354144,3.730469,3.445313,8.101563,-0.25,0.597656,0.955078,0.698059,0.308838,-0.01825,0.645691,up
354149,3.617188,3.523438,8.371094,-0.25,0.597656,0.955078,0.695435,0.305969,-0.018433,0.649902,up
354155,3.730469,3.484375,8.566406,-0.25,0.597656,0.955078,0.693909,0.304749,-0.018433,0.652161,up
354160,3.808594,3.523438,8.488281,0.021484,0.46875,0.919922,0.693909,0.304749,-0.018433,0.652161,up
354165,3.730469,3.636719,8.527344,0.095703,0.410156,0.933594,0.693909,0.304749,-0.018433,0.652161,up
354170,3.847656,3.828125,8.484375,0.095703,0.410156,0.933594,0.693909,0.304749,-0.018433,0.652161,up
354175,3.769531,3.90625,8.410156,0.201172,0.292969,0.929687,0.693909,0.304749,-0.018433,0.652161,up
354180,3.847656,4.058594,8.296875,0.265625,0.228516,0.933594,0.686096,0.30249,-0.017822,0.661377,up
354186,3.808594,4.210937,8.183594,0.265625,0.228516,0.933594,0.684326,0.302612,-0.017761,0.663147,up
354192,3.886719,4.328125,8.023438,0.267578,0.130859,0.941406,0.684326,0.302612,-0.017761,0.663147,up
354197,3.808594,4.441406,7.875,0.246094,0.111328,0.939453,0.684326,0.302612,-0.017761,0.663147,up
354203,3.730469,4.59375,7.800781,0.238281,0.083984,0.943359,0.684326,0.302612,-0.017761,0.663147,up
354208,3.65625,4.558594,7.761719,0.238281,0.083984,0.943359,0.677368,0.303406,-0.018188,0.669861,up
354214,3.65625,4.632812,7.679687,0.185547,0.050781,0.917969,0.67395,0.303833,-0.01886,0.673157,up
354219,3.578125,4.632812,7.679687,0.185547,0.050781,0.917969,0.672302,0.303955,-0.019226,0.674744,up
354224,3.65625,4.632812,7.679687,0.185547,0.050781,0.917969,0.670837,0.303955,-0.019592,0.676147,up
354229,3.65625,4.632812,7.679687,0.185547,0.050781,0.917969,0.670837,0.303955,-0.019592,0.676147,up
354234,3.578125,4.519531,7.640625,0.017578,0.074219,0.871094,0.670837,0.303955,-0.019592,0.676147,up
354239,3.539063,4.019531,7.878906,-0.023437,0.078125,0.876953,0.667847,0.303711,-0.02063,0.679199,up
354244,3.539063,3.90625,7.957031,-0.068359,0.072266,0.875,0.666443,0.303467,-0.02124,0.680664,up
354250,3.65625,3.675781,7.984375,-0.068359,0.072266,0.875,0.663513,0.302917,-0.022644,0.683716,up
354255,3.808594,3.597656,8.105469,-0.019531,0.048828,0.900391,0.663513,0.302917,-0.022644,0.683716,up
354261,4.0,3.445313,8.179688,-0.019531,0.048828,0.900391,0.660461,0.302612,-0.023987,0.686768,up
354266,4.078125,3.40625,8.144531,0.095703,0.013672,0.921875,0.660461,0.302612,-0.023987,0.686768,up
354271,4.152344,3.40625,8.183594,0.189453,-0.007813,0.939453,0.660461,0.302612,-0.023987,0.686768,up
354276,4.269531,3.371094,8.179688,0.189453,-0.007813,0.939453,0.655396,0.303162,-0.02533,0.691345,up
354282,4.304687,3.371094,8.144531,0.382813,-0.046875,0.957031,0.655396,0.303162,-0.02533,0.691345,up
354287,4.269531,3.40625,8.144531,0.470703,-0.064453,0.962891,0.655396,0.303162,-0.02533,0.691345,up
354292,4.34375,3.445313,8.105469,0.556641,-0.09375,0.970703,0.655396,0.303162,-0.02533,0.691345,up
354298,4.382812,3.523438,8.0625,0.556641,-0.09375,0.970703,0.655396,0.303162,-0.02533,0.691345,up
354303,4.421875,3.636719,7.957031,0.677734,-0.119141,0.978516,0.655396,0.303162,-0.02533,0.691345,up
354309,4.613281,3.945313,7.835937,0.71875,-0.121094,0.96875,0.655396,0.303162,-0.02533,0.691345,up
354314,4.6875,4.019531,7.761719,0.71875,-0.121094,0.96875,0.638123,0.311707,-0.024353,0.703613,up
354319,4.804687,4.210937,7.757812,0.677734,-0.050781,0.929687,0.638123,0.311707,-0.024353,0.703613,up
354324,4.84375,4.328125,7.640625,0.677734,-0.050781,0.929687,0.635986,0.312866,-0.023987,0.705078,up
354329,4.882812,4.441406,7.644531,0.570312,0.017578,0.898437,0.633911,0.313904,-0.023621,0.706482,up
354335,4.804687,4.558594,7.644531,0.570312,0.017578,0.898437,0.630066,0.315491,-0.02301,0.709229,up
354340,4.726562,4.519531,7.605469,0.408203,0.056641,0.884766,0.630066,0.315491,-0.02301,0.709229,up
354345,4.652344,4.480469,7.53125,0.310547,0.070312,0.878906,0.630066,0.315491,-0.02301,0.709229,up
354351,4.652344,4.328125,7.679687,0.310547,0.070312,0.878906,0.624512,0.316711,-0.022949,0.713501,up
354356,4.613281,4.210937,7.722656,0.136719,0.035156,0.880859,0.624512,0.316711,-0.022949,0.713501,up
354361,4.652344,4.136719,7.757812,0.087891,0.025391,0.886719,0.621155,0.316956,-0.023743,0.716309,up
354366,4.574219,3.984375,7.835937,0.087891,0.025391,0.886719,0.619507,0.317017,-0.024292,0.717712,up
354372,4.6875,3.90625,7.839844,0.072266,0.009766,0.882812,0.619507,0.317017,-0.024292,0.717712,up
354377,4.726562,3.828125,8.027344,0.082031,0.007813,0.880859,0.619507,0.317017,-0.024292,0.717712,up
354382,4.765625,3.828125,8.066406,0.146484,0.021484,0.869141,0.619507,0.317017,-0.024292,0.717712,up
354387,4.84375,3.789063,8.027344,0.146484,0.021484,0.869141,0.619507,0.317017,-0.024292,0.717712,up
354393,4.804687,3.789063,7.988281,0.25,0.039063,0.855469,0.619507,0.317017,-0.024292,0.717712,up
354398,4.84375,3.828125,8.0625,0.337891,0.037109,0.849609,0.619507,0.317017,-0.024292,0.717712,up
354404,4.917969,3.867188,7.957031,0.337891,0.037109,0.849609,0.607727,0.318237,-0.026672,0.727112,up
354409,4.917969,3.867188,7.839844,0.376953,0.060547,0.845703,0.607727,0.318237,-0.026672,0.727112,up
354414,4.804687,3.828125,7.800781,0.376953,0.060547,0.845703,0.604004,0.319092,-0.02655,0.729858,up
354419,4.6875,3.789063,7.796875,0.376953,0.060547,0.845703,0.600464,0.319824,-0.026367,0.732483,up
354424,4.726562,3.753906,7.800781,0.333984,0.097656,0.851562,0.600464,0.319824,-0.026367,0.732483,up
354429,4.726562,3.753906,7.800781,0.333984,0.097656,0.851562,0.598755,0.320068,-0.026306,0.733765,up
354434,4.726562,3.714844,7.835937,0.316406,0.132812,0.845703,0.595032,0.320496,-0.026123,0.736572,up
354439,4.765625,3.789063,7.800781,0.316406,0.132812,0.845703,0.593323,0.320557,-0.026001,0.737915,up
354444,4.84375,3.828125,7.957031,0.255859,0.203125,0.847656,0.593323,0.320557,-0.026001,0.737915,up
354449,4.84375,3.828125,7.957031,0.255859,0.203125,0.847656,0.591553,0.320557,-0.025879,0.73938,up
354454,4.917969,3.828125,7.984375,0.220703,0.248047,0.837891,0.591553,0.320557,-0.025879,0.73938,up
354459,4.996094,3.828125,7.984375,0.1875,0.283203,0.839844,0.588196,0.320251,-0.025757,0.742187,up
354464,4.996094,3.828125,7.984375,0.1875,0.283203,0.839844,0.588196,0.320251,-0.025757,0.742187,up
354469,4.996094,3.828125,7.984375,0.09375,0.306641,0.787109,0.585022,0.319458,-0.025574,0.744995,up
354475,4.84375,3.636719,8.140625,0.09375,0.306641,0.787109,0.58197,0.318542,-0.025635,0.747803,up
354480,4.726562,3.523438,8.0625,0.042969,0.263672,0.789062,0.580261,0.317993,-0.025818,0.749329,up
354486,4.574219,3.445313,8.101563,0.042969,0.263672,0.789062,0.578979,0.317627,-0.02594,0.750488,up
354491,4.574219,3.40625,8.105469,0.042969,0.263672,0.789062,0.577332,0.3172,-0.026184,0.751953,up
354496,4.574219,3.484375,8.023438,0.042969,0.263672,0.789062,0.575867,0.316956,-0.026306,0.753113,up
354502,4.496094,3.5625,8.066406,0.199219,0.189453,0.8125,0.575867,0.316956,-0.026306,0.753113,up
354507,4.421875,3.636719,8.101563,0.25,0.1875,0.826172,0.575867,0.316956,-0.026306,0.753113,up
354514,4.34375,3.675781,8.0625,0.25,0.1875,0.826172,0.575867,0.316956,-0.026306,0.753113,up
354519,4.34375,3.675781,8.0625,0.363281,0.199219,0.839844,0.568848,0.316772,-0.02594,0.758545,up
354524,4.230469,3.597656,8.0625,0.4375,0.195312,0.867187,0.568848,0.316772,-0.02594,0.758545,up
354530,4.113281,3.675781,7.957031,0.4375,0.195312,0.867187,0.563293,0.3172,-0.024902,0.762512,up
354535,4.039062,3.675781,8.027344,0.357422,0.164062,0.90625,0.561096,0.317383,-0.024597,0.764099,up
354540,4.078125,3.636719,8.023438,0.291016,0.144531,0.929687,0.559143,0.317505,-0.024536,0.765503,up
354546,4.078125,3.597656,8.066406,0.291016,0.144531,0.929687,0.557373,0.317505,-0.024597,0.766785,up
354551,4.152344,3.484375,8.101563,0.291016,0.144531,0.929687,0.55542,0.317505,-0.02478,0.768188,up
354557,4.152344,3.484375,8.0625,0.128906,0.154297,0.960937,0.55542,0.317505,-0.02478,0.768188,up
354562,4.230469,3.445313,7.984375,0.076172,0.171875,0.955078,0.55542,0.317505,-0.02478,0.768188,up
354567,4.230469,3.636719,8.027344,0.076172,0.171875,0.955078,0.549683,0.316772,-0.025818,0.772522,up
354572,4.269531,3.523438,7.984375,-0.033203,0.197266,0.912109,0.549683,0.316772,-0.025818,0.772522,up
354577,4.34375,3.40625,8.027344,-0.095703,0.216797,0.878906,0.549683,0.316772,-0.025818,0.772522,up
354583,4.34375,3.253906,8.105469,-0.095703,0.216797,0.878906,0.5448,0.315186,-0.027527,0.776611,up
354589,4.304687,3.140625,8.222656,-0.15625,0.21875,0.820312,0.5448,0.315186,-0.027527,0.776611,up
354594,4.304687,3.140625,8.296875,-0.15625,0.21875,0.820312,0.541931,0.313721,-0.02887,0.779175,up
354600,4.191406,3.140625,8.449219,-0.128906,0.191406,0.814453,0.541931,0.313721,-0.02887,0.779175,up
354605,4.230469,3.023438,8.566406,-0.128906,0.191406,0.814453,0.537476,0.312073,-0.030762,0.782776,up
354610,4.230469,2.949219,8.722656,-0.039063,0.103516,0.849609,0.535767,0.311707,-0.031494,0.784058,up
354616,4.304687,2.871094,8.945313,-0.039063,0.103516,0.849609,0.534119,0.311462,-0.032104,0.785339,up
354622,4.421875,2.796875,9.140625,-0.039063,0.103516,0.849609,0.532593,0.31134,-0.032532,0.786377,up
354628,4.421875,2.832031,9.144531,0.175781,0.046875,0.902344,0.532593,0.31134,-0.032532,0.786377,up
354634,4.421875,2.871094,9.171875,0.255859,0.023437,0.912109,0.532593,0.31134,-0.032532,0.786377,up
354640,4.421875,2.871094,9.214844,0.296875,0.0,0.916016,0.524536,0.312195,-0.033447,0.791382,up
354645,4.382812,2.910156,9.105469,0.296875,0.0,0.916016,0.524536,0.312195,-0.033447,0.791382,up
354650,4.382812,2.910156,9.105469,0.359375,-0.052734,0.914062,0.522522,0.312622,-0.033569,0.792542,up
354655,4.382812,2.949219,8.871094,0.361328,-0.078125,0.919922,0.520691,0.31311,-0.03363,0.793518,up
354660,4.382812,2.949219,8.871094,0.34375,-0.109375,0.90625,0.518616,0.31366,-0.033813,0.794678,up
354665,4.535156,3.023438,8.71875,0.34375,-0.109375,0.90625,0.516541,0.31427,-0.033997,0.795776,up
354671,4.535156,3.023438,8.71875,0.226562,-0.103516,0.882812,0.512573,0.315308,-0.034607,0.797913,up
354677,4.652344,3.0625,8.484375,0.226562,-0.103516,0.882812,0.510681,0.315674,-0.035034,0.79895,up
354683,4.6875,3.023438,8.527344,0.078125,-0.068359,0.873047,0.510681,0.315674,-0.035034,0.79895,up
354688,4.652344,3.023438,8.527344,-0.017578,-0.054687,0.855469,0.510681,0.315674,-0.035034,0.79895,up
354694,4.574219,2.832031,8.5625,-0.017578,-0.054687,0.855469,0.510681,0.315674,-0.035034,0.79895,up
354699,4.496094,2.796875,8.683594,-0.150391,-0.048828,0.849609,0.510681,0.315674,-0.035034,0.79895,up
354704,4.460937,2.640625,8.71875,-0.205078,-0.078125,0.859375,0.510681,0.315674,-0.035034,0.79895,up
354709,4.574219,2.335938,8.792969,-0.205078,-0.078125,0.859375,0.500854,0.31543,-0.040466,0.804993,up
354714,4.613281,2.296875,8.871094,-0.205078,-0.078125,0.859375,0.499268,0.315247,-0.041687,0.805969,up
354720,4.574219,2.21875,8.910156,-0.039063,-0.189453,0.894531,0.499268,0.315247,-0.041687,0.805969,up
354725,4.613281,2.183594,8.867188,-0.039063,-0.189453,0.894531,0.49408,0.315735,-0.044983,0.808838,up
354730,4.6875,2.144531,8.828125,-0.039063,-0.189453,0.894531,0.49231,0.316284,-0.045654,0.809631,up
354735,4.882812,2.144531,8.722656,0.308594,-0.296875,0.925781,0.49231,0.316284,-0.045654,0.809631,up
354740,4.917969,2.183594,8.722656,0.417969,-0.328125,0.921875,0.490051,0.317139,-0.046265,0.810669,up
354745,4.882812,2.21875,8.679688,0.417969,-0.328125,0.921875,0.485779,0.319153,-0.046875,0.812378,up
354751,4.917969,2.296875,8.527344,0.417969,-0.328125,0.921875,0.483459,0.320496,-0.046997,0.813232,up
354756,4.996094,2.335938,8.40625,0.417969,-0.328125,0.921875,0.481018,0.322021,-0.046997,0.814087,up
354761,5.109375,2.410156,8.371094,0.703125,-0.451172,0.927734,0.481018,0.322021,-0.046997,0.814087,up
354766,5.109375,2.488281,8.257813,0.703125,-0.451172,0.927734,0.476196,0.325256,-0.046753,0.815674,up
354771,5.148437,2.601563,8.027344,0.703125,-0.451172,0.927734,0.473694,0.326965,-0.046692,0.816406,up
354776,5.265625,2.679688,7.875,0.632812,-0.505859,0.910156,0.473694,0.326965,-0.046692,0.816406,up
354782,5.492187,2.757813,7.679687,0.632812,-0.505859,0.910156,0.473694,0.326965,-0.046692,0.816406,up
354787,5.648437,2.832031,7.535156,0.476562,-0.53125,0.892578,0.473694,0.326965,-0.046692,0.816406,up
354794,5.683594,2.796875,7.453125,0.392578,-0.527344,0.896484,0.473694,0.326965,-0.046692,0.816406,up
354799,5.761719,2.679688,7.417969,0.302734,-0.505859,0.886719,0.473694,0.326965,-0.046692,0.816406,up
354804,5.761719,2.527344,7.492187,0.302734,-0.505859,0.886719,0.460205,0.335938,-0.049072,0.820312,up
354810,5.761719,2.410156,7.53125,0.083984,-0.447266,0.925781,0.460205,0.335938,-0.049072,0.820312,up
354815,5.800781,2.296875,7.601562,0.083984,-0.447266,0.925781,0.456116,0.338013,-0.051147,0.821594,up
354821,5.800781,2.296875,7.601562,0.070312,-0.435547,0.972656,0.452087,0.339722,-0.053467,0.822998,up
354826,5.839844,2.066406,7.640625,0.095703,-0.451172,0.992187,0.449829,0.340698,-0.054749,0.82373,up
354831,5.839844,2.066406,7.640625,0.117188,-0.474609,1.009766,0.447754,0.341553,-0.055847,0.824463,up
354836,5.839844,1.800781,7.5625,0.117188,-0.474609,1.009766,0.447754,0.341553,-0.055847,0.824463,up
354841,5.839844,1.800781,7.5625,0.117188,-0.474609,1.009766,0.447754,0.341553,-0.055847,0.824463,up
354846,5.992187,1.683594,7.417969,0.267578,-0.537109,1.039063,0.447754,0.341553,-0.055847,0.824463,up
354851,5.992187,1.683594,7.417969,0.521484,-0.572266,1.033203,0.438049,0.346619,-0.059387,0.827332,up
354857,6.03125,1.683594,7.261719,0.521484,-0.572266,1.033203,0.435425,0.348328,-0.059753,0.827942,up
354862,6.03125,1.722656,7.300781,0.724609,-0.652344,1.027344,0.435425,0.348328,-0.059753,0.827942,up
354867,5.953125,1.722656,7.300781,0.816406,-0.697266,1.033203,0.429749,0.352295,-0.059998,0.829224,up
354872,5.992187,1.683594,7.222656,0.816406,-0.697266,1.033203,0.426697,0.354614,-0.059937,0.829834,up
354878,6.183594,1.644531,7.035156,0.816406,-0.697266,1.033203,0.426697,0.354614,-0.059937,0.829834,up
354883,6.222656,1.644531,7.074219,0.919922,-0.736328,1.019531,0.426697,0.354614,-0.059937,0.829834,up
354888,6.335937,1.722656,7.074219,0.921875,-0.744141,1.017578,0.426697,0.354614,-0.059937,0.829834,up
354894,6.527344,1.800781,7.070312,0.921875,-0.744141,1.017578,0.426697,0.354614,-0.059937,0.829834,up
354900,6.527344,1.800781,7.070312,0.882812,-0.660156,0.972656,0.426697,0.354614,-0.059937,0.829834,up
354905,6.566406,1.800781,6.992187,0.882812,-0.660156,0.972656,0.406067,0.370483,-0.058411,0.833374,up
354910,6.605469,1.761719,6.917969,0.792969,-0.564453,0.945312,0.406067,0.370483,-0.058411,0.833374,up
354915,6.605469,1.875,6.648437,0.722656,-0.525391,0.945312,0.40332,0.372375,-0.058228,0.833862,up
354920,6.605469,1.875,6.609375,0.722656,-0.525391,0.945312,0.40033,0.374268,-0.058044,0.834412,up
354925,6.640625,1.835938,6.609375,0.587891,-0.494141,0.964844,0.397705,0.375916,-0.058044,0.834961,up
354931,6.640625,1.835938,6.609375,0.552734,-0.462891,0.978516,0.392639,0.378784,-0.058411,0.83606,up
354936,6.566406,1.609375,6.648437,0.572266,-0.453125,1.009766,0.389771,0.380249,-0.058655,0.83667,up
354941,6.488281,1.378906,6.609375,0.572266,-0.453125,1.009766,0.386963,0.381653,-0.058899,0.837341,up
354946,6.453125,1.300781,6.6875,0.572266,-0.453125,1.009766,0.384521,0.382874,-0.059082,0.837891,up
354951,6.453125,1.300781,6.769531,0.658203,-0.535156,1.105469,0.381287,0.384583,-0.059326,0.838562,up
354956,6.566406,1.261719,6.769531,0.710937,-0.582031,1.123047,0.378235,0.386292,-0.059509,0.839172,up
354961,6.800781,1.109375,6.726562,0.710937,-0.582031,1.123047,0.375,0.388123,-0.059631,0.839783,up
354966,6.835937,1.03125,6.6875,0.710937,-0.582031,1.123047,0.372314,0.389709,-0.05957,0.84021,up
354971,6.949219,1.03125,6.648437,0.962891,-0.679687,1.121094,0.368652,0.391968,-0.059387,0.840759,up
354976,6.984375,1.03125,6.609375,1.070313,-0.705078,1.09375,0.365051,0.394348,-0.05896,0.841248,up
354982,7.105469,0.996094,6.378906,1.070313,-0.705078,1.09375,0.362183,0.396362,-0.058411,0.841614,up
354987,7.140625,1.070313,6.226562,1.296875,-0.724609,1.035156,0.358582,0.398926,-0.057495,0.842041,up
354993,7.101562,1.148438,6.226562,1.337891,-0.720703,0.992187,0.358582,0.398926,-0.057495,0.842041,up
354998,7.328125,0.996094,6.226562,1.316406,-0.744141,0.953125,0.358582,0.398926,-0.057495,0.842041,up
355004,7.367187,0.996094,6.226562,1.3125,-0.748047,0.914062,0.358582,0.398926,-0.057495,0.842041,up
355009,7.367187,0.996094,6.226562,1.302734,-0.710937,0.875,0.345032,0.40918,-0.052917,0.843018,up
355015,7.40625,0.996094,6.113281,1.292969,-0.693359,0.849609,0.345032,0.40918,-0.052917,0.843018,up
355020,7.488281,1.03125,6.226562,1.292969,-0.693359,0.849609,0.345032,0.40918,-0.052917,0.843018,up
355025,7.488281,1.03125,6.226562,1.287109,-0.695312,0.816406,0.33551,0.416565,-0.049133,0.843506,up
355031,7.289062,1.1875,6.496094,1.287109,-0.695312,0.816406,0.328918,0.421814,-0.046448,0.843628,up
355036,7.066406,1.222656,6.726562,1.287109,-0.695312,0.816406,0.325439,0.424561,-0.045105,0.843689,up
355041,7.023437,1.1875,6.726562,1.466797,-0.853516,0.980469,0.321533,0.427612,-0.04364,0.843689,up
355046,6.984375,1.1875,6.726562,1.466797,-0.853516,0.980469,0.318359,0.430054,-0.042542,0.84375,up
355051,7.023437,1.222656,6.535156,1.466797,-0.853516,0.980469,0.313965,0.43335,-0.041077,0.84375,up
355057,7.140625,1.378906,6.226562,1.466797,-0.853516,0.980469,0.310242,0.436157,-0.039856,0.84375,up
355062,7.21875,1.453125,6.152344,1.570313,-0.947266,1.193359,0.310242,0.436157,-0.039856,0.84375,up
355067,7.328125,1.609375,6.074219,1.603516,-0.974609,1.21875,0.301575,0.442383,-0.037292,0.84375,up
355073,7.527344,1.800781,5.769531,1.603516,-0.974609,1.21875,0.297302,0.445496,-0.036011,0.84375,up
355079,7.671875,1.914063,5.613281,1.660156,-0.943359,1.142578,0.297302,0.445496,-0.036011,0.84375,up
355084,7.832031,2.027344,5.539062,1.666016,-0.892578,1.064453,0.297302,0.445496,-0.036011,0.84375,up
355089,7.90625,2.066406,5.5,1.652344,-0.867187,0.972656,0.297302,0.445496,-0.036011,0.84375,up
355094,8.136719,1.992188,5.804687,1.652344,-0.867187,0.972656,0.297302,0.445496,-0.036011,0.84375,up
355099,8.253906,1.953125,5.804687,1.652344,-0.867187,0.972656,0.277283,0.460388,-0.027771,0.842834,up
355104,8.214844,1.914063,5.804687,1.412109,-0.732422,0.685547,0.277283,0.460388,-0.027771,0.842834,up
355110,8.253906,1.761719,5.769531,1.28125,-0.648437,0.599609,0.277283,0.460388,-0.027771,0.842834,up
355115,8.058594,1.492188,5.882812,1.134766,-0.615234,0.548828,0.268494,0.467468,-0.023071,0.841919,up
355120,8.058594,1.492188,5.882812,0.943359,-0.576172,0.529297,0.268494,0.467468,-0.023071,0.841919,up
355126,7.527344,1.148438,5.882812,0.943359,-0.576172,0.529297,0.266174,0.46936,-0.021973,0.841675,up
355131,7.484375,1.070313,5.84375,0.503906,-0.572266,0.583984,0.260376,0.474121,-0.02124,0.84082,up
355136,7.40625,0.996094,5.769531,0.248047,-0.623047,0.666016,0.258545,0.475708,-0.021851,0.840454,up
355141,7.484375,0.957031,5.652344,0.248047,-0.623047,0.666016,0.256836,0.477173,-0.022583,0.840149,up
355146,7.566406,0.957031,5.5,0.248047,-0.623047,0.666016,0.255188,0.478638,-0.023254,0.839783,up
355151,7.675781,1.03125,5.347656,0.427734,-0.724609,0.707031,0.255188,0.478638,-0.023254,0.839783,up
355156,7.792969,1.148438,5.15625,0.568359,-0.765625,0.691406,0.253052,0.48053,-0.023926,0.839355,up
355161,8.027344,1.339844,4.925781,0.568359,-0.765625,0.691406,0.248901,0.484314,-0.02417,0.838379,up
355166,8.25,1.53125,4.773437,0.568359,-0.765625,0.691406,0.246765,0.486328,-0.023804,0.837891,up
355171,8.445313,1.570313,4.734375,0.994141,-0.794922,0.498047,0.246765,0.486328,-0.023804,0.837891,up
355176,8.558594,1.609375,4.734375,0.994141,-0.794922,0.498047,0.242126,0.490967,-0.02179,0.836609,up
355181,8.714844,1.722656,4.773437,0.994141,-0.794922,0.498047,0.240234,0.49292,-0.02063,0.835999,up
355186,8.941406,1.722656,4.773437,1.003906,-0.611328,0.263672,0.23822,0.494995,-0.019104,0.835388,up
355191,9.015625,1.570313,4.773437,1.003906,-0.611328,0.263672,0.236694,0.496643,-0.017883,0.8349,up
355196,8.941406,1.570313,4.925781,1.003906,-0.611328,0.263672,0.235229,0.498169,-0.016724,0.834351,up
355201,8.75,1.492188,5.0,1.003906,-0.611328,0.263672,0.234314,0.499329,-0.016113,0.833984,up
355206,8.714844,1.339844,5.039062,0.285156,-0.376953,0.185547,0.234314,0.499329,-0.016113,0.833984,up
355211,8.632813,1.300781,5.078125,0.128906,-0.347656,0.197266,0.233398,0.500366,-0.015747,0.833618,up
355216,8.449219,1.300781,5.15625,0.128906,-0.347656,0.197266,0.2323,0.502014,-0.016113,0.832947,up
355221,8.445313,1.378906,5.117187,0.029297,-0.337891,0.220703,0.2323,0.502014,-0.016113,0.832947,up
355226,8.40625,1.53125,5.117187,0.066406,-0.332031,0.228516,0.231812,0.502808,-0.016541,0.832581,up
355232,8.445313,1.722656,5.117187,0.066406,-0.332031,0.228516,0.230835,0.504211,-0.017151,0.83197,up
355237,8.476563,1.914063,5.117187,0.066406,-0.332031,0.228516,0.230103,0.505127,-0.017151,0.831604,up
355243,8.554688,2.144531,5.230469,0.066406,-0.332031,0.228516,0.229309,0.506165,-0.016846,0.831238,up
355248,8.710938,2.144531,5.308594,0.613281,-0.427734,0.134766,0.228271,0.507324,-0.016174,0.830811,up
355254,8.832031,2.21875,5.191406,0.613281,-0.427734,0.134766,0.227295,0.508545,-0.015198,0.830322,up
355259,8.75,2.183594,5.117187,0.695312,-0.365234,0.056641,0.227295,0.508545,-0.015198,0.830322,up
355264,8.671875,2.21875,4.964844,0.636719,-0.341797,0.03125,0.227295,0.508545,-0.015198,0.830322,up
355269,8.671875,2.183594,4.847656,0.501953,-0.320313,0.011719,0.227295,0.508545,-0.015198,0.830322,up
355274,8.710938,2.105469,4.847656,0.501953,-0.320313,0.011719,0.227295,0.508545,-0.015198,0.830322,up
355280,8.753906,2.105469,4.925781,0.501953,-0.320313,0.011719,0.223877,0.513672,-0.011047,0.828186,up
355286,8.832031,2.066406,5.039062,0.001953,-0.367188,-0.0625,0.223877,0.513672,-0.011047,0.828186,up
355291,8.898438,2.066406,5.15625,0.001953,-0.367188,-0.0625,0.224121,0.516052,-0.01123,0.826599,up
355296,8.941406,2.066406,5.15625,0.001953,-0.367188,-0.0625,0.224121,0.516052,-0.01123,0.826599,up
355301,8.9375,2.066406,5.191406,0.039063,-0.292969,-0.138672,0.224121,0.516052,-0.01123,0.826599,up
355306,8.898438,2.105469,5.117187,0.039063,-0.292969,-0.138672,0.224976,0.518066,-0.01123,0.825134,up
355311,8.898438,2.066406,5.039062,0.039063,-0.292969,-0.138672,0.225159,0.518738,-0.010864,0.824707,up
355316,8.832031,2.21875,4.886719,0.039063,-0.292969,-0.138672,0.225159,0.518738,-0.010864,0.824707,up
355321,8.789063,2.296875,4.886719,0.285156,-0.275391,-0.1875,0.225281,0.520264,-0.009583,0.82373,up
355326,8.789063,2.296875,4.847656,0.349609,-0.296875,-0.191406,0.225281,0.520264,-0.009583,0.82373,up
355331,8.789063,2.375,4.65625,0.349609,-0.296875,-0.179687,0.225281,0.520996,-0.00885,0.823242,up
355336,8.75,2.449219,4.582031,0.349609,-0.296875,-0.179687,0.22522,0.521912,-0.007996,0.822693,up
355342,8.832031,2.527344,4.464844,0.349609,-0.296875,-0.179687,0.225159,0.523499,-0.006592,0.821716,up
355348,8.859375,2.566406,4.425781,0.349609,-0.296875,-0.179687,0.225159,0.524231,-0.006042,0.821228,up
355353,8.859375,2.601563,4.351562,0.226562,-0.275391,-0.150391,0.22522,0.525024,-0.005493,0.82074,up
355359,8.9375,2.640625,4.351562,0.208984,-0.251953,-0.148437,0.22522,0.525024,-0.005493,0.82074,up
355365,8.902344,2.640625,4.351562,0.208984,-0.251953,-0.148437,0.22522,0.525024,-0.005493,0.82074,up
355371,8.941406,2.640625,4.234375,0.179687,-0.158203,-0.175781,0.22522,0.525024,-0.005493,0.82074,up
355376,8.902344,2.640625,4.195312,0.179687,-0.158203,-0.175781,0.225708,0.527222,-0.003601,0.819214,up
355381,8.902344,2.640625,4.195312,0.179687,-0.158203,-0.175781,0.226013,0.528015,-0.002625,0.818604,up
355386,8.792969,2.601563,4.121094,0.179687,-0.158203,-0.175781,0.226013,0.528015,-0.002625,0.818604,up
355391,8.828125,2.566406,4.121094,0.105469,-0.097656,-0.207031,0.226013,0.528015,-0.002625,0.818604,up
355396,8.859375,2.488281,4.121094,0.105469,-0.097656,-0.207031,0.226562,0.528625,-0.001648,0.818054,up
355401,8.898438,2.375,4.160156,0.105469,-0.097656,-0.207031,0.227417,0.529114,-0.000977,0.817505,up
355406,9.019531,2.296875,4.160156,0.105469,-0.097656,-0.207031,0.227417,0.529114,-0.000977,0.817505,up
355411,9.019531,2.296875,4.160156,-0.003906,-0.052734,-0.263672,0.227966,0.529236,-0.000671,0.817261,up
355416,9.054688,2.144531,4.195312,0.005859,-0.035156,-0.285156,0.228577,0.529358,-0.000366,0.817078,up
355421,9.054688,2.144531,4.195312,0.025391,-0.009766,-0.318359,0.229187,0.529358,0.0,0.816833,up
355427,9.058594,2.105469,4.3125,0.070312,0.023437,-0.351563,0.229187,0.529358,0.0,0.816833,up
355433,9.058594,2.105469,4.3125,0.130859,0.041016,-0.375,0.231018,0.529419,0.002136,0.816284,up
355438,8.976563,2.066406,4.464844,0.130859,0.041016,-0.375,0.231628,0.52948,0.003174,0.816101,up
355443,8.9375,2.066406,4.464844,0.394531,0.037109,-0.417969,0.232056,0.529602,0.004395,0.815918,up
355448,8.976563,2.144531,4.425781,0.466797,0.025391,-0.40625,0.232361,0.529785,0.005798,0.815674,up
355453,8.941406,2.375,4.464844,0.466797,0.025391,-0.40625,0.232361,0.529785,0.005798,0.815674,up
355458,8.941406,2.527344,4.464844,0.576172,0.083984,-0.363281,0.232361,0.529785,0.005798,0.815674,up
355463,8.859375,2.679688,4.390625,0.613281,0.138672,-0.341797,0.232361,0.529785,0.005798,0.815674,up
355469,8.859375,2.910156,4.351562,0.619141,0.171875,-0.326172,0.232361,0.529785,0.005798,0.815674,up
355476,8.832031,2.988281,4.3125,0.59375,0.205078,-0.310547,0.232361,0.529785,0.005798,0.815674,up
355481,8.792969,3.140625,4.273437,0.433594,0.25,-0.316406,0.232361,0.529785,0.005798,0.815674,up
355486,8.710938,3.140625,4.3125,0.433594,0.25,-0.316406,0.232361,0.529907,0.017395,0.81543,up
355491,8.714844,3.101563,4.160156,0.349609,0.265625,-0.324219,0.232788,0.529236,0.019958,0.815674,up
355496,8.671875,3.101563,4.160156,0.349609,0.265625,-0.324219,0.232788,0.529236,0.019958,0.815674,up
355501,8.714844,2.988281,4.195312,0.15625,0.216797,-0.396484,0.232788,0.529236,0.019958,0.815674,up
355506,8.792969,2.910156,4.351562,0.15625,0.216797,-0.396484,0.233826,0.528381,0.022034,0.815857,up
355511,8.898438,2.832031,4.464844,0.15625,0.216797,-0.396484,0.234497,0.528076,0.02301,0.815857,up
355517,8.980469,2.832031,4.582031,0.148437,0.162109,-0.435547,0.236023,0.527466,0.024963,0.815735,up
355522,8.898438,2.949219,4.617187,0.148437,0.162109,-0.435547,0.236694,0.527161,0.026062,0.815735,up
355527,8.828125,3.0625,4.65625,0.148437,0.162109,-0.435547,0.237244,0.526917,0.027161,0.815674,up
355532,8.789063,3.101563,4.65625,0.316406,0.214844,-0.431641,0.237244,0.526917,0.027161,0.815674,up
355537,8.675781,3.101563,4.734375,0.316406,0.214844,-0.431641,0.238281,0.526367,0.029907,0.815674,up
355543,8.480469,3.179688,4.808594,0.316406,0.214844,-0.431641,0.238586,0.526184,0.031128,0.815613,up
355548,8.445313,3.179688,4.734375,0.394531,0.171875,-0.349609,0.238892,0.526001,0.032471,0.815613,up
355553,8.40625,3.179688,4.695312,0.400391,0.162109,-0.322266,0.238892,0.526001,0.032471,0.815613,up
355559,8.40625,3.253906,4.65625,0.382813,0.134766,-0.302734,0.238892,0.526001,0.032471,0.815613,up
355565,8.367188,3.292969,4.65625,0.359375,0.095703,-0.271484,0.238892,0.526001,0.032471,0.815613,up
355570,8.332031,3.292969,4.582031,0.34375,0.066406,-0.244141,0.238892,0.526001,0.032471,0.815613,up
355575,8.292969,3.332031,4.503906,0.326172,0.056641,-0.234375,0.238892,0.526001,0.032471,0.815613,up
355581,8.214844,3.40625,4.390625,0.326172,0.056641,-0.234375,0.239624,0.526001,0.040405,0.815002,up
355586,8.214844,3.445313,4.3125,0.326172,0.056641,-0.234375,0.239624,0.526001,0.040405,0.815002,up
355591,8.25,3.484375,4.3125,0.427734,0.017578,-0.242187,0.239624,0.526001,0.040405,0.815002,up
355596,8.253906,3.523438,4.390625,0.460937,-0.005859,-0.253906,0.239624,0.526001,0.040405,0.815002,up
355601,8.25,3.636719,4.390625,0.460937,-0.005859,-0.253906,0.239563,0.526733,0.044067,0.814392,up
355606,8.210938,3.675781,4.3125,0.490234,-0.015625,-0.300781,0.239563,0.526733,0.044067,0.814392,up
355611,8.175781,3.753906,4.273437,0.486328,-0.013672,-0.302734,0.239624,0.527588,0.048096,0.813599,up
355616,8.210938,3.828125,4.160156,0.486328,-0.013672,-0.302734,0.239624,0.527588,0.048096,0.813599,up
355621,8.25,3.828125,4.195312,0.486328,-0.013672,-0.302734,0.239746,0.527832,0.049377,0.813354,up
355626,8.371094,3.828125,4.234375,0.240234,-0.037109,-0.330078,0.239746,0.527832,0.049377,0.813354,up
355631,8.367188,3.90625,4.160156,0.240234,-0.037109,-0.330078,0.240295,0.528259,0.051453,0.812744,up
355636,8.449219,3.90625,4.195312,0.240234,-0.037109,-0.330078,0.240784,0.528381,0.052307,0.812439,up
355642,8.480469,3.90625,4.234375,-0.019531,0.060547,-0.333984,0.240784,0.528381,0.052307,0.812439,up
355647,8.449219,3.828125,4.160156,-0.019531,0.060547,-0.333984,0.242798,0.528076,0.053833,0.811951,up
355652,8.449219,3.789063,4.121094,-0.019531,0.060547,-0.333984,0.243591,0.527771,0.054138,0.811951,up
355657,8.449219,3.714844,4.234375,-0.019531,0.060547,-0.333984,0.244568,0.527222,0.054443,0.811951,up
355662,8.40625,3.636719,4.273437,-0.134766,0.224609,-0.353516,0.244568,0.527222,0.054443,0.811951,up
355667,8.367188,3.675781,4.3125,-0.134766,0.224609,-0.353516,0.246277,0.526123,0.055054,0.812073,up
355673,7.90625,3.789063,4.273437,-0.134766,0.224609,-0.353516,0.247131,0.525452,0.055542,0.812256,up
355678,7.871094,3.789063,4.464844,0.027344,0.238281,-0.371094,0.247131,0.525452,0.055542,0.812256,up
355683,7.867187,3.867188,4.65625,0.091797,0.164062,-0.365234,0.247131,0.525452,0.055542,0.812256,up
355689,7.90625,3.984375,4.617187,0.091797,0.164062,-0.365234,0.249207,0.524231,0.057678,0.812256,up
355695,7.910156,4.097656,4.617187,0.181641,0.109375,-0.359375,0.249207,0.524231,0.057678,0.812256,up
355700,7.984375,4.175781,4.65625,0.179687,0.050781,-0.345703,0.249207,0.524231,0.057678,0.812256,up
355705,8.171875,4.210937,4.734375,0.173828,0.0,-0.335938,0.249207,0.524231,0.057678,0.812256,up
355711,8.253906,4.175781,4.65625,0.177734,-0.013672,-0.337891,0.249207,0.524231,0.057678,0.812256,up
355717,8.292969,4.25,4.617187,0.117188,-0.019531,-0.341797,0.249207,0.524231,0.057678,0.812256,up
355722,8.367188,4.289062,4.847656,0.117188,-0.019531,-0.341797,0.252258,0.52417,0.062378,0.810974,up
355727,8.40625,4.289062,4.847656,0.117188,-0.019531,-0.341797,0.25354,0.524231,0.063538,0.810486,up
355732,8.367188,4.210937,4.886719,0.117188,-0.019531,-0.341797,0.25354,0.524231,0.063538,0.810486,up
355737,8.328125,4.210937,4.886719,-0.044922,0.048828,-0.339844,0.255127,0.523865,0.064331,0.81012,up
355742,8.292969,4.175781,5.0,-0.044922,0.048828,-0.339844,0.256042,0.52356,0.064514,0.810059,up
355747,8.332031,4.175781,5.039062,-0.044922,0.048828,-0.339844,0.256958,0.523193,0.064636,0.809937,up
355752,8.328125,4.097656,5.0,-0.044922,0.048828,-0.339844,0.256958,0.523193,0.064636,0.809937,up
355757,8.328125,4.097656,4.925781,-0.226562,0.117188,-0.339844,0.258972,0.522339,0.064758,0.809875,up
355762,8.253906,4.097656,4.964844,-0.226562,0.117188,-0.339844,0.260071,0.521912,0.064758,0.809814,up
355767,8.214844,4.175781,4.925781,-0.222656,0.099609,-0.357422,0.260071,0.521912,0.064758,0.809814,up
355772,8.09375,4.175781,4.886719,-0.210937,0.085937,-0.359375,0.260986,0.521545,0.064819,0.809753,up
355778,8.027344,4.136719,4.886719,-0.210937,0.085937,-0.359375,0.263123,0.520752,0.064941,0.80957,up
355783,8.023438,4.175781,4.964844,-0.160156,0.044922,-0.373047,0.26416,0.520447,0.065125,0.809387,up
355789,8.027344,4.175781,5.039062,-0.160156,0.044922,-0.373047,0.265015,0.520264,0.065308,0.809204,up
355794,7.984375,4.175781,5.0,-0.095703,0.027344,-0.361328,0.265015,0.520264,0.065308,0.809204,up
355800,8.027344,4.175781,4.925781,-0.095703,0.027344,-0.361328,0.266785,0.519897,0.065857,0.808838,up
355805,8.027344,4.136719,4.964844,-0.035156,0.001953,-0.347656,0.266785,0.519897,0.065857,0.808838,up
355810,8.054688,4.136719,4.886719,-0.017578,-0.005859,-0.341797,0.266785,0.519897,0.065857,0.808838,up
355815,8.058594,4.175781,4.847656,-0.017578,-0.005859,-0.341797,0.269165,0.519714,0.067017,0.808105,up
355820,8.171875,4.210937,4.65625,-0.017578,-0.005859,-0.341797,0.269165,0.519714,0.067017,0.808105,up
355826,8.136719,4.25,4.617187,-0.017578,-0.005859,-0.341797,0.270447,0.519653,0.06781,0.807617,up
355831,8.171875,4.367187,4.617187,0.011719,-0.03125,-0.298828,0.270447,0.519653,0.06781,0.807617,up
355836,8.210938,4.402344,4.503906,0.011719,-0.03125,-0.298828,0.271667,0.519714,0.068542,0.807129,up
355841,8.253906,4.480469,4.542969,0.015625,-0.025391,-0.28125,0.271667,0.519714,0.068542,0.807129,up
355846,8.292969,4.480469,4.464844,0.009766,-0.021484,-0.277344,0.271667,0.519714,0.068542,0.807129,up
355852,8.210938,4.519531,4.464844,0.015625,-0.015625,-0.285156,0.273987,0.519714,0.070007,0.806213,up
355857,8.171875,4.480469,4.464844,0.015625,-0.015625,-0.285156,0.273987,0.519714,0.070007,0.806213,up
355862,8.175781,4.519531,4.503906,0.005859,0.03125,-0.296875,0.273987,0.519714,0.070007,0.806213,up
355867,8.097656,4.480469,4.503906,0.005859,0.03125,-0.296875,0.275818,0.51947,0.071228,0.805603,up
355872,8.054688,4.441406,4.542969,0.005859,0.03125,-0.296875,0.275818,0.51947,0.071228,0.805603,up
355877,8.054688,4.441406,4.542969,-0.060547,0.041016,-0.287109,0.276428,0.519287,0.071472,0.805481,up
355882,8.027344,4.480469,4.464844,-0.060547,0.041016,-0.287109,0.277161,0.519104,0.071716,0.805359,up
355887,7.867187,4.441406,4.542969,-0.119141,0.060547,-0.269531,0.277832,0.518799,0.071899,0.805298,up
355892,7.867187,4.441406,4.542969,-0.136719,0.046875,-0.259766,0.277832,0.518799,0.071899,0.805298,up
355898,7.867187,4.441406,4.582031,-0.136719,0.046875,-0.259766,0.279968,0.518188,0.072144,0.804932,up
355903,7.910156,4.441406,4.617187,-0.136719,0.046875,-0.259766,0.279968,0.518188,0.072144,0.804932,up
355908,7.871094,4.480469,4.65625,-0.136719,0.046875,-0.259766,0.281189,0.518005,0.072205,0.804626,up
355913,7.945312,4.480469,4.734375,-0.056641,-0.046875,-0.201172,0.281738,0.518005,0.072327,0.804382,up
355918,7.949219,4.441406,4.695312,-0.041016,-0.056641,-0.195312,0.282288,0.518066,0.072388,0.804199,up
355924,7.949219,4.441406,4.695312,-0.041016,-0.056641,-0.195312,0.282715,0.518127,0.07251,0.803955,up
355929,7.949219,4.441406,4.695312,-0.03125,-0.074219,-0.179687,0.283203,0.518188,0.072632,0.803711,up
355935,8.058594,4.441406,4.734375,-0.03125,-0.074219,-0.179687,0.283203,0.518188,0.072632,0.803711,up
355940,8.09375,4.480469,4.617187,-0.050781,-0.091797,-0.171875,0.283203,0.518188,0.072632,0.803711,up
355945,8.054688,4.441406,4.503906,-0.060547,-0.072266,-0.167969,0.283203,0.518188,0.072632,0.803711,up
355951,8.136719,4.441406,4.464844,-0.082031,-0.068359,-0.169922,0.283203,0.518188,0.072632,0.803711,up
355957,8.136719,4.441406,4.464844,-0.101563,-0.070312,-0.171875,0.283203,0.518188,0.072632,0.803711,up
355962,8.136719,4.480469,4.464844,-0.101563,-0.070312,-0.171875,0.286011,0.518677,0.072754,0.802429,up
355967,8.09375,4.480469,4.390625,-0.101563,-0.070312,-0.171875,0.286621,0.518677,0.072754,0.802246,up
355972,8.097656,4.519531,4.390625,-0.125,-0.03125,-0.185547,0.28772,0.518555,0.072632,0.801941,up
355977,8.09375,4.59375,4.464844,-0.125,-0.03125,-0.185547,0.28772,0.518555,0.072632,0.801941,up
355982,8.09375,4.558594,4.503906,-0.125,-0.03125,-0.185547,0.28833,0.518433,0.072571,0.801758,up
355987,8.058594,4.59375,4.503906,-0.164062,-0.009766,-0.199219,0.28833,0.518433,0.072571,0.801758,up
355992,8.023438,4.59375,4.542969,-0.164062,-0.009766,-0.199219,0.289551,0.518188,0.072449,0.801453,up
355997,8.023438,4.59375,4.542969,-0.185547,0.009766,-0.203125,0.290283,0.518066,0.072388,0.801331,up
356002,8.054688,4.519531,4.617187,-0.185547,0.009766,-0.203125,0.290833,0.517883,0.072266,0.801208,up
356007,8.058594,4.480469,4.65625,-0.185547,0.009766,-0.191406,0.290833,0.517883,0.072266,0.801208,up
356012,8.09375,4.480469,4.65625,-0.185547,0.009766,-0.191406,0.292175,0.517517,0.072021,0.801025,up
356017,8.136719,4.441406,4.695312,-0.185547,0.009766,-0.191406,0.292786,0.517334,0.071899,0.800903,up
356023,8.054688,4.402344,4.65625,-0.150391,0.021484,-0.160156,0.292786,0.517334,0.071899,0.800903,up
356028,8.054688,4.402344,4.65625,-0.150391,0.021484,-0.160156,0.294495,0.516785,0.071594,0.800659,up
356033,8.058594,4.480469,4.617187,-0.150391,0.021484,-0.160156,0.294922,0.516663,0.071594,0.800598,up
356038,8.023438,4.519531,4.582031,-0.039063,0.021484,-0.123047,0.295288,0.516541,0.071655,0.800537,up
356043,7.945312,4.519531,4.503906,-0.003906,0.013672,-0.115234,0.295593,0.516479,0.071777,0.800476,up
356048,7.945312,4.632812,4.503906,-0.003906,0.013672,-0.115234,0.295593,0.516479,0.071777,0.800476,up
356053,7.90625,4.632812,4.425781,-0.003906,0.013672,-0.115234,0.296021,0.516418,0.072021,0.800293,up
356058,7.90625,4.671875,4.464844,0.03125,-0.001953,-0.087891,0.296204,0.516418,0.072205,0.800232,up
356063,7.910156,4.671875,4.425781,0.037109,-0.013672,-0.078125,0.296326,0.516479,0.072388,0.80011,up
356068,7.910156,4.710937,4.464844,0.037109,-0.013672,-0.078125,0.296326,0.516479,0.072388,0.80011,up
356073,7.945312,4.710937,4.464844,0.037109,-0.013672,-0.078125,0.296692,0.516418,0.072632,0.799988,up
356078,7.910156,4.710937,4.464844,-0.056641,0.023437,-0.064453,0.296936,0.516357,0.072632,0.799988,up
356083,7.945312,4.59375,4.464844,-0.056641,0.023437,-0.064453,0.296936,0.516357,0.072632,0.799988,up
356088,7.90625,4.558594,4.425781,-0.056641,0.023437,-0.064453,0.297424,0.516052,0.072449,0.799988,up
356093,7.90625,4.558594,4.390625,-0.119141,0.042969,-0.050781,0.297424,0.516052,0.072449,0.799988,up
356098,7.90625,4.558594,4.425781,-0.111328,0.037109,-0.048828,0.297729,0.515869,0.072327,0.799988,up
356103,7.90625,4.558594,4.390625,-0.111328,0.037109,-0.048828,0.298218,0.515564,0.072021,0.800049,up
356108,7.828125,4.558594,4.390625,-0.111328,0.037109,-0.048828,0.298462,0.515381,0.071899,0.800049,up
356113,7.828125,4.519531,4.390625,-0.111328,0.037109,-0.048828,0.298462,0.515381,0.071899,0.800049,up
356118,7.871094,4.480469,4.425781,-0.072266,0.001953,-0.050781,0.298889,0.515259,0.071716,0.799988,up
