timestamp,ax,ay,az,gx,gy,gz,qw,qx,qy,qz,label
438465,4.554687,5.574219,6.476562,0.152344,0.029297,0.154297,0.854248,0.385071,-0.116577,0.329285,up
438470,4.59375,5.613281,6.476562,0.167969,0.044922,0.150391,0.852356,0.387268,-0.117188,0.331299,up
438476,4.59375,5.613281,6.476562,0.167969,0.044922,0.150391,0.851868,0.387756,-0.117065,0.332092,up
438481,4.480469,5.652344,6.554687,0.167969,0.044922,0.150391,0.851562,0.388062,-0.116882,0.33252,up
438486,4.480469,5.613281,6.554687,0.183594,0.064453,0.144531,0.851562,0.388062,-0.116882,0.33252,up
438491,4.480469,5.613281,6.554687,0.171875,0.078125,0.125,0.851013,0.388672,-0.116577,0.333313,up
438496,4.480469,5.652344,6.515625,0.171875,0.078125,0.125,0.850769,0.388977,-0.116394,0.33374,up
438501,4.480469,5.574219,6.519531,0.171875,0.078125,0.125,0.850586,0.38916,-0.116211,0.334045,up
438506,4.480469,5.535156,6.480469,0.130859,0.054687,0.083984,0.850586,0.38916,-0.116211,0.334045,up
438511,4.515625,5.535156,6.480469,0.125,0.050781,0.070312,0.850586,0.38916,-0.116211,0.334045,up
438517,4.554687,5.421875,6.476562,0.125,0.050781,0.070312,0.850037,0.389832,-0.115784,0.334778,up
438522,4.59375,5.382812,6.519531,0.109375,0.042969,0.048828,0.850037,0.389832,-0.115784,0.334778,up
438528,4.632812,5.421875,6.480469,0.09375,0.064453,0.044922,0.850037,0.389832,-0.115784,0.334778,up
438533,4.632812,5.34375,6.476562,0.09375,0.072266,0.039063,0.850037,0.389832,-0.115784,0.334778,up
438538,4.671875,5.304687,6.519531,0.087891,0.082031,0.039063,0.850037,0.389832,-0.115784,0.334778,up
438544,4.59375,5.34375,6.519531,0.089844,0.095703,0.037109,0.850037,0.389832,-0.115784,0.334778,up
438549,4.59375,5.382812,6.519531,0.107422,0.097656,0.039063,0.850037,0.389832,-0.115784,0.334778,up
438554,4.59375,5.421875,6.554687,0.117188,0.115234,0.025391,0.850037,0.389832,-0.115784,0.334778,up
438559,4.554687,5.421875,6.519531,0.117188,0.115234,0.025391,0.849121,0.390991,-0.113953,0.336304,up
438565,4.554687,5.382812,6.554687,0.132812,0.138672,-0.009766,0.849121,0.390991,-0.113953,0.336304,up
438570,4.554687,5.34375,6.597656,0.132812,0.138672,-0.009766,0.848877,0.391479,-0.112732,0.336792,up
438576,4.480469,5.421875,6.59375,0.132812,0.138672,-0.009766,0.848755,0.391724,-0.112244,0.336975,up
438581,4.515625,5.421875,6.59375,0.160156,0.171875,-0.042969,0.848755,0.391724,-0.112244,0.336975,up
438586,4.480469,5.460937,6.597656,0.152344,0.175781,-0.056641,0.848755,0.391724,-0.112244,0.336975,up
438592,4.441406,5.496094,6.625,0.152344,0.175781,-0.056641,0.848572,0.392334,-0.110596,0.33728,up
438598,4.363281,5.460937,6.519531,0.117188,0.199219,-0.078125,0.848572,0.392334,-0.110596,0.33728,up
438603,4.171875,5.460937,6.597656,0.113281,0.201172,-0.09375,0.848572,0.392334,-0.110596,0.33728,up
438609,4.132812,5.460937,6.59375,0.109375,0.201172,-0.111328,0.848633,0.392639,-0.108765,0.337402,up
438615,4.132812,5.421875,6.597656,0.121094,0.166016,-0.140625,0.848633,0.392639,-0.108765,0.337402,up
438620,4.097656,5.460937,6.597656,0.121094,0.166016,-0.140625,0.848755,0.393066,-0.106873,0.337219,up
438625,4.097656,5.460937,6.625,0.121094,0.166016,-0.140625,0.848755,0.39325,-0.106384,0.337097,up
438630,4.058594,5.460937,6.667969,0.134766,0.121094,-0.150391,0.848755,0.39325,-0.106384,0.337097,up
438635,4.097656,5.460937,6.664062,0.134766,0.121094,-0.150391,0.848816,0.393494,-0.105774,0.336914,up
438640,4.097656,5.574219,6.707031,0.160156,0.103516,-0.15625,0.848816,0.393494,-0.105774,0.336914,up
438645,4.058594,5.613281,6.746094,0.232422,0.105469,-0.150391,0.848816,0.394104,-0.104736,0.336548,up
438650,4.019531,5.652344,6.707031,0.232422,0.105469,-0.150391,0.848755,0.394531,-0.104126,0.336365,up
438655,4.058594,5.726562,6.785156,0.283203,0.119141,-0.144531,0.848633,0.394958,-0.103638,0.336243,up
438661,4.019531,5.804687,6.78125,0.283203,0.119141,-0.144531,0.848389,0.396057,-0.102356,0.335999,up
438666,3.941406,5.84375,6.78125,0.310547,0.164062,-0.126953,0.848206,0.396667,-0.101563,0.335938,up
438672,3.789063,5.917969,6.707031,0.310547,0.164062,-0.126953,0.848083,0.397156,-0.100891,0.335938,up
438677,3.714844,5.917969,6.703125,0.310547,0.164062,-0.126953,0.8479,0.397766,-0.100037,0.335938,up
438682,3.636719,5.996094,6.742187,0.310547,0.164062,-0.126953,0.8479,0.397766,-0.100037,0.335938,up
438688,3.597656,5.996094,6.664062,0.328125,0.183594,-0.113281,0.8479,0.397766,-0.100037,0.335938,up
438693,3.558594,6.035156,6.667969,0.320313,0.173828,-0.109375,0.8479,0.397766,-0.100037,0.335938,up
438698,3.558594,6.035156,6.59375,0.320313,0.173828,-0.109375,0.8479,0.397766,-0.100037,0.335938,up
438703,3.597656,5.996094,6.625,0.314453,0.162109,-0.113281,0.8479,0.397766,-0.100037,0.335938,up
438708,3.675781,5.957031,6.667969,0.308594,0.150391,-0.111328,0.8479,0.397766,-0.100037,0.335938,up
438713,3.714844,5.957031,6.664062,0.326172,0.148437,-0.109375,0.8479,0.397766,-0.100037,0.335938,up
438718,3.789063,5.957031,6.628906,0.326172,0.148437,-0.109375,0.8479,0.397766,-0.100037,0.335938,up
438724,3.789063,5.957031,6.519531,0.326172,0.148437,-0.109375,0.846191,0.402954,-0.093323,0.335999,up
438730,3.789063,5.996094,6.519531,0.341797,0.230469,-0.126953,0.846191,0.402954,-0.093323,0.335999,up
438735,3.867188,5.996094,6.59375,0.341797,0.230469,-0.126953,0.845642,0.404663,-0.090637,0.33606,up
438740,3.828125,5.996094,6.59375,0.341797,0.230469,-0.126953,0.845642,0.404663,-0.090637,0.33606,up
438745,3.828125,5.957031,6.59375,0.335938,0.359375,-0.175781,0.845642,0.404663,-0.090637,0.33606,up
438750,3.828125,6.035156,6.519531,0.335938,0.359375,-0.175781,0.845215,0.406128,-0.087097,0.336304,up
438755,3.828125,6.1875,6.519531,0.335938,0.359375,-0.175781,0.845154,0.406555,-0.085693,0.336365,up
438760,3.714844,6.457031,6.664062,0.335938,0.359375,-0.175781,0.845154,0.406555,-0.085693,0.336365,up
438765,3.636719,6.570312,6.742187,0.427734,0.558594,-0.253906,0.845154,0.406555,-0.085693,0.336365,up
438770,3.292969,6.648437,6.785156,0.427734,0.558594,-0.253906,0.844788,0.40802,-0.080505,0.33667,up
438775,3.292969,6.609375,6.746094,0.427734,0.558594,-0.253906,0.844788,0.40802,-0.080505,0.33667,up
438780,3.292969,6.609375,6.746094,0.5,0.626953,-0.271484,0.844666,0.408569,-0.078552,0.336853,up
438785,3.253906,6.492187,6.785156,0.539062,0.658203,-0.273438,0.844666,0.408569,-0.078552,0.336853,up
438790,3.136719,6.265625,6.785156,0.539062,0.658203,-0.273438,0.844666,0.408569,-0.078552,0.336853,up
438795,3.136719,6.265625,6.785156,0.625,0.681641,-0.230469,0.843994,0.410583,-0.072083,0.337524,up
438801,3.214844,5.957031,6.898437,0.714844,0.693359,-0.158203,0.843994,0.410583,-0.072083,0.337524,up
438807,3.40625,5.382812,7.019531,0.714844,0.693359,-0.158203,0.842651,0.41333,-0.06543,0.338867,up
438812,3.40625,5.382812,7.019531,0.919922,0.777344,-0.115234,0.841858,0.414673,-0.062622,0.339661,up
438818,3.484375,5.152344,6.820312,0.919922,0.777344,-0.115234,0.841858,0.414673,-0.062622,0.339661,up
438823,3.523438,4.960937,6.746094,1.253906,0.830078,-0.177734,0.841858,0.414673,-0.062622,0.339661,up
438829,3.445313,5.0,6.625,1.455078,0.841797,-0.222656,0.841858,0.414673,-0.062622,0.339661,up
438834,3.367188,5.0,6.558594,1.662109,0.865234,-0.289063,0.841858,0.414673,-0.062622,0.339661,up
438840,3.328125,5.304687,6.359375,1.865234,0.859375,-0.353516,0.841858,0.414673,-0.062622,0.339661,up
438845,3.328125,5.535156,6.210937,2.203125,0.804687,-0.490234,0.834595,0.428894,-0.043335,0.342957,up
438850,3.292969,5.765625,6.058594,2.203125,0.804687,-0.490234,0.832581,0.433044,-0.03894,0.34314,up
438856,3.328125,5.882812,5.902344,2.304688,0.783203,-0.544922,0.828674,0.441284,-0.030579,0.342957,up
438862,3.367188,5.957031,5.558594,2.304688,0.783203,-0.544922,0.826721,0.445374,-0.026489,0.342712,up
438869,3.445313,5.882812,5.480469,2.351563,0.769531,-0.679687,0.826721,0.445374,-0.026489,0.342712,up
438874,3.523438,5.769531,5.40625,2.335938,0.775391,-0.710937,0.826721,0.445374,-0.026489,0.342712,up
438880,3.558594,5.570312,5.40625,2.335938,0.775391,-0.710937,0.818604,0.462158,-0.008911,0.34082,up
438885,3.636719,5.648437,5.40625,2.335938,0.775391,-0.710937,0.818604,0.462158,-0.008911,0.34082,up
438890,3.597656,5.808594,5.441406,2.484375,0.796875,-0.792969,0.818604,0.462158,-0.008911,0.34082,up
438895,3.597656,5.808594,5.441406,2.484375,0.796875,-0.792969,0.81427,0.470825,0.000366,0.339539,up
438900,3.558594,6.1875,5.519531,2.484375,0.796875,-0.792969,0.81427,0.470825,0.000366,0.339539,up
438905,3.597656,6.453125,5.519531,2.632813,0.830078,-0.859375,0.81427,0.470825,0.000366,0.339539,up
438910,3.597656,6.453125,5.519531,2.748047,0.873047,-0.90625,0.807068,0.484558,0.015015,0.337158,up
438915,3.328125,7.839844,5.175781,2.748047,0.873047,-0.90625,0.804382,0.48938,0.020264,0.336243,up
438920,3.40625,8.140625,5.136719,2.748047,0.873047,-0.90625,0.801453,0.494629,0.02594,0.335144,up
438926,3.484375,8.410156,5.058594,3.287109,0.919922,-1.230469,0.801453,0.494629,0.02594,0.335144,up
438931,3.445313,8.605469,5.058594,3.287109,0.919922,-1.230469,0.791931,0.511475,0.044067,0.330627,up
438937,3.445313,8.90625,4.90625,3.287109,0.919922,-1.230469,0.788879,0.516785,0.050171,0.328857,up
438942,3.367188,8.949219,4.945312,3.166016,0.994141,-1.507813,0.785706,0.522217,0.056824,0.326782,up
438948,3.328125,9.027344,4.867187,3.011719,1.013672,-1.572266,0.785706,0.522217,0.056824,0.326782,up
438953,3.175781,9.132813,4.832031,2.822266,1.021484,-1.599609,0.780029,0.531738,0.069641,0.322388,up
438959,3.0625,9.058594,4.90625,2.601563,1.029297,-1.621094,0.780029,0.531738,0.069641,0.322388,up
438964,3.0625,8.949219,4.867187,2.412109,1.039063,-1.619141,0.780029,0.531738,0.069641,0.322388,up
438969,3.101563,8.5625,4.832031,2.412109,1.039063,-1.619141,0.780029,0.531738,0.069641,0.322388,up
438975,3.023438,8.484375,4.714844,2.412109,1.039063,-1.619141,0.770874,0.546448,0.094849,0.313232,up
438981,2.984375,8.488281,4.675781,2.119141,1.041016,-1.576172,0.770874,0.546448,0.094849,0.313232,up
438986,2.792969,8.605469,4.523437,2.119141,1.041016,-1.576172,0.765015,0.554993,0.112183,0.306824,up
438991,2.71875,8.671875,4.332031,2.119141,1.041016,-1.576172,0.762878,0.557922,0.117737,0.304688,up
438996,2.71875,8.671875,4.332031,2.119141,1.041016,-1.576172,0.762878,0.557922,0.117737,0.304688,up
439001,2.5625,8.75,4.140625,2.429688,0.943359,-1.597656,0.762878,0.557922,0.117737,0.304688,up
439006,1.949219,9.25,3.414063,2.548828,0.849609,-1.605469,0.757874,0.564819,0.129517,0.299683,up
439011,1.949219,9.25,3.414063,2.548828,0.849609,-1.605469,0.757874,0.564819,0.129517,0.299683,up
439016,1.835938,9.445313,3.257813,2.732422,0.365234,-1.669922,0.749451,0.576904,0.145813,0.290283,up
439021,1.757813,10.171875,2.875,2.732422,0.365234,-1.669922,0.749451,0.576904,0.145813,0.290283,up
439026,1.644531,10.359375,2.800781,2.582031,0.150391,-1.712891,0.746338,0.581543,0.151245,0.286194,up
439031,1.605469,10.636719,2.722656,2.435547,0.044922,-1.722656,0.743591,0.585693,0.156128,0.282227,up
439036,1.605469,10.636719,2.722656,2.242188,-0.0625,-1.728516,0.741089,0.5896,0.160522,0.278198,up
439041,1.375,10.785156,2.417969,2.242188,-0.0625,-1.728516,0.737122,0.59613,0.168152,0.270264,up
439046,1.261719,10.703125,2.378906,1.671875,-0.195312,-1.724609,0.737122,0.59613,0.168152,0.270264,up
439051,1.144531,10.554688,2.300781,1.671875,-0.195312,-1.724609,0.734497,0.601135,0.174927,0.261841,up
439056,1.109375,10.476563,2.070313,1.671875,-0.195312,-1.724609,0.733826,0.602905,0.17804,0.257507,up
439061,1.070313,10.398438,1.996094,1.671875,-0.195312,-1.724609,0.733521,0.604065,0.180359,0.254089,up
439066,0.992187,10.210938,1.996094,1.671875,-0.195312,-1.724609,0.733521,0.604065,0.180359,0.254089,up
439072,0.992187,10.09375,1.957031,0.564453,-0.347656,-1.375,0.733459,0.605713,0.184631,0.24707,up
439077,0.761719,10.171875,1.726563,0.564453,-0.347656,-1.375,0.733643,0.606323,0.18634,0.243774,up
439082,0.609375,10.246094,1.535156,0.578125,-0.439453,-1.1875,0.733643,0.606323,0.18634,0.243774,up
439087,0.609375,10.246094,1.535156,0.712891,-0.521484,-1.109375,0.733704,0.60791,0.189026,0.237549,up
439092,0.496094,10.324219,1.34375,0.927734,-0.667969,-1.035156,0.733337,0.609375,0.190125,0.233948,up
439097,0.417969,10.78125,0.960937,0.927734,-0.667969,-1.035156,0.733337,0.609375,0.190125,0.233948,up
439102,0.378906,11.015625,0.882812,1.160156,-0.839844,-0.984375,0.732727,0.611084,0.190857,0.230774,up
439107,0.378906,11.015625,0.882812,1.160156,-0.839844,-0.984375,0.73175,0.613464,0.191345,0.22699,up
439112,0.035156,11.703125,0.578125,1.617188,-1.148438,-0.894531,0.730469,0.616516,0.19165,0.222839,up
439117,0.035156,11.703125,0.578125,1.802734,-1.232422,-0.869141,0.728882,0.619812,0.191772,0.218628,up
439123,-0.269531,12.507813,-0.226562,1.953125,-1.300781,-0.851562,0.724976,0.627502,0.191772,0.209595,up
439129,-0.234375,12.585938,-0.496094,2.09375,-1.412109,-0.800781,0.724976,0.627502,0.191772,0.209595,up
439134,-0.117188,12.617188,-0.953125,2.09375,-1.412109,-0.800781,0.72052,0.635681,0.191345,0.200195,up
439139,-0.042969,12.589844,-1.070313,1.896484,-1.427734,-0.703125,0.72052,0.635681,0.191345,0.200195,up
439145,0.035156,12.546875,-1.03125,1.712891,-1.427734,-0.619141,0.72052,0.635681,0.191345,0.200195,up
439151,0.265625,12.472656,-1.070313,1.712891,-1.427734,-0.619141,0.72052,0.635681,0.191345,0.200195,up
439156,0.304688,12.351563,-1.03125,1.291016,-1.21875,-0.373047,0.72052,0.635681,0.191345,0.200195,up
439161,0.265625,12.277344,-1.03125,1.291016,-1.21875,-0.373047,0.711731,0.65271,0.1875,0.179504,up
439166,0.1875,12.207031,-1.03125,1.128906,-1.068359,-0.193359,0.710388,0.655273,0.186523,0.176453,up
439171,0.074219,12.125,-0.914062,1.128906,-1.068359,-0.193359,0.709229,0.657532,0.185547,0.173889,up
439176,-0.117188,12.089844,-0.992187,1.126953,-0.986328,-0.039063,0.707947,0.65979,0.184448,0.171509,up
439181,-0.308594,11.972656,-0.953125,1.126953,-0.986328,-0.039063,0.706543,0.662354,0.183228,0.169067,up
439186,-0.578125,11.972656,-0.914062,1.126953,-0.986328,-0.039063,0.703491,0.667297,0.180664,0.164795,up
439191,-0.769531,12.046875,-0.914062,1.126953,-0.986328,-0.039063,0.703491,0.667297,0.180664,0.164795,up
439196,-0.84375,12.089844,-0.953125,1.453125,-1.177734,0.212891,0.703491,0.667297,0.180664,0.164795,up
439201,-0.808594,12.089844,-1.03125,1.453125,-1.177734,0.212891,0.699585,0.673401,0.177307,0.160278,up
439206,-0.808594,12.050781,-1.070313,1.367188,-1.316406,0.333984,0.69751,0.676636,0.175293,0.157898,up
439211,-0.730469,12.007813,-1.144531,1.367188,-1.316406,0.333984,0.695496,0.67981,0.172974,0.155579,up
439216,-0.730469,12.007813,-1.144531,1.275391,-1.378906,0.384766,0.693726,0.682739,0.170593,0.153381,up
439221,-0.730469,12.007813,-1.144531,1.160156,-1.4375,0.412109,0.6922,0.685303,0.168152,0.151367,up
439226,-0.460937,12.046875,-1.375,1.042969,-1.474609,0.431641,0.6922,0.685303,0.168152,0.151367,up
439232,-0.269531,11.890625,-1.527344,1.042969,-1.474609,0.431641,0.690796,0.687927,0.165405,0.14917,up
439237,-0.269531,11.890625,-1.527344,0.748047,-1.511719,0.441406,0.687805,0.694397,0.15625,0.142639,up
439243,-0.042969,11.242188,-1.183594,0.748047,-1.511719,0.441406,0.687256,0.696045,0.153015,0.140625,up
439249,-0.003906,11.085938,-1.144531,0.488281,-1.496094,0.492187,0.687256,0.696045,0.153015,0.140625,up
439255,-0.003906,10.902344,-1.105469,0.480469,-1.464844,0.527344,0.686279,0.699158,0.146484,0.136719,up
439261,0.035156,10.597656,-1.070313,0.480469,-1.464844,0.527344,0.685181,0.702271,0.139954,0.13324,up
439266,0.113281,10.441406,-1.070313,0.480469,-1.464844,0.527344,0.685181,0.702271,0.139954,0.13324,up
439271,0.074219,10.363281,-1.070313,0.763672,-1.28125,0.630859,0.685181,0.702271,0.139954,0.13324,up
439276,0.113281,10.246094,-1.144531,0.763672,-1.28125,0.630859,0.682129,0.707825,0.130676,0.128723,up
439281,0.074219,10.171875,-1.183594,0.763672,-1.28125,0.630859,0.682129,0.707825,0.130676,0.128723,up
439286,0.152344,10.097656,-1.222656,1.277344,-1.238281,0.666016,0.68042,0.710327,0.127563,0.127197,up
439291,0.226562,10.136719,-1.222656,1.277344,-1.238281,0.666016,0.678467,0.713013,0.124634,0.125732,up
439297,0.304688,10.214844,-1.144531,1.277344,-1.238281,0.666016,0.673889,0.71875,0.119141,0.122925,up
439302,0.304688,10.28125,-1.144531,1.568359,-1.132813,0.712891,0.671021,0.722168,0.116211,0.12146,up
439307,0.226562,10.320313,-1.144531,1.589844,-1.085938,0.751953,0.668152,0.725403,0.113464,0.120178,up
439312,0.1875,10.359375,-1.222656,1.589844,-1.085938,0.751953,0.665649,0.72821,0.111084,0.119202,up
439317,-0.042969,10.476563,-1.261719,1.589844,-1.085938,0.751953,0.662537,0.731689,0.108032,0.118103,up
439322,-0.078125,10.441406,-1.222656,1.494141,-1.064453,0.902344,0.659668,0.734863,0.105042,0.117188,up
439327,0.074219,10.363281,-1.222656,1.494141,-1.064453,0.902344,0.657349,0.737427,0.102417,0.116516,up
439332,0.1875,10.175781,-1.300781,1.494141,-1.064453,0.902344,0.657349,0.737427,0.102417,0.116516,up
439337,0.265625,10.09375,-1.222656,1.191406,-1.039063,1.021484,0.654907,0.740173,0.099121,0.115845,up
439342,0.265625,10.09375,-1.222656,1.001953,-1.025391,1.089844,0.651062,0.744507,0.092468,0.115112,up
439347,0.496094,9.828125,-1.183594,1.001953,-1.025391,1.089844,0.649414,0.74646,0.088806,0.114929,up
439353,0.761719,9.445313,-1.222656,1.001953,-1.025391,1.089844,0.647949,0.748169,0.085327,0.114807,up
439358,0.839844,9.410156,-1.261719,0.701172,-0.9375,1.167969,0.646484,0.749817,0.081848,0.114807,up
439363,0.953125,9.332031,-1.300781,0.703125,-0.917969,1.164063,0.646484,0.749817,0.081848,0.114807,up
439369,1.03125,9.332031,-1.375,0.703125,-0.917969,1.164063,0.643494,0.753052,0.074951,0.114807,up
439375,1.183594,9.445313,-1.453125,0.771484,-0.828125,1.111328,0.643494,0.753052,0.074951,0.114807,up
439380,1.261719,9.515625,-1.566406,0.828125,-0.783203,1.080078,0.643494,0.753052,0.074951,0.114807,up
439386,1.492188,9.636719,-1.71875,0.867187,-0.742187,1.046875,0.643494,0.753052,0.074951,0.114807,up
439391,1.53125,9.753906,-1.835938,0.886719,-0.695312,1.019531,0.643494,0.753052,0.074951,0.114807,up
439396,1.644531,9.898438,-1.910156,0.875,-0.640625,0.988281,0.643494,0.753052,0.074951,0.114807,up
439401,1.644531,10.320313,-2.179688,0.84375,-0.572266,0.960937,0.643494,0.753052,0.074951,0.114807,up
439406,1.53125,10.515625,-2.292969,0.84375,-0.572266,0.960937,0.631042,0.765015,0.054932,0.116089,up
439411,1.453125,10.632813,-2.449219,0.703125,-0.445312,0.927734,0.631042,0.765015,0.054932,0.116089,up
439417,1.339844,10.746094,-2.601563,0.589844,-0.371094,0.898437,0.626648,0.76886,0.048279,0.117798,up
439422,0.953125,10.632813,-2.679688,0.589844,-0.371094,0.898437,0.62561,0.769653,0.046265,0.118591,up
439427,0.839844,10.554688,-2.679688,0.238281,-0.28125,0.892578,0.62561,0.769653,0.046265,0.118591,up
439432,0.878906,10.402344,-2.601563,0.238281,-0.28125,0.892578,0.624207,0.770813,0.042175,0.120178,up
439437,1.183594,10.019531,-2.179688,0.238281,-0.28125,0.892578,0.623779,0.771118,0.039734,0.121155,up
439442,1.375,9.859375,-1.988281,0.238281,-0.28125,0.892578,0.623474,0.771301,0.037598,0.122131,up
439447,1.453125,9.828125,-1.949219,-0.130859,-0.125,1.083984,0.623474,0.771301,0.037598,0.122131,up
439452,1.453125,9.789063,-1.949219,-0.130859,-0.125,1.083984,0.623352,0.771179,0.032959,0.125061,up
439457,1.414063,9.597656,-1.835938,-0.130859,-0.125,1.083984,0.623535,0.770813,0.03064,0.126953,up
439462,1.300781,9.515625,-1.683594,-0.439453,0.09375,1.164063,0.623535,0.770813,0.03064,0.126953,up
439467,1.183594,9.554688,-1.527344,-0.439453,0.09375,1.164063,0.624512,0.76947,0.026001,0.131165,up
439472,0.992187,9.554688,-1.375,-0.599609,0.214844,1.111328,0.624512,0.76947,0.026001,0.131165,up
439477,0.761719,9.449219,-1.300781,-0.599609,0.214844,1.111328,0.625183,0.768616,0.023987,0.133301,up
439482,0.6875,9.371094,-1.261719,-0.65625,0.246094,1.066406,0.625977,0.7677,0.022217,0.135315,up
439487,0.6875,9.371094,-1.261719,-0.695312,0.238281,0.996094,0.62793,0.765442,0.018616,0.139465,up
439492,0.609375,9.328125,-1.070313,-0.75,0.21875,0.847656,0.62793,0.765442,0.018616,0.139465,up
439497,0.378906,9.25,-0.914062,-0.75,0.21875,0.847656,0.630249,0.762939,0.015442,0.143188,up
439502,0.496094,9.289063,-0.953125,-0.779297,0.236328,0.666016,0.630249,0.762939,0.015442,0.143188,up
439507,0.496094,9.25,-0.914062,-0.78125,0.234375,0.582031,0.631409,0.761658,0.014221,0.144775,up
439512,0.6875,9.253906,-0.6875,-0.78125,0.234375,0.582031,0.63269,0.760376,0.013123,0.14624,up
439517,0.761719,9.175781,-0.648437,-0.779297,0.322266,0.429687,0.63385,0.759155,0.012268,0.147461,up
439522,0.761719,9.136719,-0.570312,-0.779297,0.322266,0.429687,0.635315,0.757629,0.011475,0.148987,up
439527,0.917969,9.136719,-0.496094,-0.724609,0.429687,0.316406,0.636597,0.756348,0.010986,0.15033,up
439533,0.917969,9.027344,-0.457031,-0.724609,0.429687,0.316406,0.638916,0.753845,0.010681,0.152832,up
439538,1.070313,8.832031,-0.417969,-0.605469,0.517578,0.216797,0.640137,0.752502,0.010803,0.154358,up
439543,1.144531,8.75,-0.339844,-0.513672,0.5625,0.181641,0.641113,0.751404,0.011108,0.155701,up
439549,1.414063,8.5625,-0.265625,-0.513672,0.5625,0.181641,0.641785,0.750549,0.011475,0.156921,up
439554,1.339844,8.523438,-0.265625,-0.308594,0.642578,0.134766,0.642334,0.749756,0.012085,0.158325,up
439560,1.375,8.523438,-0.226562,-0.236328,0.673828,0.109375,0.642334,0.749756,0.012085,0.158325,up
439565,1.339844,8.566406,-0.265625,-0.179687,0.677734,0.082031,0.642334,0.749756,0.012085,0.158325,up
439570,1.300781,8.601563,-0.304688,-0.15625,0.685547,0.078125,0.642334,0.749756,0.012085,0.158325,up
439576,1.261719,8.605469,-0.265625,-0.125,0.669922,0.054687,0.642334,0.749756,0.012085,0.158325,up
439581,1.183594,8.675781,-0.226562,-0.123047,0.626953,0.044922,0.642334,0.749756,0.012085,0.158325,up
439586,1.183594,8.671875,-0.304688,-0.123047,0.626953,0.044922,0.643921,0.746521,0.017273,0.166565,up
439592,1.183594,8.714844,-0.265625,-0.166016,0.564453,0.041016,0.643921,0.746521,0.017273,0.166565,up
439597,1.261719,8.714844,-0.226562,-0.285156,0.476562,0.042969,0.643921,0.746521,0.017273,0.166565,up
439602,1.339844,8.832031,-0.1875,-0.285156,0.476562,0.042969,0.645447,0.744202,0.019958,0.170776,up
439607,1.375,8.828125,-0.226562,-0.427734,0.439453,0.019531,0.645447,0.744202,0.019958,0.170776,up
439612,1.375,8.832031,-0.265625,-0.427734,0.439453,0.019531,0.646973,0.742432,0.020935,0.172546,up
439617,1.53125,8.867188,-0.226562,-0.605469,0.388672,-0.005859,0.646973,0.742432,0.020935,0.172546,up
439622,1.53125,8.867188,-0.226562,-0.605469,0.388672,-0.005859,0.64917,0.740173,0.02179,0.174072,up
439627,1.566406,8.789063,-0.148437,-0.605469,0.388672,-0.005859,0.64917,0.740173,0.02179,0.174072,up
439632,1.644531,8.792969,-0.148437,-0.769531,0.373047,-0.048828,0.64917,0.740173,0.02179,0.174072,up
439637,1.796875,8.710938,-0.109375,-0.826172,0.376953,-0.068359,0.64917,0.740173,0.02179,0.174072,up
439642,1.796875,8.640625,-0.074219,-0.826172,0.376953,-0.068359,0.653564,0.735718,0.022888,0.176025,up
439647,1.875,8.5625,0.082031,-0.970703,0.384766,-0.128906,0.653564,0.735718,0.022888,0.176025,up
439652,2.027344,8.523438,0.15625,-0.970703,0.384766,-0.128906,0.657104,0.7323,0.023743,0.177246,up
439658,2.21875,8.445313,0.195312,-0.970703,0.384766,-0.128906,0.660645,0.728821,0.024719,0.178284,up
439663,2.296875,8.410156,0.308594,-0.947266,0.400391,-0.205078,0.662598,0.726868,0.025391,0.178772,up
439668,2.371094,8.410156,0.386719,-0.947266,0.400391,-0.205078,0.664124,0.725342,0.026001,0.179199,up
439673,2.449219,8.449219,0.464844,-0.841797,0.392578,-0.257813,0.665955,0.723572,0.026733,0.179626,up
439679,2.527344,8.605469,0.578125,-0.841797,0.392578,-0.257813,0.667358,0.722168,0.027466,0.179871,up
439684,2.5625,8.710938,0.578125,-0.71875,0.353516,-0.296875,0.667358,0.722168,0.027466,0.179871,up
439690,2.5625,8.828125,0.617187,-0.654297,0.328125,-0.316406,0.667358,0.722168,0.027466,0.179871,up
439695,2.410156,9.175781,0.65625,-0.654297,0.328125,-0.316406,0.671387,0.718201,0.029907,0.180359,up
439700,2.410156,9.292969,0.691406,-0.544922,0.248047,-0.367188,0.671387,0.718201,0.029907,0.180359,up
439705,2.410156,9.367188,0.65625,-0.507812,0.191406,-0.388672,0.671387,0.718201,0.029907,0.180359,up
439710,2.332031,9.476563,0.65625,-0.498047,0.125,-0.404297,0.671387,0.718201,0.029907,0.180359,up
439715,2.296875,9.597656,0.578125,-0.498047,0.125,-0.404297,0.675781,0.714233,0.033081,0.17926,up
439721,2.296875,9.597656,0.578125,-0.492187,-0.003906,-0.408203,0.67688,0.713318,0.03363,0.17865,up
439726,2.296875,9.792969,0.539062,-0.492187,-0.003906,-0.408203,0.677917,0.712463,0.034058,0.177979,up
439731,2.332031,9.976563,0.539062,-0.492187,-0.003906,-0.408203,0.679016,0.711609,0.034363,0.177124,up
439737,2.449219,10.058594,0.464844,-0.492187,-0.003906,-0.408203,0.679016,0.711609,0.034363,0.177124,up
439742,2.488281,10.058594,0.425781,-0.486328,-0.228516,-0.404297,0.68219,0.70929,0.034851,0.174133,up
439747,2.601563,10.019531,0.273438,-0.486328,-0.228516,-0.404297,0.68219,0.70929,0.034851,0.174133,up
439752,2.640625,9.976563,0.195312,-0.486328,-0.228516,-0.404297,0.683228,0.708618,0.034912,0.172974,up
439757,2.71875,9.980469,0.082031,-0.304688,-0.34375,-0.40625,0.683228,0.708618,0.034912,0.172974,up
439762,2.753906,10.097656,0.003906,-0.304688,-0.34375,-0.40625,0.684998,0.70752,0.034912,0.17041,up
439767,2.792969,10.136719,-0.148437,-0.304688,-0.34375,-0.40625,0.685669,0.707153,0.034912,0.169067,up
439772,2.753906,10.246094,-0.226562,-0.107422,-0.373047,-0.392578,0.685669,0.707153,0.034912,0.169067,up
439778,2.753906,10.363281,-0.339844,-0.011719,-0.388672,-0.386719,0.686523,0.707214,0.034973,0.165039,up
439784,2.753906,10.742188,-0.648437,-0.011719,-0.388672,-0.386719,0.686523,0.70752,0.034973,0.163879,up
439789,2.679688,10.941406,-0.722656,0.25,-0.421875,-0.328125,0.686523,0.70752,0.034973,0.163879,up
439794,2.679688,11.046875,-0.800781,0.306641,-0.435547,-0.302734,0.685974,0.708679,0.034912,0.161255,up
439799,2.640625,11.207031,-0.914062,0.306641,-0.435547,-0.302734,0.685486,0.709473,0.03479,0.15979,up
439804,2.5625,11.398438,-0.953125,0.306641,-0.435547,-0.302734,0.685486,0.709473,0.03479,0.15979,up
439809,2.527344,11.433594,-0.953125,0.277344,-0.4375,-0.205078,0.685486,0.709473,0.03479,0.15979,up
439814,2.449219,11.402344,-1.03125,0.195312,-0.427734,-0.175781,0.685486,0.709473,0.03479,0.15979,up
439820,2.410156,11.320313,-1.105469,0.195312,-0.427734,-0.175781,0.684204,0.711731,0.033813,0.155396,up
439825,2.410156,11.246094,-1.070313,0.0,-0.398438,-0.121094,0.684204,0.711731,0.033813,0.155396,up
439831,2.410156,11.125,-1.03125,-0.085937,-0.380859,-0.080078,0.684204,0.711731,0.033813,0.155396,up
439836,2.332031,10.941406,-1.03125,-0.15625,-0.349609,-0.044922,0.684204,0.711731,0.033813,0.155396,up
439841,2.371094,10.78125,-0.992187,-0.201172,-0.314453,-0.017578,0.684204,0.711731,0.033813,0.155396,up
439847,2.332031,10.664063,-0.953125,-0.230469,-0.294922,0.009766,0.684204,0.711731,0.033813,0.155396,up
439852,2.332031,10.554688,-0.914062,-0.226562,-0.242187,0.066406,0.684204,0.711731,0.033813,0.155396,up
439857,2.296875,10.359375,-0.839844,-0.226562,-0.242187,0.066406,0.686218,0.710937,0.029968,0.15094,up
439862,2.296875,10.28125,-0.878906,-0.226562,-0.242187,0.066406,0.686584,0.710693,0.029297,0.150696,up
439868,2.21875,10.175781,-0.839844,-0.091797,-0.207031,0.126953,0.686584,0.710693,0.029297,0.150696,up
439873,2.257813,10.097656,-0.800781,-0.091797,-0.207031,0.126953,0.687134,0.710327,0.027466,0.150208,up
439879,2.296875,9.898438,-0.722656,-0.091797,-0.207031,0.126953,0.687073,0.710388,0.026917,0.150085,up
439884,2.257813,9.859375,-0.648437,0.058594,-0.21875,0.164062,0.687073,0.710388,0.026917,0.150085,up
439889,2.257813,9.792969,-0.609375,0.083984,-0.21875,0.169922,0.687073,0.710388,0.026917,0.150085,up
439894,2.257813,9.714844,-0.609375,0.083984,-0.21875,0.169922,0.686584,0.710999,0.024963,0.149841,up
439900,2.179688,9.675781,-0.53125,0.083984,-0.21875,0.169922,0.68634,0.711243,0.024353,0.14978,up
439905,2.140625,9.59375,-0.53125,0.082031,-0.171875,0.205078,0.686096,0.711487,0.023743,0.149841,up
439910,2.105469,9.597656,-0.570312,0.082031,-0.171875,0.205078,0.685913,0.711731,0.02301,0.149902,up
439915,2.105469,9.597656,-0.496094,0.082031,-0.171875,0.205078,0.685669,0.711914,0.0224,0.149963,up
439920,2.105469,9.636719,-0.496094,0.064453,-0.160156,0.246094,0.685669,0.711914,0.0224,0.149963,up
439925,2.140625,9.636719,-0.457031,0.054687,-0.148437,0.251953,0.685669,0.711914,0.0224,0.149963,up
439930,2.179688,9.636719,-0.496094,0.054687,-0.148437,0.251953,0.685669,0.711914,0.0224,0.149963,up
439935,2.179688,9.636719,-0.417969,0.078125,-0.115234,0.248047,0.685669,0.711914,0.0224,0.149963,up
439940,2.140625,9.597656,-0.457031,0.09375,-0.089844,0.234375,0.685669,0.711914,0.0224,0.149963,up
439945,1.988281,9.632813,-0.457031,0.09375,-0.089844,0.234375,0.685669,0.711914,0.0224,0.149963,up
439951,1.988281,9.675781,-0.457031,0.09375,-0.089844,0.234375,0.684143,0.713257,0.018188,0.151428,up
439957,1.949219,9.714844,-0.417969,0.044922,-0.072266,0.220703,0.684143,0.713257,0.018188,0.151428,up
439963,1.914063,9.792969,-0.304688,-0.001953,-0.080078,0.210937,0.684143,0.713257,0.018188,0.151428,up
439968,1.875,9.789063,-0.339844,-0.089844,-0.078125,0.220703,0.683777,0.71344,0.016724,0.152161,up
439973,1.835938,9.792969,-0.265625,-0.089844,-0.078125,0.220703,0.683899,0.713257,0.015625,0.152588,up
439978,1.835938,9.832031,-0.265625,-0.144531,-0.078125,0.214844,0.683899,0.713257,0.015625,0.152588,up
439983,1.875,9.789063,-0.1875,-0.144531,-0.078125,0.214844,0.684265,0.71283,0.014526,0.153137,up
439988,1.835938,9.710938,-0.1875,-0.144531,-0.078125,0.214844,0.684265,0.71283,0.014526,0.153137,up
439993,1.835938,9.675781,-0.226562,-0.175781,-0.052734,0.208984,0.684265,0.71283,0.014526,0.153137,up
439998,1.875,9.59375,-0.1875,-0.177734,-0.046875,0.191406,0.684265,0.71283,0.014526,0.153137,up
440003,1.875,9.554688,-0.109375,-0.160156,-0.033203,0.146484,0.684937,0.712036,0.013,0.153931,up
440008,1.914063,9.554688,-0.109375,-0.160156,-0.033203,0.146484,0.685242,0.711731,0.012573,0.154175,up
440013,1.914063,9.554688,-0.074219,-0.160156,-0.033203,0.146484,0.685425,0.711487,0.012268,0.154358,up
440018,1.875,9.671875,-0.074219,-0.083984,0.0,0.097656,0.685425,0.711487,0.012268,0.154358,up
440023,1.835938,9.710938,-0.035156,-0.083984,0.0,0.097656,0.685608,0.711182,0.01178,0.154846,up
440028,1.835938,9.792969,0.003906,-0.083984,0.0,0.097656,0.685608,0.711182,0.01178,0.154846,up
440033,1.835938,9.898438,0.082031,0.097656,0.015625,0.019531,0.685608,0.711182,0.01178,0.154846,up
440038,1.796875,10.175781,0.003906,0.097656,0.015625,0.019531,0.685181,0.711548,0.011841,0.155029,up
440043,1.796875,10.246094,0.003906,0.097656,0.015625,0.019531,0.685181,0.711548,0.011841,0.155029,up
440048,1.757813,10.359375,0.003906,0.105469,-0.003906,-0.007813,0.685181,0.711548,0.011841,0.155029,up
440053,1.757813,10.398438,0.042969,0.105469,-0.003906,-0.007813,0.68457,0.712158,0.011963,0.155029,up
440058,1.722656,10.519531,0.042969,0.105469,-0.003906,-0.007813,0.684448,0.71228,0.012024,0.155029,up
440063,1.644531,10.664063,0.003906,0.105469,-0.003906,-0.007813,0.684448,0.71228,0.012024,0.155029,up
440068,1.566406,10.707031,0.003906,-0.025391,0.0,0.0,0.684448,0.71228,0.012024,0.155029,up
440073,1.53125,10.742188,0.082031,-0.025391,0.0,0.0,0.684448,0.71228,0.012085,0.155029,up
440078,1.492188,10.78125,0.082031,-0.025391,0.0,0.0,0.684631,0.712097,0.012024,0.15509,up
440083,1.453125,10.707031,0.117188,-0.025391,0.0,0.0,0.684631,0.712097,0.012024,0.15509,up
440088,1.414063,10.667969,0.117188,-0.271484,0.041016,0.078125,0.684631,0.712097,0.012024,0.15509,up
440093,1.453125,10.515625,0.195312,-0.300781,0.035156,0.109375,0.685303,0.711365,0.01178,0.155457,up
440098,1.453125,10.402344,0.234375,-0.300781,0.035156,0.109375,0.686279,0.710327,0.011353,0.156006,up
440103,1.53125,10.246094,0.273438,-0.300781,0.035156,0.109375,0.686279,0.710327,0.011353,0.156006,up
440108,1.566406,10.015625,0.308594,-0.341797,0.050781,0.148437,0.686279,0.710327,0.011353,0.156006,up
440113,1.644531,9.863281,0.308594,-0.341797,0.050781,0.148437,0.687866,0.708557,0.010498,0.157104,up
440118,1.605469,9.792969,0.308594,-0.341797,0.050781,0.148437,0.687866,0.708557,0.010498,0.157104,up
440123,1.796875,9.636719,0.273438,-0.220703,0.072266,0.142578,0.687866,0.708557,0.010498,0.157104,up
440129,1.796875,9.367188,0.386719,-0.220703,0.072266,0.142578,0.688965,0.707214,0.009888,0.158264,up
440134,1.757813,9.445313,0.347656,-0.126953,0.089844,0.142578,0.689148,0.70697,0.009766,0.158691,up
440139,1.796875,9.292969,0.273438,-0.101563,0.076172,0.140625,0.68927,0.706726,0.009583,0.159119,up
440144,1.796875,9.292969,0.425781,-0.101563,0.076172,0.140625,0.689392,0.706543,0.009399,0.159485,up
440149,1.835938,9.25,0.425781,-0.101563,0.076172,0.140625,0.689514,0.70636,0.009277,0.15979,up
440154,1.796875,9.214844,0.425781,-0.09375,0.080078,0.097656,0.689514,0.70636,0.009277,0.15979,up
440159,1.796875,9.214844,0.425781,-0.083984,0.070312,0.070312,0.689758,0.705994,0.009155,0.1604,up
440165,1.796875,9.132813,0.386719,-0.083984,0.070312,0.070312,0.689819,0.705872,0.009094,0.160583,up
440170,1.796875,9.136719,0.425781,-0.066406,0.019531,0.025391,0.689941,0.70575,0.009094,0.160767,up
440175,1.796875,9.097656,0.425781,-0.074219,-0.005859,0.009766,0.690063,0.705627,0.009033,0.160767,up
440180,1.796875,9.09375,0.386719,-0.074219,-0.005859,0.009766,0.690247,0.705444,0.008972,0.160767,up
440186,1.796875,9.054688,0.425781,-0.074219,-0.005859,0.009766,0.690247,0.705444,0.008972,0.160767,up
440191,1.796875,9.058594,0.464844,-0.160156,-0.070312,-0.046875,0.690247,0.705444,0.008972,0.160767,up
440196,1.796875,9.058594,0.347656,-0.173828,-0.078125,-0.060547,0.690247,0.705444,0.008972,0.160767,up
440202,1.796875,9.054688,0.273438,-0.173828,-0.078125,-0.060547,0.691345,0.704529,0.008667,0.160034,up
440207,1.796875,9.136719,0.234375,-0.185547,-0.101563,-0.089844,0.691345,0.704529,0.008667,0.160034,up
440212,1.796875,9.171875,0.234375,-0.175781,-0.123047,-0.105469,0.691345,0.704529,0.008667,0.160034,up
440217,1.835938,9.292969,0.195312,-0.162109,-0.121094,-0.125,0.691345,0.704529,0.008667,0.160034,up
440222,1.835938,9.367188,0.15625,-0.126953,-0.113281,-0.134766,0.691345,0.704529,0.008667,0.160034,up
440227,1.796875,9.445313,0.15625,-0.082031,-0.105469,-0.152344,0.691345,0.704529,0.008667,0.160034,up
440232,1.796875,9.480469,0.117188,-0.056641,-0.101563,-0.164062,0.691345,0.704529,0.008667,0.160034,up
440238,1.796875,9.554688,0.117188,-0.056641,-0.101563,-0.164062,0.693359,0.703308,0.008789,0.156799,up
440243,1.796875,9.554688,0.117188,-0.056641,-0.101563,-0.164062,0.693359,0.703308,0.008789,0.156799,up
440248,1.796875,9.558594,0.082031,0.060547,-0.060547,-0.171875,0.693359,0.703308,0.008789,0.156799,up
440253,1.796875,9.554688,0.117188,0.060547,-0.060547,-0.171875,0.693359,0.70343,0.009216,0.155945,up
440258,1.835938,9.636719,0.003906,0.060547,-0.060547,-0.171875,0.693298,0.703613,0.00946,0.155579,up
440263,1.835938,9.632813,-0.035156,0.060547,-0.060547,-0.171875,0.693176,0.703796,0.009766,0.155151,up
440269,1.875,9.636719,-0.109375,0.117188,-0.029297,-0.160156,0.693176,0.703796,0.009766,0.155151,up
440274,1.914063,9.636719,-0.109375,0.117188,-0.029297,-0.160156,0.692749,0.704407,0.01062,0.154297,up
440280,1.914063,9.710938,-0.1875,0.117188,-0.029297,-0.160156,0.692566,0.704651,0.010925,0.154053,up
440285,1.914063,9.710938,-0.1875,0.164062,0.005859,-0.148437,0.692566,0.704651,0.010925,0.154053,up
440290,1.914063,9.75,-0.1875,0.164062,0.005859,-0.148437,0.692078,0.7052,0.011597,0.153564,up
440296,1.875,9.863281,-0.226562,0.164062,0.005859,-0.148437,0.691833,0.705505,0.011963,0.15332,up
440302,1.914063,9.863281,-0.226562,0.160156,0.017578,-0.126953,0.691833,0.705505,0.011963,0.15332,up
440307,1.914063,9.976563,-0.1875,0.128906,0.019531,-0.125,0.691833,0.705505,0.011963,0.15332,up
440312,1.949219,10.054688,-0.226562,0.09375,0.03125,-0.126953,0.691223,0.706177,0.012939,0.152771,up
440317,1.949219,10.019531,-0.265625,0.048828,0.041016,-0.117188,0.691223,0.706177,0.012939,0.152771,up
440322,1.949219,10.054688,-0.226562,0.0,0.048828,-0.115234,0.691223,0.706177,0.012939,0.152771,up
440327,1.949219,10.058594,-0.074219,0.0,0.048828,-0.115234,0.691223,0.706238,0.013855,0.152466,up
440332,1.914063,10.019531,-0.035156,-0.070312,0.078125,-0.103516,0.691223,0.706238,0.013855,0.152466,up
440337,1.949219,9.9375,-0.074219,-0.089844,0.09375,-0.085937,0.691223,0.706238,0.013855,0.152466,up
440342,1.875,9.859375,-0.074219,-0.105469,0.109375,-0.078125,0.691223,0.706238,0.013855,0.152466,up
440347,1.914063,9.753906,0.042969,-0.105469,0.109375,-0.078125,0.691223,0.706238,0.013855,0.152466,up
440352,1.914063,9.671875,0.042969,-0.105469,0.109375,-0.078125,0.6922,0.705261,0.01532,0.152649,up
440357,1.949219,9.519531,0.082031,-0.132812,0.101563,-0.039063,0.6922,0.705261,0.01532,0.152649,up
440362,1.988281,9.449219,0.117188,-0.111328,0.09375,-0.041016,0.6922,0.705261,0.01532,0.152649,up
440367,2.140625,9.214844,0.117188,-0.111328,0.09375,-0.041016,0.6922,0.705261,0.01532,0.152649,up
440372,2.140625,9.175781,0.082031,-0.111328,0.09375,-0.041016,0.692871,0.704407,0.016174,0.153076,up
440378,2.179688,9.171875,-0.035156,0.046875,0.111328,-0.029297,0.692871,0.704407,0.016174,0.153076,up
440384,2.257813,9.214844,-0.074219,0.136719,0.117188,-0.058594,0.692871,0.704407,0.016174,0.153076,up
440389,2.257813,9.292969,-0.109375,0.136719,0.117188,-0.058594,0.692566,0.704651,0.01709,0.153503,up
440394,2.257813,9.371094,-0.109375,0.175781,0.083984,-0.082031,0.692566,0.704651,0.01709,0.153503,up
440399,2.21875,9.597656,-0.109375,0.175781,0.083984,-0.082031,0.691711,0.705383,0.018188,0.153625,up
440404,2.179688,9.753906,-0.1875,0.1875,0.076172,-0.105469,0.691711,0.705383,0.018188,0.153625,up
440409,2.140625,9.898438,-0.226562,0.1875,0.076172,-0.105469,0.691406,0.705688,0.018616,0.153564,up
440414,2.105469,10.015625,-0.226562,0.132812,0.042969,-0.142578,0.691406,0.705688,0.018616,0.153564,up
440419,2.066406,10.210938,-0.148437,0.132812,0.042969,-0.142578,0.690735,0.706421,0.019714,0.153198,up
440424,2.027344,10.285156,-0.1875,0.025391,0.058594,-0.158203,0.690735,0.706421,0.019714,0.153198,up
440429,2.066406,10.324219,-0.1875,-0.044922,0.056641,-0.167969,0.690735,0.706482,0.020142,0.153015,up
440434,2.027344,10.398438,-0.148437,-0.044922,0.056641,-0.167969,0.690979,0.706299,0.020935,0.152649,up
440439,1.988281,10.398438,-0.074219,-0.044922,0.056641,-0.167969,0.691223,0.706055,0.02124,0.152527,up
440444,1.914063,10.4375,-0.035156,-0.044922,0.056641,-0.167969,0.691223,0.706055,0.02124,0.152527,up
440449,1.835938,10.363281,-0.035156,-0.224609,0.105469,-0.105469,0.691223,0.706055,0.02124,0.152527,up
440454,1.796875,10.246094,-0.074219,-0.224609,0.105469,-0.105469,0.691956,0.705322,0.021912,0.152466,up
440459,1.796875,10.285156,0.003906,-0.255859,0.095703,-0.082031,0.692932,0.704346,0.0224,0.152588,up
440464,1.835938,10.324219,0.003906,-0.265625,0.121094,-0.044922,0.692932,0.704346,0.0224,0.152588,up
440469,1.796875,10.246094,0.042969,-0.25,0.130859,-0.046875,0.69342,0.703796,0.022583,0.15271,up
440474,1.796875,10.175781,0.003906,-0.25,0.130859,-0.046875,0.694275,0.702881,0.02301,0.153015,up
440479,1.796875,10.132813,0.003906,-0.25,0.130859,-0.046875,0.694275,0.702881,0.02301,0.153015,up
440484,1.796875,10.09375,0.042969,-0.123047,0.113281,-0.070312,0.694275,0.702881,0.02301,0.153015,up
440490,1.796875,10.058594,0.042969,-0.123047,0.113281,-0.070312,0.695129,0.701904,0.023804,0.153381,up
440495,1.796875,10.058594,0.082031,-0.037109,0.117188,-0.09375,0.695251,0.701782,0.02417,0.153442,up
440501,1.757813,10.136719,0.042969,-0.037109,0.117188,-0.09375,0.695312,0.701721,0.024536,0.153503,up
440507,1.757813,10.171875,0.042969,0.005859,0.136719,-0.101563,0.695312,0.701721,0.024536,0.153503,up
440512,1.796875,10.210938,0.003906,0.0,0.132812,-0.099609,0.695312,0.701721,0.024536,0.153503,up
440518,1.796875,10.242188,-0.035156,-0.021484,0.142578,-0.087891,0.695312,0.701721,0.024536,0.153503,up
440524,1.796875,10.210938,0.042969,-0.025391,0.146484,-0.085937,0.695312,0.701721,0.024536,0.153503,up
440529,1.796875,10.210938,0.042969,-0.054687,0.158203,-0.066406,0.695557,0.701294,0.02655,0.153931,up
440534,1.796875,10.210938,0.042969,-0.054687,0.158203,-0.066406,0.69574,0.700989,0.027344,0.154297,up
440539,1.796875,10.175781,0.003906,-0.0625,0.162109,-0.050781,0.69574,0.700989,0.027344,0.154297,up
440545,1.757813,10.097656,0.003906,-0.0625,0.162109,-0.050781,0.695984,0.700623,0.028015,0.154724,up
440550,1.757813,10.097656,0.082031,-0.080078,0.148437,-0.035156,0.696106,0.700439,0.02832,0.154907,up
440556,1.796875,10.058594,0.042969,-0.080078,0.148437,-0.035156,0.696228,0.700256,0.028625,0.155151,up
440561,1.796875,10.019531,0.003906,-0.080078,0.148437,-0.035156,0.696411,0.700073,0.02887,0.155334,up
440566,1.796875,9.9375,0.042969,-0.080078,0.148437,-0.035156,0.696472,0.69989,0.029114,0.155579,up
440573,1.796875,9.941406,-0.035156,-0.072266,0.130859,0.007813,0.696472,0.69989,0.029114,0.155579,up
440578,1.796875,9.902344,-0.109375,-0.087891,0.121094,0.025391,0.696472,0.69989,0.029114,0.155579,up
440584,1.835938,9.902344,-0.035156,-0.148437,0.121094,0.027344,0.696472,0.69989,0.029114,0.155579,up
440589,1.875,9.789063,-0.035156,-0.148437,0.121094,0.027344,0.697083,0.699036,0.029724,0.156616,up
440594,1.835938,9.792969,-0.074219,-0.166016,0.132812,0.025391,0.697083,0.699036,0.029724,0.156616,up
440600,1.835938,9.714844,-0.074219,-0.166016,0.132812,0.025391,0.697876,0.698059,0.03009,0.157532,up
440605,1.835938,9.714844,-0.109375,-0.152344,0.138672,0.007813,0.69812,0.697693,0.030273,0.157837,up
440610,1.875,9.671875,-0.074219,-0.160156,0.152344,-0.005859,0.698425,0.697327,0.030518,0.158142,up
440615,1.875,9.636719,-0.074219,-0.160156,0.152344,-0.005859,0.698669,0.697021,0.030701,0.158325,up
440620,1.875,9.671875,-0.074219,-0.160156,0.152344,-0.005859,0.698975,0.696655,0.030945,0.158691,up
440626,1.914063,9.675781,-0.035156,-0.160156,0.152344,-0.005859,0.699219,0.69635,0.031128,0.158936,up
440631,1.835938,9.671875,0.003906,-0.130859,0.173828,0.0,0.699219,0.69635,0.031128,0.158936,up
440637,1.875,9.789063,-0.035156,-0.130859,0.173828,0.0,0.699646,0.69574,0.031677,0.159546,up
440643,1.835938,9.832031,-0.074219,-0.091797,0.195312,-0.005859,0.699646,0.69574,0.031677,0.159546,up
440649,1.835938,9.863281,-0.035156,-0.064453,0.207031,0.001953,0.699646,0.69574,0.031677,0.159546,up
440654,1.835938,9.980469,-0.074219,-0.064453,0.207031,0.001953,0.700012,0.695068,0.032654,0.160645,up
440660,1.796875,10.019531,-0.074219,-0.017578,0.199219,0.005859,0.700012,0.695068,0.032654,0.160645,up
440665,1.796875,10.054688,-0.035156,-0.017578,0.199219,0.005859,0.700134,0.694641,0.033691,0.161804,up
440670,1.835938,10.097656,-0.074219,-0.017578,0.199219,0.005859,0.700073,0.69458,0.034058,0.16217,up
440675,1.757813,10.171875,-0.109375,0.025391,0.224609,0.013672,0.700012,0.694519,0.034485,0.162659,up
440680,1.796875,10.210938,-0.074219,0.025391,0.224609,0.013672,0.699951,0.694458,0.03479,0.163025,up
440685,1.796875,10.210938,-0.148437,0.050781,0.234375,0.025391,0.699951,0.694458,0.03479,0.163025,up
440691,1.796875,10.175781,-0.148437,0.050781,0.234375,0.025391,0.699707,0.694458,0.035645,0.16394,up
440696,1.796875,10.097656,-0.226562,0.048828,0.279297,0.037109,0.699585,0.694458,0.036072,0.16449,up
440701,1.796875,10.054688,-0.1875,0.0625,0.296875,0.041016,0.699585,0.694458,0.036072,0.16449,up
440706,1.796875,10.019531,-0.109375,0.0625,0.296875,0.041016,0.69928,0.694397,0.036987,0.165649,up
440712,1.796875,9.902344,-0.074219,0.0625,0.296875,0.041016,0.699097,0.694397,0.037537,0.16626,up
440717,1.796875,9.898438,-0.035156,0.115234,0.341797,0.068359,0.698853,0.694458,0.038025,0.166992,up
440722,1.796875,9.792969,-0.035156,0.152344,0.355469,0.082031,0.698853,0.694458,0.038025,0.166992,up
440727,1.796875,9.753906,-0.035156,0.175781,0.375,0.082031,0.698853,0.694458,0.038025,0.166992,up
440733,1.835938,9.710938,-0.035156,0.208984,0.382813,0.085937,0.698853,0.694458,0.038025,0.166992,up
440738,1.835938,9.714844,-0.074219,0.261719,0.380859,0.085937,0.698853,0.694458,0.038025,0.166992,up
440744,1.875,9.675781,-0.1875,0.306641,0.392578,0.078125,0.698853,0.694458,0.038025,0.166992,up
440749,1.875,9.632813,-0.1875,0.330078,0.400391,0.072266,0.698853,0.694458,0.038025,0.166992,up
440754,1.875,9.753906,-0.265625,0.361328,0.386719,0.0625,0.698853,0.694458,0.038025,0.166992,up
440760,1.875,9.789063,-0.226562,0.363281,0.376953,0.048828,0.698853,0.694458,0.038025,0.166992,up
440765,1.875,9.792969,-0.265625,0.382813,0.353516,0.021484,0.69397,0.697266,0.043945,0.173889,up
440770,1.875,9.859375,-0.265625,0.382813,0.353516,0.021484,0.692505,0.698364,0.045532,0.175171,up
440775,1.875,9.859375,-0.265625,0.341797,0.363281,-0.013672,0.692505,0.698364,0.045532,0.175171,up
440780,1.835938,9.941406,-0.265625,0.341797,0.363281,-0.013672,0.691284,0.699158,0.047058,0.17627,up
440785,1.835938,9.980469,-0.265625,0.291016,0.337891,-0.017578,0.691284,0.699158,0.047058,0.17627,up
440790,1.796875,10.015625,-0.1875,0.291016,0.337891,-0.017578,0.690674,0.699585,0.047913,0.17688,up
440795,1.835938,10.054688,-0.109375,0.210937,0.328125,-0.005859,0.690674,0.699585,0.047913,0.17688,up
440800,1.796875,10.09375,-0.074219,0.210937,0.328125,-0.005859,0.689392,0.700317,0.049866,0.178406,up
440805,1.796875,10.136719,-0.035156,0.099609,0.322266,0.029297,0.689392,0.700317,0.049866,0.178406,up
440810,1.796875,10.132813,0.042969,0.099609,0.322266,0.029297,0.689087,0.700378,0.050537,0.179077,up
440815,1.796875,10.054688,0.117188,0.048828,0.330078,0.042969,0.689087,0.700378,0.050537,0.179077,up
440820,1.835938,10.019531,0.15625,0.001953,0.332031,0.0625,0.688721,0.700134,0.052002,0.18103,up
440825,1.835938,9.9375,0.273438,-0.058594,0.349609,0.064453,0.688721,0.700134,0.052002,0.18103,up
440830,1.875,9.832031,0.347656,-0.076172,0.347656,0.064453,0.688782,0.699829,0.052551,0.181824,up
440835,1.796875,9.789063,0.347656,-0.076172,0.347656,0.064453,0.688843,0.699341,0.053406,0.183228,up
440840,1.796875,9.828125,0.347656,-0.076172,0.347656,0.064453,0.688904,0.699036,0.053894,0.18396,up
440845,1.796875,9.832031,0.425781,-0.054687,0.355469,0.041016,0.688904,0.699036,0.053894,0.18396,up
440850,1.757813,9.828125,0.5,-0.054687,0.355469,0.041016,0.688965,0.698486,0.054932,0.185425,up
440855,1.757813,9.863281,0.539062,-0.054687,0.355469,0.041016,0.688965,0.698303,0.05542,0.186035,up
440860,1.757813,9.902344,0.617187,-0.050781,0.322266,0.029297,0.688965,0.698303,0.05542,0.186035,up
440865,1.757813,9.902344,0.617187,-0.041016,0.314453,0.027344,0.688965,0.698059,0.055969,0.186768,up
440870,1.796875,9.898438,0.65625,-0.041016,0.314453,0.027344,0.689026,0.697632,0.056885,0.187866,up
440875,1.757813,9.9375,0.617187,-0.041016,0.314453,0.027344,0.689026,0.697632,0.056885,0.187866,up
440880,1.722656,9.941406,0.65625,-0.023437,0.273438,0.001953,0.689026,0.697632,0.056885,0.187866,up
440886,1.757813,10.019531,0.65625,-0.023437,0.273438,0.001953,0.688965,0.697144,0.05835,0.189514,up
440892,1.757813,10.097656,0.730469,-0.023437,0.273438,0.001953,0.688965,0.69696,0.058716,0.18988,up
440897,1.757813,10.136719,0.691406,-0.046875,0.232422,-0.021484,0.689026,0.696777,0.059204,0.190308,up
440903,1.722656,10.210938,0.730469,-0.060547,0.224609,-0.03125,0.689026,0.696777,0.059204,0.190308,up
440908,1.644531,10.285156,0.808594,-0.060547,0.224609,-0.03125,0.689026,0.696777,0.059204,0.190308,up
440913,1.644531,10.28125,0.847656,-0.060547,0.224609,-0.03125,0.68927,0.696167,0.060364,0.191284,up
440918,1.605469,10.28125,0.808594,-0.064453,0.197266,-0.033203,0.68927,0.696167,0.060364,0.191284,up
440923,1.566406,10.285156,0.847656,-0.066406,0.189453,-0.027344,0.68927,0.696167,0.060364,0.191284,up
440929,1.53125,10.242188,0.921875,-0.066406,0.189453,-0.027344,0.68927,0.696167,0.060364,0.191284,up
440934,1.566406,10.175781,0.921875,-0.066406,0.189453,-0.027344,0.689697,0.695251,0.061829,0.192566,up
440939,1.492188,10.097656,0.921875,-0.066406,0.189453,-0.027344,0.689819,0.695068,0.062073,0.19281,up
440944,1.53125,10.058594,0.960937,-0.117188,0.160156,-0.003906,0.689819,0.695068,0.062073,0.19281,up
440949,1.566406,10.054688,1.0,-0.123047,0.142578,0.005859,0.689819,0.695068,0.062073,0.19281,up
440955,1.566406,9.980469,1.0,-0.128906,0.136719,0.007813,0.689819,0.695068,0.062073,0.19281,up
440960,1.605469,9.792969,1.0,-0.128906,0.136719,0.007813,0.690735,0.693665,0.063049,0.194214,up
440965,1.566406,9.753906,1.0,-0.107422,0.125,0.011719,0.690735,0.693665,0.063049,0.194214,up
440970,1.644531,9.75,1.0,-0.107422,0.125,0.011719,0.690918,0.69342,0.063232,0.194519,up
440975,1.683594,9.675781,0.960937,-0.070312,0.113281,0.013672,0.690918,0.69342,0.063232,0.194519,up
440980,1.722656,9.597656,1.0,-0.070312,0.113281,0.013672,0.691223,0.692871,0.06366,0.195251,up
440985,1.722656,9.597656,1.039063,-0.029297,0.103516,0.015625,0.691223,0.692871,0.06366,0.195251,up
440990,1.722656,9.554688,1.0,-0.029297,0.103516,0.015625,0.691284,0.692749,0.063782,0.195496,up
440995,1.722656,9.554688,0.960937,0.007813,0.087891,0.015625,0.691284,0.692749,0.063782,0.195496,up
441001,1.722656,9.554688,0.960937,0.029297,0.076172,0.011719,0.691223,0.692627,0.064087,0.195862,up
441006,1.722656,9.558594,0.921875,0.029297,0.076172,0.011719,0.691101,0.692627,0.064331,0.196228,up
441012,1.757813,9.558594,0.960937,0.029297,0.076172,0.011719,0.69104,0.692688,0.064453,0.196289,up
441017,1.722656,9.558594,0.921875,0.029297,0.076172,0.011719,0.690918,0.692688,0.064636,0.196411,up
441023,1.757813,9.554688,0.921875,0.03125,0.044922,-0.013672,0.690918,0.692688,0.064636,0.196411,up
441028,1.757813,9.59375,0.882812,0.017578,0.035156,-0.025391,0.690857,0.692749,0.06488,0.196472,up
441033,1.757813,9.554688,0.921875,0.017578,0.035156,-0.025391,0.690857,0.692749,0.065002,0.196533,up
441040,1.757813,9.554688,0.847656,-0.023437,0.019531,-0.035156,0.690857,0.692749,0.065002,0.196533,up
441045,1.757813,9.554688,0.847656,-0.054687,0.017578,-0.042969,0.69104,0.692505,0.065247,0.196472,up
441051,1.796875,9.554688,0.808594,-0.054687,0.017578,-0.042969,0.691223,0.692383,0.065308,0.19635,up
441056,1.757813,9.554688,0.847656,-0.054687,0.017578,-0.042969,0.691467,0.692139,0.065308,0.196289,up
441061,1.796875,9.554688,0.808594,-0.128906,-0.037109,-0.054687,0.691772,0.691895,0.065247,0.196167,up
441066,1.757813,9.59375,0.808594,-0.128906,-0.037109,-0.054687,0.692017,0.691711,0.065247,0.195984,up
441071,1.796875,9.597656,0.808594,-0.128906,-0.037109,-0.054687,0.692261,0.691467,0.065186,0.195801,up
441076,1.796875,9.597656,0.808594,-0.128906,-0.037109,-0.054687,0.692261,0.691467,0.065186,0.195801,up
441082,1.796875,9.59375,0.847656,-0.152344,-0.066406,-0.070312,0.692871,0.69104,0.065063,0.195435,up
441087,1.796875,9.554688,0.769531,-0.152344,-0.066406,-0.070312,0.692871,0.69104,0.065063,0.195435,up
441092,1.796875,9.597656,0.808594,-0.148437,-0.083984,-0.089844,0.692871,0.69104,0.065063,0.195435,up
441097,1.796875,9.554688,0.769531,-0.140625,-0.097656,-0.099609,0.693848,0.690308,0.06488,0.194641,up
441102,1.835938,9.59375,0.769531,-0.140625,-0.097656,-0.099609,0.694153,0.690063,0.064819,0.194275,up
441107,1.796875,9.675781,0.730469,-0.140625,-0.097656,-0.099609,0.694153,0.690063,0.064819,0.194275,up
441113,1.835938,9.753906,0.691406,-0.109375,-0.101563,-0.119141,0.694153,0.690063,0.064819,0.194275,up
441119,1.796875,9.792969,0.65625,-0.107422,-0.109375,-0.117188,0.694153,0.690063,0.064819,0.194275,up
441124,1.796875,9.859375,0.65625,-0.107422,-0.109375,-0.117188,0.694153,0.690063,0.064819,0.194275,up
441129,1.796875,9.859375,0.65625,-0.107422,-0.109375,-0.117188,0.695496,0.68927,0.064697,0.192444,up
441134,1.796875,9.898438,0.578125,-0.123047,-0.123047,-0.132812,0.695496,0.68927,0.064697,0.192444,up
441139,1.796875,9.941406,0.539062,-0.128906,-0.128906,-0.130859,0.695496,0.68927,0.064697,0.192444,up
441145,1.796875,9.941406,0.578125,-0.128906,-0.128906,-0.130859,0.69635,0.688721,0.064575,0.191223,up
441151,1.835938,9.9375,0.578125,-0.142578,-0.140625,-0.128906,0.69635,0.688721,0.064575,0.191223,up
441156,1.875,9.902344,0.539062,-0.142578,-0.140625,-0.128906,0.697388,0.68811,0.064392,0.18988,up
441162,1.835938,9.902344,0.539062,-0.167969,-0.140625,-0.128906,0.697693,0.687866,0.064331,0.189514,up
441167,1.875,9.898438,0.464844,-0.167969,-0.140625,-0.128906,0.698059,0.687622,0.064209,0.189026,up
441172,1.875,9.863281,0.539062,-0.167969,-0.146484,-0.125,0.698059,0.687622,0.064209,0.189026,up
441177,1.875,9.941406,0.464844,-0.167969,-0.146484,-0.125,0.698792,0.687134,0.063965,0.188171,up
441182,1.835938,9.9375,0.425781,-0.167969,-0.146484,-0.125,0.699158,0.68689,0.063843,0.187744,up
441188,1.835938,9.976563,0.425781,-0.158203,-0.150391,-0.126953,0.699158,0.68689,0.063843,0.187744,up
441194,1.835938,9.980469,0.464844,-0.140625,-0.15625,-0.123047,0.699158,0.68689,0.063843,0.187744,up
441199,1.796875,10.054688,0.425781,-0.140625,-0.15625,-0.123047,0.700195,0.686279,0.063477,0.186401,up
441204,1.835938,10.097656,0.386719,-0.119141,-0.166016,-0.117188,0.700195,0.686279,0.063477,0.186401,up
441209,1.796875,10.136719,0.425781,-0.113281,-0.166016,-0.115234,0.700195,0.686279,0.063477,0.186401,up
441215,1.796875,10.210938,0.347656,-0.123047,-0.164062,-0.117188,0.700195,0.686279,0.063477,0.186401,up
441220,1.796875,10.210938,0.347656,-0.138672,-0.167969,-0.113281,0.700195,0.686279,0.063477,0.186401,up
441226,1.796875,10.175781,0.347656,-0.15625,-0.183594,-0.111328,0.702087,0.685181,0.062561,0.183533,up
441231,1.796875,10.210938,0.347656,-0.15625,-0.183594,-0.111328,0.702454,0.684937,0.062378,0.183044,up
441236,1.796875,10.171875,0.308594,-0.195312,-0.164062,-0.115234,0.702454,0.684937,0.062378,0.183044,up
441241,1.796875,10.175781,0.347656,-0.195312,-0.164062,-0.115234,0.703308,0.684326,0.062012,0.18219,up
441246,1.796875,10.210938,0.347656,-0.195312,-0.164062,-0.115234,0.703735,0.684021,0.061829,0.181702,up
441251,1.796875,10.175781,0.347656,-0.195312,-0.164062,-0.115234,0.704224,0.683716,0.061646,0.181335,up
441256,1.796875,10.175781,0.347656,-0.195312,-0.164062,-0.115234,0.704651,0.68335,0.061462,0.180847,up
441261,1.796875,10.175781,0.347656,-0.201172,-0.162109,-0.119141,0.704651,0.68335,0.061462,0.180847,up
441266,1.796875,10.09375,0.386719,-0.201172,-0.162109,-0.119141,0.705139,0.682983,0.061279,0.180359,up
441271,1.796875,10.09375,0.386719,-0.171875,-0.154297,-0.119141,0.705933,0.682434,0.061035,0.179504,up
441276,1.796875,10.09375,0.386719,-0.171875,-0.154297,-0.119141,0.705933,0.682434,0.061035,0.179504,up
441281,1.796875,10.097656,0.308594,-0.138672,-0.148437,-0.09375,0.705933,0.682434,0.061035,0.179504,up
441287,1.796875,10.097656,0.308594,-0.140625,-0.148437,-0.080078,0.706848,0.681824,0.060547,0.178284,up
441292,1.796875,10.054688,0.425781,-0.128906,-0.138672,-0.0625,0.707214,0.68158,0.060364,0.177917,up
441297,1.796875,10.019531,0.386719,-0.128906,-0.138672,-0.0625,0.707397,0.681458,0.060181,0.177612,up
441302,1.796875,10.015625,0.425781,-0.128906,-0.138672,-0.0625,0.707642,0.681274,0.059998,0.177368,up
441307,1.796875,9.941406,0.425781,-0.128906,-0.138672,-0.0625,0.707642,0.681274,0.059998,0.177368,up
441313,1.757813,9.941406,0.464844,-0.091797,-0.109375,-0.025391,0.707642,0.681274,0.059998,0.177368,up
441318,1.757813,9.976563,0.425781,-0.076172,-0.09375,-0.019531,0.707642,0.681274,0.059998,0.177368,up
441323,1.757813,10.019531,0.425781,-0.076172,-0.09375,-0.019531,0.707642,0.681274,0.059998,0.177368,up
441329,1.757813,9.980469,0.386719,-0.064453,-0.095703,-0.015625,0.707642,0.681274,0.059998,0.177368,up
441334,1.757813,9.941406,0.464844,-0.050781,-0.089844,-0.005859,0.707642,0.681274,0.059998,0.177368,up
441339,1.757813,9.976563,0.425781,-0.033203,-0.083984,-0.015625,0.707642,0.681274,0.059998,0.177368,up
441344,1.722656,9.980469,0.425781,-0.033203,-0.083984,-0.015625,0.70874,0.680664,0.058655,0.175903,up
441349,1.683594,9.941406,0.386719,-0.017578,-0.082031,-0.011719,0.70874,0.680664,0.058655,0.175903,up
441354,1.722656,9.980469,0.425781,-0.017578,-0.082031,-0.007813,0.70874,0.680664,0.058655,0.175903,up
441359,1.722656,9.9375,0.386719,-0.017578,-0.082031,-0.007813,0.70874,0.680664,0.058655,0.175903,up
441364,1.722656,9.9375,0.386719,-0.017578,-0.082031,-0.007813,0.708984,0.680664,0.058105,0.175293,up
441369,1.757813,9.898438,0.464844,-0.03125,-0.072266,-0.009766,0.708984,0.680664,0.058105,0.175293,up
441374,1.757813,9.859375,0.464844,-0.035156,-0.066406,0.001953,0.708984,0.680664,0.058105,0.175293,up
441379,1.757813,9.828125,0.5,-0.035156,-0.066406,0.001953,0.708984,0.680664,0.058105,0.175293,up
441384,1.757813,9.832031,0.464844,-0.035156,-0.066406,0.001953,0.709229,0.680542,0.057678,0.174866,up
441389,1.722656,9.792969,0.5,-0.044922,-0.039063,-0.005859,0.709229,0.680542,0.057678,0.174866,up
441394,1.757813,9.789063,0.5,-0.046875,-0.033203,-0.027344,0.709229,0.680542,0.057678,0.174866,up
441399,1.757813,9.75,0.539062,-0.046875,-0.033203,-0.027344,0.709229,0.680542,0.057678,0.174866,up
441404,1.722656,9.753906,0.539062,-0.054687,-0.025391,-0.035156,0.709229,0.680542,0.057678,0.174866,up
441410,1.722656,9.753906,0.539062,-0.054687,-0.025391,-0.035156,0.709717,0.680176,0.057495,0.174438,up
441415,1.722656,9.714844,0.539062,-0.054687,-0.025391,-0.035156,0.709778,0.680054,0.057556,0.174316,up
441420,1.722656,9.753906,0.5,-0.054687,-0.025391,-0.035156,0.709839,0.680054,0.057556,0.174194,up
441425,1.683594,9.75,0.5,-0.019531,-0.023437,-0.042969,0.709839,0.680054,0.057556,0.174194,up
441430,1.644531,9.75,0.539062,-0.019531,-0.023437,-0.042969,0.709961,0.679993,0.057678,0.17395,up
441436,1.644531,9.75,0.539062,-0.015625,-0.021484,-0.041016,0.709961,0.679993,0.057678,0.17395,up
441441,1.644531,9.75,0.5,-0.015625,-0.021484,-0.041016,0.710083,0.679871,0.057739,0.173645,up
441446,1.644531,9.75,0.5,-0.015625,-0.021484,-0.041016,0.710083,0.679871,0.057739,0.173645,up
441451,1.683594,9.75,0.5,-0.007813,-0.013672,-0.039063,0.710083,0.679871,0.057739,0.173645,up
441456,1.683594,9.75,0.425781,-0.007813,-0.013672,-0.039063,0.710205,0.679871,0.057861,0.173462,up
441462,1.683594,9.75,0.5,-0.015625,-0.005859,-0.046875,0.710205,0.679871,0.057861,0.173462,up
441468,1.683594,9.789063,0.5,-0.015625,-0.005859,-0.046875,0.710327,0.679749,0.058105,0.173218,up
441473,1.644531,9.792969,0.464844,-0.009766,0.025391,-0.072266,0.710327,0.679749,0.058105,0.173218,up
441478,1.683594,9.792969,0.464844,-0.009766,0.029297,-0.074219,0.710388,0.679687,0.058472,0.173096,up
441484,1.644531,9.789063,0.5,-0.013672,0.041016,-0.082031,0.710388,0.679687,0.058472,0.173096,up
441490,1.683594,9.789063,0.539062,-0.013672,0.041016,-0.082031,0.710388,0.679687,0.058472,0.173096,up
441496,1.683594,9.789063,0.5,-0.03125,0.066406,-0.085937,0.710388,0.679687,0.058472,0.173096,up
441501,1.644531,9.789063,0.578125,-0.041016,0.056641,-0.091797,0.710388,0.679687,0.058472,0.173096,up
441506,1.605469,9.792969,0.578125,-0.048828,0.083984,-0.085937,0.710754,0.67926,0.05957,0.172791,up
441511,1.605469,9.832031,0.539062,-0.048828,0.083984,-0.085937,0.710876,0.679138,0.059875,0.172791,up
441516,1.605469,9.832031,0.617187,-0.048828,0.083984,-0.085937,0.710999,0.678955,0.060181,0.172791,up
441521,1.605469,9.902344,0.691406,-0.064453,0.066406,-0.085937,0.710999,0.678955,0.060181,0.172791,up
441526,1.566406,9.941406,0.65625,-0.064453,0.066406,-0.085937,0.711243,0.678711,0.060669,0.172729,up
441531,1.605469,9.980469,0.65625,-0.066406,0.054687,-0.101563,0.711243,0.678711,0.060669,0.172729,up
441536,1.683594,10.019531,0.65625,-0.066406,0.054687,-0.101563,0.711548,0.678345,0.061157,0.172668,up
441541,1.683594,10.054688,0.691406,-0.066406,0.054687,-0.101563,0.71167,0.678223,0.061401,0.172546,up
441546,1.722656,10.015625,0.65625,-0.058594,0.056641,-0.103516,0.711792,0.67804,0.061646,0.172485,up
441551,1.757813,10.054688,0.730469,-0.058594,0.056641,-0.103516,0.711975,0.677917,0.06189,0.172424,up
441556,1.757813,10.097656,0.691406,-0.072266,0.076172,-0.115234,0.712097,0.677734,0.062134,0.172363,up
441562,1.757813,10.171875,0.691406,-0.072266,0.076172,-0.115234,0.712402,0.677429,0.062744,0.172302,up
441567,1.722656,10.175781,0.691406,-0.105469,0.101563,-0.099609,0.712585,0.677185,0.063049,0.172302,up
441573,1.757813,10.214844,0.691406,-0.105469,0.101563,-0.099609,0.71283,0.67688,0.063416,0.172302,up
441578,1.722656,10.285156,0.691406,-0.105469,0.101563,-0.099609,0.713013,0.676636,0.06366,0.172363,up
441584,1.722656,10.359375,0.769531,-0.117188,0.125,-0.064453,0.713013,0.676636,0.06366,0.172363,up
441589,1.757813,10.363281,0.808594,-0.128906,0.126953,-0.054687,0.713379,0.676086,0.06427,0.172607,up
441594,1.757813,10.398438,0.730469,-0.128906,0.126953,-0.054687,0.713623,0.675842,0.064514,0.172791,up
441599,1.722656,10.4375,0.691406,-0.130859,0.130859,-0.035156,0.713623,0.675842,0.064514,0.172791,up
441604,1.757813,10.480469,0.691406,-0.123047,0.125,-0.019531,0.713623,0.675842,0.064514,0.172791,up
441610,1.757813,10.636719,0.691406,-0.132812,0.115234,-0.011719,0.713623,0.675842,0.064514,0.172791,up
441616,1.757813,10.742188,0.691406,-0.123047,0.113281,-0.001953,0.713623,0.675842,0.064514,0.172791,up
441621,1.757813,10.78125,0.691406,-0.130859,0.117188,0.023437,0.713623,0.675842,0.064514,0.172791,up
441626,1.757813,10.898438,0.691406,-0.130859,0.117188,0.023437,0.714844,0.674133,0.065674,0.174011,up
441631,1.757813,10.898438,0.691406,-0.175781,0.117188,0.064453,0.715027,0.673828,0.065796,0.174377,up
441636,1.757813,10.980469,0.691406,-0.175781,0.117188,0.064453,0.71521,0.673523,0.065857,0.174683,up
441641,1.757813,10.980469,0.691406,-0.251953,0.113281,0.107422,0.71521,0.673523,0.065857,0.174683,up
441646,1.757813,10.898438,0.730469,-0.251953,0.113281,0.107422,0.71582,0.672668,0.065796,0.175415,up
441651,1.796875,10.820313,0.730469,-0.251953,0.113281,0.107422,0.716248,0.672119,0.065674,0.175903,up
441657,1.796875,10.742188,0.769531,-0.322266,0.111328,0.132812,0.716248,0.672119,0.065674,0.175903,up
441662,1.835938,10.59375,0.808594,-0.353516,0.103516,0.158203,0.716248,0.672119,0.065674,0.175903,up
441668,1.914063,10.519531,0.882812,-0.353516,0.103516,0.158203,0.718201,0.669556,0.06488,0.177856,up
441673,1.988281,10.441406,0.921875,-0.392578,0.095703,0.164062,0.718201,0.669556,0.06488,0.177856,up
441678,2.066406,10.398438,1.0,-0.408203,0.101563,0.148437,0.71936,0.668152,0.064331,0.178894,up
441684,2.179688,10.324219,1.113281,-0.408203,0.101563,0.148437,0.71991,0.667358,0.064087,0.179443,up
441690,2.21875,10.246094,1.113281,-0.419922,0.15625,0.158203,0.71991,0.667358,0.064087,0.179443,up
441695,2.257813,10.210938,1.152344,-0.402344,0.197266,0.154297,0.71991,0.667358,0.064087,0.179443,up
441700,2.296875,10.136719,1.152344,-0.419922,0.238281,0.154297,0.71991,0.667358,0.064087,0.179443,up
441705,2.371094,10.058594,1.039063,-0.419922,0.238281,0.154297,0.71991,0.667358,0.064087,0.179443,up
441711,2.296875,10.015625,1.152344,-0.458984,0.296875,0.171875,0.71991,0.667358,0.064087,0.179443,up
441716,2.449219,9.941406,1.34375,-0.494141,0.298828,0.175781,0.71991,0.667358,0.064087,0.179443,up
441721,2.449219,10.058594,1.421875,-0.494141,0.298828,0.175781,0.724243,0.661255,0.063843,0.184814,up
441726,2.449219,10.058594,1.421875,-0.480469,0.361328,0.181641,0.724915,0.660217,0.063904,0.185791,up
441731,2.410156,9.9375,1.34375,-0.480469,0.361328,0.181641,0.724915,0.660217,0.063904,0.185791,up
441736,2.410156,9.9375,1.34375,-0.482422,0.402344,0.173828,0.726196,0.658203,0.06427,0.187866,up
441741,2.332031,10.054688,1.421875,-0.482422,0.402344,0.173828,0.726868,0.657166,0.064453,0.188965,up
441746,2.296875,10.054688,1.535156,-0.482422,0.402344,0.173828,0.726868,0.657166,0.064453,0.188965,up
441752,2.296875,10.097656,1.535156,-0.439453,0.388672,0.193359,0.726868,0.657166,0.064453,0.188965,up
441757,2.257813,10.175781,1.496094,-0.439453,0.388672,0.193359,0.728577,0.654236,0.065063,0.192139,up
441762,2.179688,10.171875,1.535156,-0.460937,0.375,0.199219,0.729797,0.652222,0.065308,0.194275,up
441767,2.21875,10.171875,1.574219,-0.476562,0.355469,0.208984,0.729797,0.652222,0.065308,0.194275,up
441772,2.257813,10.214844,1.574219,-0.476562,0.355469,0.208984,0.730469,0.651184,0.06543,0.195374,up
441777,2.332031,10.171875,1.574219,-0.476562,0.355469,0.208984,0.731689,0.64917,0.065552,0.197449,up
441782,2.371094,10.210938,1.535156,-0.476562,0.355469,0.208984,0.7323,0.64801,0.065613,0.198608,up
441787,2.449219,10.214844,1.535156,-0.476562,0.355469,0.208984,0.7323,0.64801,0.065613,0.198608,up
441792,2.488281,10.09375,1.613281,-0.603516,0.400391,0.269531,0.7323,0.64801,0.065613,0.198608,up
441797,2.5625,10.058594,1.613281,-0.666016,0.462891,0.302734,0.733887,0.645508,0.065613,0.201111,up
441802,2.601563,9.976563,1.613281,-0.666016,0.462891,0.302734,0.735535,0.6427,0.065674,0.203918,up
441807,2.601563,9.832031,1.804688,-0.666016,0.462891,0.302734,0.735535,0.6427,0.065674,0.203918,up
441812,2.601563,9.792969,1.804688,-0.666016,0.462891,0.302734,0.737305,0.639648,0.065857,0.207092,up
441817,2.601563,9.75,1.84375,-0.666016,0.462891,0.302734,0.737305,0.639648,0.065857,0.207092,up
441822,2.527344,9.671875,1.804688,-0.734375,0.625,0.345703,0.737305,0.639648,0.065857,0.207092,up
441827,2.5625,9.519531,1.878906,-0.734375,0.625,0.345703,0.739136,0.636414,0.066162,0.21051,up
441832,2.527344,9.519531,1.996094,-0.726562,0.640625,0.371094,0.740051,0.634644,0.066406,0.212402,up
441837,2.527344,9.519531,1.996094,-0.726562,0.640625,0.371094,0.740967,0.632935,0.06665,0.214355,up
441842,2.488281,9.515625,2.109375,-0.730469,0.654297,0.361328,0.740967,0.632935,0.06665,0.214355,up
441847,2.488281,9.515625,2.109375,-0.730469,0.654297,0.361328,0.743347,0.628174,0.067383,0.219727,up
441852,2.488281,9.554688,2.265625,-0.730469,0.654297,0.361328,0.743347,0.628174,0.067383,0.219727,up
441857,2.410156,9.597656,2.300781,-0.685547,0.677734,0.371094,0.743347,0.628174,0.067383,0.219727,up
441862,2.371094,9.632813,2.378906,-0.691406,0.728516,0.363281,0.743347,0.628174,0.067383,0.219727,up
441867,2.21875,9.710938,2.378906,-0.691406,0.728516,0.363281,0.746399,0.621582,0.068848,0.227478,up
441872,2.179688,9.75,2.492188,-0.691406,0.728516,0.363281,0.746399,0.621582,0.068848,0.227478,up
441877,2.179688,9.75,2.492188,-0.818359,0.720703,0.357422,0.746399,0.621582,0.068848,0.227478,up
441882,2.105469,9.792969,2.570313,-0.818359,0.720703,0.357422,0.749023,0.616272,0.069824,0.233154,up
441887,2.105469,9.863281,2.53125,-0.974609,0.71875,0.34375,0.749023,0.616272,0.069824,0.233154,up
441892,2.027344,9.898438,2.609375,-0.974609,0.71875,0.34375,0.750183,0.613953,0.070129,0.235229,up
441897,2.027344,9.859375,2.609375,-1.173828,0.732422,0.302734,0.750183,0.613953,0.070129,0.235229,up
441902,1.949219,9.859375,2.722656,-1.173828,0.732422,0.302734,0.754333,0.606628,0.070801,0.240845,up
441907,1.835938,9.789063,2.761719,-1.173828,0.732422,0.302734,0.754333,0.606628,0.070801,0.240845,up
441912,1.835938,9.828125,2.761719,-1.478516,0.822266,0.195312,0.754333,0.606628,0.070801,0.240845,up
441917,1.796875,9.859375,2.761719,-1.478516,0.822266,0.195312,0.759888,0.597168,0.071777,0.246521,up
441922,1.757813,9.792969,2.800781,-1.478516,0.822266,0.195312,0.759888,0.597168,0.071777,0.246521,up
441927,1.757813,9.792969,2.800781,-1.730469,0.878906,0.089844,0.762146,0.593567,0.072205,0.248352,up
441932,1.683594,9.828125,2.839844,-1.730469,0.878906,0.089844,0.764587,0.589539,0.072754,0.250122,up
441937,1.414063,9.828125,3.066406,-1.921875,0.894531,-0.011719,0.767151,0.585388,0.073242,0.25177,up
441943,1.339844,9.792969,3.066406,-2.025391,0.902344,-0.056641,0.772766,0.576416,0.074341,0.255005,up
441948,1.183594,9.753906,3.183594,-2.177734,0.90625,-0.089844,0.77594,0.57135,0.07489,0.256653,up
441953,1.144531,9.515625,3.375,-2.177734,0.90625,-0.089844,0.779175,0.566101,0.075317,0.258301,up
441958,1.070313,9.367188,3.414063,-2.177734,0.90625,-0.089844,0.781921,0.561646,0.075684,0.259644,up
441963,0.992187,9.097656,3.488281,-2.429688,0.859375,-0.091797,0.785461,0.555908,0.075989,0.261292,up
441968,0.953125,8.871094,3.644531,-2.533203,0.814453,-0.097656,0.788879,0.550293,0.076172,0.262756,up
441974,0.917969,8.523438,3.988281,-2.533203,0.814453,-0.097656,0.79187,0.545349,0.076233,0.263977,up
441979,0.917969,8.523438,3.988281,-2.693359,0.832031,-0.183594,0.795776,0.53894,0.076294,0.265442,up
441985,0.839844,8.222656,4.0625,-2.693359,0.832031,-0.183594,0.79895,0.53363,0.076477,0.266541,up
441991,0.726562,7.871094,4.0625,-2.775391,0.914062,-0.328125,0.79895,0.53363,0.076477,0.266541,up
441997,0.726562,7.5625,4.0625,-2.794922,0.958984,-0.421875,0.79895,0.53363,0.076477,0.266541,up
442002,0.6875,7.453125,3.988281,-2.722656,1.072266,-0.597656,0.79895,0.53363,0.076477,0.266541,up
442007,0.570312,7.414062,3.871094,-2.722656,1.072266,-0.597656,0.813904,0.508179,0.079041,0.270386,up
442012,0.570312,7.414062,3.871094,-2.621094,1.146484,-0.720703,0.81781,0.501221,0.080383,0.271057,up
442017,0.570312,7.796875,3.949219,-2.621094,1.146484,-0.720703,0.821045,0.495422,0.081604,0.271545,up
442022,0.570312,7.796875,3.949219,-2.576172,1.1875,-0.761719,0.824707,0.488831,0.083252,0.272034,up
442027,0.570312,7.796875,3.949219,-2.558594,1.230469,-0.779297,0.827942,0.482849,0.084839,0.2724,up
442032,0.417969,7.984375,4.523437,-2.558594,1.230469,-0.779297,0.827942,0.482849,0.084839,0.2724,up
442037,0.378906,7.910156,4.792969,-2.546875,1.240234,-0.775391,0.827942,0.482849,0.084839,0.2724,up
442043,0.304688,7.484375,5.214844,-2.617188,1.277344,-0.71875,0.840942,0.457214,0.091797,0.274475,up
442048,0.152344,7.378906,5.328125,-2.617188,1.277344,-0.71875,0.844604,0.449524,0.093567,0.27533,up
442053,0.074219,7.144531,5.40625,-2.865234,1.294922,-0.527344,0.8479,0.442383,0.095032,0.276245,up
442058,0.113281,6.875,5.214844,-2.865234,1.294922,-0.527344,0.850769,0.436035,0.096252,0.277283,up
442063,-0.15625,6.613281,5.367187,-2.865234,1.294922,-0.527344,0.854004,0.428467,0.097412,0.278564,up
442069,-0.042969,6.609375,5.710937,-2.865234,1.294922,-0.527344,0.857605,0.419922,0.098572,0.280151,up
442075,-0.117188,6.269531,6.09375,-3.275391,1.310547,-0.318359,0.860779,0.412109,0.099426,0.281616,up
442080,-0.195312,5.84375,6.359375,-3.259766,1.255859,-0.28125,0.860779,0.412109,0.099426,0.281616,up
442085,-0.195312,5.882812,6.441406,-3.199219,1.203125,-0.289063,0.860779,0.412109,0.099426,0.281616,up
442090,-0.234375,5.996094,6.558594,-3.035156,1.150391,-0.300781,0.860779,0.412109,0.099426,0.281616,up
442095,-0.269531,6.074219,6.703125,-2.796875,1.138672,-0.339844,0.860779,0.412109,0.099426,0.281616,up
442100,-0.347656,6.109375,6.707031,-2.511719,1.095703,-0.376953,0.860779,0.412109,0.099426,0.281616,up
442105,-0.347656,6.109375,6.707031,-2.246094,1.080078,-0.441406,0.87738,0.368896,0.104065,0.288635,up
442110,-0.347656,6.300781,6.707031,-2.246094,1.080078,-0.441406,0.87738,0.368896,0.104065,0.288635,up
442115,-0.5,6.265625,6.742187,-2.029297,1.070313,-0.488281,0.881226,0.358032,0.106628,0.289551,up
442120,-0.460937,6.492187,6.859375,-2.029297,1.070313,-0.488281,0.882996,0.353149,0.10791,0.289856,up
442125,-0.617187,6.570312,6.9375,-2.029297,1.070313,-0.488281,0.882996,0.353149,0.10791,0.289856,up
442130,-0.578125,6.761719,6.863281,-1.896484,0.888672,-0.455078,0.882996,0.353149,0.10791,0.289856,up
442135,-0.730469,6.648437,6.976562,-2.044922,0.816406,-0.414062,0.882996,0.353149,0.10791,0.289856,up
442141,-0.808594,6.53125,7.164062,-2.044922,0.816406,-0.414062,0.890076,0.332642,0.111511,0.291077,up
442146,-0.84375,6.417969,7.285156,-2.478516,0.640625,-0.3125,0.890076,0.332642,0.111511,0.291077,up
442152,-0.84375,6.074219,7.242187,-2.664063,0.556641,-0.234375,0.890076,0.332642,0.111511,0.291077,up
442157,-0.960937,5.6875,7.402344,-2.664063,0.556641,-0.234375,0.896301,0.314026,0.110718,0.292847,up
442162,-0.84375,5.382812,7.628906,-2.845703,0.451172,-0.103516,0.898499,0.307129,0.109802,0.293762,up
442167,-0.84375,5.304687,7.8125,-2.845703,0.451172,-0.103516,0.900574,0.300476,0.108765,0.294678,up
442173,-0.882812,5.460937,8.050781,-2.708984,0.398438,-0.03125,0.900574,0.300476,0.108765,0.294678,up
442178,-0.921875,5.496094,8.089844,-2.392578,0.339844,-0.064453,0.904358,0.287842,0.106628,0.296509,up
442183,-0.921875,5.496094,8.046875,-2.392578,0.339844,-0.064453,0.907654,0.276367,0.104675,0.297974,up
442188,-0.960937,5.269531,8.085938,-2.392578,0.339844,-0.064453,0.907654,0.276367,0.104675,0.297974,up
442193,-0.921875,5.269531,8.167969,-2.392578,0.339844,-0.064453,0.910645,0.266235,0.102844,0.298889,up
442198,-0.921875,5.230469,8.238281,-2.392578,0.339844,-0.064453,0.910645,0.266235,0.102844,0.298889,up
442203,-0.921875,5.230469,8.238281,-1.697266,0.1875,-0.171875,0.911865,0.261841,0.102051,0.299133,up
442208,-0.808594,5.304687,8.390625,-1.53125,0.154297,-0.193359,0.912903,0.258484,0.10144,0.299194,up
442213,-0.808594,5.304687,8.390625,-1.417969,0.113281,-0.205078,0.914001,0.254822,0.100769,0.299255,up
442218,-0.652344,5.152344,8.351563,-1.417969,0.113281,-0.205078,0.914978,0.251587,0.100037,0.299194,up
442223,-0.578125,5.039062,8.164063,-1.386719,0.021484,-0.197266,0.914978,0.251587,0.100037,0.299194,up
442228,-0.578125,5.039062,8.164063,-1.386719,0.021484,-0.197266,0.917969,0.24176,0.097351,0.299011,up
442233,-0.539062,4.960937,8.351563,-1.417969,-0.048828,-0.115234,0.917969,0.24176,0.097351,0.299011,up
442238,-0.460937,4.886719,8.65625,-1.417969,-0.048828,-0.115234,0.919861,0.235229,0.095154,0.299133,up
442243,-0.269531,4.960937,8.777344,-1.417969,-0.048828,-0.115234,0.920837,0.231934,0.093933,0.299194,up
442248,-0.15625,4.960937,8.695313,-1.417969,-0.048828,-0.115234,0.92157,0.229309,0.092896,0.299194,up
442253,-0.15625,4.921875,8.734375,-1.417969,-0.048828,-0.115234,0.92157,0.229309,0.092896,0.299194,up
442258,-0.117188,4.730469,8.773438,-1.193359,-0.128906,-0.089844,0.92157,0.229309,0.092896,0.299194,up
442263,-0.308594,4.769531,8.433594,-1.117188,-0.095703,-0.109375,0.92157,0.229309,0.092896,0.299194,up
442268,-0.347656,4.921875,8.550781,-0.861328,-0.080078,-0.134766,0.923767,0.221497,0.089783,0.299194,up
442273,-0.269531,4.886719,8.734375,-0.861328,-0.080078,-0.134766,0.925049,0.217346,0.088196,0.298828,up
442278,-0.195312,4.886719,8.777344,-0.748047,-0.074219,-0.210937,0.925049,0.217346,0.088196,0.298828,up
442283,-0.347656,4.695312,8.738281,-0.791016,-0.134766,-0.263672,0.925598,0.215515,0.087524,0.298523,up
442288,-0.386719,4.695312,8.8125,-0.791016,-0.134766,-0.263672,0.926147,0.213928,0.086914,0.298157,up
442293,-0.386719,4.886719,8.8125,-0.791016,-0.134766,-0.263672,0.927673,0.209961,0.084961,0.296936,up
442298,-0.425781,5.191406,8.617188,-1.044922,-0.361328,-0.376953,0.927673,0.209961,0.084961,0.296936,up
442303,-0.5,5.039062,8.777344,-1.142578,-0.425781,-0.40625,0.928528,0.207825,0.083679,0.296143,up
442308,-0.269531,4.769531,9.003906,-1.142578,-0.425781,-0.40625,0.929504,0.205322,0.082031,0.295227,up
442314,-0.15625,4.464844,9.425781,-1.167969,-0.53125,-0.431641,0.930481,0.202881,0.080383,0.29425,up
442319,-0.15625,4.464844,9.425781,-1.167969,-0.53125,-0.431641,0.932373,0.198303,0.076782,0.292297,up
442324,-0.347656,4.117187,9.5,-1.105469,-0.585937,-0.4375,0.933411,0.195862,0.074707,0.291199,up
442329,-0.386719,3.851563,9.394531,-1.046875,-0.646484,-0.449219,0.934448,0.193542,0.072571,0.289978,up
442335,-0.386719,3.429688,9.960938,-1.046875,-0.646484,-0.449219,0.935242,0.191895,0.07074,0.28894,up
442341,-0.425781,3.351563,10.117188,-0.835937,-0.798828,-0.458984,0.935242,0.191895,0.07074,0.28894,up
442346,-0.386719,3.390625,10.0,-0.667969,-0.859375,-0.46875,0.935242,0.191895,0.07074,0.28894,up
442351,-0.425781,3.390625,9.921875,-0.482422,-0.947266,-0.482422,0.935242,0.191895,0.07074,0.28894,up
442356,-0.234375,3.351563,9.84375,-0.482422,-0.947266,-0.482422,0.938416,0.187927,0.061584,0.283386,up
442361,-0.078125,3.3125,9.773438,-0.150391,-1.115234,-0.503906,0.938416,0.187927,0.061584,0.283386,up
442366,-0.003906,3.277344,9.738281,0.0625,-1.181641,-0.513672,0.938416,0.187927,0.061584,0.283386,up
442372,0.152344,3.621094,9.425781,0.320313,-1.197266,-0.535156,0.938416,0.187927,0.061584,0.283386,up
442378,0.074219,3.851563,9.351563,0.5,-1.199219,-0.529297,0.938416,0.187927,0.061584,0.283386,up
442383,0.074219,3.851563,9.351563,0.564453,-1.166016,-0.507812,0.940552,0.193665,0.049744,0.274414,up
442388,-0.234375,3.925781,9.3125,0.546875,-1.052734,-0.445312,0.940552,0.193665,0.049744,0.274414,up
442393,0.992187,4.578125,6.898437,0.373047,-0.751953,-0.451172,0.940918,0.197327,0.046143,0.27124,up
442398,0.992187,4.578125,6.898437,0.308594,-0.583984,-0.445312,0.941162,0.198547,0.045044,0.269775,up
442404,1.300781,4.464844,8.777344,0.361328,-0.4375,-0.466797,0.941528,0.200623,0.043945,0.267029,up
442410,1.03125,4.730469,8.550781,0.361328,-0.4375,-0.466797,0.941711,0.201172,0.044067,0.26593,up
442415,0.992187,4.578125,8.816406,0.039063,0.001953,-0.4375,0.941711,0.201172,0.044067,0.26593,up
442420,0.839844,4.273437,8.621094,-0.119141,0.083984,-0.429687,0.942261,0.201294,0.044556,0.263916,up
442426,0.726562,4.15625,8.660156,-0.119141,0.083984,-0.429687,0.942627,0.200806,0.044922,0.262939,up
442432,0.6875,4.042969,8.773438,-0.246094,0.121094,-0.455078,0.942627,0.200806,0.044922,0.262939,up
442438,0.6875,3.964844,8.734375,-0.298828,0.136719,-0.488281,0.942627,0.200806,0.044922,0.262939,up
442443,0.648437,4.15625,8.734375,-0.330078,0.140625,-0.513672,0.942627,0.200806,0.044922,0.262939,up
442448,0.6875,4.273437,8.777344,-0.378906,0.097656,-0.585937,0.944397,0.19751,0.046387,0.258728,up
442453,0.6875,4.273437,8.851563,-0.378906,0.097656,-0.585937,0.944946,0.196411,0.046753,0.257385,up
442458,0.6875,4.195312,8.890625,-0.378906,0.097656,-0.585937,0.945557,0.195374,0.046997,0.256042,up
442463,0.648437,4.273437,8.972656,-0.388672,0.03125,-0.607422,0.946594,0.193481,0.047241,0.253479,up
442468,0.648437,4.234375,9.117188,-0.388672,0.03125,-0.607422,0.946594,0.193481,0.047241,0.253479,up
442473,0.609375,4.195312,9.195313,-0.285156,-0.083984,-0.554687,0.946594,0.193481,0.047241,0.253479,up
442478,0.496094,4.273437,9.121094,-0.277344,-0.121094,-0.519531,0.947693,0.191833,0.04718,0.250793,up
442484,0.496094,4.273437,9.121094,-0.314453,-0.154297,-0.478516,0.948181,0.191101,0.046997,0.249512,up
442489,0.457031,4.308594,9.121094,-0.314453,-0.154297,-0.478516,0.949158,0.189636,0.046326,0.247009,up
442494,0.417969,4.308594,9.195313,-0.314453,-0.154297,-0.478516,0.949524,0.189026,0.046021,0.246155,up
442500,0.496094,4.308594,9.238281,-0.314453,-0.154297,-0.478516,0.949951,0.188416,0.045593,0.245117,up
442505,0.570312,4.464844,9.316406,-0.271484,-0.152344,-0.390625,0.950317,0.187744,0.045227,0.24408,up
442510,0.609375,4.5,9.199219,-0.267578,-0.134766,-0.386719,0.950317,0.187744,0.045227,0.24408,up
442516,0.609375,4.695312,9.121094,-0.267578,-0.134766,-0.386719,0.950317,0.187744,0.045227,0.24408,up
442522,0.648437,4.730469,9.195313,-0.267578,-0.134766,-0.386719,0.951416,0.185913,0.044312,0.241272,up
442527,0.648437,4.769531,9.199219,-0.341797,-0.136719,-0.417969,0.951416,0.185913,0.044312,0.241272,up
442532,0.6875,4.808594,9.195313,-0.376953,-0.166016,-0.427734,0.951416,0.185913,0.044312,0.241272,up
442537,0.648437,4.769531,9.390625,-0.376953,-0.166016,-0.427734,0.951416,0.185913,0.044312,0.241272,up
442542,0.648437,4.578125,9.273438,-0.376953,-0.166016,-0.427734,0.953247,0.182373,0.042542,0.237122,up
442547,0.609375,4.386719,9.3125,-0.570312,-0.289063,-0.423828,0.953247,0.182373,0.042542,0.237122,up
442553,0.726562,4.117187,9.464844,-0.574219,-0.359375,-0.398438,0.953247,0.182373,0.042542,0.237122,up
442558,0.726562,4.042969,9.5,-0.574219,-0.359375,-0.398438,0.954834,0.178833,0.039795,0.234009,up
442564,0.800781,4.082031,9.394531,-0.419922,-0.445312,-0.269531,0.954834,0.178833,0.039795,0.234009,up
442569,0.878906,4.082031,9.316406,-0.419922,-0.445312,-0.269531,0.956055,0.17627,0.036194,0.231445,up
442574,0.917969,4.195312,9.316406,-0.419922,-0.445312,-0.269531,0.956299,0.175903,0.035156,0.230774,up
442579,0.917969,4.347656,9.234375,-0.048828,-0.427734,-0.169922,0.956543,0.175842,0.034058,0.230164,up
442585,0.878906,4.769531,9.195313,-0.048828,-0.427734,-0.169922,0.956665,0.176086,0.033142,0.229614,up
442590,0.839844,4.960937,9.121094,-0.048828,-0.427734,-0.169922,0.956726,0.176636,0.032349,0.229126,up
442595,0.761719,5.0,9.121094,-0.048828,-0.427734,-0.169922,0.956726,0.177307,0.031677,0.228577,up
442601,0.761719,5.039062,9.121094,0.263672,-0.320313,-0.140625,0.956726,0.177307,0.031677,0.228577,up
442606,0.648437,5.191406,9.160156,0.251953,-0.289063,-0.150391,0.956726,0.178833,0.030579,0.2276,up
442611,0.648437,5.191406,9.160156,0.238281,-0.287109,-0.148437,0.956726,0.178833,0.030579,0.2276,up
442616,0.648437,5.269531,9.15625,0.189453,-0.275391,-0.144531,0.956726,0.178833,0.030579,0.2276,up
442622,0.6875,5.269531,9.160156,0.134766,-0.28125,-0.140625,0.956726,0.178833,0.030579,0.2276,up
442628,0.6875,5.269531,9.121094,0.134766,-0.28125,-0.140625,0.956726,0.178833,0.030579,0.2276,up
442634,0.726562,5.230469,9.199219,0.052734,-0.283203,-0.101563,0.956726,0.178833,0.030579,0.2276,up
442640,0.726562,5.230469,9.234375,0.070312,-0.289063,-0.029297,0.956848,0.182068,0.026733,0.224792,up
442645,0.800781,5.113281,9.273438,0.070312,-0.289063,-0.029297,0.956848,0.182434,0.026123,0.224609,up
442650,0.800781,5.078125,9.273438,0.158203,-0.253906,0.039063,0.956848,0.182434,0.026123,0.224609,up
442655,0.800781,5.039062,9.355469,0.242187,-0.25,0.070312,0.956848,0.182434,0.026123,0.224609,up
442661,0.800781,4.921875,9.421875,0.333984,-0.238281,0.107422,0.956848,0.182434,0.026123,0.224609,up
442668,0.839844,4.921875,9.355469,0.333984,-0.238281,0.107422,0.956848,0.182434,0.026123,0.224609,up
442674,0.878906,4.921875,9.355469,0.685547,-0.175781,0.195312,0.956848,0.182434,0.026123,0.224609,up
442679,0.878906,5.0,9.394531,0.685547,-0.175781,0.195312,0.955139,0.190186,0.023621,0.225769,up
442684,1.070313,5.152344,9.238281,0.685547,-0.175781,0.195312,0.954529,0.192566,0.023682,0.226318,up
442689,1.109375,5.230469,9.160156,0.958984,-0.017578,0.251953,0.954529,0.192566,0.023682,0.226318,up
442694,1.144531,5.535156,9.078125,1.035156,0.054687,0.25,0.953918,0.194885,0.023987,0.226807,up
442700,1.144531,5.535156,9.078125,1.09375,0.113281,0.259766,0.952698,0.199402,0.025085,0.227905,up
442705,1.109375,5.6875,9.0,1.136719,0.169922,0.265625,0.951904,0.202271,0.026001,0.228577,up
442710,1.03125,5.917969,9.0,1.166016,0.197266,0.275391,0.951172,0.204956,0.026978,0.229309,up
442716,0.570312,6.761719,9.121094,1.166016,0.197266,0.275391,0.950439,0.207336,0.027832,0.229919,up
442721,0.535156,6.839844,9.195313,1.078125,0.162109,0.3125,0.949707,0.209961,0.028809,0.230652,up
442728,0.417969,6.875,9.273438,0.939453,0.126953,0.365234,0.949707,0.209961,0.028809,0.230652,up
442733,0.1875,6.609375,9.5,0.648437,0.035156,0.498047,0.949707,0.209961,0.028809,0.230652,up
442738,0.152344,6.417969,9.738281,0.648437,0.035156,0.498047,0.947571,0.216003,0.030396,0.233521,up
442744,0.074219,6.265625,9.804688,0.417969,-0.074219,0.644531,0.947571,0.216003,0.030396,0.233521,up
442749,0.152344,5.726562,10.082031,0.417969,-0.074219,0.644531,0.946289,0.218628,0.030334,0.236145,up
442755,0.152344,5.726562,10.082031,0.318359,-0.167969,0.771484,0.945129,0.220581,0.029419,0.239258,up
442760,0.304688,5.34375,10.226563,0.353516,-0.189453,0.796875,0.944397,0.221619,0.028687,0.241211,up
442766,0.570312,5.0,10.191406,0.353516,-0.189453,0.796875,0.943787,0.222656,0.028076,0.242798,up
442771,0.839844,4.921875,10.0,0.353516,-0.189453,0.796875,0.942993,0.223999,0.027527,0.244568,up
442777,0.992187,4.921875,9.921875,0.736328,-0.136719,0.755859,0.942993,0.223999,0.027527,0.244568,up
442782,0.992187,4.921875,9.921875,0.900391,-0.091797,0.728516,0.941223,0.227783,0.026917,0.247925,up
442787,1.261719,4.808594,9.660156,1.039063,-0.025391,0.691406,0.940186,0.230225,0.026978,0.249573,up
442792,1.261719,4.808594,9.660156,1.191406,0.066406,0.667969,0.939148,0.232849,0.027344,0.251099,up
442798,1.375,4.578125,9.617188,1.191406,0.066406,0.667969,0.937988,0.235779,0.028015,0.252625,up
442803,1.375,4.578125,9.617188,1.488281,0.25,0.636719,0.936707,0.239075,0.028992,0.25415,up
442808,1.144531,5.191406,9.542969,1.488281,0.25,0.636719,0.935364,0.242554,0.030273,0.255737,up
442814,1.144531,5.421875,9.394531,1.769531,0.326172,0.644531,0.935364,0.242554,0.030273,0.255737,up
442819,0.992187,5.613281,9.234375,1.757813,0.316406,0.640625,0.932312,0.250366,0.033203,0.258911,up
442824,0.800781,6.074219,9.277344,1.757813,0.316406,0.640625,0.929199,0.258179,0.036072,0.261963,up
442829,0.6875,6.378906,9.238281,1.736328,0.267578,0.660156,0.929199,0.258179,0.036072,0.261963,up
442834,0.609375,6.648437,9.082031,1.736328,0.267578,0.660156,0.927429,0.262512,0.037598,0.263733,up
442839,0.570312,6.761719,9.003906,1.601563,0.189453,0.693359,0.927429,0.262512,0.037598,0.263733,up
442845,0.570312,6.953125,8.929688,1.601563,0.189453,0.693359,0.922852,0.273315,0.040833,0.268372,up
442850,0.570312,6.875,9.0,1.255859,0.125,0.787109,0.921265,0.276672,0.041626,0.270264,up
442856,0.6875,6.683594,9.039063,1.255859,0.125,0.787109,0.919983,0.279175,0.042053,0.271912,up
442861,0.761719,6.492187,8.972656,0.945312,0.105469,0.873047,0.919983,0.279175,0.042053,0.271912,up
442866,0.878906,6.074219,8.972656,0.945312,0.105469,0.873047,0.917358,0.28363,0.042664,0.27594,up
442871,0.992187,5.882812,9.0,0.759766,0.125,0.916016,0.917358,0.28363,0.042664,0.27594,up
442876,1.070313,5.726562,8.96875,0.730469,0.148437,0.916016,0.917358,0.28363,0.042664,0.27594,up
442881,1.109375,5.574219,8.96875,0.757812,0.166016,0.904297,0.917358,0.28363,0.042664,0.27594,up
442887,1.339844,5.34375,8.933594,0.757812,0.166016,0.904297,0.912537,0.290649,0.043518,0.284363,up
442892,1.375,5.34375,8.929688,0.947266,0.212891,0.837891,0.912537,0.290649,0.043518,0.284363,up
442898,1.339844,5.460937,8.8125,0.947266,0.212891,0.837891,0.909851,0.294922,0.044678,0.288391,up
442903,1.339844,5.652344,8.695313,1.275391,0.230469,0.767578,0.909851,0.294922,0.044678,0.288391,up
442908,1.339844,5.882812,8.621094,1.414063,0.238281,0.748047,0.909851,0.294922,0.044678,0.288391,up
442914,1.183594,6.339844,8.429688,1.414063,0.238281,0.748047,0.904907,0.304138,0.047607,0.293823,up
442919,1.144531,6.609375,8.394531,1.414063,0.238281,0.748047,0.903381,0.307068,0.048645,0.295349,up
442924,0.953125,6.875,8.3125,1.451172,0.265625,0.763672,0.903381,0.307068,0.048645,0.295349,up
442929,0.6875,7.414062,8.316406,1.451172,0.265625,0.763672,0.899841,0.31366,0.050903,0.298828,up
442934,0.6875,7.414062,8.316406,1.201172,0.171875,0.833984,0.897949,0.317017,0.052002,0.30072,up
442939,0.457031,7.871094,8.167969,1.201172,0.171875,0.833984,0.896423,0.319641,0.052673,0.302429,up
442944,0.457031,7.871094,8.167969,0.974609,0.107422,0.863281,0.894836,0.322144,0.053162,0.304382,up
442949,0.457031,7.871094,8.167969,0.71875,0.041016,0.902344,0.893555,0.324036,0.053284,0.306213,up
442954,0.417969,7.871094,8.167969,0.71875,0.041016,0.902344,0.893555,0.324036,0.053284,0.306213,up
442959,0.535156,7.605469,8.238281,0.46875,-0.03125,0.945312,0.891296,0.326477,0.052307,0.310303,up
442964,0.535156,7.605469,8.238281,0.078125,-0.150391,0.990234,0.890381,0.327026,0.051392,0.312378,up
442969,0.878906,6.875,8.355469,0.078125,-0.150391,0.990234,0.889648,0.327332,0.050171,0.314514,up
442974,1.03125,6.648437,8.394531,0.078125,-0.150391,0.990234,0.888916,0.327454,0.048767,0.316589,up
442979,1.144531,6.417969,8.355469,-0.185547,-0.259766,1.03125,0.888916,0.327454,0.048767,0.316589,up
442985,1.375,6.074219,8.351563,-0.212891,-0.257813,1.025391,0.888916,0.327454,0.048767,0.316589,up
442991,1.566406,5.84375,8.433594,-0.212891,-0.257813,1.025391,0.886292,0.327271,0.042603,0.325012,up
442996,1.644531,5.804687,8.351563,0.052734,-0.224609,0.980469,0.886292,0.327271,0.042603,0.325012,up
443001,1.722656,5.882812,8.3125,0.167969,-0.207031,0.964844,0.886292,0.327271,0.042603,0.325012,up
443007,1.722656,5.957031,8.238281,0.167969,-0.207031,0.964844,0.886292,0.327271,0.042603,0.325012,up
443013,1.722656,6.074219,8.207031,0.365234,-0.162109,0.957031,0.886292,0.327271,0.042603,0.325012,up
443018,1.683594,6.074219,8.164063,0.425781,-0.136719,0.953125,0.886292,0.327271,0.042603,0.325012,up
443023,1.683594,6.265625,8.050781,0.484375,-0.115234,0.966797,0.886292,0.327271,0.042603,0.325012,up
443028,1.722656,6.300781,7.933594,0.519531,-0.087891,0.980469,0.886292,0.327271,0.042603,0.325012,up
443034,1.644531,6.339844,7.933594,0.525391,-0.058594,0.996094,0.886292,0.327271,0.042603,0.325012,up
443039,1.722656,6.417969,7.855469,0.519531,-0.033203,1.011719,0.886292,0.327271,0.042603,0.325012,up
443045,1.722656,6.417969,7.816406,0.492187,-0.003906,1.027344,0.886292,0.327271,0.042603,0.325012,up
443050,1.757813,6.417969,7.8125,0.476562,0.033203,1.041016,0.886292,0.327271,0.042603,0.325012,up
443055,1.757813,6.457031,7.78125,0.476562,0.033203,1.041016,0.871094,0.340637,0.033325,0.352234,up
443060,1.796875,6.53125,7.742187,0.453125,0.064453,1.046875,0.871094,0.340637,0.033325,0.352234,up
443065,1.796875,6.53125,7.625,0.453125,0.064453,1.046875,0.868408,0.342712,0.032654,0.356873,up
443070,1.796875,6.609375,7.550781,0.421875,0.091797,1.041016,0.868408,0.342712,0.032654,0.356873,up
443075,1.875,6.761719,7.507812,0.40625,0.101563,1.039063,0.867065,0.343628,0.032349,0.359192,up
443081,1.875,6.761719,7.507812,0.400391,0.109375,1.035156,0.864624,0.345337,0.031738,0.363586,up
443086,1.988281,6.492187,7.472656,0.388672,0.138672,1.035156,0.863098,0.346252,0.031433,0.366272,up
443091,2.105469,6.648437,7.550781,0.388672,0.138672,1.035156,0.861938,0.346985,0.03125,0.368347,up
443096,2.140625,6.839844,7.628906,0.388672,0.138672,1.035156,0.860474,0.3479,0.031128,0.370911,up
443101,2.179688,6.953125,7.550781,0.388672,0.138672,1.035156,0.859131,0.348694,0.031067,0.373291,up
443107,2.257813,7.296875,7.433594,0.388672,0.138672,1.035156,0.857666,0.349609,0.031006,0.375732,up
443113,2.21875,7.640625,7.398437,0.388672,0.138672,1.035156,0.856018,0.350586,0.030884,0.378601,up
443118,2.257813,7.722656,7.398437,0.398438,0.169922,1.130859,0.856018,0.350586,0.030884,0.378601,up
443123,2.257813,7.722656,7.398437,0.371094,0.119141,1.123047,0.853271,0.352112,0.030396,0.383423,up
443128,2.257813,7.722656,7.398437,0.332031,0.083984,1.113281,0.851868,0.352844,0.029968,0.385864,up
443133,2.332031,8.023438,7.511719,0.332031,0.083984,1.113281,0.851868,0.352844,0.029968,0.385864,up
443139,2.332031,8.023438,7.511719,0.263672,0.060547,1.095703,0.849304,0.354004,0.028809,0.390564,up
443144,2.332031,8.023438,7.511719,0.048828,0.005859,1.091797,0.849304,0.354004,0.028809,0.390564,up
443150,2.21875,7.90625,7.742187,0.048828,0.005859,1.091797,0.846069,0.354126,0.025818,0.397583,up
443155,2.140625,7.679687,7.929687,-0.365234,-0.054687,1.140625,0.846069,0.354126,0.025818,0.397583,up
443160,2.105469,7.488281,7.96875,-0.365234,-0.054687,1.140625,0.844421,0.352905,0.022888,0.402344,up
443165,2.066406,7.183594,8.167969,-0.548828,-0.085937,1.177734,0.844421,0.352905,0.022888,0.402344,up
443171,2.105469,6.839844,8.277344,-0.548828,-0.085937,1.177734,0.842957,0.350952,0.019287,0.407288,up
443176,2.21875,6.609375,8.3125,-0.595703,-0.121094,1.199219,0.842224,0.349854,0.017456,0.409729,up
443182,2.410156,6.492187,8.3125,-0.546875,-0.119141,1.201172,0.842224,0.349854,0.017456,0.409729,up
443187,2.679688,6.265625,8.355469,-0.546875,-0.119141,1.201172,0.840637,0.347839,0.01355,0.414856,up
443193,2.71875,6.109375,8.238281,-0.404297,-0.085937,1.1875,0.840637,0.347839,0.01355,0.414856,up
443198,2.792969,6.035156,8.273438,-0.320313,-0.044922,1.158203,0.840637,0.347839,0.01355,0.414856,up
443203,2.792969,5.917969,8.355469,-0.224609,-0.021484,1.134766,0.837952,0.346008,0.009094,0.421997,up
443209,2.832031,5.84375,8.234375,-0.224609,-0.021484,1.134766,0.837952,0.346008,0.009094,0.421997,up
443215,2.792969,5.804687,8.164063,-0.037109,0.125,1.048828,0.837952,0.346008,0.009094,0.421997,up
443220,2.753906,5.726562,8.273438,-0.037109,0.125,1.048828,0.834717,0.345154,0.006226,0.429016,up
443225,2.71875,5.726562,8.273438,-0.001953,0.152344,1.023438,0.83252,0.344849,0.005127,0.433594,up
443230,2.71875,5.726562,8.273438,-0.001953,0.152344,1.023438,0.83252,0.344849,0.005127,0.433594,up
443235,2.640625,5.652344,8.277344,0.03125,0.144531,0.935547,0.83252,0.344849,0.005127,0.433594,up
443240,2.679688,5.613281,8.164063,0.03125,0.144531,0.935547,0.830322,0.344604,0.00415,0.437927,up
443246,2.679688,5.652344,8.085938,0.013672,0.125,0.921875,0.828247,0.344421,0.003113,0.441956,up
443251,2.753906,5.6875,8.046875,-0.064453,0.066406,0.904297,0.827209,0.344238,0.00238,0.444092,up
443256,2.832031,5.726562,7.933594,-0.064453,0.066406,0.904297,0.826233,0.343994,0.001587,0.446106,up
443261,2.910156,5.726562,7.851562,-0.064453,0.066406,0.904297,0.825439,0.34375,0.000793,0.447754,up
443266,2.984375,5.6875,7.816406,-0.230469,-0.011719,0.875,0.824524,0.343323,-0.000244,0.449707,up
443272,3.0625,5.6875,7.8125,-0.230469,-0.011719,0.875,0.823853,0.342834,-0.001221,0.451355,up
443277,3.101563,5.652344,7.851562,-0.230469,-0.011719,0.875,0.823059,0.342163,-0.002441,0.453247,up
443282,3.0625,5.535156,7.894531,-0.230469,-0.011719,0.875,0.822449,0.341553,-0.003418,0.454895,up
443288,2.945313,5.535156,8.046875,-0.378906,0.021484,0.841797,0.822449,0.341553,-0.003418,0.454895,up
443293,2.871094,5.34375,8.316406,-0.382813,0.017578,0.863281,0.822449,0.341553,-0.003418,0.454895,up
443299,2.753906,5.269531,8.390625,-0.380859,0.021484,0.890625,0.820435,0.339111,-0.006836,0.460327,up
443304,2.753906,5.269531,8.390625,-0.339844,0.013672,0.916016,0.819702,0.338318,-0.007996,0.462158,up
443309,2.753906,5.269531,8.390625,-0.296875,0.0,0.947266,0.818848,0.337708,-0.009094,0.46405,up
443314,2.71875,5.382812,8.390625,-0.296875,0.0,0.947266,0.818848,0.337708,-0.009094,0.46405,up
443319,2.71875,5.460937,8.355469,-0.269531,-0.011719,0.976562,0.818848,0.337708,-0.009094,0.46405,up
443325,2.71875,5.460937,8.355469,-0.185547,-0.060547,1.0625,0.81604,0.336121,-0.012634,0.470093,up
443331,3.136719,5.765625,7.972656,-0.185547,-0.060547,1.0625,0.813782,0.335449,-0.015137,0.474365,up
443336,3.175781,5.84375,7.972656,-0.132812,-0.035156,1.082031,0.812439,0.335144,-0.016418,0.476807,up
443342,3.214844,5.882812,8.011719,-0.132812,-0.035156,1.082031,0.811401,0.3349,-0.017395,0.478699,up
443347,3.0625,5.613281,7.96875,-0.130859,-0.013672,1.105469,0.811401,0.3349,-0.017395,0.478699,up
443352,3.023438,5.535156,8.164063,-0.132812,-0.003906,1.117188,0.811401,0.3349,-0.017395,0.478699,up
443357,2.945313,5.421875,8.203125,-0.136719,-0.001953,1.148438,0.811401,0.3349,-0.017395,0.478699,up
443362,2.832031,5.382812,8.234375,-0.125,0.009766,1.166016,0.811401,0.3349,-0.017395,0.478699,up
443367,2.71875,5.304687,8.3125,-0.125,0.009766,1.166016,0.804993,0.333435,-0.022949,0.490234,up
443373,2.871094,5.039062,8.617188,-0.125,0.009766,1.166016,0.803589,0.333191,-0.023987,0.492615,up
443379,2.984375,4.886719,8.855469,0.042969,0.041016,1.21875,0.803589,0.333191,-0.023987,0.492615,up
443384,3.175781,4.808594,9.042969,0.167969,0.0625,1.222656,0.800415,0.333191,-0.025696,0.49762,up
443389,3.292969,4.847656,9.082031,0.322266,0.0625,1.203125,0.800415,0.333191,-0.025696,0.49762,up
443394,3.367188,5.078125,9.082031,0.5,0.054687,1.177734,0.800415,0.333191,-0.025696,0.49762,up
443400,3.484375,5.34375,9.003906,0.720703,0.019531,1.103516,0.800415,0.333191,-0.025696,0.49762,up
443406,3.789063,5.84375,8.738281,0.720703,0.019531,1.103516,0.790955,0.337769,-0.026794,0.50946,up
443411,3.90625,6.109375,8.617188,0.771484,-0.011719,1.029297,0.788696,0.339417,-0.026733,0.511841,up
443416,3.828125,6.648437,8.390625,0.771484,-0.011719,1.029297,0.788696,0.339417,-0.026733,0.511841,up
443421,3.828125,6.648437,8.390625,0.660156,-0.074219,0.984375,0.784973,0.342163,-0.026672,0.515747,up
443427,3.445313,6.992187,8.085938,0.660156,-0.074219,0.984375,0.783264,0.343323,-0.026917,0.517578,up
443432,3.328125,6.914062,8.046875,0.318359,-0.167969,1.009766,0.783264,0.343323,-0.026917,0.517578,up
443438,3.214844,6.761719,8.089844,0.099609,-0.228516,1.027344,0.783264,0.343323,-0.026917,0.517578,up
443445,3.0625,6.378906,8.089844,0.099609,-0.228516,1.027344,0.783264,0.343323,-0.026917,0.517578,up
443450,3.0625,6.148437,8.125,-0.341797,-0.410156,1.142578,0.783264,0.343323,-0.026917,0.517578,up
443455,3.253906,5.84375,8.046875,-0.341797,-0.410156,1.142578,0.776123,0.345093,-0.033752,0.526733,up
443460,3.40625,5.6875,8.050781,-0.341797,-0.410156,1.142578,0.774719,0.344788,-0.036316,0.528748,up
443466,3.597656,5.460937,8.011719,-0.503906,-0.484375,1.242188,0.774719,0.344788,-0.036316,0.528748,up
443471,3.828125,5.269531,7.929687,-0.503906,-0.484375,1.242188,0.770874,0.343567,-0.044189,0.534546,up
443476,3.980469,5.078125,7.851562,-0.503906,-0.484375,1.242188,0.769653,0.343201,-0.046631,0.536377,up
443481,4.171875,4.808594,7.703125,-0.396484,-0.439453,1.294922,0.768066,0.342773,-0.049438,0.538635,up
443486,4.289062,4.65625,7.628906,-0.396484,-0.439453,1.294922,0.768066,0.342773,-0.049438,0.538635,up
443491,4.289062,4.65625,7.628906,-0.255859,-0.357422,1.289063,0.766663,0.342529,-0.051636,0.540527,up
443496,4.363281,4.5,7.589844,-0.255859,-0.357422,1.289063,0.766663,0.342529,-0.051636,0.540527,up
443501,4.363281,4.5,7.589844,-0.175781,-0.318359,1.283203,0.763489,0.342224,-0.055908,0.544861,up
443506,4.441406,4.273437,7.507812,-0.175781,-0.318359,1.283203,0.761841,0.342163,-0.0578,0.546997,up
443511,4.515625,4.234375,7.550781,0.005859,-0.228516,1.248047,0.758362,0.342346,-0.061096,0.551331,up
443516,4.632812,4.234375,7.429687,0.005859,-0.228516,1.248047,0.756592,0.342468,-0.0625,0.553467,up
443521,4.671875,4.386719,7.363281,0.097656,-0.154297,1.226563,0.754822,0.342651,-0.063782,0.555664,up
443526,4.710937,4.695312,7.242187,0.097656,-0.154297,1.226563,0.752808,0.342957,-0.065002,0.558044,up
443531,4.746094,4.769531,7.167969,0.097656,-0.154297,1.226563,0.751099,0.34314,-0.065979,0.56012,up
443536,4.710937,4.886719,7.164062,0.097656,-0.154297,1.226563,0.751099,0.34314,-0.065979,0.56012,up
443541,4.710937,4.960937,7.167969,0.058594,-0.058594,1.216797,0.751099,0.34314,-0.065979,0.56012,up
443546,4.671875,5.039062,7.164062,0.001953,-0.050781,1.220703,0.747437,0.343384,-0.068115,0.564575,up
443552,4.632812,4.960937,7.246094,0.001953,-0.050781,1.220703,0.744019,0.34314,-0.070374,0.569031,up
443557,4.632812,4.886719,7.242187,-0.09375,-0.052734,1.248047,0.742249,0.342896,-0.071655,0.571289,up
443562,4.59375,4.847656,7.203125,-0.140625,-0.052734,1.265625,0.74054,0.342529,-0.072998,0.573547,up
443568,4.59375,4.769531,7.246094,-0.140625,-0.052734,1.265625,0.73877,0.342041,-0.074463,0.575867,up
443573,4.59375,4.730469,7.203125,-0.222656,-0.060547,1.300781,0.73877,0.342041,-0.074463,0.575867,up
443578,4.671875,4.65625,7.203125,-0.244141,-0.0625,1.322266,0.73877,0.342041,-0.074463,0.575867,up
443584,4.632812,4.578125,7.246094,-0.248047,-0.050781,1.359375,0.73877,0.342041,-0.074463,0.575867,up
443589,4.710937,4.425781,7.285156,-0.244141,-0.041016,1.369141,0.73877,0.342041,-0.074463,0.575867,up
443594,4.746094,4.347656,7.324219,-0.234375,-0.03125,1.396484,0.73877,0.342041,-0.074463,0.575867,up
443599,4.785156,4.273437,7.320312,-0.214844,-0.025391,1.390625,0.73877,0.342041,-0.074463,0.575867,up
443604,4.902344,4.15625,7.285156,-0.214844,-0.025391,1.390625,0.73877,0.342041,-0.074463,0.575867,up
443610,4.976562,4.15625,7.285156,-0.214844,-0.025391,1.390625,0.724304,0.337219,-0.086853,0.595093,up
443616,4.976562,4.117187,7.285156,-0.115234,-0.037109,1.388672,0.724304,0.337219,-0.086853,0.595093,up
443621,5.054687,4.042969,7.246094,-0.115234,-0.037109,1.388672,0.720337,0.336182,-0.089783,0.600037,up
443626,5.128906,4.082031,7.164062,-0.107422,-0.035156,1.392578,0.716309,0.335266,-0.092529,0.604919,up
443631,5.167969,4.117187,7.128906,-0.087891,-0.005859,1.404297,0.716309,0.335266,-0.092529,0.604919,up
443636,5.207031,4.003906,7.164062,-0.087891,-0.005859,1.404297,0.71405,0.334778,-0.093994,0.607605,up
443641,5.167969,4.003906,7.203125,-0.087891,-0.005859,1.404297,0.711975,0.33429,-0.095276,0.610168,up
443646,5.167969,4.003906,7.203125,-0.089844,0.041016,1.425781,0.710022,0.333801,-0.096497,0.612488,up
443651,5.167969,3.851563,7.28125,-0.089844,0.041016,1.425781,0.707947,0.333191,-0.097717,0.615051,up
443656,5.167969,3.851563,7.28125,-0.082031,0.072266,1.457031,0.705811,0.332642,-0.098938,0.617615,up
443661,5.09375,3.621094,7.398437,-0.082031,0.072266,1.457031,0.705811,0.332642,-0.098938,0.617615,up
443666,5.09375,3.621094,7.398437,-0.044922,0.074219,1.486328,0.701355,0.331421,-0.101318,0.622925,up
443671,5.09375,3.46875,7.46875,-0.021484,0.074219,1.482422,0.696777,0.330383,-0.103577,0.628174,up
443676,5.128906,3.507813,7.507812,-0.021484,0.074219,1.482422,0.696777,0.330383,-0.103577,0.628174,up
443681,5.128906,3.46875,7.46875,-0.021484,0.074219,1.482422,0.692017,0.329529,-0.105774,0.633545,up
443686,5.167969,3.429688,7.511719,-0.021484,0.074219,1.482422,0.692017,0.329529,-0.105774,0.633545,up
443691,5.320312,3.351563,7.433594,0.082031,0.042969,1.496094,0.692017,0.329529,-0.105774,0.633545,up
443696,5.398437,3.3125,7.472656,0.113281,0.048828,1.484375,0.687134,0.328918,-0.107849,0.638794,up
443701,5.398437,3.351563,7.402344,0.113281,0.048828,1.484375,0.684387,0.328552,-0.108948,0.641663,up
443706,5.511719,3.3125,7.398437,0.123047,0.052734,1.480469,0.684387,0.328552,-0.108948,0.641663,up
443711,5.511719,3.3125,7.398437,0.123047,0.052734,1.480469,0.677246,0.32782,-0.111633,0.649109,up
443716,5.511719,3.277344,7.433594,0.123047,0.052734,1.480469,0.677246,0.32782,-0.111633,0.649109,up
443721,5.476562,3.199219,7.429687,0.125,0.027344,1.460938,0.677246,0.32782,-0.111633,0.649109,up
443726,5.4375,3.199219,7.429687,0.111328,0.007813,1.458984,0.677246,0.32782,-0.111633,0.649109,up
443731,5.359375,3.046875,7.46875,0.111328,0.007813,1.458984,0.667053,0.326843,-0.115601,0.659424,up
443736,5.398437,3.046875,7.550781,0.111328,0.007813,1.458984,0.667053,0.326843,-0.115601,0.659424,up
443741,5.398437,2.96875,7.511719,0.109375,0.001953,1.472656,0.667053,0.326843,-0.115601,0.659424,up
443747,5.476562,2.929688,7.402344,0.109375,0.001953,1.472656,0.659668,0.326172,-0.118591,0.666626,up
443752,5.511719,2.96875,7.398437,0.101563,-0.003906,1.462891,0.656982,0.325928,-0.119629,0.669189,up
443757,5.550781,2.894531,7.402344,0.085937,-0.011719,1.464844,0.654419,0.325623,-0.120728,0.671692,up
443763,5.589844,2.929688,7.320312,0.085937,-0.011719,1.464844,0.6521,0.325378,-0.121704,0.673889,up
443768,5.667969,2.777344,7.242187,0.085937,-0.011719,1.464844,0.6521,0.325378,-0.121704,0.673889,up
443774,5.667969,2.777344,7.242187,0.060547,0.005859,1.464844,0.647095,0.324646,-0.12384,0.678589,up
443780,5.667969,2.625,7.203125,0.074219,0.029297,1.460938,0.647095,0.324646,-0.12384,0.678589,up
443785,5.589844,2.472656,7.207031,0.083984,0.039063,1.458984,0.641968,0.323914,-0.125916,0.683472,up
443791,5.511719,2.316406,7.246094,0.123047,0.044922,1.460938,0.641968,0.323914,-0.125916,0.683472,up
443796,5.550781,2.242188,7.285156,0.146484,0.042969,1.458984,0.63678,0.323181,-0.127808,0.688232,up
443802,5.511719,2.125,7.28125,0.146484,0.042969,1.458984,0.631592,0.322632,-0.129517,0.692993,up
443807,5.511719,2.050781,7.324219,0.236328,0.042969,1.4375,0.631592,0.322632,-0.129517,0.692993,up
443812,5.550781,2.011719,7.359375,0.236328,0.042969,1.4375,0.625977,0.322327,-0.13092,0.697937,up
443817,5.589844,1.933594,7.507812,0.236328,0.042969,1.4375,0.623169,0.322266,-0.13147,0.700378,up
443822,5.667969,1.972656,7.546875,0.236328,0.042969,1.4375,0.620667,0.322327,-0.131897,0.702454,up
443827,5.78125,2.050781,7.429687,0.416016,0.009766,1.363281,0.617676,0.32251,-0.132324,0.704956,up
443832,5.859375,2.089844,7.46875,0.416016,0.009766,1.363281,0.615295,0.322693,-0.132568,0.706909,up
443837,6.011719,2.125,7.324219,0.416016,0.009766,1.363281,0.612549,0.322815,-0.132935,0.709167,up
443842,6.050781,2.203125,7.285156,0.416016,0.009766,1.363281,0.612549,0.322815,-0.132935,0.709167,up
443847,6.050781,2.203125,7.246094,0.390625,0.033203,1.322266,0.607056,0.323059,-0.133606,0.713623,up
443852,6.011719,2.203125,7.359375,0.390625,0.033203,1.322266,0.604492,0.32312,-0.133911,0.715698,up
443858,5.859375,1.933594,7.402344,0.390625,0.033203,1.322266,0.601868,0.323181,-0.134277,0.717834,up
443863,5.820312,1.820313,7.511719,0.345703,0.035156,1.355469,0.599121,0.323181,-0.134644,0.720032,up
443868,5.742187,1.707031,7.585937,0.324219,0.041016,1.361328,0.596436,0.323181,-0.135071,0.722168,up
443873,5.820312,1.589844,7.707031,0.324219,0.041016,1.361328,0.593567,0.323181,-0.135559,0.724487,up
443879,5.703125,1.550781,7.785156,0.324219,0.041016,1.361328,0.591003,0.323181,-0.135986,0.726501,up
443884,5.742187,1.515625,7.816406,0.404297,0.007813,1.332031,0.588318,0.323242,-0.136353,0.728577,up
443890,5.820312,1.550781,7.851562,0.445312,-0.015625,1.310547,0.588318,0.323242,-0.136353,0.728577,up
443896,5.859375,1.589844,7.742187,0.445312,-0.015625,1.310547,0.588318,0.323242,-0.136353,0.728577,up
443901,5.742187,1.628906,7.703125,0.548828,-0.058594,1.28125,0.588318,0.323242,-0.136353,0.728577,up
443906,5.703125,1.707031,7.664062,0.662109,-0.107422,1.271484,0.588318,0.323242,-0.136353,0.728577,up
443911,5.78125,1.515625,7.589844,0.662109,-0.107422,1.271484,0.57428,0.325317,-0.137146,0.738647,up
443916,5.820312,1.4375,7.707031,0.662109,-0.107422,1.271484,0.57135,0.326111,-0.137085,0.74054,up
443921,5.898437,1.515625,7.628906,0.748047,-0.083984,1.265625,0.57135,0.326111,-0.137085,0.74054,up
443926,5.898437,1.515625,7.628906,0.748047,-0.083984,1.265625,0.565369,0.327759,-0.13678,0.744507,up
443931,6.011719,1.589844,7.589844,0.748047,-0.083984,1.265625,0.565369,0.327759,-0.13678,0.744507,up
443936,5.972656,1.628906,7.546875,0.753906,-0.037109,1.271484,0.565369,0.327759,-0.13678,0.744507,up
443941,5.972656,1.628906,7.546875,0.734375,0.021484,1.251953,0.556396,0.329773,-0.135803,0.750488,up
443946,5.972656,1.589844,7.472656,0.734375,0.021484,1.251953,0.553528,0.330261,-0.135437,0.752441,up
443951,6.050781,1.628906,7.46875,0.734375,0.021484,1.251953,0.550537,0.330688,-0.135071,0.754517,up
443957,6.089844,1.589844,7.511719,0.701172,0.132812,1.222656,0.550537,0.330688,-0.135071,0.754517,up
443962,6.125,1.589844,7.507812,0.701172,0.132812,1.222656,0.541931,0.331665,-0.133728,0.760559,up
443968,6.125,1.515625,7.511719,0.701172,0.132812,1.222656,0.539246,0.33197,-0.133118,0.762451,up
443973,6.125,1.515625,7.472656,0.763672,0.199219,1.175781,0.539246,0.33197,-0.133118,0.762451,up
443978,6.203125,1.515625,7.511719,0.785156,0.197266,1.162109,0.539246,0.33197,-0.133118,0.762451,up
443984,6.316406,1.515625,7.550781,0.785156,0.197266,1.162109,0.530762,0.332825,-0.130798,0.768372,up
443989,6.242187,1.550781,7.589844,0.855469,0.175781,1.150391,0.530762,0.332825,-0.130798,0.768372,up
443995,6.203125,1.550781,7.667969,0.894531,0.167969,1.152344,0.525024,0.333618,-0.128967,0.772278,up
444000,6.203125,1.589844,7.894531,0.894531,0.167969,1.152344,0.525024,0.333618,-0.128967,0.772278,up
444005,6.203125,1.589844,7.851562,0.894531,0.167969,1.152344,0.519104,0.334778,-0.126892,0.776123,up
444010,6.089844,1.589844,7.855469,0.974609,0.136719,1.164063,0.519104,0.334778,-0.126892,0.776123,up
444015,5.972656,1.476563,7.890625,0.96875,0.132812,1.167969,0.519104,0.334778,-0.126892,0.776123,up
444020,5.898437,1.515625,7.785156,0.96875,0.132812,1.167969,0.519104,0.334778,-0.126892,0.776123,up
444026,5.898437,1.476563,7.703125,0.96875,0.132812,1.167969,0.506897,0.33728,-0.122681,0.783752,up
444032,5.898437,1.4375,7.703125,0.847656,0.070312,1.164063,0.501038,0.33844,-0.121216,0.787231,up
444037,5.898437,1.476563,7.46875,0.847656,0.070312,1.164063,0.498169,0.338989,-0.120728,0.788879,up
444042,6.011719,1.398438,7.28125,0.642578,0.013672,1.166016,0.498169,0.338989,-0.120728,0.788879,up
444047,6.011719,1.4375,7.246094,0.642578,0.013672,1.166016,0.4953,0.339417,-0.120361,0.790527,up
444052,5.859375,1.359375,7.285156,0.59375,0.039063,1.162109,0.4953,0.339417,-0.120361,0.790527,up
444058,5.628906,1.09375,7.511719,0.59375,0.039063,1.162109,0.487061,0.340332,-0.119812,0.795349,up
444063,5.628906,1.09375,7.511719,0.492187,0.037109,1.183594,0.484253,0.340515,-0.119812,0.796997,up
444068,5.511719,1.054688,7.664062,0.501953,0.044922,1.183594,0.481079,0.340698,-0.119751,0.798828,up
444074,5.359375,0.863281,8.011719,0.501953,0.044922,1.183594,0.47876,0.340881,-0.119751,0.800171,up
444079,5.359375,0.746094,8.011719,0.525391,0.03125,1.167969,0.47876,0.340881,-0.119751,0.800171,up
444084,5.359375,0.746094,8.011719,0.542969,0.023437,1.167969,0.473206,0.341309,-0.119568,0.803284,up
444089,5.359375,0.746094,8.011719,0.558594,-0.005859,1.167969,0.470337,0.341614,-0.119446,0.804871,up
444094,5.285156,0.554687,8.089844,0.558594,-0.005859,1.167969,0.470337,0.341614,-0.119446,0.804871,up
444099,5.285156,0.210937,8.085938,0.599609,-0.013672,1.166016,0.470337,0.341614,-0.119446,0.804871,up
444104,5.285156,0.210937,8.085938,0.707031,-0.017578,1.164063,0.46167,0.342834,-0.118652,0.809448,up
444109,5.359375,-0.210937,8.046875,0.707031,-0.017578,1.164063,0.45874,0.343445,-0.118225,0.810974,up
444115,5.359375,-0.25,8.167969,0.900391,-0.056641,1.144531,0.45874,0.343445,-0.118225,0.810974,up
444120,5.285156,-0.324219,8.207031,1.046875,-0.099609,1.142578,0.45874,0.343445,-0.118225,0.810974,up
444125,5.207031,-0.363281,8.277344,1.201172,-0.152344,1.130859,0.45874,0.343445,-0.118225,0.810974,up
444132,5.128906,-0.210937,8.394531,1.201172,-0.152344,1.130859,0.45874,0.343445,-0.118225,0.810974,up
444137,5.09375,-0.019531,8.46875,1.724609,-0.410156,1.142578,0.45874,0.343445,-0.118225,0.810974,up
444142,4.976562,0.097656,8.429688,1.724609,-0.410156,1.142578,0.438293,0.351807,-0.110413,0.819702,up
444147,4.785156,0.136719,8.355469,1.863281,-0.521484,1.146484,0.438293,0.351807,-0.110413,0.819702,up
444152,4.785156,0.25,8.125,2.033203,-0.748047,1.158203,0.438293,0.351807,-0.110413,0.819702,up
444157,4.671875,0.480469,7.816406,2.033203,-0.748047,1.158203,0.425354,0.360901,-0.103516,0.823486,up
444162,4.671875,0.710937,7.585937,2.035156,-0.984375,1.173828,0.420776,0.364502,-0.101135,0.824524,up
444168,4.824219,0.976562,7.242187,2.035156,-0.984375,1.173828,0.412292,0.371765,-0.097229,0.82605,up
444173,4.902344,0.976562,7.207031,1.839844,-1.126953,1.152344,0.407471,0.376099,-0.095337,0.826721,up
444178,4.824219,1.054688,7.472656,1.839844,-1.126953,1.152344,0.403015,0.380188,-0.093872,0.827148,up
444184,4.976562,0.710937,7.667969,1.839844,-1.126953,1.152344,0.399292,0.383728,-0.092896,0.827454,up
444189,4.9375,0.363281,7.746094,1.570313,-1.335938,1.158203,0.394958,0.387878,-0.09198,0.827698,up
444195,4.976562,-0.019531,7.746094,1.501953,-1.357422,1.175781,0.394958,0.387878,-0.09198,0.827698,up
444200,5.09375,-0.363281,7.628906,1.501953,-1.357422,1.175781,0.386658,0.395874,-0.090698,0.828003,up
444205,5.09375,-0.363281,7.628906,1.486328,-1.380859,1.199219,0.382324,0.399963,-0.090149,0.828125,up
444210,5.09375,-0.363281,7.628906,1.505859,-1.460938,1.234375,0.378052,0.403992,-0.0896,0.828125,up
444215,5.207031,-0.285156,7.816406,1.505859,-1.460938,1.234375,0.373474,0.408447,-0.089172,0.828125,up
444220,5.207031,-0.441406,8.316406,1.505859,-1.460938,1.234375,0.373474,0.408447,-0.089172,0.828125,up
444225,5.207031,-0.441406,8.316406,1.824219,-1.851563,1.320313,0.363953,0.418091,-0.088074,0.827637,up
444232,5.4375,-0.476562,7.855469,1.824219,-1.851563,1.320313,0.363953,0.418091,-0.088074,0.827637,up
444237,5.476562,-0.25,7.429687,2.326172,-1.839844,1.333984,0.352844,0.429321,-0.085571,0.826965,up
444242,5.667969,0.058594,6.976562,2.681641,-1.978516,1.308594,0.347595,0.43457,-0.08374,0.82666,up
444247,5.78125,0.554687,6.59375,2.681641,-1.978516,1.308594,0.335449,0.446838,-0.079041,0.825562,up
444252,6.246094,1.359375,5.980469,2.681641,-1.978516,1.308594,0.335449,0.446838,-0.079041,0.825562,up
444257,6.628906,1.707031,5.75,2.720703,-2.232422,1.167969,0.328918,0.453735,-0.076355,0.824646,up
444262,6.96875,2.011719,5.597656,2.720703,-2.232422,1.167969,0.322693,0.460571,-0.07373,0.823608,up
444267,7.316406,2.164063,5.480469,2.363281,-2.052734,0.972656,0.317444,0.466492,-0.071594,0.822449,up
444272,7.582031,2.164063,5.25,2.363281,-2.052734,0.972656,0.311768,0.473022,-0.069275,0.821106,up
444277,7.773437,1.972656,5.175781,1.814453,-1.744141,0.794922,0.307251,0.47821,-0.067505,0.819946,up
444282,7.851562,1.78125,5.058594,1.814453,-1.744141,0.794922,0.302429,0.483887,-0.065674,0.818604,up
444287,7.851562,1.78125,5.058594,1.419922,-1.613281,0.75,0.29895,0.488037,-0.064636,0.817505,up
444292,7.773437,1.324219,4.945312,0.964844,-1.539063,0.732422,0.29895,0.488037,-0.064636,0.817505,up
444297,7.773437,1.324219,4.945312,0.507812,-1.492188,0.730469,0.293091,0.495544,-0.06488,0.815063,up
444302,7.882812,1.015625,4.753906,0.507812,-1.492188,0.730469,0.291077,0.498596,-0.066284,0.813782,up
444307,7.882812,1.015625,4.753906,-0.279297,-1.46875,0.75,0.28949,0.501343,-0.068481,0.8125,up
444312,8.082031,0.402344,4.984375,-0.279297,-1.46875,0.75,0.288147,0.504028,-0.071289,0.811096,up
444318,8.238281,0.289063,5.023437,-0.365234,-1.46875,0.691406,0.288147,0.504028,-0.071289,0.811096,up
444323,8.238281,0.289063,5.023437,-0.117188,-1.417969,0.623047,0.284607,0.511719,-0.07959,0.806702,up
444329,8.804688,0.480469,4.253906,-0.117188,-1.417969,0.623047,0.283203,0.514465,-0.081238,0.805359,up
444334,8.804688,0.554687,4.027344,0.507812,-1.388672,0.441406,0.283203,0.514465,-0.081238,0.805359,up
444339,9.0,0.710937,3.71875,0.78125,-1.378906,0.363281,0.279602,0.520569,-0.082397,0.802551,up
444344,9.113281,0.824219,3.566406,1.005859,-1.386719,0.267578,0.277527,0.523865,-0.082031,0.801147,up
444350,9.496094,1.054688,3.296875,1.005859,-1.386719,0.267578,0.275391,0.527405,-0.081116,0.799622,up
444355,9.648438,1.09375,3.105469,1.197266,-1.351563,0.130859,0.275391,0.527405,-0.081116,0.799622,up
444361,9.769531,1.207031,2.992188,1.197266,-1.351563,0.130859,0.270996,0.534729,-0.078491,0.796509,up
444367,9.804688,1.476563,2.839844,1.197266,-1.351563,0.130859,0.267761,0.540405,-0.076172,0.794006,up
444372,9.804688,1.550781,2.875,1.197266,-1.351563,0.130859,0.267761,0.540405,-0.076172,0.794006,up
444377,9.691406,1.550781,2.914063,0.763672,-0.964844,0.027344,0.265259,0.545288,-0.074524,0.791687,up
444382,9.691406,1.550781,3.03125,0.763672,-0.964844,0.027344,0.265259,0.545288,-0.074524,0.791687,up
444387,9.609375,1.550781,3.03125,0.763672,-0.964844,0.027344,0.264343,0.547241,-0.074036,0.790649,up
444393,9.535156,1.589844,2.992188,0.279297,-0.626953,0.011719,0.263306,0.550171,-0.073792,0.789001,up
444398,9.34375,1.589844,2.800781,0.279297,-0.626953,0.011719,0.263062,0.55127,-0.073792,0.78833,up
444403,9.347656,1.550781,2.875,0.130859,-0.478516,-0.052734,0.262939,0.552307,-0.073792,0.787659,up
444408,9.347656,1.550781,2.953125,0.177734,-0.472656,-0.068359,0.262939,0.552307,-0.073792,0.787659,up
444413,9.269531,1.515625,3.105469,0.177734,-0.472656,-0.068359,0.262756,0.553406,-0.07373,0.786926,up
444419,9.265625,1.667969,3.105469,0.177734,-0.472656,-0.068359,0.262329,0.555542,-0.07312,0.785645,up
444424,9.265625,1.667969,3.105469,0.177734,-0.472656,-0.068359,0.262329,0.555542,-0.07312,0.785645,up
444430,9.265625,1.78125,3.183594,0.447266,-0.472656,-0.119141,0.261414,0.558044,-0.071655,0.784302,up
444435,9.34375,2.011719,3.335938,0.447266,-0.472656,-0.119141,0.261414,0.558044,-0.071655,0.784302,up
444440,9.34375,2.011719,3.335938,0.447266,-0.472656,-0.119141,0.261414,0.558044,-0.071655,0.784302,up
444446,9.652344,2.242188,3.296875,0.552734,-0.429687,-0.134766,0.260254,0.560547,-0.069763,0.78302,up
444452,9.691406,2.28125,3.144531,0.427734,-0.371094,-0.134766,0.260254,0.560547,-0.069763,0.78302,up
444457,9.730469,2.28125,3.144531,0.427734,-0.371094,-0.134766,0.258972,0.563782,-0.067322,0.781372,up
444462,9.765625,2.242188,3.183594,0.214844,-0.332031,-0.126953,0.258972,0.563782,-0.067322,0.781372,up
444468,9.847656,2.242188,3.144531,0.101563,-0.302734,-0.128906,0.258972,0.56604,-0.066467,0.779785,up
444473,9.957031,2.050781,3.066406,0.101563,-0.302734,-0.128906,0.259277,0.566589,-0.066528,0.779297,up
444478,9.992188,2.011719,3.105469,0.101563,-0.302734,-0.128906,0.259277,0.566589,-0.066528,0.779297,up
444483,9.996094,2.011719,3.144531,-0.078125,-0.160156,-0.171875,0.259277,0.566589,-0.066528,0.779297,up
444488,9.953125,1.933594,3.183594,-0.078125,-0.160156,-0.171875,0.260498,0.567566,-0.066711,0.778198,up
444493,9.613281,1.820313,3.644531,-0.078125,-0.160156,-0.171875,0.260498,0.567566,-0.066711,0.778198,up
444498,9.496094,1.742188,3.796875,0.064453,-0.101563,-0.210937,0.260986,0.567871,-0.066528,0.777832,up
444503,9.382813,1.707031,3.835938,0.064453,-0.101563,-0.210937,0.261658,0.56842,-0.065857,0.777222,up
444508,9.269531,1.667969,3.871094,0.064453,-0.101563,-0.210937,0.261841,0.568787,-0.06543,0.776917,up
444513,9.265625,1.78125,3.871094,0.064453,-0.101563,-0.210937,0.261841,0.568787,-0.06543,0.776917,up
444518,9.265625,1.898438,3.835938,0.265625,-0.248047,-0.212891,0.261841,0.568787,-0.06543,0.776917,up
444523,9.265625,2.125,3.644531,0.265625,-0.248047,-0.212891,0.262024,0.570679,-0.063538,0.775635,up
444528,9.34375,2.203125,3.566406,0.265625,-0.248047,-0.212891,0.262024,0.571472,-0.062927,0.775085,up
444533,9.460938,2.316406,3.453125,0.265625,-0.248047,-0.212891,0.262024,0.571472,-0.062927,0.775085,up
444538,9.492188,2.433594,3.335938,0.310547,-0.332031,-0.195312,0.261902,0.573242,-0.061646,0.773926,up
444543,9.535156,2.546875,3.257813,0.304688,-0.308594,-0.175781,0.261902,0.573242,-0.061646,0.773926,up
444548,9.574219,2.703125,3.183594,0.304688,-0.308594,-0.175781,0.26178,0.574097,-0.061035,0.773437,up
444553,9.53125,2.738281,3.183594,0.257813,-0.251953,-0.158203,0.26178,0.574097,-0.061035,0.773437,up
444559,9.421875,2.777344,3.03125,0.257813,-0.251953,-0.158203,0.261536,0.576294,-0.059326,0.772034,up
444565,9.421875,2.777344,3.03125,0.257813,-0.251953,-0.158203,0.261597,0.576721,-0.05896,0.771667,up
444570,9.464844,2.777344,3.03125,0.070312,-0.158203,-0.140625,0.261719,0.577148,-0.058655,0.771301,up
444575,9.347656,2.816406,3.066406,-0.005859,-0.123047,-0.132812,0.261719,0.577148,-0.058655,0.771301,up
444580,9.269531,2.777344,3.066406,-0.005859,-0.123047,-0.132812,0.262268,0.577637,-0.058472,0.770752,up
444585,9.1875,2.738281,3.066406,-0.128906,-0.101563,-0.128906,0.262695,0.57782,-0.058594,0.770508,up
444591,9.039063,2.664063,3.105469,-0.173828,-0.115234,-0.119141,0.262695,0.57782,-0.058594,0.770508,up
444596,9.0,2.433594,3.066406,-0.191406,-0.138672,-0.097656,0.262695,0.57782,-0.058594,0.770508,up
444601,8.960938,2.433594,3.066406,-0.185547,-0.169922,-0.087891,0.26416,0.578247,-0.059448,0.769592,up
444607,9.042969,2.355469,3.066406,-0.144531,-0.205078,-0.0625,0.26416,0.578247,-0.059448,0.769592,up
444613,9.386719,2.28125,3.03125,-0.09375,-0.216797,-0.054687,0.26416,0.578247,-0.059448,0.769592,up
444618,9.460938,2.203125,3.105469,-0.09375,-0.216797,-0.054687,0.265076,0.579712,-0.060425,0.768127,up
444623,9.382813,2.203125,3.066406,0.136719,-0.185547,-0.060547,0.265076,0.579712,-0.060425,0.768127,up
444628,9.265625,2.203125,2.953125,0.136719,-0.185547,-0.060547,0.265015,0.580139,-0.060303,0.767822,up
444633,9.265625,2.28125,2.875,0.201172,-0.171875,-0.078125,0.265015,0.580139,-0.060303,0.767822,up
444638,9.308594,2.355469,2.875,0.201172,-0.171875,-0.078125,0.264771,0.581055,-0.059631,0.767273,up
444643,9.269531,2.433594,2.839844,0.273438,-0.164062,-0.113281,0.264771,0.581055,-0.059631,0.767273,up
444649,9.308594,2.511719,2.800781,0.269531,-0.140625,-0.132812,0.264771,0.581055,-0.059631,0.767273,up
444655,9.226563,2.546875,2.800781,0.269531,-0.140625,-0.132812,0.264282,0.582886,-0.057373,0.766235,up
444660,9.230469,2.546875,2.761719,0.228516,-0.0625,-0.160156,0.264282,0.583191,-0.056763,0.766052,up
444665,9.1875,2.585938,2.761719,0.203125,-0.035156,-0.154297,0.264282,0.583496,-0.056152,0.765869,up
444670,9.1875,2.625,2.761719,0.203125,-0.035156,-0.154297,0.264343,0.583679,-0.055542,0.765747,up
444677,9.226563,2.664063,2.722656,0.203125,-0.035156,-0.154297,0.264343,0.583679,-0.055542,0.765747,up
444683,9.1875,2.664063,2.722656,0.113281,0.001953,-0.132812,0.264343,0.583679,-0.055542,0.765747,up
444688,9.109375,2.511719,2.761719,0.09375,0.001953,-0.128906,0.264343,0.583679,-0.055542,0.765747,up
444693,9.113281,2.511719,2.800781,0.09375,0.001953,-0.128906,0.264832,0.584045,-0.054016,0.765442,up
444698,9.070313,2.472656,2.800781,0.099609,0.029297,-0.125,0.264832,0.584045,-0.054016,0.765442,up
444703,9.039063,2.472656,2.800781,0.099609,0.029297,-0.125,0.265137,0.584106,-0.053284,0.765259,up
444709,9.003906,2.394531,2.992188,0.099609,0.029297,-0.125,0.26532,0.584229,-0.052612,0.765198,up
444714,8.964844,2.316406,3.066406,0.111328,0.017578,-0.113281,0.265442,0.58429,-0.052246,0.765137,up
444719,8.964844,2.28125,3.03125,0.121094,0.021484,-0.111328,0.265503,0.584351,-0.051819,0.765076,up
444725,8.964844,2.242188,2.914063,0.121094,0.021484,-0.111328,0.265564,0.584412,-0.051453,0.765076,up
444730,9.074219,2.28125,2.875,0.121094,0.021484,-0.111328,0.265625,0.584473,-0.051025,0.765015,up
444735,9.152344,2.316406,2.800781,0.134766,0.044922,-0.126953,0.265625,0.584473,-0.051025,0.765015,up
444740,9.152344,2.355469,2.800781,0.136719,0.068359,-0.134766,0.265625,0.584473,-0.051025,0.765015,up
444746,9.039063,2.433594,2.761719,0.136719,0.068359,-0.134766,0.26593,0.584412,-0.049683,0.765015,up
444751,8.960938,2.433594,2.761719,0.140625,0.140625,-0.154297,0.26593,0.584412,-0.049683,0.765015,up
444757,8.847656,2.472656,2.761719,0.126953,0.167969,-0.160156,0.26593,0.584412,-0.049683,0.765015,up
444762,8.617188,2.433594,2.761719,0.126953,0.167969,-0.160156,0.26593,0.584412,-0.049683,0.765015,up
444767,8.582031,2.433594,2.800781,0.126953,0.167969,-0.160156,0.266663,0.583557,-0.047424,0.765564,up
444773,8.582031,2.394531,2.953125,-0.007813,0.189453,-0.203125,0.266663,0.583557,-0.047424,0.765564,up
444778,8.621094,2.394531,2.992188,-0.007813,0.189453,-0.203125,0.267456,0.582947,-0.04657,0.765808,up
444783,8.726563,2.355469,2.992188,-0.078125,0.193359,-0.208984,0.267944,0.582581,-0.046204,0.76593,up
444788,8.808594,2.394531,3.066406,-0.078125,0.193359,-0.208984,0.268494,0.582153,-0.045959,0.766052,up
444794,8.964844,2.394531,3.144531,-0.091797,0.177734,-0.205078,0.268494,0.582153,-0.045959,0.766052,up
444800,9.042969,2.546875,3.105469,-0.091797,0.177734,-0.205078,0.270264,0.580994,-0.045288,0.766418,up
444805,9.042969,2.546875,3.105469,-0.091797,0.173828,-0.171875,0.270813,0.580627,-0.045105,0.766479,up
444810,9.109375,2.703125,3.183594,-0.091797,0.173828,-0.171875,0.271301,0.5802,-0.044983,0.766663,up
444815,9.113281,2.738281,3.105469,-0.091797,0.173828,-0.171875,0.27179,0.579773,-0.0448,0.766785,up
444820,9.0,2.703125,3.222656,-0.091797,0.173828,-0.171875,0.27179,0.579773,-0.0448,0.766785,up
444826,9.042969,2.664063,3.257813,-0.048828,0.144531,-0.126953,0.272583,0.579102,-0.044434,0.767029,up
444831,9.042969,2.625,3.375,-0.013672,0.136719,-0.128906,0.272583,0.579102,-0.044434,0.767029,up
444836,9.074219,2.703125,3.488281,0.029297,0.138672,-0.132812,0.272583,0.579102,-0.044434,0.767029,up
444842,9.113281,2.777344,3.605469,0.083984,0.117188,-0.138672,0.272583,0.579102,-0.044434,0.767029,up
444847,9.191406,2.816406,3.566406,0.134766,0.113281,-0.146484,0.272583,0.579102,-0.044434,0.767029,up
444853,9.152344,2.929688,3.644531,0.173828,0.134766,-0.167969,0.272583,0.579102,-0.044434,0.767029,up
444858,9.152344,3.007813,3.679688,0.230469,0.140625,-0.171875,0.272583,0.579102,-0.044434,0.767029,up
444863,9.109375,3.085938,3.757813,0.273438,0.136719,-0.193359,0.272583,0.579102,-0.044434,0.767029,up
444869,9.074219,3.199219,3.796875,0.306641,0.117188,-0.199219,0.272583,0.579102,-0.044434,0.767029,up
444874,9.003906,3.277344,3.835938,0.3125,0.119141,-0.201172,0.273865,0.577942,-0.039124,0.767761,up
444879,8.960938,3.277344,3.796875,0.3125,0.119141,-0.201172,0.273865,0.577942,-0.03717,0.767883,up
444884,8.882813,3.238281,3.796875,0.3125,0.119141,-0.201172,0.273926,0.577881,-0.036438,0.767883,up
444889,8.886719,3.238281,3.757813,0.232422,0.089844,-0.189453,0.273987,0.577881,-0.035645,0.767944,up
444894,8.730469,3.199219,3.679688,0.232422,0.089844,-0.189453,0.273987,0.577881,-0.035645,0.767944,up
444899,8.691406,3.121094,3.644531,0.199219,0.046875,-0.173828,0.273987,0.577881,-0.035645,0.767944,up
444904,8.730469,3.160156,3.644531,0.199219,0.046875,-0.173828,0.274231,0.578003,-0.033569,0.767822,up
444909,8.6875,3.160156,3.605469,0.199219,0.046875,-0.173828,0.274292,0.578125,-0.032959,0.767761,up
444914,8.765625,3.199219,3.605469,0.199219,0.046875,-0.173828,0.274292,0.578125,-0.032959,0.767761,up
444919,8.730469,3.199219,3.679688,0.191406,-0.029297,-0.125,0.274292,0.578125,-0.032959,0.767761,up
444924,8.6875,3.199219,3.835938,0.191406,-0.029297,-0.125,0.274353,0.578613,-0.031433,0.767456,up
444929,8.539063,3.199219,3.871094,0.191406,-0.029297,-0.125,0.274292,0.578857,-0.030945,0.767273,up
444934,8.425781,3.046875,4.0625,0.175781,-0.117188,-0.111328,0.274292,0.578857,-0.030945,0.767273,up
444939,8.382813,2.855469,4.101562,0.175781,-0.117188,-0.111328,0.274292,0.579224,-0.030518,0.767029,up
444944,8.386719,2.738281,4.101562,0.175781,-0.117188,-0.111328,0.274231,0.580017,-0.029846,0.766479,up
444949,8.464844,2.664063,4.101562,0.175781,-0.117188,-0.111328,0.274292,0.580444,-0.029602,0.766113,up
444954,8.503906,2.585938,4.0625,0.175781,-0.117188,-0.111328,0.274292,0.580444,-0.029602,0.766113,up
444959,8.539063,2.546875,3.871094,0.083984,-0.199219,-0.115234,0.274292,0.580444,-0.029602,0.766113,up
444964,8.539063,2.511719,3.757813,0.083984,-0.199219,-0.115234,0.27478,0.581787,-0.029114,0.764954,up
444969,8.539063,2.472656,3.757813,0.083984,-0.199219,-0.115234,0.27478,0.581787,-0.029114,0.764954,up
444974,8.542969,2.472656,3.605469,0.064453,-0.167969,-0.207031,0.27478,0.581787,-0.029114,0.764954,up
444979,8.691406,2.585938,3.375,0.064453,-0.167969,-0.207031,0.275696,0.583008,-0.028259,0.763733,up
444984,8.691406,2.664063,3.527344,0.064453,-0.167969,-0.207031,0.275696,0.583008,-0.028259,0.763733,up
444989,8.660156,2.625,3.527344,0.09375,-0.068359,-0.275391,0.275696,0.583008,-0.028259,0.763733,up
444995,8.621094,2.664063,3.453125,0.09375,-0.068359,-0.275391,0.276855,0.583801,-0.026917,0.762756,up
445001,8.730469,2.664063,3.757813,0.09375,-0.068359,-0.275391,0.277283,0.583984,-0.026367,0.762451,up
445007,8.765625,2.664063,3.910156,0.076172,-0.025391,-0.324219,0.277832,0.584167,-0.025696,0.762146,up
445012,8.808594,2.664063,3.949219,0.042969,-0.001953,-0.330078,0.277832,0.584167,-0.025696,0.762146,up
445018,8.765625,2.738281,4.027344,0.042969,-0.001953,-0.330078,0.277832,0.584167,-0.025696,0.762146,up
445024,8.847656,2.777344,4.101562,0.013672,-0.003906,-0.337891,0.277832,0.584167,-0.025696,0.762146,up
445029,8.84375,2.816406,4.101562,-0.025391,0.0,-0.337891,0.277832,0.584167,-0.025696,0.762146,up
445034,8.925781,2.894531,4.140625,-0.025391,0.0,-0.337891,0.281799,0.584351,-0.022766,0.760681,up
445039,9.042969,2.929688,4.179687,-0.025391,0.0,-0.337891,0.281799,0.584351,-0.022766,0.760681,up
445044,9.070313,3.007813,4.179687,-0.03125,-0.003906,-0.322266,0.281799,0.584351,-0.022766,0.760681,up
445050,9.1875,3.046875,4.0625,-0.03125,-0.003906,-0.322266,0.283813,0.584351,-0.021606,0.759949,up
445055,9.265625,3.085938,4.027344,-0.019531,-0.009766,-0.335938,0.284546,0.584351,-0.021179,0.759705,up
445060,9.347656,3.085938,4.0625,-0.009766,-0.015625,-0.339844,0.285217,0.584351,-0.020752,0.759399,up
445066,9.496094,3.160156,4.140625,-0.009766,-0.015625,-0.339844,0.285828,0.584412,-0.020325,0.759155,up
445071,9.535156,3.199219,4.21875,-0.009766,-0.015625,-0.339844,0.28656,0.584473,-0.019897,0.758911,up
445076,9.53125,3.277344,4.21875,-0.023437,-0.035156,-0.353516,0.28656,0.584473,-0.019897,0.758911,up
445083,9.535156,3.277344,4.179687,-0.044922,-0.041016,-0.363281,0.28656,0.584473,-0.019897,0.758911,up
445088,9.53125,3.277344,4.101562,-0.072266,-0.050781,-0.371094,0.28656,0.584473,-0.019897,0.758911,up
445094,9.53125,3.351563,4.0625,-0.136719,-0.083984,-0.361328,0.28656,0.584473,-0.019897,0.758911,up
445099,9.496094,3.390625,4.027344,-0.136719,-0.083984,-0.361328,0.290588,0.584778,-0.018066,0.757141,up
445104,9.464844,3.390625,3.949219,-0.183594,-0.117188,-0.361328,0.290588,0.584778,-0.018066,0.757141,up
445110,9.425781,3.390625,3.871094,-0.183594,-0.117188,-0.361328,0.29248,0.584961,-0.017822,0.756287,up
445115,9.34375,3.429688,3.757813,-0.201172,-0.154297,-0.357422,0.294495,0.585205,-0.017761,0.75531,up
445120,9.304688,3.351563,3.71875,-0.201172,-0.154297,-0.357422,0.29541,0.585327,-0.0177,0.754822,up
445125,9.304688,3.390625,3.605469,-0.164062,-0.154297,-0.349609,0.296387,0.58551,-0.017639,0.754333,up
445130,9.34375,3.429688,3.488281,-0.164062,-0.154297,-0.349609,0.297241,0.585693,-0.017578,0.753845,up
445135,9.304688,3.46875,3.335938,-0.105469,-0.132812,-0.347656,0.298157,0.585876,-0.017395,0.753357,up
445140,9.347656,3.46875,3.375,-0.105469,-0.132812,-0.347656,0.29895,0.58606,-0.017151,0.752869,up
445145,9.304688,3.507813,3.335938,-0.105469,-0.132812,-0.347656,0.29895,0.58606,-0.017151,0.752869,up
445150,9.304688,3.507813,3.335938,-0.035156,-0.111328,-0.347656,0.299683,0.586304,-0.016846,0.752441,up
445155,9.347656,3.582031,3.257813,-0.007813,-0.087891,-0.34375,0.299683,0.586304,-0.016846,0.752441,up
445160,9.304688,3.734375,3.105469,0.009766,-0.074219,-0.351563,0.299683,0.586304,-0.016846,0.752441,up
445165,9.304688,3.734375,3.105469,0.011719,-0.068359,-0.341797,0.301697,0.586792,-0.015564,0.751282,up
445171,9.070313,3.890625,2.914063,0.011719,-0.068359,-0.341797,0.302979,0.587036,-0.014709,0.75061,up
445176,9.074219,3.964844,2.953125,0.011719,-0.068359,-0.341797,0.30365,0.587097,-0.014343,0.750244,up
445181,9.003906,4.003906,2.953125,0.011719,-0.068359,-0.341797,0.30365,0.587097,-0.014343,0.750244,up
445186,9.003906,4.003906,2.953125,-0.105469,-0.039063,-0.261719,0.30365,0.587097,-0.014343,0.750244,up
445192,9.003906,4.003906,2.914063,-0.105469,-0.039063,-0.261719,0.305603,0.587158,-0.013855,0.74939,up
445197,8.964844,4.003906,2.914063,-0.105469,-0.039063,-0.261719,0.306335,0.587097,-0.013855,0.749207,up
445202,9.0,3.925781,2.953125,-0.21875,-0.005859,-0.195312,0.306335,0.587097,-0.013855,0.749207,up
445207,9.070313,3.925781,2.992188,-0.248047,0.013672,-0.193359,0.306335,0.587097,-0.013855,0.749207,up
445212,9.109375,3.890625,3.105469,-0.257813,0.033203,-0.167969,0.306335,0.587097,-0.013855,0.749207,up
445218,9.113281,3.773438,3.183594,-0.257813,0.033203,-0.167969,0.306335,0.587097,-0.013855,0.749207,up
445223,9.152344,3.773438,3.183594,-0.257813,0.033203,-0.167969,0.309998,0.585937,-0.014771,0.748596,up
445228,9.070313,3.699219,3.375,-0.287109,0.095703,-0.148437,0.309998,0.585937,-0.014771,0.748596,up
445233,9.003906,3.660156,3.414063,-0.291016,0.115234,-0.140625,0.309998,0.585937,-0.014771,0.748596,up
445238,8.964844,3.621094,3.453125,-0.291016,0.115234,-0.140625,0.312195,0.584656,-0.015564,0.748657,up
445243,8.886719,3.582031,3.414063,-0.28125,0.105469,-0.146484,0.312195,0.584656,-0.015564,0.748657,up
445248,8.847656,3.507813,3.488281,-0.267578,0.083984,-0.146484,0.312195,0.584656,-0.015564,0.748657,up
445253,8.808594,3.507813,3.605469,-0.267578,0.083984,-0.146484,0.312195,0.584656,-0.015564,0.748657,up
445259,8.84375,3.507813,3.566406,-0.267578,0.083984,-0.146484,0.314941,0.583252,-0.016479,0.748596,up
445264,8.847656,3.542969,3.527344,-0.177734,-0.005859,-0.138672,0.314941,0.583252,-0.016479,0.748596,up
445269,8.84375,3.542969,3.566406,-0.177734,-0.005859,-0.138672,0.31604,0.582886,-0.016907,0.748352,up
445274,8.84375,3.621094,3.679688,-0.177734,-0.005859,-0.138672,0.316589,0.582825,-0.017029,0.74823,up
445280,8.847656,3.660156,3.644531,-0.107422,-0.027344,-0.138672,0.316589,0.582825,-0.017029,0.74823,up
445285,8.726563,3.621094,3.605469,-0.107422,-0.027344,-0.138672,0.317993,0.582703,-0.017212,0.747681,up
445291,8.726563,3.582031,3.605469,-0.107422,-0.027344,-0.138672,0.318481,0.582703,-0.017273,0.747498,up
445296,8.730469,3.582031,3.644531,-0.144531,-0.070312,-0.144531,0.31897,0.582703,-0.017395,0.747253,up
445301,8.6875,3.542969,3.605469,-0.164062,-0.072266,-0.146484,0.31897,0.582703,-0.017395,0.747253,up
445306,8.726563,3.542969,3.566406,-0.164062,-0.072266,-0.146484,0.320007,0.582703,-0.017761,0.746826,up
445312,8.730469,3.46875,3.453125,-0.164062,-0.072266,-0.146484,0.320618,0.582703,-0.018005,0.746521,up
445317,8.765625,3.46875,3.453125,-0.210937,-0.076172,-0.152344,0.320618,0.582703,-0.018005,0.746521,up
445323,8.804688,3.46875,3.375,-0.210937,-0.076172,-0.152344,0.321899,0.582642,-0.018494,0.746033,up
445329,8.765625,3.507813,3.257813,-0.210937,-0.076172,-0.152344,0.322449,0.582642,-0.018677,0.745789,up
445335,8.769531,3.507813,3.222656,-0.177734,-0.0625,-0.167969,0.322449,0.582642,-0.018677,0.745789,up
445340,8.765625,3.507813,3.144531,-0.177734,-0.0625,-0.167969,0.32428,0.582581,-0.019165,0.745056,up
445345,8.730469,3.507813,3.144531,-0.177734,-0.0625,-0.167969,0.324829,0.582581,-0.019226,0.744812,up
445350,8.726563,3.542969,3.105469,-0.177734,-0.0625,-0.167969,0.324829,0.582581,-0.019226,0.744812,up
445355,8.691406,3.542969,3.144531,-0.142578,-0.044922,-0.191406,0.324829,0.582581,-0.019226,0.744812,up
445361,8.691406,3.582031,3.144531,-0.142578,-0.044922,-0.191406,0.326599,0.582458,-0.019409,0.74408,up
445366,8.691406,3.582031,3.144531,-0.167969,-0.037109,-0.199219,0.327271,0.582458,-0.019409,0.743835,up
445371,8.730469,3.621094,3.183594,-0.183594,-0.039063,-0.201172,0.327942,0.582336,-0.019531,0.743591,up
445377,8.730469,3.582031,3.183594,-0.183594,-0.039063,-0.201172,0.328552,0.582275,-0.019592,0.743408,up
445382,8.730469,3.582031,3.183594,-0.203125,-0.029297,-0.199219,0.328552,0.582275,-0.019592,0.743408,up
445387,8.726563,3.582031,3.222656,-0.207031,-0.027344,-0.191406,0.329956,0.582031,-0.019897,0.74292,up
445393,8.691406,3.621094,3.183594,-0.207031,-0.027344,-0.191406,0.330688,0.581909,-0.02002,0.742676,up
445398,8.6875,3.621094,3.222656,-0.177734,-0.033203,-0.181641,0.330688,0.581909,-0.02002,0.742676,up
445403,8.660156,3.660156,3.257813,-0.175781,-0.035156,-0.181641,0.330688,0.581909,-0.02002,0.742676,up
445408,8.65625,3.699219,3.144531,-0.150391,-0.033203,-0.171875,0.330688,0.581909,-0.02002,0.742676,up
445413,8.691406,3.8125,3.144531,-0.128906,-0.029297,-0.183594,0.330688,0.581909,-0.02002,0.742676,up
445418,8.691406,3.851563,3.144531,-0.128906,-0.029297,-0.183594,0.333557,0.581604,-0.020325,0.741638,up
445423,8.6875,3.890625,3.144531,-0.099609,-0.025391,-0.185547,0.333557,0.581604,-0.020325,0.741638,up
445428,8.691406,3.925781,3.105469,-0.101563,-0.009766,-0.191406,0.333557,0.581604,-0.020325,0.741638,up
445433,8.691406,3.964844,3.183594,-0.101563,-0.009766,-0.191406,0.333557,0.581604,-0.020325,0.741638,up
445439,8.730469,3.964844,3.183594,-0.101563,-0.009766,-0.191406,0.335693,0.58136,-0.020142,0.740906,up
445445,8.730469,4.003906,3.183594,-0.164062,0.027344,-0.169922,0.335693,0.58136,-0.020142,0.740906,up
445450,8.6875,3.964844,3.222656,-0.185547,0.048828,-0.158203,0.337463,0.580688,-0.020325,0.740601,up
445455,8.65625,3.964844,3.296875,-0.185547,0.048828,-0.158203,0.337463,0.580688,-0.020325,0.740601,up
445460,8.582031,4.003906,3.335938,-0.230469,0.09375,-0.130859,0.337463,0.580688,-0.020325,0.740601,up
445465,8.542969,3.964844,3.375,-0.230469,0.09375,-0.130859,0.339294,0.579651,-0.020813,0.740601,up
445470,8.425781,3.925781,3.375,-0.230469,0.09375,-0.130859,0.339844,0.579285,-0.020935,0.740601,up
445475,8.382813,3.890625,3.453125,-0.230469,0.09375,-0.130859,0.339844,0.579285,-0.020935,0.740601,up
445480,8.382813,3.890625,3.527344,-0.183594,0.064453,-0.144531,0.339844,0.579285,-0.020935,0.740601,up
445485,8.425781,3.890625,3.527344,-0.183594,0.064453,-0.144531,0.341614,0.57843,-0.02124,0.740479,up
445490,8.464844,3.851563,3.644531,-0.183594,0.064453,-0.144531,0.342102,0.578186,-0.021301,0.740417,up
