timestamp,ax,ay,az,gx,gy,gz,qw,qx,qy,qz,label
386149,2.257813,8.945313,3.910156,0.181641,-0.097656,-0.099609,0.81311,0.535706,0.017395,0.227051,up
386154,2.296875,8.945313,3.949219,0.201172,-0.078125,-0.09375,0.81311,0.535706,0.017395,0.227051,up
386159,2.296875,8.984375,3.871094,0.189453,-0.070312,-0.085937,0.81311,0.535706,0.017395,0.227051,up
386165,2.332031,9.027344,3.835938,0.189453,-0.070312,-0.085937,0.812317,0.537415,0.017822,0.226013,up
386170,2.371094,9.054688,3.835938,0.142578,0.0,-0.068359,0.812134,0.53772,0.018005,0.22583,up
386175,2.410156,9.027344,3.757813,0.142578,0.027344,-0.078125,0.811951,0.537964,0.01825,0.225708,up
386180,2.371094,9.027344,3.757813,0.142578,0.027344,-0.078125,0.811829,0.538269,0.018555,0.225586,up
386185,2.332031,9.054688,3.757813,0.142578,0.027344,-0.078125,0.811707,0.538452,0.018799,0.225525,up
386190,2.296875,8.988281,3.796875,0.105469,0.09375,-0.085937,0.811584,0.538696,0.019226,0.225464,up
386196,2.179688,8.984375,3.835938,0.105469,0.09375,-0.085937,0.811462,0.538818,0.019592,0.225464,up
386201,2.105469,8.984375,3.835938,0.105469,0.09375,-0.085937,0.811401,0.53894,0.019958,0.225403,up
386206,2.066406,8.945313,3.796875,0.050781,0.125,-0.087891,0.811401,0.53894,0.019958,0.225403,up
386212,1.988281,8.984375,3.796875,0.03125,0.121094,-0.091797,0.811401,0.53894,0.019958,0.225403,up
386217,1.875,8.910156,3.835938,0.011719,0.117188,-0.091797,0.811401,0.53894,0.019958,0.225403,up
386223,1.835938,8.910156,3.910156,0.001953,0.083984,-0.091797,0.811401,0.53894,0.019958,0.225403,up
386229,1.835938,8.910156,3.871094,0.023437,0.027344,-0.091797,0.811401,0.53894,0.019958,0.225403,up
386234,1.875,8.910156,3.910156,0.023437,0.027344,-0.091797,0.811401,0.53894,0.022034,0.225098,up
386240,1.914063,8.945313,3.871094,0.03125,-0.009766,-0.099609,0.811401,0.539062,0.022339,0.224731,up
386245,1.949219,8.949219,3.871094,0.046875,-0.042969,-0.083984,0.811401,0.539185,0.022461,0.224487,up
386250,2.066406,8.949219,3.910156,0.046875,-0.042969,-0.083984,0.811401,0.539307,0.022522,0.224243,up
386255,2.066406,8.90625,3.910156,0.046875,-0.042969,-0.083984,0.81134,0.539429,0.022583,0.22406,up
386260,2.105469,8.949219,3.910156,0.087891,-0.015625,-0.082031,0.811279,0.539612,0.022705,0.223877,up
386266,2.105469,8.90625,3.835938,0.087891,-0.015625,-0.082031,0.811218,0.539795,0.022888,0.223755,up
386271,2.140625,8.90625,3.871094,0.087891,-0.015625,-0.082031,0.811096,0.539978,0.023071,0.223572,up
386277,2.066406,8.90625,3.835938,0.087891,-0.015625,-0.082031,0.810974,0.540161,0.023315,0.223511,up
386282,2.066406,8.867188,3.871094,0.072266,0.060547,-0.074219,0.810974,0.540161,0.023315,0.223511,up
386287,2.066406,8.832031,3.796875,0.078125,0.076172,-0.083984,0.810974,0.540161,0.023315,0.223511,up
386292,2.066406,8.867188,3.871094,0.089844,0.087891,-0.091797,0.810974,0.540161,0.023315,0.223511,up
386298,2.027344,8.910156,3.757813,0.097656,0.103516,-0.09375,0.810974,0.540161,0.023315,0.223511,up
386304,2.027344,8.828125,3.796875,0.115234,0.105469,-0.103516,0.810974,0.540161,0.023315,0.223511,up
386310,1.988281,8.867188,3.796875,0.115234,0.105469,-0.103516,0.810364,0.541199,0.026001,0.223083,up
386315,1.949219,8.867188,3.757813,0.125,0.140625,-0.123047,0.810242,0.541321,0.026489,0.223022,up
386320,1.914063,8.871094,3.757813,0.126953,0.132812,-0.117188,0.81012,0.541565,0.027039,0.222961,up
386326,1.835938,8.828125,3.796875,0.126953,0.132812,-0.117188,0.809998,0.541687,0.027527,0.2229,up
386331,1.796875,8.867188,3.835938,0.121094,0.103516,-0.111328,0.809998,0.541687,0.027527,0.2229,up
386336,1.796875,8.90625,3.871094,0.113281,0.095703,-0.097656,0.809753,0.542053,0.028381,0.222778,up
386341,1.835938,8.871094,3.871094,0.113281,0.095703,-0.097656,0.809631,0.542236,0.02887,0.222717,up
386346,1.835938,8.945313,3.835938,0.113281,0.095703,-0.097656,0.809631,0.542236,0.02887,0.222717,up
386352,1.835938,8.945313,3.871094,0.095703,0.091797,-0.083984,0.809631,0.542236,0.02887,0.222717,up
386358,1.835938,8.945313,3.871094,0.097656,0.091797,-0.091797,0.809631,0.542236,0.02887,0.222717,up
386363,1.835938,8.871094,3.871094,0.097656,0.091797,-0.091797,0.809631,0.542236,0.02887,0.222717,up
386369,1.835938,8.871094,3.871094,0.097656,0.091797,-0.091797,0.809082,0.54303,0.030762,0.222473,up
386375,1.796875,8.828125,3.871094,0.123047,0.119141,-0.091797,0.809082,0.54303,0.030762,0.222473,up
386380,1.835938,8.832031,3.910156,0.123047,0.119141,-0.091797,0.808716,0.543579,0.032104,0.222412,up
386385,1.914063,8.832031,3.871094,0.123047,0.119141,-0.091797,0.808594,0.543701,0.032654,0.222473,up
386390,1.949219,8.789063,3.871094,0.09375,0.203125,-0.087891,0.808472,0.543823,0.033264,0.222595,up
386395,1.914063,8.714844,3.835938,0.09375,0.203125,-0.087891,0.808472,0.543823,0.033264,0.222595,up
386400,1.914063,8.714844,3.835938,0.080078,0.246094,-0.076172,0.808289,0.543884,0.034424,0.222839,up
386405,1.875,8.75,3.796875,0.074219,0.267578,-0.074219,0.808167,0.543884,0.035217,0.223083,up
386410,1.949219,8.714844,3.796875,0.076172,0.300781,-0.078125,0.808105,0.543884,0.03595,0.223328,up
386415,1.988281,8.644531,3.835938,0.076172,0.300781,-0.078125,0.808105,0.543884,0.03595,0.223328,up
386420,2.027344,8.5625,3.835938,0.080078,0.349609,-0.080078,0.807983,0.543884,0.036621,0.223572,up
386425,2.066406,8.566406,3.835938,0.080078,0.349609,-0.080078,0.8078,0.543823,0.038513,0.224243,up
386430,2.027344,8.527344,3.757813,0.080078,0.349609,-0.080078,0.807678,0.543762,0.039429,0.224548,up
386435,2.027344,8.488281,3.71875,0.080078,0.349609,-0.080078,0.807556,0.543701,0.040466,0.224976,up
386440,2.066406,8.40625,3.71875,0.089844,0.492187,-0.132812,0.807556,0.543701,0.040466,0.224976,up
386445,2.066406,8.410156,3.679688,0.089844,0.492187,-0.132812,0.807373,0.543457,0.043091,0.225769,up
386450,2.105469,8.40625,3.644531,0.089844,0.492187,-0.132812,0.807312,0.543274,0.044373,0.226196,up
386455,2.140625,8.371094,3.566406,0.054687,0.621094,-0.193359,0.807251,0.54303,0.045959,0.226685,up
386461,2.21875,8.332031,3.527344,0.054687,0.621094,-0.193359,0.80719,0.542725,0.047485,0.227112,up
386466,2.21875,8.332031,3.488281,0.0,0.724609,-0.244141,0.80719,0.542725,0.047485,0.227112,up
386471,2.21875,8.332031,3.488281,0.0,0.724609,-0.244141,0.807312,0.54187,0.051147,0.228149,up
386477,2.140625,8.367188,3.414063,0.0,0.724609,-0.244141,0.807373,0.541321,0.053101,0.228699,up
386483,2.140625,8.367188,3.414063,-0.089844,0.917969,-0.287109,0.807373,0.541321,0.053101,0.228699,up
386489,2.027344,8.410156,3.335938,-0.089844,0.917969,-0.287109,0.807861,0.538879,0.059937,0.230896,up
386494,1.988281,8.488281,3.335938,-0.089844,0.917969,-0.287109,0.807861,0.538879,0.059937,0.230896,up
386499,1.988281,8.488281,3.335938,-0.207031,1.119141,-0.271484,0.808105,0.537842,0.0625,0.231873,up
386504,1.988281,8.488281,3.335938,-0.251953,1.167969,-0.257813,0.808411,0.536682,0.065002,0.23291,up
386509,1.835938,8.644531,3.453125,-0.251953,1.167969,-0.257813,0.808411,0.536682,0.065002,0.23291,up
386514,1.835938,8.644531,3.453125,-0.318359,1.230469,-0.236328,0.809082,0.533936,0.070251,0.235352,up
386519,1.835938,8.644531,3.453125,-0.498047,1.480469,-0.208984,0.809509,0.532227,0.07312,0.236816,up
386524,1.644531,8.644531,3.453125,-0.498047,1.480469,-0.208984,0.809998,0.530396,0.07605,0.238342,up
386529,1.566406,8.710938,3.488281,-0.498047,1.480469,-0.208984,0.810547,0.528137,0.079468,0.240295,up
386535,1.414063,8.789063,3.566406,-0.638672,1.681641,-0.212891,0.810547,0.528137,0.079468,0.240295,up
386540,1.109375,8.871094,3.757813,-0.638672,1.681641,-0.212891,0.811707,0.523743,0.085693,0.243896,up
386545,1.109375,8.871094,3.757813,-0.638672,1.681641,-0.212891,0.812866,0.518982,0.092346,0.247681,up
386550,0.992187,8.832031,3.910156,-0.638672,1.681641,-0.212891,0.812866,0.518982,0.092346,0.247681,up
386555,0.839844,8.789063,3.871094,-0.748047,1.837891,-0.255859,0.812866,0.518982,0.092346,0.247681,up
386560,0.570312,8.871094,3.949219,-0.757812,1.871094,-0.273438,0.81488,0.510803,0.10321,0.253784,up
386565,0.417969,8.871094,4.140625,-0.757812,1.871094,-0.273438,0.81488,0.510803,0.10321,0.253784,up
386570,0.417969,8.75,4.253906,-0.767578,1.621094,-0.246094,0.81488,0.510803,0.10321,0.253784,up
386575,0.378906,8.675781,4.445312,-0.767578,1.621094,-0.246094,0.816956,0.502502,0.113159,0.25946,up
386580,0.417969,8.523438,4.601562,-0.767578,1.621094,-0.246094,0.817627,0.499939,0.115906,0.261047,up
386585,0.265625,8.292969,4.945312,-0.767578,1.621094,-0.246094,0.817627,0.499939,0.115906,0.261047,up
386590,0.226562,8.183594,5.023437,-0.826172,1.341797,-0.1875,0.817627,0.499939,0.115906,0.261047,up
386595,0.1875,8.183594,5.058594,-0.826172,1.341797,-0.1875,0.819824,0.491943,0.123596,0.265869,up
386600,0.1875,8.21875,5.023437,-0.826172,1.341797,-0.1875,0.820557,0.489319,0.125793,0.267273,up
386605,0.035156,8.144531,5.023437,-0.826172,1.341797,-0.1875,0.820557,0.489319,0.125793,0.267273,up
386610,0.035156,8.183594,4.984375,-0.875,1.119141,-0.203125,0.822266,0.48407,0.129822,0.269775,up
386615,-0.078125,8.261719,5.097656,-0.875,1.119141,-0.203125,0.822266,0.48407,0.129822,0.269775,up
386620,-0.078125,8.261719,5.097656,-0.84375,0.947266,-0.240234,0.823059,0.481689,0.13147,0.270691,up
386625,-0.078125,8.371094,5.023437,-0.84375,0.947266,-0.240234,0.823914,0.479248,0.133118,0.271545,up
386630,-0.078125,8.371094,5.25,-0.640625,0.769531,-0.324219,0.824646,0.477173,0.134644,0.272156,up
386635,-0.078125,8.371094,5.25,-0.640625,0.769531,-0.324219,0.824646,0.477173,0.134644,0.272156,up
386640,-0.078125,8.371094,5.25,-0.494141,0.714844,-0.371094,0.825867,0.473938,0.137878,0.272705,up
386645,-0.078125,8.5625,5.289062,-0.494141,0.714844,-0.371094,0.826416,0.471802,0.141479,0.272705,up
386650,-0.15625,8.601563,5.328125,-0.494141,0.714844,-0.371094,0.826538,0.471191,0.143188,0.272583,up
386655,-0.078125,8.714844,5.367187,0.09375,0.576172,-0.431641,0.826538,0.471191,0.143188,0.272583,up
386660,-0.117188,8.714844,5.40625,0.09375,0.576172,-0.431641,0.826538,0.470764,0.14502,0.2724,up
386665,-0.078125,8.75,5.441406,0.136719,0.568359,-0.414062,0.826355,0.470276,0.148621,0.271973,up
386670,-0.195312,8.949219,5.40625,0.136719,0.568359,-0.414062,0.826355,0.470276,0.148621,0.271973,up
386675,-0.195312,9.023438,5.367187,0.136719,0.568359,-0.414062,0.826111,0.470154,0.150635,0.271729,up
386680,-0.234375,9.097656,5.367187,0.222656,0.59375,-0.351563,0.826111,0.470154,0.150635,0.271729,up
386685,-0.269531,9.136719,5.289062,0.222656,0.59375,-0.351563,0.825623,0.469971,0.154236,0.271484,up
386691,-0.269531,9.171875,5.25,0.222656,0.59375,-0.351563,0.825317,0.46991,0.156006,0.271423,up
386696,-0.308594,9.214844,5.289062,0.191406,0.591797,-0.347656,0.825317,0.46991,0.156006,0.271423,up
386702,-0.347656,9.289063,5.25,0.191406,0.591797,-0.347656,0.824646,0.469543,0.161194,0.271179,up
386708,-0.386719,9.328125,5.175781,0.191406,0.591797,-0.347656,0.824402,0.469421,0.162964,0.271118,up
386713,-0.425781,9.367188,5.136719,0.183594,0.621094,-0.363281,0.824402,0.469421,0.162964,0.271118,up
386719,-0.425781,9.367188,5.136719,0.179687,0.628906,-0.375,0.824402,0.469421,0.162964,0.271118,up
386724,-0.460937,9.332031,5.058594,0.179687,0.628906,-0.375,0.824402,0.469421,0.162964,0.271118,up
386729,-0.460937,9.292969,5.058594,0.179687,0.628906,-0.375,0.823425,0.468506,0.170654,0.270752,up
386734,-0.460937,9.214844,5.058594,0.136719,0.671875,-0.402344,0.823425,0.468506,0.170654,0.270752,up
386740,-0.425781,9.136719,4.984375,0.125,0.695312,-0.410156,0.823059,0.467834,0.1745,0.27063,up
386745,-0.5,9.09375,4.945312,0.085937,0.734375,-0.419922,0.823059,0.467834,0.1745,0.27063,up
386750,-0.5,9.023438,4.945312,0.085937,0.734375,-0.419922,0.822754,0.466919,0.17865,0.270508,up
386755,-0.460937,8.988281,4.90625,0.085937,0.734375,-0.419922,0.822571,0.46637,0.180786,0.270508,up
386760,-0.460937,8.910156,4.867187,0.046875,0.771484,-0.429687,0.822327,0.46521,0.184875,0.270508,up
386765,-0.460937,8.832031,4.867187,0.046875,0.771484,-0.429687,0.822327,0.46521,0.184875,0.270508,up
386770,-0.460937,8.792969,4.867187,-0.003906,0.859375,-0.445312,0.822327,0.46521,0.184875,0.270508,up
386775,-0.5,8.710938,4.832031,-0.003906,0.859375,-0.445312,0.822083,0.463745,0.189331,0.27063,up
386780,-0.460937,8.640625,4.792969,-0.005859,0.888672,-0.464844,0.821838,0.462097,0.194031,0.270874,up
386785,-0.5,8.640625,4.714844,-0.005859,0.888672,-0.464844,0.821838,0.462097,0.194031,0.270874,up
386790,-0.539062,8.640625,4.714844,-0.001953,0.992187,-0.509766,0.821838,0.462097,0.194031,0.270874,up
386795,-0.617187,8.75,4.753906,-0.001953,0.992187,-0.509766,0.821594,0.460266,0.199158,0.271057,up
386801,-0.652344,8.867188,4.832031,0.0,1.017578,-0.505859,0.821228,0.458374,0.20459,0.271362,up
386806,-0.691406,8.871094,4.832031,-0.025391,1.076172,-0.517578,0.821045,0.457275,0.20752,0.271545,up
386811,-0.808594,8.792969,4.90625,-0.025391,1.076172,-0.517578,0.820862,0.456177,0.210449,0.27179,up
386816,-0.882812,8.871094,4.90625,-0.025391,1.076172,-0.517578,0.820679,0.455078,0.213074,0.272034,up
386821,-0.921875,8.949219,4.90625,-0.111328,1.160156,-0.494141,0.820679,0.455078,0.213074,0.272034,up
386826,-1.035156,8.949219,4.945312,-0.111328,1.160156,-0.494141,0.820312,0.452454,0.218994,0.272827,up
386832,-1.230469,8.75,5.023437,-0.111328,1.160156,-0.494141,0.82019,0.451111,0.221558,0.273315,up
386837,-1.230469,8.75,5.023437,-0.289063,1.126953,-0.402344,0.820129,0.449463,0.224365,0.273926,up
386842,-1.230469,8.75,5.023437,-0.289063,1.126953,-0.402344,0.820129,0.449463,0.224365,0.273926,up
386847,-1.304688,8.671875,5.136719,-0.326172,1.095703,-0.375,0.820129,0.449463,0.224365,0.273926,up
386852,-1.34375,8.289063,5.214844,-0.369141,1.0625,-0.349609,0.820129,0.449463,0.224365,0.273926,up
386857,-1.34375,8.289063,5.214844,-0.398438,0.978516,-0.3125,0.820251,0.442871,0.233582,0.27655,up
386862,-1.34375,8.183594,5.289062,-0.398438,0.978516,-0.3125,0.820251,0.442871,0.233582,0.27655,up
386868,-1.304688,8.066406,5.25,-0.398438,0.978516,-0.3125,0.820251,0.442871,0.233582,0.27655,up
386873,-1.34375,8.101563,5.25,-0.314453,0.925781,-0.333984,0.820251,0.442871,0.233582,0.27655,up
386879,-1.382813,8.0625,5.25,-0.244141,0.929687,-0.355469,0.820251,0.442871,0.233582,0.27655,up
386884,-1.421875,8.023438,5.289062,-0.177734,0.929687,-0.376953,0.820251,0.442871,0.233582,0.27655,up
386889,-1.457031,8.101563,5.289062,-0.177734,0.929687,-0.376953,0.820251,0.442871,0.233582,0.27655,up
386894,-1.535156,8.21875,5.25,-0.177734,0.929687,-0.376953,0.819946,0.433044,0.248596,0.279846,up
386899,-1.574219,8.289063,5.175781,-0.029297,0.958984,-0.458984,0.819946,0.433044,0.248596,0.279846,up
386904,-1.648438,8.367188,5.175781,-0.029297,0.958984,-0.458984,0.819458,0.430969,0.253601,0.280151,up
386909,-1.726563,8.527344,5.25,-0.029297,0.958984,-0.458984,0.819458,0.430969,0.253601,0.280151,up
386914,-1.804688,8.566406,5.289062,-0.029297,0.958984,-0.458984,0.81897,0.428955,0.258484,0.280151,up
386919,-1.839844,8.601563,5.289062,-0.054687,0.962891,-0.527344,0.81897,0.428955,0.258484,0.280151,up
386924,-1.917969,8.714844,5.328125,-0.054687,0.962891,-0.527344,0.81897,0.428955,0.258484,0.280151,up
386930,-2.03125,8.75,5.40625,-0.054687,0.962891,-0.527344,0.818359,0.425415,0.266113,0.280212,up
386936,-2.03125,8.832031,5.480469,-0.255859,0.943359,-0.537109,0.818359,0.425415,0.266113,0.280212,up
386941,-2.109375,8.867188,5.519531,-0.318359,0.925781,-0.529297,0.818237,0.422546,0.270813,0.280334,up
386946,-2.1875,8.871094,5.632812,-0.384766,0.912109,-0.525391,0.818237,0.420898,0.273132,0.280457,up
386951,-2.222656,8.90625,5.671875,-0.384766,0.912109,-0.525391,0.818542,0.417175,0.27771,0.280823,up
386956,-2.261719,8.945313,5.75,-0.384766,0.912109,-0.525391,0.818726,0.415466,0.27948,0.281006,up
386962,-2.53125,8.871094,5.941406,-0.384766,0.912109,-0.525391,0.81897,0.413635,0.281311,0.281189,up
386967,-2.609375,8.792969,5.941406,-0.505859,0.746094,-0.460937,0.819275,0.411743,0.28302,0.281372,up
386972,-2.570313,8.789063,5.941406,-0.515625,0.6875,-0.433594,0.81958,0.40979,0.284668,0.281616,up
386978,-2.609375,8.675781,6.019531,-0.515625,0.6875,-0.433594,0.819946,0.40802,0.286011,0.281799,up
386983,-2.683594,8.601563,6.054687,-0.527344,0.544922,-0.396484,0.819946,0.40802,0.286011,0.281799,up
386988,-2.722656,8.527344,6.09375,-0.503906,0.476562,-0.369141,0.819946,0.40802,0.286011,0.281799,up
386994,-2.722656,8.484375,6.171875,-0.503906,0.476562,-0.369141,0.821228,0.402771,0.289429,0.282166,up
387000,-2.722656,8.488281,6.132812,-0.384766,0.267578,-0.330078,0.821228,0.402771,0.289429,0.282166,up
387005,-2.683594,8.484375,6.132812,-0.384766,0.267578,-0.330078,0.822021,0.400146,0.290894,0.282104,up
387011,-2.683594,8.484375,6.132812,-0.335938,0.205078,-0.318359,0.822021,0.400146,0.290894,0.282104,up
387016,-2.722656,8.5625,6.09375,-0.207031,0.091797,-0.287109,0.822815,0.39801,0.291931,0.281738,up
387021,-2.722656,8.601563,6.09375,-0.207031,0.091797,-0.287109,0.823425,0.396545,0.292664,0.281128,up
387026,-2.722656,8.601563,6.09375,-0.095703,0.013672,-0.255859,0.823425,0.396545,0.292664,0.281128,up
387031,-2.722656,8.671875,6.019531,-0.095703,0.013672,-0.255859,0.823975,0.395752,0.293091,0.280273,up
387036,-2.644531,8.671875,5.941406,-0.035156,-0.060547,-0.222656,0.823975,0.395752,0.293091,0.280273,up
387041,-2.722656,8.714844,5.863281,-0.035156,-0.060547,-0.222656,0.824219,0.395508,0.293213,0.279785,up
387046,-2.609375,8.675781,5.789062,-0.019531,-0.083984,-0.207031,0.824219,0.395508,0.293213,0.279785,up
387051,-2.609375,8.675781,5.789062,-0.019531,-0.083984,-0.207031,0.824829,0.395142,0.293274,0.27832,up
387056,-2.570313,8.671875,5.710937,-0.019531,-0.083984,-0.207031,0.824829,0.395142,0.293274,0.27832,up
387061,-2.53125,8.710938,5.632812,-0.003906,-0.123047,-0.158203,0.824829,0.395142,0.293274,0.27832,up
387067,-2.53125,8.714844,5.597656,-0.003906,-0.123047,-0.158203,0.825439,0.394958,0.29303,0.276978,up
387073,-2.53125,8.644531,5.480469,-0.003906,-0.123047,-0.158203,0.825684,0.394897,0.292908,0.276611,up
387079,-2.53125,8.644531,5.480469,-0.015625,-0.125,-0.152344,0.825867,0.394836,0.292786,0.276184,up
387084,-2.53125,8.5625,5.441406,-0.017578,-0.125,-0.148437,0.825867,0.394836,0.292786,0.276184,up
387089,-2.570313,8.5625,5.367187,-0.017578,-0.125,-0.148437,0.826294,0.394714,0.292603,0.275391,up
387094,-2.492188,8.640625,5.367187,-0.013672,-0.128906,-0.15625,0.826294,0.394714,0.292603,0.275391,up
387099,-2.53125,8.640625,5.289062,-0.005859,-0.123047,-0.154297,0.826294,0.394714,0.292603,0.275391,up
387104,-2.492188,8.605469,5.328125,-0.005859,-0.123047,-0.154297,0.826294,0.394714,0.292603,0.275391,up
387110,-2.53125,8.605469,5.289062,-0.005859,-0.123047,-0.154297,0.827026,0.394531,0.292236,0.273743,up
387116,-2.53125,8.605469,5.25,-0.011719,-0.126953,-0.162109,0.827026,0.394531,0.292236,0.273743,up
387121,-2.53125,8.566406,5.25,-0.007813,-0.134766,-0.160156,0.827026,0.394531,0.292236,0.273743,up
387126,-2.53125,8.566406,5.175781,-0.007813,-0.134766,-0.160156,0.827698,0.394348,0.29187,0.272461,up
387131,-2.53125,8.5625,5.214844,-0.042969,-0.146484,-0.128906,0.827698,0.394348,0.29187,0.272461,up
387136,-2.570313,8.5625,5.175781,-0.042969,-0.146484,-0.128906,0.828125,0.394226,0.291565,0.271667,up
387142,-2.570313,8.484375,5.214844,-0.042969,-0.146484,-0.128906,0.828552,0.394043,0.291138,0.270996,up
387147,-2.570313,8.484375,5.214844,-0.066406,-0.175781,-0.111328,0.828857,0.393921,0.290833,0.270569,up
387153,-2.570313,8.367188,5.214844,-0.066406,-0.175781,-0.111328,0.829102,0.393799,0.290588,0.270325,up
387158,-2.570313,8.332031,5.25,-0.070312,-0.191406,-0.080078,0.829102,0.393799,0.290588,0.270325,up
387164,-2.570313,8.257813,5.175781,-0.070312,-0.191406,-0.080078,0.829102,0.393799,0.290588,0.270325,up
387169,-2.609375,8.179688,5.175781,-0.042969,-0.205078,-0.0625,0.829102,0.393799,0.290588,0.270325,up
387175,-2.609375,8.179688,5.175781,-0.023437,-0.207031,-0.050781,0.829102,0.393799,0.290588,0.270325,up
387180,-2.570313,8.183594,5.175781,0.001953,-0.208984,-0.039063,0.829102,0.393799,0.290588,0.270325,up
387186,-2.609375,8.183594,5.136719,0.041016,-0.207031,-0.037109,0.829102,0.393799,0.290588,0.270325,up
387191,-2.570313,8.144531,5.25,0.041016,-0.207031,-0.037109,0.830505,0.394104,0.287964,0.268372,up
387196,-2.570313,8.144531,5.175781,0.041016,-0.207031,-0.037109,0.830627,0.394348,0.287598,0.268127,up
387201,-2.609375,8.101563,5.136719,0.091797,-0.195312,-0.029297,0.830688,0.394592,0.287292,0.267883,up
387206,-2.609375,8.105469,5.175781,0.091797,-0.195312,-0.029297,0.83075,0.394897,0.286926,0.267517,up
387212,-2.609375,8.101563,5.136719,0.091797,-0.195312,-0.029297,0.830811,0.395508,0.286377,0.267029,up
387217,-2.683594,8.027344,5.136719,0.105469,-0.183594,-0.029297,0.830872,0.395813,0.286072,0.266724,up
387222,-2.609375,7.984375,5.097656,0.107422,-0.183594,-0.019531,0.830933,0.396179,0.285767,0.266418,up
387227,-2.644531,8.027344,5.097656,0.107422,-0.183594,-0.019531,0.830933,0.396484,0.285522,0.266174,up
387232,-2.644531,8.027344,5.136719,0.107422,-0.183594,-0.019531,0.830994,0.39679,0.285217,0.265808,up
387237,-2.644531,8.023438,5.175781,0.099609,-0.183594,-0.039063,0.831055,0.397095,0.284973,0.265564,up
387242,-2.644531,7.945312,5.175781,0.099609,-0.183594,-0.039063,0.831055,0.397339,0.284668,0.265259,up
387247,-2.644531,7.949219,5.136719,0.099609,-0.183594,-0.039063,0.831116,0.397644,0.284424,0.264893,up
387252,-2.644531,7.949219,5.136719,0.09375,-0.1875,-0.046875,0.831177,0.397949,0.284119,0.264587,up
387257,-2.609375,7.90625,5.136719,0.09375,-0.1875,-0.046875,0.831238,0.398193,0.283936,0.264282,up
387262,-2.683594,7.910156,5.175781,0.095703,-0.193359,-0.066406,0.83136,0.398499,0.28363,0.263916,up
387268,-2.644531,7.871094,5.175781,0.095703,-0.193359,-0.066406,0.831421,0.398743,0.283447,0.26355,up
387273,-2.644531,7.871094,5.175781,0.097656,-0.193359,-0.085937,0.831421,0.398743,0.283447,0.26355,up
387278,-2.644531,7.867187,5.214844,0.097656,-0.199219,-0.09375,0.831421,0.398743,0.283447,0.26355,up
387283,-2.644531,7.835937,5.25,0.111328,-0.199219,-0.097656,0.831421,0.398743,0.283447,0.26355,up
387290,-2.644531,7.871094,5.25,0.111328,-0.199219,-0.097656,0.831421,0.398743,0.283447,0.26355,up
387295,-2.644531,7.839844,5.214844,0.121094,-0.210937,-0.101563,0.831421,0.398743,0.283447,0.26355,up
387300,-2.722656,7.839844,5.25,0.132812,-0.228516,-0.095703,0.831421,0.398743,0.283447,0.26355,up
387305,-2.683594,7.867187,5.214844,0.132812,-0.228516,-0.095703,0.831421,0.398743,0.283447,0.26355,up
387310,-2.644531,7.839844,5.214844,0.158203,-0.244141,-0.099609,0.831421,0.398743,0.283447,0.26355,up
387315,-2.644531,7.910156,5.25,0.158203,-0.255859,-0.101563,0.831421,0.398743,0.283447,0.26355,up
387321,-2.683594,7.949219,5.214844,0.171875,-0.259766,-0.115234,0.832275,0.402527,0.280457,0.258118,up
387326,-2.683594,7.945312,5.25,0.171875,-0.259766,-0.115234,0.832275,0.402527,0.280457,0.258118,up
387331,-2.683594,8.023438,5.175781,0.203125,-0.267578,-0.144531,0.832275,0.402527,0.280457,0.258118,up
387336,-2.683594,8.0625,5.214844,0.203125,-0.267578,-0.144531,0.832397,0.403503,0.279907,0.256836,up
387342,-2.644531,8.140625,5.175781,0.197266,-0.271484,-0.15625,0.832581,0.404419,0.279358,0.255432,up
387347,-2.644531,8.21875,5.136719,0.164062,-0.263672,-0.183594,0.832581,0.404419,0.279358,0.255432,up
387352,-2.644531,8.257813,5.214844,0.154297,-0.267578,-0.197266,0.832703,0.404846,0.279114,0.254639,up
387357,-2.644531,8.289063,5.25,0.123047,-0.267578,-0.199219,0.832825,0.405212,0.27887,0.253845,up
387363,-2.644531,8.261719,5.289062,0.123047,-0.267578,-0.199219,0.83313,0.405762,0.278381,0.252441,up
387368,-2.683594,8.261719,5.328125,0.072266,-0.302734,-0.193359,0.83313,0.405762,0.278381,0.252441,up
387375,-2.644531,8.257813,5.480469,0.042969,-0.330078,-0.185547,0.83313,0.405762,0.278381,0.252441,up
387380,-2.722656,8.257813,5.519531,0.023437,-0.365234,-0.181641,0.83313,0.405762,0.278381,0.252441,up
387386,-2.722656,8.257813,5.710937,-0.005859,-0.458984,-0.169922,0.83313,0.405762,0.278381,0.252441,up
387391,-2.761719,8.261719,5.671875,-0.005859,-0.458984,-0.169922,0.834717,0.406616,0.275818,0.248779,up
387396,-2.835938,8.21875,5.597656,-0.005859,-0.458984,-0.169922,0.835144,0.406799,0.274963,0.247925,up
387401,-2.800781,8.183594,5.597656,-0.005859,-0.458984,-0.169922,0.835571,0.407043,0.274048,0.24707,up
387407,-2.722656,8.222656,5.671875,0.027344,-0.65625,-0.15625,0.836609,0.407715,0.271606,0.245056,up
387413,-2.644531,8.261719,5.75,0.027344,-0.65625,-0.15625,0.837097,0.408203,0.270386,0.244019,up
387418,-2.644531,8.261719,5.75,0.027344,-0.65625,-0.15625,0.837097,0.408203,0.270386,0.244019,up
387423,-2.609375,8.261719,5.789062,0.107422,-0.839844,-0.167969,0.838196,0.409424,0.267334,0.241516,up
387428,-2.53125,8.367188,5.863281,0.107422,-0.839844,-0.167969,0.838196,0.409424,0.267334,0.241516,up
387433,-2.53125,8.367188,5.863281,0.169922,-0.982422,-0.158203,0.838745,0.410217,0.265564,0.240112,up
387439,-2.570313,8.675781,5.980469,0.222656,-1.171875,-0.111328,0.839355,0.411133,0.263733,0.238647,up
387445,-2.644531,8.640625,6.019531,0.259766,-1.294922,-0.064453,0.839355,0.411133,0.263733,0.238647,up
387451,-2.570313,8.644531,6.210937,0.259766,-1.294922,-0.064453,0.841736,0.416199,0.253662,0.232239,up
387456,-2.570313,8.601563,6.132812,0.259766,-1.294922,-0.064453,0.841736,0.416199,0.253662,0.232239,up
387462,-2.570313,8.5625,6.09375,0.361328,-1.664063,0.101563,0.842957,0.4198,0.246704,0.228699,up
387467,-2.492188,8.449219,5.789062,0.361328,-1.664063,0.101563,0.843567,0.421936,0.242737,0.226807,up
387472,-2.453125,8.40625,5.75,0.361328,-1.664063,0.101563,0.843567,0.421936,0.242737,0.226807,up
387477,-2.339844,8.410156,5.710937,0.5,-2.025391,0.232422,0.843567,0.421936,0.242737,0.226807,up
387482,-2.03125,8.332031,5.671875,0.552734,-2.054688,0.222656,0.844604,0.426147,0.234863,0.223267,up
387488,-1.917969,8.332031,5.519531,0.552734,-2.054688,0.222656,0.845581,0.431274,0.226013,0.219055,up
387493,-1.804688,8.289063,5.328125,0.699219,-2.033203,0.185547,0.845886,0.433838,0.221924,0.216919,up
387498,-1.496094,8.410156,5.175781,0.699219,-2.033203,0.185547,0.846069,0.436279,0.218323,0.214966,up
387503,-1.382813,8.523438,5.097656,0.699219,-2.033203,0.185547,0.84613,0.43927,0.214233,0.212585,up
387508,-1.113281,8.789063,5.097656,0.699219,-2.033203,0.185547,0.84613,0.43927,0.214233,0.212585,up
387513,-1.0,8.910156,5.058594,0.986328,-1.914063,0.089844,0.84613,0.43927,0.214233,0.212585,up
387518,-0.921875,9.023438,5.023437,0.986328,-1.914063,0.089844,0.845825,0.448486,0.203125,0.205383,up
387523,-0.769531,9.132813,4.945312,0.986328,-1.914063,0.089844,0.845825,0.448486,0.203125,0.205383,up
387528,-0.769531,9.132813,4.945312,1.009766,-1.675781,0.082031,0.845154,0.454712,0.196594,0.200745,up
387533,-0.691406,9.175781,4.90625,0.990234,-1.601563,0.089844,0.844727,0.457886,0.193359,0.198486,up
387538,-0.617187,9.210938,4.792969,0.990234,-1.601563,0.089844,0.844727,0.457886,0.193359,0.198486,up
387543,-0.617187,9.210938,4.792969,0.925781,-1.521484,0.109375,0.84436,0.460449,0.190674,0.196655,up
387548,-0.539062,9.175781,4.753906,0.925781,-1.521484,0.109375,0.843933,0.463196,0.187805,0.194763,up
387553,-0.539062,9.175781,4.753906,0.666016,-1.316406,0.162109,0.843323,0.467773,0.182434,0.191528,up
387558,-0.539062,9.175781,4.753906,0.666016,-1.316406,0.162109,0.843323,0.467773,0.182434,0.191528,up
387563,-0.425781,9.027344,4.523437,0.666016,-1.316406,0.162109,0.842896,0.47168,0.177185,0.188721,up
387568,-0.425781,9.023438,4.5625,0.666016,-1.316406,0.162109,0.842712,0.47345,0.174683,0.187439,up
387574,-0.308594,9.09375,4.371094,0.666016,-1.316406,0.162109,0.842529,0.475098,0.172363,0.186218,up
387579,-0.269531,9.132813,4.371094,0.513672,-1.128906,0.128906,0.842346,0.476746,0.170044,0.184998,up
387585,-0.234375,9.132813,4.371094,0.53125,-1.09375,0.103516,0.842346,0.476746,0.170044,0.184998,up
387590,-0.15625,9.132813,4.371094,0.578125,-1.060547,0.089844,0.842346,0.476746,0.170044,0.184998,up
387595,-0.117188,9.210938,4.21875,0.578125,-1.060547,0.089844,0.841553,0.481873,0.163757,0.181152,up
387600,-0.078125,9.25,4.21875,0.673828,-0.972656,0.046875,0.841553,0.481873,0.163757,0.181152,up
387605,-0.003906,9.25,4.179687,0.703125,-0.929687,0.03125,0.841553,0.481873,0.163757,0.181152,up
387611,0.035156,9.253906,4.140625,0.714844,-0.867187,0.021484,0.841553,0.481873,0.163757,0.181152,up
387617,0.074219,9.292969,4.0625,0.691406,-0.800781,0.027344,0.841553,0.481873,0.163757,0.181152,up
387622,0.074219,9.371094,4.027344,0.654297,-0.724609,0.03125,0.841553,0.481873,0.163757,0.181152,up
387627,0.035156,9.449219,3.988281,0.599609,-0.646484,0.037109,0.841553,0.481873,0.163757,0.181152,up
387632,0.074219,9.515625,3.988281,0.455078,-0.533203,0.076172,0.837952,0.494202,0.153503,0.173096,up
387637,0.074219,9.515625,4.0625,0.455078,-0.533203,0.076172,0.837158,0.496643,0.15155,0.171814,up
387642,0.035156,9.558594,4.0625,0.455078,-0.533203,0.076172,0.837158,0.496643,0.15155,0.171814,up
387647,-0.003906,9.515625,4.0625,0.455078,-0.533203,0.076172,0.836792,0.497681,0.150635,0.171387,up
387652,-0.042969,9.480469,4.0625,0.228516,-0.289063,0.179687,0.836548,0.498474,0.149902,0.171204,up
387657,-0.042969,9.410156,4.0625,0.228516,-0.289063,0.179687,0.836243,0.499207,0.149109,0.171082,up
387663,-0.117188,9.25,4.101562,0.162109,-0.197266,0.214844,0.835999,0.499817,0.148499,0.171143,up
387669,-0.078125,9.253906,4.179687,0.162109,-0.197266,0.214844,0.83551,0.500854,0.147339,0.171448,up
387674,-0.078125,9.171875,4.140625,0.171875,-0.160156,0.214844,0.835266,0.501343,0.14679,0.171692,up
387679,-0.078125,9.097656,4.140625,0.199219,-0.148437,0.193359,0.834961,0.501831,0.146301,0.171875,up
387684,-0.003906,9.171875,4.101562,0.199219,-0.148437,0.193359,0.834656,0.502441,0.145874,0.172058,up
387690,-0.003906,9.175781,4.140625,0.259766,-0.119141,0.179687,0.834656,0.502441,0.145874,0.172058,up
387695,0.035156,9.25,4.0625,0.3125,-0.107422,0.171875,0.833923,0.503723,0.145203,0.172424,up
387700,0.035156,9.367188,4.0625,0.357422,-0.095703,0.167969,0.833923,0.503723,0.145203,0.172424,up
387705,0.113281,9.449219,4.101562,0.390625,-0.089844,0.179687,0.833923,0.503723,0.145203,0.172424,up
387711,0.074219,9.515625,4.101562,0.402344,-0.064453,0.189453,0.833923,0.503723,0.145203,0.172424,up
387716,0.074219,9.554688,4.101562,0.388672,-0.017578,0.207031,0.833923,0.503723,0.145203,0.172424,up
387722,0.035156,9.636719,4.179687,0.388672,-0.017578,0.207031,0.830688,0.50885,0.144165,0.17395,up
387727,0.074219,9.632813,4.179687,0.388672,-0.017578,0.207031,0.830688,0.50885,0.144165,0.17395,up
387732,-0.003906,9.675781,4.179687,0.224609,0.083984,0.291016,0.830688,0.50885,0.144165,0.17395,up
387737,0.074219,9.636719,4.253906,0.224609,0.083984,0.291016,0.829651,0.510193,0.144043,0.17511,up
387743,0.113281,9.675781,4.21875,0.183594,0.099609,0.3125,0.828796,0.511047,0.14386,0.176636,up
387748,0.1875,9.632813,4.253906,0.109375,0.132812,0.335938,0.82843,0.511414,0.143738,0.177551,up
387753,0.265625,9.597656,4.371094,0.109375,0.132812,0.335938,0.82843,0.511414,0.143738,0.177551,up
387758,0.265625,9.671875,4.371094,0.109375,0.132812,0.335938,0.827698,0.511963,0.143677,0.179199,up
387764,0.378906,9.789063,4.410156,0.109375,0.132812,0.335938,0.827332,0.512329,0.143738,0.180115,up
387769,0.378906,9.902344,4.445312,0.109375,0.132812,0.335938,0.826782,0.512756,0.143799,0.181213,up
387774,0.304688,10.015625,4.5625,0.109375,0.132812,0.335938,0.826782,0.512756,0.143799,0.181213,up
387779,0.34375,10.097656,4.640625,0.148437,0.253906,0.318359,0.826782,0.512756,0.143799,0.181213,up
387784,0.304688,10.09375,4.675781,0.125,0.302734,0.316406,0.826782,0.512756,0.143799,0.181213,up
387790,0.152344,10.097656,4.675781,0.097656,0.367188,0.314453,0.826782,0.512756,0.143799,0.181213,up
387796,0.113281,10.136719,4.675781,0.097656,0.400391,0.316406,0.826782,0.512756,0.143799,0.181213,up
387801,0.074219,10.136719,4.753906,0.097656,0.427734,0.324219,0.826782,0.512756,0.143799,0.181213,up
387807,0.113281,10.132813,4.945312,0.072266,0.433594,0.333984,0.826782,0.512756,0.143799,0.181213,up
387812,0.1875,10.136719,5.023437,0.072266,0.433594,0.333984,0.823364,0.514221,0.146729,0.190002,up
387817,0.152344,10.136719,5.058594,-0.005859,0.486328,0.365234,0.823364,0.514221,0.146729,0.190002,up
387823,0.152344,10.097656,4.984375,-0.042969,0.546875,0.375,0.822266,0.513794,0.148621,0.194458,up
387829,0.265625,10.019531,4.867187,-0.042969,0.546875,0.375,0.82196,0.513489,0.149292,0.196045,up
387834,0.304688,9.980469,4.832031,-0.060547,0.664062,0.412109,0.821594,0.513184,0.150085,0.197754,up
387839,0.304688,10.054688,4.753906,-0.046875,0.705078,0.417969,0.821167,0.512939,0.15094,0.199524,up
387845,0.265625,10.136719,4.714844,-0.052734,0.746094,0.421875,0.821167,0.512939,0.15094,0.199524,up
387850,0.1875,10.214844,4.675781,-0.064453,0.810547,0.416016,0.821167,0.512939,0.15094,0.199524,up
387855,0.152344,10.210938,4.5625,-0.064453,0.867187,0.408203,0.821167,0.512939,0.15094,0.199524,up
387860,0.113281,10.214844,4.523437,-0.089844,0.917969,0.408203,0.821167,0.512939,0.15094,0.199524,up
387866,0.035156,10.28125,4.523437,-0.125,0.966797,0.400391,0.821167,0.512939,0.15094,0.199524,up
387871,-0.042969,10.324219,4.5625,-0.166016,1.015625,0.408203,0.821167,0.512939,0.15094,0.199524,up
387876,-0.042969,10.28125,4.5625,-0.21875,1.054688,0.416016,0.821167,0.512939,0.15094,0.199524,up
387882,-0.078125,10.285156,4.714844,-0.294922,1.109375,0.423828,0.821167,0.512939,0.15094,0.199524,up
387887,-0.15625,10.210938,4.753906,-0.378906,1.177734,0.431641,0.817444,0.507324,0.162964,0.218872,up
387892,-0.15625,10.210938,4.753906,-0.378906,1.177734,0.431641,0.817444,0.507324,0.162964,0.218872,up
387897,-0.234375,10.058594,4.832031,-0.589844,1.300781,0.449219,0.817444,0.507324,0.162964,0.218872,up
387902,-0.269531,9.902344,4.832031,-0.6875,1.357422,0.462891,0.817078,0.502441,0.168213,0.227173,up
387908,-0.425781,9.675781,4.753906,-0.6875,1.357422,0.462891,0.817383,0.497742,0.171997,0.233582,up
387913,-0.347656,9.519531,4.867187,-1.048828,1.443359,0.507812,0.817383,0.497742,0.171997,0.233582,up
387918,-0.386719,9.367188,4.90625,-1.048828,1.443359,0.507812,0.818054,0.492371,0.175293,0.240051,up
387923,-0.347656,9.253906,4.945312,-1.048828,1.443359,0.507812,0.818542,0.489319,0.17688,0.243469,up
387928,-0.347656,9.097656,5.136719,-1.048828,1.443359,0.507812,0.818542,0.489319,0.17688,0.243469,up
387933,-0.425781,8.988281,5.289062,-1.294922,1.419922,0.523437,0.818542,0.489319,0.17688,0.243469,up
387938,-0.5,9.054688,5.289062,-1.294922,1.419922,0.523437,0.819763,0.482666,0.179932,0.250366,up
387943,-0.5,9.136719,5.328125,-1.330078,1.333984,0.466797,0.819763,0.482666,0.179932,0.250366,up
387948,-0.5,9.132813,5.480469,-1.330078,1.333984,0.466797,0.821106,0.475586,0.182861,0.257263,up
387953,-0.578125,9.054688,5.558594,-1.330078,1.333984,0.466797,0.822388,0.469055,0.185425,0.263245,up
387958,-0.652344,9.09375,5.441406,-1.330078,1.333984,0.466797,0.823059,0.465698,0.186707,0.266052,up
387963,-0.769531,9.054688,5.40625,-1.330078,1.333984,0.466797,0.823059,0.465698,0.186707,0.266052,up
387968,-0.808594,9.097656,5.367187,-1.445313,1.3125,0.341797,0.824707,0.458313,0.189453,0.271973,up
387973,-1.0,8.871094,5.367187,-1.445313,1.3125,0.341797,0.825684,0.454102,0.190796,0.275024,up
387978,-1.152344,8.753906,5.289062,-1.445313,1.3125,0.341797,0.826721,0.449768,0.192139,0.278015,up
387983,-1.265625,8.671875,5.214844,-1.445313,1.3125,0.341797,0.826721,0.449768,0.192139,0.278015,up
387988,-1.421875,8.261719,4.984375,-1.927734,1.451172,0.244141,0.826721,0.449768,0.192139,0.278015,up
387993,-1.421875,8.183594,5.097656,-1.927734,1.451172,0.244141,0.830811,0.434021,0.196411,0.28772,up
387998,-1.457031,8.183594,5.289062,-1.927734,1.451172,0.244141,0.830811,0.434021,0.196411,0.28772,up
388003,-1.457031,8.183594,5.289062,-2.234375,1.478516,0.175781,0.832092,0.429199,0.197571,0.290466,up
388008,-1.496094,8.0625,5.367187,-2.255859,1.486328,0.150391,0.832092,0.429199,0.197571,0.290466,up
388013,-1.574219,7.988281,5.558594,-2.255859,1.486328,0.150391,0.832092,0.429199,0.197571,0.290466,up
388018,-1.535156,7.867187,5.902344,-2.205078,1.443359,0.085937,0.838135,0.406372,0.202759,0.302185,up
388023,-1.613281,7.800781,5.980469,-2.205078,1.443359,0.085937,0.839478,0.401001,0.204102,0.304749,up
388028,-1.613281,7.601562,6.171875,-2.205078,1.443359,0.085937,0.840759,0.395691,0.205444,0.30719,up
388033,-1.613281,7.605469,6.285156,-2.205078,1.443359,0.085937,0.840759,0.395691,0.205444,0.30719,up
388038,-1.648438,7.5625,6.4375,-1.835938,1.271484,-0.042969,0.840759,0.395691,0.205444,0.30719,up
388043,-1.6875,7.527344,6.515625,-1.773438,1.210938,-0.058594,0.840759,0.395691,0.205444,0.30719,up
388048,-1.726563,7.457031,6.59375,-1.779297,1.076172,-0.09375,0.844177,0.381226,0.20929,0.313477,up
388053,-1.765625,7.375,6.59375,-1.779297,1.076172,-0.09375,0.845398,0.37616,0.210388,0.315491,up
388058,-1.804688,7.335937,6.59375,-1.779297,1.076172,-0.09375,0.846558,0.371521,0.211304,0.317261,up
388063,-1.957031,7.296875,6.667969,-1.849609,0.933594,-0.103516,0.848999,0.362366,0.212463,0.320496,up
388068,-1.996094,7.179687,6.707031,-1.849609,0.933594,-0.103516,0.848999,0.362366,0.212463,0.320496,up
388073,-2.070313,7.179687,6.707031,-1.953125,0.683594,-0.109375,0.848999,0.362366,0.212463,0.320496,up
388078,-2.070313,7.179687,6.746094,-1.953125,0.683594,-0.109375,0.851746,0.352844,0.21283,0.323608,up
388083,-2.070313,6.992187,6.824219,-1.992188,0.585937,-0.113281,0.854675,0.343384,0.212341,0.326294,up
388088,-2.070313,6.875,6.898437,-1.992188,0.585937,-0.113281,0.854675,0.343384,0.212341,0.326294,up
388093,-2.070313,6.839844,6.976562,-1.904297,0.324219,-0.160156,0.854675,0.343384,0.212341,0.326294,up
388098,-2.070313,6.761719,6.976562,-1.904297,0.324219,-0.160156,0.859314,0.329712,0.210388,0.329529,up
388103,-1.996094,6.648437,6.941406,-1.904297,0.324219,-0.160156,0.859314,0.329712,0.210388,0.329529,up
388109,-2.03125,6.609375,6.902344,-1.755859,0.181641,-0.195312,0.862427,0.321289,0.208557,0.330933,up
388114,-1.957031,6.648437,7.050781,-1.755859,0.181641,-0.195312,0.863831,0.317505,0.20752,0.331421,up
388120,-1.878906,6.570312,7.046875,-1.755859,0.181641,-0.195312,0.865173,0.314209,0.206482,0.331787,up
388125,-1.878906,6.570312,7.046875,-1.570313,-0.091797,-0.248047,0.866638,0.310669,0.2052,0.332092,up
388130,-1.878906,6.53125,7.015625,-1.570313,-0.091797,-0.248047,0.866638,0.310669,0.2052,0.332092,up
388135,-1.839844,6.417969,7.019531,-1.585938,-0.160156,-0.253906,0.868103,0.307251,0.203857,0.332275,up
388140,-1.839844,6.417969,7.019531,-1.585938,-0.160156,-0.253906,0.868103,0.307251,0.203857,0.332275,up
388146,-1.765625,6.378906,7.085937,-1.623047,-0.25,-0.265625,0.872742,0.296875,0.198975,0.332581,up
388151,-1.726563,6.1875,7.019531,-1.648438,-0.337891,-0.261719,0.872742,0.296875,0.198975,0.332581,up
388156,-1.613281,6.109375,7.125,-1.669922,-0.380859,-0.253906,0.872742,0.296875,0.198975,0.332581,up
388161,-1.6875,6.074219,7.203125,-1.679688,-0.431641,-0.236328,0.872742,0.296875,0.198975,0.332581,up
388167,-1.648438,5.917969,7.28125,-1.667969,-0.480469,-0.230469,0.872742,0.296875,0.198975,0.332581,up
388172,-1.574219,5.804687,7.429687,-1.625,-0.535156,-0.216797,0.872742,0.296875,0.198975,0.332581,up
388178,-1.535156,5.652344,7.429687,-1.556641,-0.595703,-0.214844,0.872742,0.296875,0.198975,0.332581,up
388183,-1.535156,5.535156,7.511719,-1.480469,-0.648437,-0.212891,0.872742,0.296875,0.198975,0.332581,up
388188,-1.457031,5.460937,7.472656,-1.404297,-0.691406,-0.222656,0.872742,0.296875,0.198975,0.332581,up
388193,-1.496094,5.535156,7.429687,-1.404297,-0.691406,-0.222656,0.886536,0.268372,0.178528,0.331909,up
388198,-1.421875,5.652344,7.398437,-1.208984,-0.800781,-0.277344,0.886536,0.268372,0.178528,0.331909,up
388204,-1.421875,5.765625,7.363281,-1.152344,-0.916016,-0.369141,0.886536,0.268372,0.178528,0.331909,up
388209,-1.382813,5.804687,7.324219,-1.152344,-0.916016,-0.369141,0.892395,0.259705,0.167358,0.328857,up
388215,-1.34375,5.765625,7.125,-1.152344,-0.916016,-0.369141,0.893738,0.257874,0.164856,0.327881,up
388220,-1.304688,5.726562,7.125,-1.328125,-1.017578,-0.492187,0.895386,0.255676,0.161865,0.326782,up
388225,-1.304688,5.652344,7.125,-1.328125,-1.017578,-0.492187,0.897278,0.252869,0.158325,0.325439,up
388230,-1.265625,5.574219,7.089844,-1.328125,-1.017578,-0.492187,0.897278,0.252869,0.158325,0.325439,up
388235,-1.265625,5.574219,7.089844,-1.626953,-1.011719,-0.552734,0.897278,0.252869,0.158325,0.325439,up
388241,-1.191406,5.421875,7.128906,-1.626953,-1.011719,-0.552734,0.902405,0.244446,0.14917,0.32196,up
388246,-1.191406,4.921875,7.246094,-1.798828,-0.994141,-0.570312,0.904358,0.241028,0.145752,0.32074,up
388251,-1.191406,4.5,7.28125,-1.798828,-0.994141,-0.570312,0.904358,0.241028,0.145752,0.32074,up
388256,-1.152344,4.386719,7.324219,-1.802734,-0.949219,-0.580078,0.904358,0.241028,0.145752,0.32074,up
388261,-1.152344,4.308594,7.429687,-1.755859,-0.9375,-0.591797,0.904358,0.241028,0.145752,0.32074,up
388267,-1.035156,4.042969,7.664062,-1.755859,-0.9375,-0.591797,0.904358,0.241028,0.145752,0.32074,up
388273,-1.035156,3.851563,7.742187,-1.755859,-0.9375,-0.591797,0.913513,0.223511,0.129395,0.31427,up
388279,-0.960937,3.773438,7.707031,-1.322266,-0.908203,-0.701172,0.913513,0.223511,0.129395,0.31427,up
388284,-0.808594,3.851563,7.664062,-1.322266,-0.908203,-0.701172,0.91803,0.215759,0.121338,0.309692,up
388289,-0.808594,3.890625,7.628906,-1.136719,-0.914062,-0.775391,0.91803,0.215759,0.121338,0.309692,up
388294,-0.730469,3.964844,7.546875,-1.136719,-0.914062,-0.775391,0.919678,0.213318,0.11853,0.307678,up
388299,-0.691406,4.042969,7.546875,-1.136719,-0.914062,-0.775391,0.922424,0.209412,0.113647,0.303894,up
388304,-0.691406,4.082031,7.546875,-1.136719,-0.914062,-0.775391,0.92395,0.207275,0.111023,0.301697,up
388309,-0.691406,4.15625,7.507812,-1.164063,-0.941406,-0.871094,0.92395,0.207275,0.111023,0.301697,up
388314,-0.769531,4.195312,7.507812,-1.216797,-0.929687,-0.882812,0.925537,0.204956,0.108215,0.299377,up
388320,-0.769531,4.195312,7.507812,-1.269531,-0.914062,-0.861328,0.928406,0.200439,0.10321,0.295288,up
388325,-0.769531,4.042969,7.585937,-1.335938,-0.894531,-0.845703,0.930115,0.19751,0.10022,0.292969,up
388330,-0.730469,3.851563,7.628906,-1.335938,-0.894531,-0.845703,0.931396,0.195129,0.0979,0.291199,up
388335,-0.652344,3.621094,7.703125,-1.335938,-0.894531,-0.845703,0.931396,0.195129,0.0979,0.291199,up
388340,-0.578125,3.429688,7.707031,-1.425781,-0.814453,-0.785156,0.931396,0.195129,0.0979,0.291199,up
388345,-0.539062,3.238281,7.78125,-1.417969,-0.775391,-0.773437,0.931396,0.195129,0.0979,0.291199,up
388351,-0.425781,2.855469,7.929687,-1.382813,-0.736328,-0.765625,0.931396,0.195129,0.0979,0.291199,up
388357,-0.386719,2.738281,7.929687,-1.382813,-0.736328,-0.765625,0.938354,0.180847,0.085571,0.281982,up
388362,-0.386719,2.738281,7.929687,-1.193359,-0.667969,-0.761719,0.939575,0.178162,0.083374,0.280151,up
388367,-0.386719,2.816406,8.089844,-1.070313,-0.638672,-0.775391,0.940735,0.175842,0.081421,0.27832,up
388372,-0.347656,3.007813,8.203125,-1.070313,-0.638672,-0.775391,0.940735,0.175842,0.081421,0.27832,up
388378,-0.308594,3.085938,8.234375,-0.914062,-0.617187,-0.798828,0.942871,0.171997,0.077881,0.274475,up
388384,-0.460937,3.238281,8.128906,-0.705078,-0.601562,-0.839844,0.944885,0.169128,0.074768,0.270264,up
388389,-0.460937,3.46875,8.046875,-0.705078,-0.601562,-0.839844,0.945801,0.167908,0.073364,0.268127,up
388394,-0.460937,3.542969,8.046875,-0.585937,-0.585937,-0.855469,0.945801,0.167908,0.073364,0.268127,up
388399,-0.425781,3.542969,8.011719,-0.585937,-0.585937,-0.855469,0.947632,0.165527,0.070496,0.263916,up
388404,-0.386719,3.429688,8.089844,-0.585937,-0.585937,-0.855469,0.947632,0.165527,0.070496,0.263916,up
388409,-0.425781,3.277344,8.046875,-0.726562,-0.519531,-0.771484,0.948608,0.164185,0.06897,0.261658,up
388414,-0.425781,3.199219,8.125,-0.726562,-0.519531,-0.771484,0.950317,0.161133,0.066162,0.257874,up
388419,-0.425781,3.277344,8.128906,-0.726562,-0.519531,-0.771484,0.950317,0.161133,0.066162,0.257874,up
388424,-0.308594,3.121094,8.167969,-0.785156,-0.472656,-0.693359,0.950317,0.161133,0.066162,0.257874,up
388429,-0.308594,3.046875,8.164063,-0.785156,-0.472656,-0.693359,0.951904,0.157959,0.063599,0.254639,up
388434,-0.269531,2.894531,8.207031,-0.78125,-0.419922,-0.658203,0.951904,0.157959,0.063599,0.254639,up
388439,-0.234375,2.816406,8.238281,-0.78125,-0.419922,-0.658203,0.953552,0.154358,0.060913,0.251282,up
388445,-0.234375,2.777344,8.316406,-0.78125,-0.419922,-0.658203,0.955017,0.151306,0.058716,0.24823,up
388450,-0.195312,3.007813,8.433594,-0.78125,-0.419922,-0.658203,0.95575,0.149841,0.057617,0.246521,up
388455,-0.195312,3.160156,8.394531,-0.5625,-0.394531,-0.765625,0.95575,0.149841,0.057617,0.246521,up
388460,-0.15625,3.238281,8.316406,-0.5625,-0.394531,-0.765625,0.957214,0.147461,0.055603,0.242798,up
388466,-0.117188,3.277344,8.316406,-0.5625,-0.394531,-0.765625,0.958069,0.146057,0.054504,0.240417,up
388471,-0.078125,3.429688,8.351563,-0.587891,-0.425781,-0.914062,0.958801,0.144897,0.053528,0.238342,up
388477,-0.117188,3.429688,8.3125,-0.652344,-0.410156,-0.941406,0.958801,0.144897,0.053528,0.238342,up
388482,0.265625,3.390625,8.167969,-0.652344,-0.410156,-0.941406,0.960449,0.142029,0.051514,0.233948,up
388487,0.265625,3.390625,8.167969,-0.832031,-0.34375,-0.921875,0.960449,0.142029,0.051514,0.233948,up
388493,0.34375,3.3125,8.234375,-0.882812,-0.296875,-0.896484,0.960449,0.142029,0.051514,0.233948,up
388498,0.496094,3.121094,8.429688,-0.919922,-0.244141,-0.875,0.960449,0.142029,0.051514,0.233948,up
388503,0.535156,3.085938,8.390625,-0.902344,-0.126953,-0.777344,0.960449,0.142029,0.051514,0.233948,up
388508,0.609375,2.929688,8.472656,-0.902344,-0.126953,-0.777344,0.964539,0.131775,0.047302,0.223694,up
388513,0.570312,2.777344,8.546875,-0.865234,-0.066406,-0.730469,0.964539,0.131775,0.047302,0.223694,up
388518,0.496094,2.511719,8.695313,-0.865234,-0.066406,-0.730469,0.964539,0.131775,0.047302,0.223694,up
388523,0.496094,2.511719,8.695313,-0.865234,-0.066406,-0.730469,0.966553,0.125549,0.046326,0.218811,up
388528,0.378906,2.511719,8.777344,-0.582031,0.097656,-0.671875,0.967102,0.123901,0.046387,0.217346,up
388533,0.378906,2.511719,8.777344,-0.582031,0.097656,-0.671875,0.967102,0.123901,0.046387,0.217346,up
388538,0.1875,3.160156,9.039063,-0.423828,0.107422,-0.703125,0.967102,0.123901,0.046387,0.217346,up
388543,0.074219,3.46875,9.042969,-0.296875,0.113281,-0.744141,0.968567,0.120728,0.047241,0.212341,up
388548,0.074219,3.507813,9.003906,-0.236328,0.119141,-0.851562,0.968567,0.120728,0.047241,0.212341,up
388554,0.113281,3.621094,9.039063,-0.236328,0.119141,-0.851562,0.969543,0.119263,0.048096,0.208435,up
388559,0.152344,3.429688,9.082031,-0.417969,0.154297,-0.941406,0.970093,0.118347,0.048584,0.206299,up
388564,0.113281,3.390625,9.238281,-0.417969,0.154297,-0.941406,0.970642,0.11731,0.049011,0.204224,up
388569,0.035156,3.429688,9.3125,-0.417969,0.154297,-0.941406,0.971313,0.115784,0.0495,0.201721,up
388574,0.035156,3.429688,9.421875,-0.417969,0.154297,-0.941406,0.971863,0.11438,0.049805,0.199768,up
388579,-0.003906,3.429688,9.539063,-0.742187,0.121094,-1.015625,0.971863,0.11438,0.049805,0.199768,up
388585,-0.078125,3.277344,9.699219,-0.835937,0.089844,-1.015625,0.971863,0.11438,0.049805,0.199768,up
388591,-0.195312,2.929688,9.960938,-0.835937,0.089844,-1.015625,0.974609,0.105835,0.050171,0.190674,up
388596,-0.234375,2.855469,9.921875,-0.898437,-0.005859,-0.900391,0.975342,0.103455,0.049988,0.188538,up
388601,-0.308594,2.738281,9.925781,-0.841797,-0.027344,-0.845703,0.975952,0.101257,0.049805,0.186584,up
388607,-0.195312,2.511719,10.117188,-0.841797,-0.027344,-0.845703,0.976501,0.099243,0.049561,0.184692,up
388613,-0.15625,2.472656,10.121094,-0.632812,-0.060547,-0.751953,0.976501,0.099243,0.049561,0.184692,up
388619,-0.195312,2.433594,10.160156,-0.515625,-0.052734,-0.732422,0.976501,0.099243,0.049561,0.184692,up
388624,-0.003906,2.703125,10.121094,-0.357422,-0.054687,-0.726562,0.976501,0.099243,0.049561,0.184692,up
388629,-0.042969,3.046875,10.078125,-0.357422,-0.054687,-0.726562,0.978333,0.094116,0.048828,0.177673,up
388635,-0.003906,3.199219,9.925781,-0.125,0.074219,-0.791016,0.978333,0.094116,0.048828,0.177673,up
388640,-0.003906,3.238281,9.804688,-0.125,0.074219,-0.791016,0.979492,0.09259,0.0495,0.172058,up
388646,0.035156,3.390625,9.503906,-0.125,0.074219,-0.791016,0.979797,0.091858,0.050049,0.170288,up
388651,0.035156,3.429688,9.503906,-0.373047,0.337891,-0.832031,0.979797,0.091858,0.050049,0.170288,up
388656,0.035156,3.46875,9.539063,-0.486328,0.427734,-0.828125,0.979797,0.091858,0.050049,0.170288,up
388661,-0.042969,3.390625,9.734375,-0.486328,0.427734,-0.828125,0.981018,0.087952,0.052856,0.164734,up
388666,-0.117188,2.929688,9.921875,-0.486328,0.427734,-0.828125,0.981384,0.085937,0.054077,0.163025,up
388672,-0.234375,2.625,10.039063,-0.832031,0.615234,-0.720703,0.981384,0.085937,0.054077,0.163025,up
388677,-0.269531,2.050781,10.226563,-0.896484,0.646484,-0.666016,0.981384,0.085937,0.054077,0.163025,up
388682,-0.386719,2.050781,10.347656,-0.873047,0.660156,-0.619141,0.981384,0.085937,0.054077,0.163025,up
388687,-0.460937,1.859375,10.5,-0.757812,0.650391,-0.566406,0.981384,0.085937,0.054077,0.163025,up
388692,-0.578125,1.742188,10.652344,-0.609375,0.623047,-0.503906,0.981384,0.085937,0.054077,0.163025,up
388697,-0.769531,1.820313,10.648438,-0.609375,0.623047,-0.503906,0.981384,0.085937,0.054077,0.163025,up
388703,-0.769531,1.898438,10.808594,-0.119141,0.556641,-0.40625,0.981384,0.085937,0.054077,0.163025,up
388708,-0.691406,2.203125,10.804688,0.166016,0.519531,-0.349609,0.981384,0.085937,0.054077,0.163025,up
388713,-0.691406,2.28125,10.691406,0.166016,0.519531,-0.349609,0.983337,0.072144,0.066528,0.153076,up
388718,-0.769531,2.546875,10.609375,0.166016,0.519531,-0.349609,0.983337,0.072144,0.066528,0.153076,up
388723,-0.808594,2.929688,10.730469,0.820312,0.447266,-0.199219,0.983337,0.072144,0.066528,0.153076,up
388728,-0.769531,3.277344,10.726563,0.919922,0.449219,-0.197266,0.983337,0.072144,0.066528,0.153076,up
388733,-0.808594,3.351563,10.6875,0.919922,0.449219,-0.197266,0.982727,0.078918,0.072449,0.150879,up
388738,-0.882812,3.507813,10.5,0.919922,0.449219,-0.197266,0.982727,0.078918,0.072449,0.150879,up
388743,-0.960937,3.46875,10.460938,0.683594,0.511719,-0.216797,0.982727,0.078918,0.072449,0.150879,up
388748,-1.035156,3.429688,10.421875,0.482422,0.544922,-0.230469,0.982727,0.078918,0.072449,0.150879,up
388753,-1.152344,3.390625,10.503906,0.482422,0.544922,-0.230469,0.982727,0.078918,0.072449,0.150879,up
388758,-1.265625,3.46875,10.609375,0.482422,0.544922,-0.230469,0.982056,0.084351,0.080261,0.148315,up
388764,-1.265625,3.46875,10.609375,-0.130859,0.585937,-0.238281,0.982056,0.083984,0.081665,0.147888,up
388769,-1.457031,3.199219,10.730469,-0.265625,0.564453,-0.191406,0.982056,0.083252,0.083008,0.147522,up
388774,-1.457031,3.199219,10.730469,-0.318359,0.521484,-0.148437,0.982056,0.082275,0.08429,0.147339,up
388779,-1.574219,2.894531,11.03125,-0.318359,0.521484,-0.148437,0.982056,0.08136,0.085449,0.147217,up
388784,-1.613281,2.777344,11.152344,-0.232422,0.433594,-0.044922,0.982056,0.08136,0.085449,0.147217,up
388789,-1.613281,2.816406,11.191406,-0.105469,0.398438,0.015625,0.982056,0.08136,0.085449,0.147217,up
388794,-1.613281,2.894531,11.226563,-0.105469,0.398438,0.015625,0.981873,0.079651,0.088501,0.147522,up
388800,-1.648438,2.96875,11.03125,0.275391,0.294922,0.162109,0.981873,0.079651,0.088501,0.147522,up
388805,-1.613281,3.121094,10.960938,0.275391,0.294922,0.162109,0.981384,0.080994,0.09082,0.148621,up
388810,-1.613281,3.238281,10.882813,0.371094,0.234375,0.255859,0.981384,0.080994,0.09082,0.148621,up
388815,-1.648438,3.238281,10.804688,0.371094,0.234375,0.255859,0.98114,0.081909,0.091553,0.149292,up
388820,-1.613281,3.199219,10.691406,0.333984,0.197266,0.345703,0.98114,0.081909,0.091553,0.149292,up
388825,-1.613281,3.160156,10.652344,0.333984,0.197266,0.345703,0.980408,0.084351,0.093201,0.15155,up
388830,-1.574219,3.199219,10.6875,0.333984,0.197266,0.345703,0.980408,0.084351,0.093201,0.15155,up
388835,-1.613281,3.238281,10.652344,0.234375,0.146484,0.447266,0.980408,0.084351,0.093201,0.15155,up
388840,-1.535156,3.199219,10.609375,0.234375,0.146484,0.447266,0.979614,0.086365,0.094421,0.154663,up
388845,-1.535156,3.160156,10.613281,0.234375,0.146484,0.447266,0.97937,0.086975,0.094727,0.155884,up
388850,-1.496094,3.046875,10.609375,0.234375,0.146484,0.447266,0.97937,0.086975,0.094727,0.155884,up
388855,-1.496094,3.085938,10.578125,0.275391,0.125,0.53125,0.97937,0.086975,0.094727,0.155884,up
388860,-1.574219,3.121094,10.582031,0.275391,0.125,0.53125,0.978455,0.08905,0.095642,0.159729,up
388865,-1.613281,3.199219,10.542969,0.275391,0.125,0.53125,0.978149,0.090027,0.095886,0.161011,up
388870,-1.613281,3.429688,10.421875,0.275391,0.125,0.53125,0.978149,0.090027,0.095886,0.161011,up
388875,-1.6875,3.660156,10.382813,0.388672,0.064453,0.544922,0.978149,0.090027,0.095886,0.161011,up
388880,-1.6875,3.699219,10.386719,0.388672,0.064453,0.544922,0.977173,0.09314,0.096375,0.164917,up
388885,-1.648438,3.734375,10.308594,0.388672,0.064453,0.544922,0.977173,0.09314,0.096375,0.164917,up
388890,-1.6875,3.699219,10.304688,0.316406,0.0,0.570312,0.976501,0.094971,0.096375,0.167603,up
388895,-1.648438,3.621094,10.464844,0.316406,0.0,0.570312,0.976196,0.095764,0.096252,0.169006,up
388900,-1.648438,3.46875,10.421875,0.189453,-0.050781,0.636719,0.976196,0.095764,0.096252,0.169006,up
388905,-1.613281,3.390625,10.421875,0.189453,-0.050781,0.636719,0.975891,0.096436,0.096069,0.170471,up
388910,-1.535156,3.046875,10.386719,0.152344,-0.056641,0.669922,0.975891,0.096436,0.096069,0.170471,up
388915,-1.535156,3.046875,10.386719,0.152344,-0.056641,0.669922,0.974915,0.098145,0.095276,0.175476,up
388920,-1.457031,2.894531,10.425781,0.152344,-0.056641,0.669922,0.974915,0.098145,0.095276,0.175476,up
388925,-1.457031,2.894531,10.382813,0.300781,-0.080078,0.792969,0.974915,0.098145,0.095276,0.175476,up
388931,-1.34375,2.855469,10.304688,0.300781,-0.080078,0.792969,0.973694,0.10083,0.094482,0.181091,up
388937,-1.304688,2.894531,10.082031,0.300781,-0.080078,0.792969,0.973267,0.10199,0.094238,0.182922,up
388943,-1.304688,3.007813,10.042969,0.478516,-0.082031,0.841797,0.972717,0.103455,0.094055,0.184998,up
388948,-1.191406,3.046875,9.882813,0.509766,-0.066406,0.837891,0.972717,0.103455,0.094055,0.184998,up
388954,-1.191406,3.121094,9.847656,0.507812,-0.058594,0.835937,0.972717,0.103455,0.094055,0.184998,up
388959,-1.074219,3.046875,9.808594,0.488281,-0.052734,0.830078,0.972717,0.103455,0.094055,0.184998,up
388965,-1.074219,3.085938,9.777344,0.388672,-0.044922,0.826172,0.972717,0.103455,0.094055,0.184998,up
388970,-1.035156,3.085938,9.808594,0.339844,-0.037109,0.822266,0.970215,0.110291,0.093384,0.194519,up
388975,-1.0,3.046875,9.886719,0.339844,-0.037109,0.822266,0.969666,0.111511,0.093201,0.196655,up
388980,-1.0,2.96875,9.960938,0.339844,-0.037109,0.822266,0.969177,0.112488,0.093079,0.198547,up
388985,-0.960937,3.007813,10.0,0.277344,-0.035156,0.830078,0.969177,0.112488,0.093079,0.198547,up
388990,-0.960937,3.007813,10.0,0.277344,-0.035156,0.830078,0.967712,0.115173,0.092529,0.204346,up
388995,-1.0,2.929688,10.160156,0.277344,-0.035156,0.830078,0.967712,0.115173,0.092529,0.204346,up
389000,-1.074219,3.007813,10.160156,0.433594,-0.019531,0.916016,0.967712,0.115173,0.092529,0.204346,up
389006,-1.152344,3.046875,10.160156,0.433594,-0.019531,0.916016,0.965942,0.118713,0.092163,0.210693,up
389011,-1.152344,3.160156,10.15625,0.572266,-0.025391,0.955078,0.96521,0.120422,0.092102,0.213074,up
389016,-1.191406,3.238281,10.230469,0.611328,-0.03125,0.958984,0.964478,0.122192,0.092102,0.215393,up
389021,-1.191406,3.351563,10.042969,0.605469,-0.027344,0.951172,0.964478,0.122192,0.092102,0.215393,up
389026,-1.191406,3.542969,10.042969,0.605469,-0.027344,0.951172,0.963074,0.125549,0.09198,0.219666,up
389031,-1.265625,3.507813,10.003906,0.535156,-0.044922,0.9375,0.963074,0.125549,0.09198,0.219666,up
389036,-1.230469,3.507813,10.042969,0.535156,-0.044922,0.9375,0.961731,0.12854,0.091797,0.223938,up
389041,-1.265625,3.507813,10.003906,0.535156,-0.044922,0.9375,0.961121,0.129761,0.091553,0.22583,up
389046,-1.230469,3.46875,10.003906,0.535156,-0.044922,0.9375,0.96051,0.13092,0.091248,0.227966,up
389051,-1.230469,3.429688,9.960938,0.263672,-0.160156,0.916016,0.959839,0.132019,0.090698,0.230286,up
389056,-1.191406,3.390625,10.0,0.263672,-0.160156,0.916016,0.95929,0.132874,0.090149,0.232239,up
389061,-1.113281,3.238281,9.882813,0.263672,-0.160156,0.916016,0.95929,0.132874,0.090149,0.232239,up
389066,-1.113281,3.238281,9.882813,0.164062,-0.216797,0.919922,0.95874,0.133606,0.089478,0.234314,up
389071,-1.074219,3.160156,9.804688,0.152344,-0.230469,0.927734,0.95874,0.133606,0.089478,0.234314,up
389076,-0.960937,2.929688,9.777344,0.164062,-0.228516,0.931641,0.957642,0.135071,0.087891,0.238586,up
389081,-0.960937,2.96875,9.65625,0.177734,-0.238281,0.921875,0.956482,0.136658,0.086365,0.242859,up
389087,-0.921875,2.96875,9.695313,0.177734,-0.238281,0.921875,0.955933,0.137451,0.085693,0.244934,up
389092,-0.882812,3.007813,9.699219,0.216797,-0.197266,0.878906,0.955933,0.137451,0.085693,0.244934,up
389098,-0.84375,3.046875,9.660156,0.216797,-0.197266,0.878906,0.954773,0.139099,0.084351,0.248962,up
389103,-0.84375,3.046875,9.738281,0.193359,-0.177734,0.847656,0.954163,0.139893,0.08374,0.250916,up
389109,-0.882812,3.007813,9.734375,0.171875,-0.169922,0.841797,0.954163,0.139893,0.08374,0.250916,up
389115,-0.882812,2.96875,9.734375,0.171875,-0.169922,0.841797,0.954163,0.139893,0.08374,0.250916,up
389120,-0.84375,2.96875,9.65625,0.107422,-0.171875,0.833984,0.954163,0.139893,0.08374,0.250916,up
389125,-0.808594,3.007813,9.65625,0.052734,-0.171875,0.845703,0.954163,0.139893,0.08374,0.250916,up
389130,-0.730469,2.96875,9.621094,0.052734,-0.171875,0.845703,0.951416,0.142883,0.080566,0.26062,up
389135,-0.652344,2.929688,9.621094,0.052734,-0.171875,0.845703,0.950867,0.14325,0.079895,0.262573,up
389140,-0.652344,2.929688,9.695313,0.042969,-0.169922,0.845703,0.950867,0.14325,0.079895,0.262573,up
389146,-0.652344,2.855469,9.660156,0.052734,-0.183594,0.835937,0.950867,0.14325,0.079895,0.262573,up
389152,-0.617187,2.894531,9.734375,0.052734,-0.183594,0.835937,0.948608,0.14502,0.077087,0.270447,up
389157,-0.578125,2.929688,9.660156,0.140625,-0.212891,0.839844,0.948608,0.14502,0.077087,0.270447,up
389162,-0.578125,2.929688,9.660156,0.160156,-0.228516,0.837891,0.947449,0.146301,0.075623,0.274231,up
389167,-0.539062,3.007813,9.617188,0.160156,-0.228516,0.837891,0.946838,0.147034,0.07489,0.276123,up
389173,-0.539062,3.046875,9.542969,0.164062,-0.251953,0.837891,0.946838,0.147034,0.07489,0.276123,up
389179,-0.539062,3.046875,9.503906,0.142578,-0.259766,0.822266,0.946838,0.147034,0.07489,0.276123,up
389184,-0.425781,3.160156,9.539063,0.109375,-0.267578,0.820312,0.946838,0.147034,0.07489,0.276123,up
389189,-0.386719,3.121094,9.464844,0.074219,-0.263672,0.808594,0.946838,0.147034,0.07489,0.276123,up
389194,-0.347656,3.160156,9.394531,0.029297,-0.259766,0.794922,0.946838,0.147034,0.07489,0.276123,up
389199,-0.308594,3.160156,9.460938,-0.013672,-0.25,0.777344,0.946838,0.147034,0.07489,0.276123,up
389205,-0.234375,3.007813,9.460938,-0.048828,-0.236328,0.763672,0.942383,0.150879,0.068054,0.29071,up
389210,-0.15625,2.929688,9.464844,-0.048828,-0.236328,0.763672,0.942383,0.150879,0.068054,0.29071,up
389215,-0.117188,2.929688,9.503906,-0.052734,-0.164062,0.712891,0.942383,0.150879,0.068054,0.29071,up
389220,-0.117188,2.929688,9.582031,-0.052734,-0.164062,0.712891,0.941406,0.151123,0.066528,0.294006,up
389226,-0.078125,2.96875,9.65625,-0.052734,-0.164062,0.712891,0.94043,0.151489,0.065186,0.297302,up
389231,-0.078125,3.121094,9.699219,0.03125,-0.123047,0.703125,0.94043,0.151489,0.065186,0.297302,up
389236,-0.15625,3.3125,9.734375,0.03125,-0.123047,0.703125,0.93988,0.151794,0.064575,0.299133,up
389241,-0.15625,3.351563,9.734375,0.03125,-0.123047,0.703125,0.938843,0.152466,0.063538,0.302185,up
389246,-0.195312,3.390625,9.808594,0.03125,-0.123047,0.703125,0.938232,0.152954,0.062988,0.303833,up
389251,-0.195312,3.390625,9.84375,0.03125,-0.123047,0.703125,0.938232,0.152954,0.062988,0.303833,up
389256,-0.308594,3.3125,9.925781,0.103516,-0.166016,0.71875,0.938232,0.152954,0.062988,0.303833,up
389261,-0.347656,3.277344,9.921875,0.0625,-0.210937,0.728516,0.937073,0.153931,0.061829,0.307129,up
389266,-0.386719,3.3125,9.886719,0.0625,-0.210937,0.728516,0.935974,0.154785,0.060303,0.310486,up
389271,-0.460937,3.3125,9.84375,0.0625,-0.210937,0.728516,0.935974,0.154785,0.060303,0.310486,up
389276,-0.425781,3.277344,9.808594,0.0625,-0.210937,0.728516,0.934875,0.155518,0.058594,0.31366,up
389281,-0.425781,3.277344,9.773438,0.0625,-0.210937,0.728516,0.934875,0.155518,0.058594,0.31366,up
389286,-0.425781,3.277344,9.773438,-0.027344,-0.320313,0.724609,0.934326,0.155884,0.057495,0.315369,up
389291,-0.425781,3.277344,9.773438,-0.042969,-0.333984,0.720703,0.933838,0.156128,0.056519,0.316772,up
389296,-0.117188,3.351563,9.578125,-0.042969,-0.333984,0.720703,0.93335,0.156433,0.05542,0.318359,up
389301,-0.117188,3.351563,9.578125,-0.03125,-0.347656,0.710937,0.9328,0.156738,0.054321,0.319946,up
389306,0.113281,3.351563,9.460938,-0.042969,-0.353516,0.703125,0.931763,0.157288,0.052002,0.323059,up
389311,0.1875,3.3125,9.460938,-0.042969,-0.353516,0.703125,0.931335,0.157471,0.050964,0.324402,up
389316,0.226562,3.3125,9.5,-0.074219,-0.314453,0.669922,0.931335,0.157471,0.050964,0.324402,up
389321,0.304688,3.238281,9.542969,-0.074219,-0.314453,0.669922,0.930786,0.157654,0.049805,0.32605,up
389326,0.265625,3.199219,9.65625,-0.082031,-0.298828,0.660156,0.92981,0.157959,0.047791,0.328857,up
389331,0.34375,3.085938,9.65625,-0.082031,-0.298828,0.660156,0.929382,0.158081,0.046814,0.330261,up
389336,0.378906,3.007813,9.734375,-0.082031,-0.298828,0.660156,0.929382,0.158081,0.046814,0.330261,up
389341,0.304688,2.96875,9.804688,-0.080078,-0.283203,0.654297,0.929382,0.158081,0.046814,0.330261,up
389346,0.304688,2.894531,9.847656,-0.052734,-0.287109,0.666016,0.929382,0.158081,0.046814,0.330261,up
389351,0.265625,2.894531,9.847656,0.017578,-0.287109,0.673828,0.927856,0.15863,0.043823,0.334656,up
389356,0.304688,2.929688,9.925781,0.017578,-0.287109,0.673828,0.927246,0.158997,0.042786,0.336304,up
389361,0.265625,3.007813,9.886719,0.017578,-0.287109,0.673828,0.926697,0.159424,0.04187,0.337769,up
389366,0.304688,3.085938,9.921875,0.099609,-0.308594,0.683594,0.926697,0.159424,0.04187,0.337769,up
389371,0.265625,3.199219,9.882813,0.169922,-0.332031,0.683594,0.925537,0.160522,0.040161,0.340515,up
389376,0.226562,3.3125,9.84375,0.169922,-0.332031,0.683594,0.924866,0.161255,0.039185,0.342163,up
389381,0.1875,3.507813,9.808594,0.169922,-0.332031,0.683594,0.924255,0.162048,0.038269,0.343567,up
389386,0.226562,3.734375,9.777344,0.185547,-0.357422,0.658203,0.923035,0.163635,0.036438,0.346252,up
389391,0.265625,3.773438,9.773438,0.185547,-0.357422,0.658203,0.923035,0.163635,0.036438,0.346252,up
389396,0.226562,3.773438,9.695313,0.039063,-0.412109,0.625,0.923035,0.163635,0.036438,0.346252,up
389401,0.265625,3.8125,9.621094,0.039063,-0.412109,0.625,0.921387,0.165405,0.03302,0.35022,up
389406,0.34375,3.8125,9.65625,0.039063,-0.412109,0.625,0.920898,0.16571,0.031738,0.35144,up
389411,0.417969,3.660156,9.699219,0.039063,-0.412109,0.625,0.920898,0.16571,0.031738,0.35144,up
389416,0.457031,3.507813,9.699219,-0.162109,-0.447266,0.605469,0.919983,0.165894,0.028931,0.353882,up
389421,0.535156,3.238281,9.699219,-0.162109,-0.447266,0.605469,0.919983,0.165894,0.028931,0.353882,up
389426,0.609375,3.046875,9.65625,-0.240234,-0.476562,0.599609,0.919556,0.165833,0.027344,0.355164,up
389431,0.648437,2.929688,9.699219,-0.210937,-0.496094,0.613281,0.919189,0.165771,0.025757,0.356384,up
389436,0.878906,2.738281,9.699219,-0.210937,-0.496094,0.613281,0.918701,0.16571,0.024048,0.357727,up
389441,0.953125,2.703125,9.621094,-0.091797,-0.513672,0.630859,0.918274,0.165771,0.022461,0.358948,up
389446,1.070313,2.664063,9.578125,-0.091797,-0.513672,0.630859,0.917725,0.166016,0.020874,0.360229,up
389451,1.144531,2.664063,9.582031,0.046875,-0.507812,0.630859,0.917297,0.166321,0.019592,0.361328,up
389457,1.222656,2.777344,9.539063,0.046875,-0.507812,0.630859,0.916138,0.167542,0.016785,0.363831,up
389462,1.261719,2.855469,9.582031,0.154297,-0.486328,0.617187,0.915466,0.168396,0.01532,0.365173,up
389468,1.261719,3.007813,9.5,0.154297,-0.486328,0.617187,0.914917,0.169189,0.014282,0.366272,up
389473,1.183594,3.046875,9.578125,0.154297,-0.486328,0.617187,0.914246,0.170166,0.013062,0.367554,up
389478,1.109375,3.121094,9.542969,0.154297,-0.486328,0.617187,0.913635,0.171082,0.011963,0.368652,up
389483,1.109375,3.121094,9.542969,0.207031,-0.457031,0.597656,0.912964,0.171997,0.010864,0.369812,up
389488,1.109375,3.121094,9.464844,0.207031,-0.457031,0.597656,0.912354,0.172913,0.009705,0.371033,up
389493,1.03125,3.199219,9.425781,0.207031,-0.457031,0.597656,0.911682,0.173828,0.008484,0.372253,up
389500,1.109375,3.085938,9.394531,0.207031,-0.457031,0.597656,0.911682,0.173828,0.008484,0.372253,up
389505,1.109375,3.199219,9.355469,0.150391,-0.490234,0.597656,0.911682,0.173828,0.008484,0.372253,up
389511,1.414063,3.238281,9.3125,0.144531,-0.492187,0.585937,0.911682,0.173828,0.008484,0.372253,up
389516,1.414063,3.277344,9.277344,0.144531,-0.492187,0.585937,0.90918,0.177124,0.003601,0.37677,up
389521,1.492188,3.238281,9.238281,0.150391,-0.474609,0.578125,0.90918,0.177124,0.003601,0.37677,up
389526,1.757813,3.3125,9.277344,0.167969,-0.451172,0.576172,0.90918,0.177124,0.003601,0.37677,up
389531,1.757813,3.3125,9.277344,0.167969,-0.451172,0.576172,0.907288,0.179565,6.1e-05,0.380249,up
389537,1.796875,3.390625,9.277344,0.199219,-0.353516,0.570312,0.907288,0.179565,6.1e-05,0.380249,up
389542,1.796875,3.390625,9.3125,0.199219,-0.353516,0.570312,0.905334,0.182068,-0.002747,0.383728,up
389547,1.796875,3.351563,9.316406,0.199219,-0.353516,0.570312,0.905334,0.182068,-0.002747,0.383728,up
389552,1.796875,3.390625,9.394531,0.152344,-0.289063,0.587891,0.904724,0.182678,-0.003479,0.384827,up
389557,1.796875,3.390625,9.394531,0.132812,-0.263672,0.595703,0.904053,0.183289,-0.004272,0.386108,up
389563,1.683594,3.507813,9.351563,0.060547,-0.222656,0.613281,0.903442,0.183777,-0.005005,0.387329,up
389569,1.644531,3.507813,9.394531,0.060547,-0.222656,0.613281,0.902161,0.184448,-0.00647,0.389954,up
389574,1.644531,3.390625,9.390625,-0.068359,-0.181641,0.615234,0.902161,0.184448,-0.00647,0.389954,up
389579,1.644531,3.351563,9.421875,-0.126953,-0.166016,0.613281,0.902161,0.184448,-0.00647,0.389954,up
389584,1.722656,3.238281,9.425781,-0.126953,-0.166016,0.613281,0.900452,0.184326,-0.008789,0.39386,up
389590,1.722656,3.199219,9.421875,-0.199219,-0.134766,0.595703,0.900452,0.184326,-0.008789,0.39386,up
389595,1.796875,3.199219,9.464844,-0.21875,-0.136719,0.585937,0.900452,0.184326,-0.008789,0.39386,up
389601,1.796875,3.121094,9.5,-0.234375,-0.134766,0.568359,0.900452,0.184326,-0.008789,0.39386,up
389607,1.796875,3.085938,9.5,-0.234375,-0.152344,0.570312,0.900452,0.184326,-0.008789,0.39386,up
389612,1.796875,3.121094,9.539063,-0.234375,-0.152344,0.570312,0.897461,0.182129,-0.013672,0.401489,up
389617,1.796875,3.3125,9.5,-0.234375,-0.152344,0.570312,0.897461,0.182129,-0.013672,0.401489,up
389622,1.796875,3.351563,9.539063,-0.234375,-0.152344,0.570312,0.896545,0.181763,-0.015198,0.403687,up
389627,1.757813,3.390625,9.425781,-0.234375,-0.152344,0.570312,0.896545,0.181763,-0.015198,0.403687,up
389632,1.757813,3.390625,9.390625,-0.107422,-0.173828,0.566406,0.896545,0.181763,-0.015198,0.403687,up
389637,1.722656,3.390625,9.277344,-0.107422,-0.173828,0.566406,0.894897,0.181458,-0.017517,0.407288,up
389642,1.722656,3.429688,9.3125,-0.107422,-0.173828,0.566406,0.894409,0.181396,-0.01825,0.408447,up
389647,1.722656,3.429688,9.351563,-0.101563,-0.15625,0.597656,0.894409,0.181396,-0.01825,0.408447,up
389653,1.757813,3.390625,9.273438,-0.101563,-0.15625,0.597656,0.893188,0.181213,-0.019775,0.411133,up
389659,1.835938,3.3125,9.277344,-0.101563,-0.15625,0.597656,0.892639,0.181091,-0.020386,0.412354,up
389665,1.875,3.3125,9.277344,-0.107422,-0.099609,0.640625,0.892639,0.181091,-0.020386,0.412354,up
389671,1.988281,3.199219,9.316406,-0.070312,-0.068359,0.666016,0.892639,0.181091,-0.020386,0.412354,up
389676,1.988281,3.199219,9.316406,-0.021484,-0.046875,0.691406,0.892639,0.181091,-0.020386,0.412354,up
389682,2.027344,3.160156,9.238281,0.03125,-0.009766,0.703125,0.892639,0.181091,-0.020386,0.412354,up
389687,2.027344,3.160156,9.238281,0.148437,0.048828,0.736328,0.889099,0.180847,-0.022766,0.419922,up
389692,1.949219,3.3125,9.199219,0.148437,0.048828,0.736328,0.888306,0.18103,-0.022888,0.421448,up
389698,1.835938,3.46875,9.082031,0.148437,0.048828,0.736328,0.886536,0.181763,-0.022888,0.424805,up
389703,1.835938,3.582031,9.042969,0.257813,0.033203,0.746094,0.886536,0.181763,-0.022888,0.424805,up
389708,1.796875,3.660156,8.972656,0.251953,0.015625,0.730469,0.884705,0.182739,-0.022949,0.428223,up
389714,1.835938,3.734375,8.890625,0.251953,0.015625,0.730469,0.88385,0.183228,-0.02301,0.42981,up
389719,1.835938,3.773438,8.855469,0.166016,-0.035156,0.695312,0.88385,0.183228,-0.02301,0.42981,up
389724,1.835938,3.734375,8.855469,0.085937,-0.060547,0.683594,0.88385,0.183228,-0.02301,0.42981,up
389729,1.914063,3.699219,8.855469,0.085937,-0.060547,0.683594,0.881409,0.184082,-0.023865,0.434387,up
389735,1.875,3.621094,8.933594,-0.099609,-0.103516,0.652344,0.881409,0.184082,-0.023865,0.434387,up
389740,1.914063,3.507813,9.003906,-0.199219,-0.125,0.630859,0.881409,0.184082,-0.023865,0.434387,up
389746,1.914063,3.351563,9.160156,-0.285156,-0.142578,0.605469,0.881409,0.184082,-0.023865,0.434387,up
389752,1.875,3.277344,9.238281,-0.353516,-0.195312,0.572266,0.881409,0.184082,-0.023865,0.434387,up
389757,1.875,3.199219,9.273438,-0.353516,-0.195312,0.572266,0.877869,0.181641,-0.029236,0.442139,up
389762,1.875,3.121094,9.351563,-0.353516,-0.195312,0.572266,0.877441,0.181152,-0.030273,0.443115,up
389767,1.875,3.085938,9.3125,-0.353516,-0.195312,0.572266,0.876892,0.180664,-0.031555,0.444336,up
389772,1.914063,3.085938,9.3125,-0.353516,-0.195312,0.572266,0.876892,0.180664,-0.031555,0.444336,up
389777,1.914063,3.046875,9.316406,-0.208984,-0.242187,0.574219,0.876892,0.180664,-0.031555,0.444336,up
389782,1.988281,3.007813,9.3125,-0.208984,-0.242187,0.574219,0.875244,0.179871,-0.034668,0.447632,up
389787,1.949219,2.929688,9.238281,-0.208984,-0.242187,0.574219,0.874634,0.17981,-0.035583,0.448792,up
389792,2.027344,2.777344,9.195313,-0.208984,-0.242187,0.574219,0.874634,0.17981,-0.035583,0.448792,up
389797,2.066406,2.738281,9.234375,-0.042969,-0.179687,0.630859,0.874634,0.17981,-0.035583,0.448792,up
389802,2.140625,2.703125,9.117188,-0.042969,-0.179687,0.630859,0.873291,0.17981,-0.03717,0.451233,up
389808,2.140625,2.738281,9.15625,0.009766,-0.148437,0.644531,0.871765,0.180115,-0.038391,0.453979,up
389813,2.21875,2.664063,9.160156,0.121094,-0.097656,0.695312,0.87085,0.180359,-0.03894,0.455566,up
389818,2.257813,2.511719,9.234375,0.121094,-0.097656,0.695312,0.869934,0.180786,-0.039246,0.457092,up
389823,2.296875,2.511719,9.238281,0.121094,-0.097656,0.695312,0.869934,0.180786,-0.039246,0.457092,up
389828,2.296875,2.511719,9.238281,0.296875,-0.039063,0.740234,0.868042,0.182007,-0.039368,0.460205,up
389833,2.257813,2.546875,9.273438,0.296875,-0.039063,0.740234,0.868042,0.182007,-0.039368,0.460205,up
389838,2.21875,2.703125,9.3125,0.511719,0.013672,0.794922,0.866943,0.182922,-0.039246,0.461914,up
389843,2.140625,2.738281,9.355469,0.695312,0.033203,0.855469,0.866943,0.182922,-0.039246,0.461914,up
389849,2.027344,2.816406,9.390625,0.695312,0.033203,0.855469,0.863159,0.186768,-0.037964,0.46759,up
389855,2.027344,2.929688,9.5,0.8125,0.044922,0.878906,0.863159,0.186768,-0.037964,0.46759,up
389860,2.027344,2.894531,9.542969,0.845703,0.064453,0.882812,0.863159,0.186768,-0.037964,0.46759,up
389866,2.066406,2.929688,9.621094,0.853516,0.087891,0.882812,0.863159,0.186768,-0.037964,0.46759,up
389871,2.027344,2.929688,9.734375,0.853516,0.101563,0.878906,0.863159,0.186768,-0.037964,0.46759,up
389876,2.105469,2.929688,9.777344,0.853516,0.101563,0.878906,0.855957,0.195007,-0.034363,0.4776,up
389882,2.105469,3.046875,9.804688,0.841797,0.113281,0.875,0.855957,0.195007,-0.034363,0.4776,up
389887,2.140625,3.085938,9.882813,0.828125,0.085937,0.882812,0.855957,0.195007,-0.034363,0.4776,up
389893,2.140625,3.085938,9.84375,0.828125,0.085937,0.882812,0.850098,0.201355,-0.03125,0.485657,up
389898,2.140625,3.085938,9.882813,0.8125,0.068359,0.902344,0.84845,0.203064,-0.030457,0.487854,up
389903,2.179688,3.121094,9.808594,0.8125,0.068359,0.902344,0.847046,0.20459,-0.029846,0.489685,up
389908,2.140625,3.160156,9.808594,0.857422,0.037109,0.910156,0.847046,0.20459,-0.029846,0.489685,up
389914,2.140625,3.199219,9.777344,0.857422,0.037109,0.910156,0.843994,0.207947,-0.028564,0.493652,up
389919,2.105469,3.238281,9.617188,0.910156,-0.009766,0.921875,0.842346,0.209839,-0.027893,0.495667,up
389925,2.066406,3.238281,9.617188,0.929687,-0.023437,0.927734,0.842346,0.209839,-0.027893,0.495667,up
389930,2.179688,3.277344,9.539063,0.929687,-0.023437,0.927734,0.83905,0.213623,-0.026733,0.499634,up
389936,2.296875,3.3125,9.5,0.953125,-0.074219,0.933594,0.83905,0.213623,-0.026733,0.499634,up
389942,2.410156,3.351563,9.421875,0.966797,-0.095703,0.933594,0.83905,0.213623,-0.026733,0.499634,up
389947,2.640625,3.507813,9.355469,0.970703,-0.099609,0.927734,0.83905,0.213623,-0.026733,0.499634,up
389953,2.71875,3.582031,9.277344,0.970703,-0.099609,0.927734,0.832214,0.221924,-0.024658,0.507507,up
389958,2.71875,3.660156,9.121094,0.929687,-0.09375,0.894531,0.832214,0.221924,-0.024658,0.507507,up
389963,2.753906,3.734375,9.078125,0.929687,-0.09375,0.894531,0.827026,0.228149,-0.023193,0.513184,up
389969,2.679688,3.851563,8.972656,0.929687,-0.09375,0.894531,0.8255,0.229919,-0.022827,0.514954,up
389974,2.640625,3.8125,8.929688,0.779297,-0.074219,0.853516,0.8255,0.229919,-0.022827,0.514954,up
389979,2.679688,3.851563,8.890625,0.738281,-0.087891,0.839844,0.8255,0.229919,-0.022827,0.514954,up
389984,2.601563,3.8125,8.894531,0.738281,-0.087891,0.839844,0.820862,0.234863,-0.021912,0.520142,up
389989,2.601563,3.8125,8.894531,0.640625,-0.109375,0.826172,0.819397,0.236267,-0.021729,0.52179,up
389994,2.601563,3.773438,8.929688,0.640625,-0.109375,0.826172,0.819397,0.236267,-0.021729,0.52179,up
389999,2.640625,3.773438,9.003906,0.619141,-0.140625,0.8125,0.816528,0.239075,-0.021667,0.525085,up
390005,2.753906,3.8125,8.894531,0.619141,-0.140625,0.8125,0.815063,0.240479,-0.021729,0.526611,up
390011,2.832031,3.8125,8.8125,0.558594,-0.207031,0.806641,0.815063,0.240479,-0.021729,0.526611,up
390016,2.832031,3.851563,8.777344,0.537109,-0.21875,0.785156,0.815063,0.240479,-0.021729,0.526611,up
390021,2.910156,3.890625,8.734375,0.537109,-0.21875,0.785156,0.815063,0.240479,-0.021729,0.526611,up
390027,2.910156,3.890625,8.699219,0.519531,-0.255859,0.753906,0.815063,0.240479,-0.021729,0.526611,up
390032,2.910156,3.964844,8.660156,0.490234,-0.289063,0.728516,0.815063,0.240479,-0.021729,0.526611,up
390037,2.945313,3.964844,8.621094,0.490234,-0.289063,0.728516,0.806946,0.248657,-0.023254,0.535278,up
390042,2.945313,3.964844,8.585938,0.490234,-0.289063,0.728516,0.805664,0.249939,-0.023682,0.53656,up
390048,2.945313,3.925781,8.546875,0.414062,-0.322266,0.708984,0.805664,0.249939,-0.023682,0.53656,up
390053,3.023438,3.890625,8.585938,0.414062,-0.322266,0.708984,0.801819,0.253784,-0.025208,0.540405,up
390058,2.984375,3.851563,8.589844,0.414062,-0.322266,0.708984,0.800659,0.254883,-0.025818,0.541565,up
390063,3.0625,3.890625,8.617188,0.341797,-0.322266,0.71875,0.799438,0.256042,-0.026489,0.542847,up
390068,3.136719,3.890625,8.589844,0.341797,-0.322266,0.71875,0.798218,0.25708,-0.0271,0.544067,up
390073,3.214844,3.890625,8.589844,0.341797,-0.322266,0.71875,0.797058,0.258057,-0.027771,0.545227,up
390078,3.292969,3.890625,8.546875,0.263672,-0.285156,0.699219,0.795837,0.259033,-0.028564,0.54657,up
390083,3.328125,3.925781,8.550781,0.263672,-0.285156,0.699219,0.795837,0.259033,-0.028564,0.54657,up
390088,3.367188,4.003906,8.472656,0.248047,-0.261719,0.673828,0.795837,0.259033,-0.028564,0.54657,up
390094,3.40625,4.042969,8.390625,0.248047,-0.261719,0.673828,0.792664,0.261292,-0.030334,0.549988,up
390099,3.40625,4.003906,8.390625,0.208984,-0.193359,0.630859,0.791626,0.261963,-0.030823,0.551147,up
390104,3.40625,4.003906,8.390625,0.195312,-0.1875,0.628906,0.790588,0.262573,-0.031372,0.552307,up
390110,3.40625,4.042969,8.429688,0.195312,-0.1875,0.628906,0.789612,0.263184,-0.031921,0.553406,up
390115,3.328125,4.042969,8.472656,0.1875,-0.177734,0.607422,0.789612,0.263184,-0.031921,0.553406,up
390120,3.328125,4.042969,8.472656,0.183594,-0.1875,0.623047,0.787659,0.264343,-0.032898,0.555603,up
390126,3.328125,3.964844,8.546875,0.181641,-0.201172,0.623047,0.787659,0.264343,-0.032898,0.555603,up
390131,3.328125,3.925781,8.550781,0.173828,-0.210937,0.625,0.787659,0.264343,-0.032898,0.555603,up
390136,3.328125,3.925781,8.585938,0.181641,-0.224609,0.646484,0.787659,0.264343,-0.032898,0.555603,up
390141,3.40625,3.890625,8.550781,0.197266,-0.238281,0.650391,0.787659,0.264343,-0.032898,0.555603,up
390147,3.40625,3.925781,8.550781,0.197266,-0.238281,0.650391,0.781433,0.268127,-0.03656,0.562256,up
390152,3.484375,3.925781,8.550781,0.197266,-0.238281,0.650391,0.781433,0.268127,-0.03656,0.562256,up
390158,3.523438,3.890625,8.550781,0.236328,-0.242187,0.648437,0.781433,0.268127,-0.03656,0.562256,up
390163,3.484375,3.890625,8.433594,0.236328,-0.242187,0.648437,0.779297,0.269653,-0.03772,0.564453,up
390168,3.558594,3.851563,8.355469,0.226562,-0.242187,0.646484,0.7771,0.271118,-0.03894,0.56665,up
390173,3.597656,3.890625,8.316406,0.226562,-0.242187,0.646484,0.7771,0.271118,-0.03894,0.56665,up
390178,3.675781,3.890625,8.277344,0.212891,-0.244141,0.634766,0.7771,0.271118,-0.03894,0.56665,up
390183,3.675781,3.890625,8.238281,0.212891,-0.244141,0.634766,0.773926,0.273193,-0.040771,0.569885,up
390188,3.75,3.890625,8.277344,0.212891,-0.244141,0.634766,0.772888,0.273865,-0.041382,0.570923,up
390193,3.714844,3.964844,8.238281,0.212891,-0.244141,0.634766,0.772888,0.273865,-0.041382,0.570923,up
390198,3.675781,3.964844,8.207031,0.195312,-0.214844,0.601562,0.772888,0.273865,-0.041382,0.570923,up
390203,3.714844,4.003906,8.238281,0.179687,-0.191406,0.583984,0.770813,0.275146,-0.04248,0.572998,up
390208,3.675781,3.964844,8.234375,0.179687,-0.191406,0.583984,0.768799,0.276306,-0.043579,0.575073,up
390213,3.636719,3.964844,8.351563,0.179687,-0.191406,0.583984,0.768799,0.276306,-0.043579,0.575073,up
390219,3.636719,3.964844,8.351563,0.197266,-0.191406,0.554687,0.767029,0.277344,-0.044556,0.576843,up
390224,3.597656,3.964844,8.3125,0.210937,-0.207031,0.5625,0.765991,0.278015,-0.045105,0.577881,up
390229,3.597656,3.964844,8.3125,0.224609,-0.21875,0.566406,0.765076,0.278625,-0.045532,0.578735,up
390234,3.636719,3.964844,8.3125,0.238281,-0.242187,0.574219,0.765076,0.278625,-0.045532,0.578735,up
390239,3.675781,3.964844,8.316406,0.238281,-0.242187,0.574219,0.764038,0.279358,-0.046082,0.579712,up
390244,3.675781,3.964844,8.316406,0.248047,-0.242187,0.576172,0.762024,0.280884,-0.047119,0.581604,up
390250,3.789063,4.117187,8.203125,0.248047,-0.242187,0.576172,0.760925,0.281677,-0.047668,0.582581,up
390256,3.90625,4.117187,8.125,0.248047,-0.242187,0.576172,0.759888,0.282471,-0.048157,0.583557,up
390261,3.980469,4.082031,8.085938,0.220703,-0.230469,0.611328,0.759888,0.282471,-0.048157,0.583557,up
390266,3.941406,4.042969,8.085938,0.201172,-0.212891,0.621094,0.759888,0.282471,-0.048157,0.583557,up
390272,4.019531,3.925781,8.203125,0.177734,-0.189453,0.632812,0.759888,0.282471,-0.048157,0.583557,up
390278,3.980469,3.851563,8.238281,0.152344,-0.158203,0.650391,0.759888,0.282471,-0.048157,0.583557,up
390283,3.980469,3.734375,8.316406,0.134766,-0.125,0.660156,0.759888,0.282471,-0.048157,0.583557,up
390288,3.941406,3.621094,8.351563,0.121094,-0.107422,0.666016,0.759888,0.282471,-0.048157,0.583557,up
390293,3.941406,3.507813,8.433594,0.121094,-0.107422,0.666016,0.752319,0.28595,-0.052002,0.591248,up
390298,3.941406,3.46875,8.433594,0.146484,-0.078125,0.677734,0.752319,0.28595,-0.052002,0.591248,up
390303,4.019531,3.429688,8.507813,0.146484,-0.078125,0.677734,0.750061,0.28656,-0.052917,0.593689,up
390309,4.097656,3.46875,8.394531,0.146484,-0.078125,0.677734,0.747864,0.287292,-0.05365,0.596008,up
390314,4.097656,3.46875,8.433594,0.271484,-0.095703,0.664062,0.746643,0.287842,-0.053955,0.597351,up
390319,4.132812,3.507813,8.390625,0.271484,-0.095703,0.664062,0.745544,0.288391,-0.054199,0.598389,up
390324,4.132812,3.507813,8.355469,0.351563,-0.105469,0.648437,0.744202,0.289124,-0.054382,0.59967,up
390330,4.132812,3.621094,8.390625,0.351563,-0.105469,0.648437,0.743103,0.289856,-0.054504,0.600708,up
390335,4.097656,3.660156,8.433594,0.419922,-0.130859,0.634766,0.741821,0.29071,-0.054626,0.601868,up
390340,4.097656,3.699219,8.429688,0.425781,-0.134766,0.638672,0.741821,0.29071,-0.054626,0.601868,up
390346,4.132812,3.734375,8.433594,0.425781,-0.134766,0.638672,0.739319,0.29248,-0.05481,0.604065,up
390352,4.097656,3.773438,8.390625,0.404297,-0.158203,0.628906,0.739319,0.29248,-0.05481,0.604065,up
390357,4.058594,3.8125,8.355469,0.390625,-0.173828,0.623047,0.739319,0.29248,-0.05481,0.604065,up
390362,4.097656,3.8125,8.351563,0.361328,-0.191406,0.615234,0.739319,0.29248,-0.05481,0.604065,up
390367,4.171875,3.890625,8.316406,0.324219,-0.205078,0.613281,0.734314,0.296082,-0.055664,0.608276,up
390372,4.210937,3.925781,8.3125,0.302734,-0.224609,0.621094,0.734314,0.296082,-0.055664,0.608276,up
390377,4.25,3.773438,8.3125,0.261719,-0.244141,0.597656,0.734314,0.296082,-0.055664,0.608276,up
390382,4.324219,3.925781,8.089844,0.261719,-0.244141,0.597656,0.734314,0.296082,-0.055664,0.608276,up
390387,4.402344,3.890625,8.125,0.261719,-0.244141,0.597656,0.729736,0.299133,-0.057678,0.612122,up
390392,4.554687,3.851563,8.125,0.146484,-0.234375,0.585937,0.729736,0.299133,-0.057678,0.612122,up
390397,4.515625,3.890625,8.089844,0.146484,-0.234375,0.585937,0.727722,0.300171,-0.058899,0.613892,up
390402,4.59375,3.890625,8.085938,0.101563,-0.240234,0.566406,0.727722,0.300171,-0.058899,0.613892,up
390407,4.480469,3.8125,8.085938,0.083984,-0.240234,0.558594,0.727722,0.300171,-0.058899,0.613892,up
390412,4.632812,3.699219,8.085938,0.074219,-0.259766,0.550781,0.727722,0.300171,-0.058899,0.613892,up
390418,4.554687,3.660156,8.085938,0.074219,-0.259766,0.550781,0.723938,0.302002,-0.061951,0.617187,up
390423,4.59375,3.582031,8.128906,0.072266,-0.277344,0.558594,0.723022,0.302429,-0.062683,0.61792,up
390428,4.59375,3.507813,8.128906,0.072266,-0.277344,0.558594,0.722046,0.302856,-0.063538,0.618713,up
390434,4.59375,3.429688,8.125,0.099609,-0.292969,0.568359,0.72113,0.303345,-0.064331,0.619507,up
390439,4.671875,3.390625,8.167969,0.099609,-0.292969,0.568359,0.718994,0.304565,-0.066101,0.621216,up
390444,4.710937,3.429688,8.203125,0.099609,-0.292969,0.568359,0.718201,0.305054,-0.066711,0.621826,up
390449,4.746094,3.46875,8.207031,0.167969,-0.302734,0.550781,0.717041,0.305786,-0.067566,0.622681,up
390455,4.746094,3.660156,8.046875,0.167969,-0.302734,0.550781,0.716125,0.306458,-0.068176,0.623352,up
390460,4.746094,3.660156,8.011719,0.212891,-0.306641,0.535156,0.715088,0.30719,-0.068848,0.624146,up
390466,4.785156,3.699219,8.007813,0.208984,-0.310547,0.523437,0.715088,0.30719,-0.068848,0.624146,up
390471,4.785156,3.8125,7.933594,0.216797,-0.310547,0.519531,0.713074,0.308716,-0.070068,0.625549,up
390478,4.824219,3.890625,7.851562,0.201172,-0.304688,0.523437,0.713074,0.308716,-0.070068,0.625549,up
390483,4.824219,3.851563,7.816406,0.177734,-0.291016,0.535156,0.713074,0.308716,-0.070068,0.625549,up
390488,4.710937,3.773438,7.816406,0.130859,-0.277344,0.539062,0.713074,0.308716,-0.070068,0.625549,up
390493,4.710937,3.699219,7.816406,0.130859,-0.277344,0.539062,0.709045,0.311401,-0.072815,0.628479,up
390499,4.671875,3.582031,7.890625,0.042969,-0.255859,0.578125,0.709045,0.311401,-0.072815,0.628479,up
390504,4.671875,3.507813,7.890625,0.042969,-0.255859,0.578125,0.706055,0.312683,-0.075378,0.63092,up
390509,4.746094,3.351563,8.011719,0.042969,-0.255859,0.578125,0.706055,0.312683,-0.075378,0.63092,up
390514,4.746094,3.351563,8.011719,0.003906,-0.242187,0.589844,0.705139,0.312927,-0.076233,0.631653,up
390519,4.785156,3.277344,8.011719,0.003906,-0.242187,0.589844,0.704163,0.313232,-0.077148,0.632507,up
390524,4.902344,3.199219,8.085938,0.037109,-0.238281,0.587891,0.703186,0.313538,-0.077942,0.633362,up
390529,4.9375,3.160156,8.089844,0.070312,-0.226562,0.572266,0.702209,0.313843,-0.078735,0.634155,up
390534,4.976562,3.160156,8.046875,0.113281,-0.220703,0.560547,0.700195,0.314758,-0.080078,0.635803,up
390539,4.976562,3.199219,8.007813,0.224609,-0.226562,0.544922,0.699036,0.31543,-0.080627,0.636658,up
390544,5.015625,3.277344,7.972656,0.261719,-0.230469,0.541016,0.699036,0.31543,-0.080627,0.636658,up
390549,5.09375,3.390625,7.890625,0.261719,-0.230469,0.541016,0.696899,0.316833,-0.081482,0.638245,up
390554,5.167969,3.429688,7.890625,0.300781,-0.232422,0.529297,0.696899,0.316833,-0.081482,0.638245,up
390559,5.167969,3.390625,7.816406,0.314453,-0.240234,0.535156,0.69574,0.317627,-0.081848,0.638977,up
390565,5.167969,3.390625,7.816406,0.330078,-0.259766,0.546875,0.693604,0.319214,-0.082581,0.640503,up
390570,5.128906,3.390625,7.816406,0.330078,-0.259766,0.546875,0.692383,0.320129,-0.082947,0.641235,up
390575,5.09375,3.390625,7.816406,0.347656,-0.267578,0.572266,0.692383,0.320129,-0.082947,0.641235,up
390580,5.09375,3.390625,7.855469,0.347656,-0.267578,0.572266,0.689941,0.32196,-0.08374,0.642883,up
390585,5.128906,3.3125,7.933594,0.347656,-0.267578,0.572266,0.68866,0.322876,-0.084167,0.643738,up
390590,5.207031,3.351563,8.011719,0.347656,-0.267578,0.572266,0.687378,0.323792,-0.084595,0.644592,up
390595,5.207031,3.3125,7.933594,0.333984,-0.271484,0.613281,0.687378,0.323792,-0.084595,0.644592,up
390600,5.246094,3.351563,7.894531,0.333984,-0.271484,0.613281,0.687378,0.323792,-0.084595,0.644592,up
390605,5.246094,3.351563,7.894531,0.320313,-0.244141,0.599609,0.687378,0.323792,-0.084595,0.644592,up
390611,5.359375,3.351563,7.855469,0.320313,-0.244141,0.599609,0.682068,0.327332,-0.086365,0.648193,up
390616,5.398437,3.390625,7.78125,0.320313,-0.244141,0.599609,0.681091,0.327942,-0.08667,0.648926,up
390622,5.398437,3.429688,7.78125,0.298828,-0.207031,0.550781,0.681091,0.327942,-0.08667,0.648926,up
390628,5.398437,3.390625,7.8125,0.275391,-0.201172,0.53125,0.678772,0.329407,-0.087341,0.650513,up
390633,5.285156,3.390625,7.816406,0.275391,-0.201172,0.53125,0.67749,0.3302,-0.087708,0.651367,up
390638,5.285156,3.3125,7.933594,0.275391,-0.201172,0.53125,0.676514,0.33075,-0.088074,0.652039,up
390644,5.246094,3.277344,7.96875,0.265625,-0.244141,0.519531,0.676514,0.33075,-0.088074,0.652039,up
390649,5.167969,3.199219,8.007813,0.285156,-0.279297,0.53125,0.673157,0.33313,-0.089355,0.654114,up
390654,5.167969,3.085938,8.128906,0.285156,-0.279297,0.53125,0.671814,0.334167,-0.089905,0.654907,up
390659,5.246094,3.007813,8.167969,0.285156,-0.279297,0.53125,0.671814,0.334167,-0.089905,0.654907,up
390664,5.320312,3.007813,8.128906,0.423828,-0.431641,0.597656,0.671814,0.334167,-0.089905,0.654907,up
390670,5.4375,2.96875,8.167969,0.423828,-0.431641,0.597656,0.667847,0.337708,-0.091492,0.656982,up
390675,5.511719,2.855469,8.125,0.423828,-0.431641,0.597656,0.666077,0.339355,-0.092102,0.657776,up
390681,5.511719,2.855469,8.085938,0.521484,-0.494141,0.630859,0.664734,0.340637,-0.092529,0.658386,up
390687,5.550781,2.855469,7.96875,0.537109,-0.511719,0.630859,0.664734,0.340637,-0.092529,0.658386,up
390692,5.589844,2.894531,7.894531,0.537109,-0.511719,0.630859,0.664734,0.340637,-0.092529,0.658386,up
390697,5.589844,3.046875,7.816406,0.560547,-0.554687,0.626953,0.664734,0.340637,-0.092529,0.658386,up
390703,5.589844,3.160156,7.703125,0.570312,-0.570312,0.621094,0.664734,0.340637,-0.092529,0.658386,up
390708,5.589844,3.429688,7.628906,0.556641,-0.574219,0.626953,0.664734,0.340637,-0.092529,0.658386,up
390713,5.550781,3.46875,7.667969,0.550781,-0.582031,0.621094,0.664734,0.340637,-0.092529,0.658386,up
390719,5.628906,3.429688,7.667969,0.492187,-0.619141,0.646484,0.664734,0.340637,-0.092529,0.658386,up
390724,5.4375,3.46875,7.507812,0.492187,-0.619141,0.646484,0.651794,0.354065,-0.097229,0.663574,up
390729,5.4375,3.429688,7.511719,0.441406,-0.71875,0.705078,0.650085,0.355774,-0.098083,0.664185,up
390734,5.359375,3.351563,7.667969,0.441406,-0.71875,0.705078,0.648193,0.357727,-0.099243,0.664856,up
390740,5.398437,3.160156,7.816406,0.466797,-0.892578,0.810547,0.646423,0.359497,-0.100403,0.665466,up
390746,5.511719,3.085938,7.78125,0.466797,-0.892578,0.810547,0.642761,0.363281,-0.102966,0.666504,up
390751,5.628906,3.046875,7.746094,0.605469,-1.066406,0.908203,0.642761,0.363281,-0.102966,0.666504,up
390756,5.742187,3.085938,7.785156,0.681641,-1.142578,0.951172,0.638123,0.368347,-0.106079,0.667725,up
390761,5.820312,3.085938,7.703125,0.681641,-1.142578,0.951172,0.635315,0.37146,-0.107788,0.668457,up
390766,5.820312,3.121094,7.550781,0.681641,-1.142578,0.951172,0.635315,0.37146,-0.107788,0.668457,up
390771,5.820312,3.121094,7.550781,1.019531,-1.248047,1.0,0.629944,0.377563,-0.110413,0.669678,up
390776,5.820312,3.121094,7.550781,1.117188,-1.271484,0.976562,0.626953,0.381042,-0.111511,0.670288,up
390782,6.164062,3.277344,6.902344,1.117188,-1.271484,0.976562,0.623779,0.384827,-0.112549,0.670898,up
390787,6.242187,3.351563,6.628906,1.117188,-1.271484,0.976562,0.620789,0.388489,-0.113403,0.671448,up
390793,6.316406,3.390625,6.402344,1.220703,-1.21875,0.894531,0.620789,0.388489,-0.113403,0.671448,up
390799,6.46875,3.429688,6.171875,1.167969,-1.164063,0.859375,0.611938,0.39917,-0.115601,0.672913,up
390804,6.507812,3.429688,6.054687,1.167969,-1.164063,0.859375,0.611938,0.39917,-0.115601,0.672913,up
390809,6.550781,3.351563,6.019531,0.804687,-0.974609,0.761719,0.611938,0.39917,-0.115601,0.672913,up
390815,6.664062,3.238281,5.902344,0.804687,-0.974609,0.761719,0.604492,0.407654,-0.118225,0.674133,up
390820,6.664062,3.160156,5.863281,0.5,-0.888672,0.697266,0.602295,0.410034,-0.119446,0.674438,up
390825,6.667969,3.046875,5.902344,0.5,-0.888672,0.697266,0.602295,0.410034,-0.119446,0.674438,up
390830,6.738281,2.816406,5.941406,0.365234,-0.886719,0.669922,0.602295,0.410034,-0.119446,0.674438,up
390836,6.699219,2.625,5.941406,0.365234,-0.886719,0.669922,0.597351,0.415222,-0.123718,0.674866,up
390842,6.773437,2.546875,5.902344,0.230469,-0.902344,0.623047,0.597351,0.415222,-0.123718,0.674866,up
390847,6.773437,2.511719,5.902344,0.238281,-0.929687,0.609375,0.597351,0.415222,-0.123718,0.674866,up
390853,6.890625,2.472656,5.828125,0.238281,-0.929687,0.609375,0.592712,0.420349,-0.128601,0.674866,up
390859,6.894531,2.433594,5.828125,0.394531,-0.972656,0.591797,0.592712,0.420349,-0.128601,0.674866,up
390864,6.972656,2.472656,5.789062,0.607422,-0.986328,0.554687,0.592712,0.420349,-0.128601,0.674866,up
390870,7.199219,2.511719,5.710937,0.607422,-0.986328,0.554687,0.585632,0.429077,-0.133545,0.674622,up
390875,7.355469,2.546875,5.558594,0.757812,-0.941406,0.501953,0.583435,0.431824,-0.134338,0.674561,up
390880,7.433594,2.625,5.519531,0.779297,-0.902344,0.474609,0.581543,0.434326,-0.134949,0.6745,up
390886,7.582031,2.777344,5.328125,0.779297,-0.902344,0.474609,0.579834,0.436584,-0.135376,0.674438,up
390891,7.621094,2.894531,5.175781,0.779297,-0.902344,0.474609,0.577942,0.439026,-0.135803,0.674377,up
390896,7.621094,2.929688,5.214844,0.6875,-0.759766,0.375,0.577942,0.439026,-0.135803,0.674377,up
390901,7.660156,2.96875,5.175781,0.591797,-0.705078,0.34375,0.577942,0.439026,-0.135803,0.674377,up
390906,7.65625,2.929688,5.25,0.496094,-0.666016,0.3125,0.577942,0.439026,-0.135803,0.674377,up
390911,7.617187,2.855469,5.328125,0.496094,-0.666016,0.3125,0.577942,0.439026,-0.135803,0.674377,up
390917,7.617187,2.855469,5.328125,0.412109,-0.617187,0.287109,0.571106,0.448181,-0.138,0.673706,up
390922,7.617187,2.855469,5.328125,0.300781,-0.548828,0.253906,0.570129,0.449524,-0.138611,0.673584,up
390927,7.699219,2.703125,5.480469,0.300781,-0.548828,0.253906,0.569214,0.450745,-0.13916,0.673401,up
390933,7.699219,2.664063,5.480469,0.251953,-0.53125,0.255859,0.569214,0.450745,-0.13916,0.673401,up
390939,7.734375,2.703125,5.480469,0.251953,-0.53125,0.255859,0.567383,0.453125,-0.140503,0.673035,up
390945,7.734375,2.703125,5.441406,0.294922,-0.509766,0.25,0.567383,0.453125,-0.140503,0.673035,up
390950,7.773437,2.738281,5.441406,0.294922,-0.509766,0.25,0.564819,0.456543,-0.142151,0.672546,up
390955,7.777344,2.777344,5.328125,0.404297,-0.474609,0.226562,0.563782,0.457947,-0.142517,0.672424,up
390961,7.695312,2.894531,5.25,0.404297,-0.474609,0.226562,0.562866,0.459106,-0.1427,0.672363,up
390966,7.695312,2.894531,5.25,0.486328,-0.457031,0.183594,0.561829,0.460571,-0.142822,0.67218,up
390972,7.695312,2.855469,5.214844,0.486328,-0.457031,0.183594,0.560913,0.461853,-0.142883,0.672058,up
390978,7.578125,2.894531,5.136719,0.480469,-0.40625,0.132812,0.560913,0.461853,-0.142883,0.672058,up
390983,7.578125,2.929688,5.175781,0.484375,-0.400391,0.113281,0.560913,0.461853,-0.142883,0.672058,up
390988,7.578125,2.929688,5.25,0.460937,-0.40625,0.091797,0.560913,0.461853,-0.142883,0.672058,up
390993,7.542969,2.96875,5.25,0.421875,-0.402344,0.072266,0.560913,0.461853,-0.142883,0.672058,up
390999,7.621094,3.121094,5.25,0.421875,-0.402344,0.072266,0.556152,0.469421,-0.142578,0.670837,up
391004,7.699219,3.199219,5.289062,0.421875,-0.402344,0.072266,0.556152,0.469421,-0.142578,0.670837,up
391010,7.738281,3.277344,5.289062,0.34375,-0.427734,-0.015625,0.556152,0.469421,-0.142578,0.670837,up
391015,7.777344,3.351563,5.25,0.34375,-0.427734,-0.015625,0.554626,0.472961,-0.1427,0.669617,up
391020,7.8125,3.429688,5.214844,0.34375,-0.427734,-0.015625,0.554626,0.472961,-0.1427,0.669617,up
391025,7.8125,3.507813,5.175781,0.322266,-0.390625,-0.072266,0.554626,0.472961,-0.1427,0.669617,up
391030,7.855469,3.507813,5.136719,0.322266,-0.390625,-0.072266,0.553772,0.475281,-0.142639,0.66864,up
391036,7.886719,3.582031,5.175781,0.322266,-0.390625,-0.072266,0.553101,0.477417,-0.142517,0.667725,up
391041,7.777344,3.542969,5.175781,0.238281,-0.285156,-0.087891,0.553101,0.477417,-0.142517,0.667725,up
391047,7.738281,3.507813,5.25,0.191406,-0.240234,-0.097656,0.553101,0.477417,-0.142517,0.667725,up
391052,7.660156,3.3125,5.25,0.191406,-0.240234,-0.097656,0.552612,0.479675,-0.142273,0.666504,up
391057,7.582031,3.277344,5.25,0.111328,-0.15625,-0.080078,0.552612,0.480164,-0.142212,0.666199,up
391062,7.46875,3.238281,5.328125,0.078125,-0.125,-0.082031,0.552612,0.480164,-0.142212,0.666199,up
391067,7.46875,3.046875,5.480469,0.058594,-0.144531,-0.070312,0.552612,0.480164,-0.142212,0.666199,up
391072,7.539062,2.929688,5.558594,0.042969,-0.169922,-0.070312,0.552612,0.480164,-0.142212,0.666199,up
391078,7.582031,3.007813,5.519531,0.048828,-0.197266,-0.078125,0.552612,0.480164,-0.142212,0.666199,up
391084,7.734375,3.160156,5.480469,0.087891,-0.224609,-0.076172,0.552612,0.480164,-0.142212,0.666199,up
391089,7.699219,3.160156,5.480469,0.144531,-0.253906,-0.089844,0.552673,0.482666,-0.142578,0.664307,up
391094,7.738281,3.238281,5.367187,0.144531,-0.253906,-0.089844,0.552551,0.483398,-0.142517,0.663818,up
391100,7.8125,3.277344,5.367187,0.289063,-0.291016,-0.128906,0.552124,0.485291,-0.14209,0.662903,up
391105,7.8125,3.351563,5.25,0.46875,-0.289063,-0.1875,0.552124,0.485291,-0.14209,0.662903,up
391110,7.855469,3.46875,5.136719,0.537109,-0.279297,-0.216797,0.55188,0.486389,-0.141602,0.662476,up
391115,7.964844,3.507813,5.058594,0.537109,-0.279297,-0.216797,0.551514,0.487671,-0.140869,0.661926,up
391120,8.078125,3.621094,4.90625,0.570312,-0.230469,-0.263672,0.551147,0.488953,-0.140137,0.661499,up
391125,8.078125,3.621094,4.90625,0.544922,-0.181641,-0.294922,0.550781,0.490234,-0.139221,0.661011,up
391130,8.078125,3.660156,4.640625,0.544922,-0.181641,-0.294922,0.550415,0.492493,-0.137329,0.660034,up
391135,8.082031,3.699219,4.675781,0.544922,-0.181641,-0.294922,0.550415,0.492493,-0.137329,0.660034,up
391140,8.042969,3.851563,4.714844,0.412109,-0.128906,-0.333984,0.550415,0.492493,-0.137329,0.660034,up
391145,8.078125,3.851563,4.675781,0.273438,-0.064453,-0.367188,0.550476,0.494202,-0.13562,0.659058,up
391150,8.117188,3.890625,4.5625,0.273438,-0.064453,-0.367188,0.551025,0.495361,-0.134033,0.658081,up
391155,8.082031,3.925781,4.523437,0.273438,-0.064453,-0.367188,0.551025,0.495361,-0.134033,0.658081,up
391160,8.039063,3.964844,4.484375,0.273438,-0.064453,-0.367188,0.552185,0.49585,-0.132629,0.656982,up
391165,7.960937,4.003906,4.445312,0.273438,-0.064453,-0.367188,0.552185,0.49585,-0.132629,0.656982,up
391170,7.882812,4.15625,4.484375,-0.023437,0.154297,-0.371094,0.552185,0.49585,-0.132629,0.656982,up
391175,7.539062,4.386719,4.714844,0.023437,0.148437,-0.339844,0.553589,0.495667,-0.13147,0.656189,up
391180,7.539062,4.386719,4.714844,0.023437,0.148437,-0.339844,0.554749,0.495483,-0.13031,0.655579,up
391185,7.542969,4.234375,5.097656,0.023437,0.148437,-0.339844,0.554749,0.495483,-0.13031,0.655579,up
391190,7.503906,4.082031,5.175781,0.082031,0.078125,-0.212891,0.55542,0.495544,-0.129272,0.655151,up
391196,7.472656,4.003906,5.097656,0.082031,0.078125,-0.212891,0.555481,0.495667,-0.128784,0.655151,up
391201,7.5,4.042969,5.136719,0.203125,0.072266,-0.029297,0.555481,0.495667,-0.128784,0.655151,up
391206,7.503906,4.117187,5.097656,0.203125,0.072266,-0.029297,0.555237,0.495972,-0.127869,0.655273,up
391211,7.539062,4.15625,5.058594,0.203125,0.072266,-0.029297,0.554871,0.496399,-0.127319,0.655396,up
391217,7.65625,4.234375,4.90625,0.203125,0.072266,-0.029297,0.554443,0.496887,-0.12677,0.655457,up
391222,7.738281,4.195312,4.90625,0.556641,-0.029297,0.005859,0.554443,0.496887,-0.12677,0.655457,up
391228,7.773437,4.347656,4.832031,0.666016,-0.035156,-0.019531,0.554443,0.496887,-0.12677,0.655457,up
391233,7.773437,4.425781,4.640625,0.666016,-0.035156,-0.019531,0.552307,0.499512,-0.123962,0.655823,up
391238,7.8125,4.539062,4.601562,0.765625,-0.021484,-0.080078,0.552307,0.499512,-0.123962,0.655823,up
391244,7.816406,4.5,4.523437,0.757812,-0.013672,-0.111328,0.552307,0.499512,-0.123962,0.655823,up
391249,7.886719,4.617187,4.410156,0.753906,0.005859,-0.138672,0.552307,0.499512,-0.123962,0.655823,up
391255,7.886719,4.65625,4.371094,0.595703,0.052734,-0.189453,0.552307,0.499512,-0.123962,0.655823,up
391260,7.925781,4.695312,4.371094,0.595703,0.052734,-0.189453,0.54895,0.504639,-0.117371,0.655945,up
391265,7.886719,4.65625,4.332031,0.482422,0.072266,-0.193359,0.54895,0.504639,-0.117371,0.655945,up
391271,7.882812,4.695312,4.332031,0.378906,0.082031,-0.193359,0.548401,0.506165,-0.114258,0.655701,up
391276,7.886719,4.65625,4.445312,0.177734,0.128906,-0.195312,0.548523,0.506409,-0.113464,0.65564,up
391281,7.816406,4.65625,4.523437,0.117188,0.177734,-0.189453,0.548706,0.506409,-0.112793,0.655579,up
391286,7.738281,4.539062,4.445312,0.117188,0.177734,-0.189453,0.54895,0.506226,-0.112183,0.655518,up
391291,7.621094,4.539062,4.410156,0.117188,0.177734,-0.189453,0.549316,0.505981,-0.111572,0.655579,up
391296,7.621094,4.539062,4.445312,0.037109,0.214844,-0.197266,0.549744,0.505737,-0.110962,0.655518,up
391301,7.582031,4.464844,4.484375,0.037109,0.214844,-0.197266,0.550049,0.505493,-0.110474,0.655518,up
391306,7.582031,4.539062,4.601562,0.037109,0.214844,-0.197266,0.550415,0.50531,-0.109863,0.655457,up
391311,7.578125,4.578125,4.640625,0.134766,0.130859,-0.195312,0.55072,0.505249,-0.109253,0.655396,up
391316,7.542969,4.617187,4.714844,0.134766,0.130859,-0.195312,0.550842,0.505371,-0.108643,0.655273,up
391321,7.5,4.578125,4.90625,0.134766,0.130859,-0.195312,0.550842,0.505615,-0.107971,0.655151,up
391326,7.472656,4.539062,4.984375,0.134766,0.130859,-0.195312,0.550842,0.505615,-0.107971,0.655151,up
391331,7.472656,4.539062,4.984375,0.322266,-0.015625,-0.132812,0.550781,0.506042,-0.107361,0.655029,up
391336,7.429687,4.578125,4.984375,0.322266,-0.015625,-0.132812,0.550537,0.506653,-0.106689,0.654907,up
391341,7.503906,4.539062,4.945312,0.421875,-0.060547,-0.050781,0.550537,0.506653,-0.106689,0.654907,up
391346,7.578125,4.578125,4.90625,0.421875,-0.060547,-0.050781,0.549133,0.508789,-0.104858,0.654663,up
391351,7.65625,4.617187,4.90625,0.421875,-0.060547,-0.050781,0.548523,0.509644,-0.104309,0.654602,up
391356,7.816406,4.65625,4.867187,0.421875,-0.060547,-0.050781,0.547913,0.510559,-0.103699,0.654541,up
391362,7.886719,4.617187,4.832031,0.421875,-0.060547,-0.050781,0.547363,0.511353,-0.10321,0.654419,up
391367,7.886719,4.617187,4.832031,0.429687,-0.130859,-0.042969,0.546875,0.512146,-0.102661,0.654297,up
391372,7.855469,4.617187,4.675781,0.429687,-0.130859,-0.042969,0.546448,0.512939,-0.102112,0.654114,up
391377,7.851562,4.617187,4.714844,0.429687,-0.130859,-0.042969,0.546021,0.513733,-0.101501,0.653931,up
391382,7.816406,4.617187,4.675781,0.429687,-0.130859,-0.042969,0.546021,0.513733,-0.101501,0.653931,up
391387,7.777344,4.65625,4.714844,0.275391,-0.134766,-0.109375,0.546021,0.513733,-0.101501,0.653931,up
391392,7.773437,4.65625,4.640625,0.242187,-0.132812,-0.115234,0.546021,0.513733,-0.101501,0.653931,up
391397,7.816406,4.695312,4.601562,0.242187,-0.132812,-0.115234,0.545288,0.516174,-0.099976,0.652832,up
391402,7.777344,4.65625,4.5625,0.185547,-0.130859,-0.111328,0.545288,0.516174,-0.099976,0.652832,up
391407,7.773437,4.695312,4.601562,0.179687,-0.121094,-0.103516,0.545288,0.516174,-0.099976,0.652832,up
391413,7.738281,4.695312,4.640625,0.179687,-0.121094,-0.103516,0.545105,0.517639,-0.099243,0.651978,up
391418,7.816406,4.65625,4.640625,0.160156,-0.119141,-0.087891,0.545105,0.517639,-0.099243,0.651978,up
391423,7.816406,4.730469,4.601562,0.160156,-0.107422,-0.087891,0.545105,0.517639,-0.099243,0.651978,up
391429,7.773437,4.695312,4.601562,0.169922,-0.095703,-0.080078,0.545105,0.517639,-0.099243,0.651978,up
391435,7.855469,4.695312,4.601562,0.169922,-0.095703,-0.080078,0.545105,0.517639,-0.099243,0.651978,up
391440,7.816406,4.65625,4.640625,0.173828,-0.099609,-0.089844,0.545105,0.517639,-0.099243,0.651978,up
391445,7.777344,4.65625,4.601562,0.175781,-0.099609,-0.085937,0.545105,0.517639,-0.099243,0.651978,up
391451,7.738281,4.65625,4.5625,0.177734,-0.095703,-0.09375,0.544556,0.520935,-0.097412,0.650085,up
391456,7.695312,4.65625,4.5625,0.177734,-0.095703,-0.09375,0.544556,0.520935,-0.097412,0.650085,up
391461,7.65625,4.65625,4.523437,0.201172,-0.09375,-0.113281,0.544556,0.520935,-0.097412,0.650085,up
391466,7.617187,4.65625,4.484375,0.201172,-0.09375,-0.113281,0.544373,0.522278,-0.096436,0.649292,up
391471,7.582031,4.617187,4.445312,0.201172,-0.09375,-0.113281,0.544312,0.522766,-0.096191,0.648987,up
391476,7.65625,4.695312,4.371094,0.208984,-0.136719,-0.126953,0.544312,0.522766,-0.096191,0.648987,up
391481,7.65625,4.695312,4.371094,0.208984,-0.136719,-0.126953,0.544189,0.523376,-0.095886,0.648621,up
391486,7.65625,4.695312,4.332031,0.208984,-0.136719,-0.126953,0.544128,0.524292,-0.095276,0.64801,up
391491,7.699219,4.730469,4.332031,0.208984,-0.136719,-0.126953,0.544128,0.524658,-0.094971,0.647766,up
391496,7.734375,4.695312,4.292969,0.164062,-0.048828,-0.148437,0.544128,0.524658,-0.094971,0.647766,up
391501,7.734375,4.695312,4.332031,0.109375,-0.019531,-0.146484,0.544189,0.525085,-0.094604,0.647461,up
391507,7.734375,4.695312,4.332031,0.052734,0.025391,-0.160156,0.544434,0.525452,-0.093933,0.647034,up
391512,7.695312,4.65625,4.253906,0.052734,0.025391,-0.160156,0.544678,0.525452,-0.093689,0.646851,up
391517,7.621094,4.65625,4.253906,-0.052734,0.107422,-0.15625,0.544678,0.525452,-0.093689,0.646851,up
391522,7.582031,4.578125,4.332031,-0.052734,0.107422,-0.15625,0.545471,0.525085,-0.09314,0.646606,up
391527,7.542969,4.578125,4.371094,-0.052734,0.107422,-0.15625,0.545898,0.52478,-0.092896,0.646484,up
391532,7.429687,4.578125,4.523437,-0.052734,0.107422,-0.15625,0.546326,0.524475,-0.092651,0.646423,up
391538,7.351562,4.539062,4.5625,-0.056641,0.150391,-0.179687,0.546753,0.524231,-0.092346,0.646301,up
391543,7.273437,4.5,4.640625,-0.056641,0.150391,-0.179687,0.54718,0.523926,-0.09198,0.64624,up
391549,7.195312,4.5,4.714844,-0.005859,0.150391,-0.1875,0.54718,0.523926,-0.09198,0.64624,up
391554,7.195312,4.578125,4.753906,0.033203,0.128906,-0.189453,0.54718,0.523926,-0.09198,0.64624,up
391560,7.195312,4.617187,4.832031,0.033203,0.128906,-0.189453,0.54718,0.523926,-0.09198,0.64624,up
391565,7.273437,4.65625,4.90625,0.117188,0.080078,-0.205078,0.54718,0.523926,-0.09198,0.64624,up
391571,7.316406,4.617187,4.867187,0.130859,0.041016,-0.216797,0.54718,0.523926,-0.09198,0.64624,up
391576,7.429687,4.695312,4.832031,0.130859,0.041016,-0.216797,0.549194,0.523865,-0.088501,0.645081,up
391581,7.433594,4.65625,4.832031,0.130859,0.041016,-0.216797,0.549194,0.523865,-0.088501,0.645081,up
391586,7.390625,4.730469,4.792969,0.082031,0.03125,-0.232422,0.549194,0.523865,-0.088501,0.645081,up
391591,7.46875,4.769531,4.753906,0.03125,0.019531,-0.236328,0.549194,0.523865,-0.088501,0.645081,up
391596,7.503906,4.808594,4.792969,-0.033203,0.001953,-0.248047,0.550232,0.52417,-0.08728,0.644165,up
391601,7.539062,4.847656,4.753906,-0.033203,0.001953,-0.248047,0.55072,0.52417,-0.086975,0.643738,up
391606,7.578125,4.886719,4.753906,-0.033203,0.001953,-0.248047,0.551208,0.52417,-0.086731,0.643372,up
391611,7.621094,4.921875,4.640625,-0.101563,0.015625,-0.273438,0.551208,0.52417,-0.086731,0.643372,up
391616,7.660156,5.0,4.5625,-0.162109,0.037109,-0.269531,0.552368,0.523926,-0.086365,0.642578,up
391621,7.65625,5.0,4.523437,-0.162109,0.037109,-0.269531,0.553101,0.523743,-0.086243,0.642151,up
391626,7.65625,5.0,4.523437,-0.162109,0.037109,-0.269531,0.553772,0.523499,-0.08606,0.641785,up
391631,7.621094,5.039062,4.410156,-0.173828,0.058594,-0.28125,0.555176,0.522949,-0.085815,0.641052,up
391636,7.621094,5.039062,4.371094,-0.173828,0.058594,-0.28125,0.555176,0.522949,-0.085815,0.641052,up
391641,7.695312,5.0,4.332031,-0.212891,0.083984,-0.298828,0.555176,0.522949,-0.085815,0.641052,up
391646,7.695312,4.960937,4.253906,-0.212891,0.083984,-0.298828,0.556702,0.522278,-0.08551,0.64032,up
391651,7.777344,5.0,4.292969,-0.21875,0.080078,-0.287109,0.558289,0.521484,-0.085266,0.639587,up
391656,7.777344,5.039062,4.371094,-0.21875,0.080078,-0.287109,0.558289,0.521484,-0.085266,0.639587,up
391661,7.8125,5.078125,4.332031,-0.175781,0.115234,-0.271484,0.558289,0.521484,-0.085266,0.639587,up
391666,7.738281,5.113281,4.410156,-0.175781,0.115234,-0.271484,0.559814,0.520752,-0.0849,0.638916,up
391672,7.738281,5.078125,4.445312,-0.158203,0.125,-0.277344,0.561279,0.52002,-0.084412,0.638306,up
391677,7.695312,5.078125,4.371094,-0.128906,0.150391,-0.28125,0.562012,0.519592,-0.084045,0.638062,up
391682,7.65625,5.113281,4.484375,-0.128906,0.150391,-0.28125,0.562683,0.519226,-0.083679,0.637756,up
391687,7.621094,5.152344,4.5625,-0.128906,0.150391,-0.28125,0.563293,0.518921,-0.083374,0.637512,up
391692,7.617187,5.191406,4.5625,-0.142578,0.144531,-0.285156,0.564087,0.518555,-0.083008,0.637207,up
391697,7.65625,5.191406,4.5625,-0.142578,0.144531,-0.285156,0.564697,0.518188,-0.082764,0.636963,up
391702,7.621094,5.152344,4.5625,-0.142578,0.144531,-0.285156,0.565552,0.5177,-0.082397,0.636658,up
391708,7.578125,5.152344,4.523437,-0.142578,0.144531,-0.285156,0.566223,0.517273,-0.082214,0.636414,up
391713,7.539062,5.152344,4.523437,-0.251953,0.164062,-0.273438,0.567078,0.516724,-0.08197,0.636169,up
391718,7.503906,5.078125,4.5625,-0.251953,0.164062,-0.273438,0.567993,0.516113,-0.081848,0.635925,up
391723,7.5,5.113281,4.675781,-0.251953,0.164062,-0.273438,0.567993,0.516113,-0.081848,0.635925,up
391728,7.503906,5.113281,4.792969,-0.3125,0.171875,-0.230469,0.567993,0.516113,-0.081848,0.635925,up
391735,7.542969,5.078125,4.945312,-0.306641,0.144531,-0.208984,0.567993,0.516113,-0.081848,0.635925,up
391740,7.472656,5.078125,5.023437,-0.306641,0.144531,-0.208984,0.567993,0.516113,-0.081848,0.635925,up
391746,7.433594,5.078125,4.945312,-0.265625,0.152344,-0.193359,0.567993,0.516113,-0.081848,0.635925,up
391751,7.472656,5.0,5.023437,-0.212891,0.140625,-0.185547,0.567993,0.516113,-0.081848,0.635925,up
391756,7.5,5.0,5.023437,-0.212891,0.140625,-0.185547,0.573242,0.511841,-0.081604,0.634583,up
391761,7.539062,4.960937,5.023437,-0.212891,0.140625,-0.185547,0.573853,0.511353,-0.081543,0.63446,up
391766,7.539062,5.0,4.984375,-0.183594,0.126953,-0.183594,0.573853,0.511353,-0.081543,0.63446,up
391772,7.539062,4.960937,4.90625,-0.166016,0.128906,-0.185547,0.573853,0.511353,-0.081543,0.63446,up
391778,7.542969,5.0,4.832031,-0.166016,0.128906,-0.185547,0.576111,0.509766,-0.081055,0.633789,up
391784,7.621094,5.039062,4.792969,-0.152344,0.125,-0.199219,0.576111,0.509766,-0.081055,0.633789,up
391789,7.582031,5.078125,4.714844,-0.154297,0.132812,-0.199219,0.576111,0.509766,-0.081055,0.633789,up
391795,7.582031,5.039062,4.792969,-0.154297,0.132812,-0.199219,0.57782,0.508545,-0.080505,0.63324,up
391801,7.5,5.039062,4.867187,-0.189453,0.162109,-0.193359,0.57782,0.508545,-0.080505,0.63324,up
391806,7.433594,5.039062,4.945312,-0.193359,0.189453,-0.185547,0.57782,0.508545,-0.080505,0.63324,up
391811,7.355469,5.078125,5.023437,-0.193359,0.189453,-0.185547,0.580261,0.50647,-0.079834,0.632812,up
391816,7.316406,5.078125,5.175781,-0.193359,0.189453,-0.185547,0.580261,0.50647,-0.079834,0.632812,up
391821,7.316406,5.078125,5.175781,-0.193359,0.189453,-0.185547,0.580933,0.505859,-0.079651,0.63269,up
391827,7.273437,5.039062,5.289062,-0.232422,0.164062,-0.160156,0.580933,0.505859,-0.079651,0.63269,up
391832,7.273437,5.039062,5.289062,-0.222656,0.140625,-0.148437,0.582642,0.504211,-0.079468,0.632385,up
391838,7.199219,5.0,5.367187,-0.203125,0.115234,-0.138672,0.583252,0.503662,-0.079468,0.632263,up
391843,7.199219,5.0,5.40625,-0.203125,0.115234,-0.138672,0.583801,0.503235,-0.079468,0.632141,up
391849,7.199219,5.0,5.367187,-0.203125,0.115234,-0.138672,0.584167,0.50293,-0.079468,0.632019,up
391855,7.15625,5.0,5.25,-0.150391,0.066406,-0.109375,0.584167,0.50293,-0.079468,0.632019,up
391860,7.195312,5.039062,5.214844,-0.128906,0.052734,-0.111328,0.584167,0.50293,-0.079468,0.632019,up
391865,7.121094,5.0,5.214844,-0.128906,0.052734,-0.111328,0.585388,0.502075,-0.079468,0.631592,up
391871,7.085937,5.039062,5.097656,-0.056641,0.029297,-0.113281,0.585388,0.502075,-0.079468,0.631592,up
391876,7.089844,5.039062,5.058594,-0.056641,0.029297,-0.113281,0.585999,0.50177,-0.079407,0.631287,up
391882,7.085937,5.0,5.097656,-0.050781,0.033203,-0.119141,0.585999,0.50177,-0.079407,0.631287,up
391887,7.089844,5.039062,5.023437,-0.050781,0.033203,-0.119141,0.586914,0.501404,-0.079102,0.630798,up
391892,7.046875,5.039062,5.023437,-0.050781,0.033203,-0.119141,0.586914,0.501404,-0.079102,0.630798,up
391897,7.117187,5.039062,5.058594,-0.076172,0.060547,-0.146484,0.586914,0.501404,-0.079102,0.630798,up
391903,7.117187,5.039062,5.058594,-0.09375,0.076172,-0.15625,0.587952,0.500854,-0.078674,0.630249,up
391908,7.121094,5.039062,5.136719,-0.09375,0.076172,-0.15625,0.588379,0.50061,-0.078552,0.630127,up
391913,7.089844,5.0,5.175781,-0.125,0.076172,-0.167969,0.588806,0.500366,-0.07843,0.629883,up
391918,7.117187,5.0,5.175781,-0.140625,0.074219,-0.183594,0.589294,0.500061,-0.078308,0.6297,up
391923,7.085937,5.039062,5.097656,-0.140625,0.074219,-0.183594,0.589294,0.500061,-0.078308,0.6297,up
391928,7.085937,5.039062,5.097656,-0.164062,0.070312,-0.189453,0.590393,0.499451,-0.078125,0.629211,up
391933,7.117187,5.039062,5.058594,-0.171875,0.058594,-0.193359,0.591003,0.499084,-0.078064,0.628906,up
391939,7.15625,5.039062,5.058594,-0.171875,0.058594,-0.193359,0.591492,0.49884,-0.078064,0.628662,up
391945,7.15625,5.039062,4.984375,-0.177734,0.048828,-0.201172,0.591492,0.49884,-0.078064,0.628662,up
391950,7.15625,5.039062,4.984375,-0.160156,0.048828,-0.195312,0.591492,0.49884,-0.078064,0.628662,up
391955,7.160156,5.039062,4.945312,-0.132812,0.050781,-0.191406,0.591492,0.49884,-0.078064,0.628662,up
391960,7.121094,5.0,4.945312,-0.132812,0.050781,-0.191406,0.591492,0.49884,-0.078064,0.628662,up
391965,7.117187,4.960937,4.984375,-0.082031,0.021484,-0.171875,0.591492,0.49884,-0.078064,0.628662,up
391970,7.089844,5.0,5.023437,-0.056641,0.009766,-0.166016,0.591492,0.49884,-0.078064,0.628662,up
391976,7.046875,5.039062,5.058594,-0.056641,0.009766,-0.166016,0.594727,0.497437,-0.077515,0.626709,up
391981,7.011719,5.078125,5.023437,0.023437,-0.005859,-0.136719,0.594727,0.497437,-0.077515,0.626709,up
391987,7.046875,5.113281,5.058594,0.068359,-0.039063,-0.123047,0.594727,0.497437,-0.077515,0.626709,up
391992,7.050781,5.230469,4.984375,0.068359,-0.039063,-0.123047,0.595459,0.497925,-0.076782,0.625793,up
391997,7.085937,5.230469,4.984375,0.080078,-0.050781,-0.111328,0.595459,0.497925,-0.076782,0.625793,up
392002,7.117187,5.230469,4.945312,0.080078,-0.050781,-0.111328,0.595581,0.498169,-0.076599,0.625549,up
392007,7.121094,5.230469,4.984375,0.074219,-0.037109,-0.126953,0.595581,0.498169,-0.076599,0.625549,up
392012,7.15625,5.269531,4.867187,0.074219,-0.037109,-0.126953,0.595947,0.498718,-0.07605,0.624817,up
392017,7.117187,5.269531,4.90625,0.017578,0.007813,-0.128906,0.595947,0.498718,-0.07605,0.624817,up
