timestamp,ax,ay,az,gx,gy,gz,qw,qx,qy,qz,label
416295,2.871094,7.757812,6.132812,-0.017578,0.121094,-0.160156,0.885864,0.421692,-0.062927,0.182983,up
416300,2.832031,7.796875,6.171875,-0.017578,0.121094,-0.160156,0.885986,0.421631,-0.0625,0.182739,up
416306,2.792969,7.835937,6.246094,-0.03125,0.119141,-0.128906,0.885986,0.421631,-0.0625,0.182739,up
416312,2.753906,7.761719,6.324219,-0.03125,0.119141,-0.128906,0.88623,0.421387,-0.06134,0.182373,up
416317,2.71875,7.835937,6.285156,0.0,0.091797,-0.076172,0.88623,0.421387,-0.06134,0.182373,up
416322,2.71875,7.867187,6.324219,0.019531,0.089844,-0.066406,0.886353,0.421326,-0.06073,0.182251,up
416327,2.753906,7.871094,6.285156,0.019531,0.089844,-0.066406,0.886353,0.421387,-0.060425,0.182251,up
416334,2.679688,7.949219,6.285156,0.019531,0.089844,-0.066406,0.886353,0.421387,-0.060425,0.182251,up
416339,2.679688,7.949219,6.363281,0.033203,0.070312,-0.025391,0.886353,0.421387,-0.060425,0.182251,up
416344,2.679688,7.867187,6.285156,0.025391,0.068359,-0.011719,0.886353,0.421387,-0.060425,0.182251,up
416349,2.679688,7.871094,6.324219,0.021484,0.070312,-0.007813,0.886353,0.421387,-0.060425,0.182251,up
416354,2.640625,7.839844,6.285156,0.013672,0.070312,0.003906,0.886353,0.421387,-0.060425,0.182251,up
416359,2.71875,7.800781,6.285156,0.005859,0.072266,0.013672,0.886353,0.421387,-0.060425,0.182251,up
416365,2.679688,7.761719,6.285156,0.001953,0.070312,0.025391,0.88623,0.421509,-0.05896,0.182861,up
416370,2.640625,7.761719,6.210937,0.001953,0.070312,0.025391,0.88623,0.421509,-0.05896,0.182861,up
416375,2.679688,7.640625,6.246094,-0.005859,0.082031,0.054687,0.88623,0.421509,-0.05896,0.182861,up
416380,2.679688,7.679687,6.246094,-0.005859,0.082031,0.054687,0.88623,0.421387,-0.058716,0.183289,up
416386,2.640625,7.605469,6.210937,0.009766,0.09375,0.050781,0.886169,0.421326,-0.05835,0.183716,up
416391,2.640625,7.5625,6.171875,0.009766,0.09375,0.050781,0.886169,0.421326,-0.05835,0.183716,up
416396,2.640625,7.523437,6.246094,0.064453,0.111328,0.054687,0.886169,0.421326,-0.05835,0.183716,up
416401,2.601563,7.523437,6.171875,0.064453,0.111328,0.054687,0.885986,0.421509,-0.057739,0.184509,up
416406,2.5625,7.523437,6.171875,0.064453,0.111328,0.054687,0.885864,0.421631,-0.057434,0.184814,up
416411,2.527344,7.5625,6.132812,0.087891,0.126953,0.048828,0.885864,0.421631,-0.057434,0.184814,up
416416,2.488281,7.523437,6.171875,0.09375,0.119141,0.056641,0.885742,0.421753,-0.057129,0.18512,up
416421,2.410156,7.566406,6.171875,0.09375,0.119141,0.056641,0.885559,0.422058,-0.056641,0.185608,up
416426,2.371094,7.527344,6.132812,0.09375,0.119141,0.056641,0.885437,0.42218,-0.056335,0.185913,up
416431,2.371094,7.488281,6.132812,0.09375,0.119141,0.056641,0.885437,0.42218,-0.056335,0.185913,up
416436,2.371094,7.488281,6.09375,0.072266,0.117188,0.050781,0.885437,0.42218,-0.056335,0.185913,up
416441,2.332031,7.453125,6.09375,0.072266,0.117188,0.050781,0.885315,0.422363,-0.055786,0.186401,up
416446,2.332031,7.414062,6.09375,0.060547,0.119141,0.044922,0.885315,0.422363,-0.055786,0.186401,up
416451,2.332031,7.375,6.09375,0.060547,0.119141,0.044922,0.885132,0.422546,-0.055298,0.18689,up
416457,2.296875,7.335937,6.054687,0.060547,0.119141,0.044922,0.884949,0.422729,-0.05481,0.187439,up
416462,2.296875,7.335937,6.054687,0.068359,0.128906,0.035156,0.884888,0.422791,-0.054565,0.187683,up
416467,2.257813,7.339844,5.980469,0.080078,0.125,0.037109,0.884827,0.422913,-0.05426,0.187927,up
416473,2.296875,7.300781,5.941406,0.080078,0.125,0.037109,0.884705,0.423035,-0.053955,0.18811,up
416478,2.296875,7.261719,5.902344,0.085937,0.126953,0.023437,0.884705,0.423035,-0.053955,0.18811,up
416483,2.296875,7.257812,5.980469,0.09375,0.126953,0.021484,0.884521,0.42334,-0.053345,0.188538,up
416489,2.296875,7.222656,5.902344,0.099609,0.142578,0.009766,0.884521,0.42334,-0.053345,0.188538,up
416495,2.21875,7.21875,5.828125,0.099609,0.142578,0.009766,0.884521,0.42334,-0.053345,0.188538,up
416500,2.257813,7.257812,5.828125,0.130859,0.148437,0.007813,0.884521,0.42334,-0.053345,0.188538,up
416506,2.257813,7.257812,5.789062,0.148437,0.162109,0.009766,0.884521,0.42334,-0.053345,0.188538,up
416511,2.257813,7.300781,5.75,0.152344,0.173828,-0.007813,0.883911,0.424377,-0.051453,0.189636,up
416516,2.257813,7.257812,5.789062,0.152344,0.173828,-0.007813,0.883606,0.424927,-0.050476,0.190063,up
416521,2.21875,7.300781,5.75,0.152344,0.173828,-0.007813,0.883606,0.424927,-0.050476,0.190063,up
416526,2.179688,7.261719,5.710937,0.171875,0.199219,-0.021484,0.883606,0.424927,-0.050476,0.190063,up
416531,2.21875,7.335937,5.710937,0.207031,0.208984,-0.03125,0.883301,0.425476,-0.049438,0.19043,up
416536,2.21875,7.335937,5.710937,0.207031,0.208984,-0.03125,0.882935,0.426208,-0.048157,0.190857,up
416541,2.21875,7.335937,5.75,0.207031,0.208984,-0.03125,0.882935,0.426208,-0.048157,0.190857,up
416546,2.21875,7.375,5.75,0.189453,0.224609,-0.033203,0.882629,0.42688,-0.046936,0.191223,up
416551,2.21875,7.335937,5.789062,0.189453,0.224609,-0.033203,0.882629,0.42688,-0.046936,0.191223,up
416556,2.21875,7.335937,5.828125,0.181641,0.255859,-0.042969,0.882629,0.42688,-0.046936,0.191223,up
416561,2.140625,7.339844,5.789062,0.181641,0.255859,-0.042969,0.882324,0.427429,-0.045593,0.19165,up
416566,2.179688,7.296875,5.828125,0.183594,0.261719,-0.052734,0.882019,0.42804,-0.044128,0.192078,up
416571,2.179688,7.339844,5.828125,0.183594,0.261719,-0.052734,0.882019,0.42804,-0.044128,0.192078,up
416576,2.179688,7.378906,5.828125,0.162109,0.271484,-0.058594,0.882019,0.42804,-0.044128,0.192078,up
416581,2.21875,7.375,5.863281,0.162109,0.271484,-0.058594,0.881653,0.428772,-0.04187,0.192627,up
416586,2.257813,7.414062,5.863281,0.162109,0.271484,-0.058594,0.881531,0.429016,-0.041077,0.19281,up
416591,2.21875,7.375,5.902344,0.162109,0.271484,-0.058594,0.881531,0.429016,-0.041077,0.19281,up
416596,2.21875,7.417969,5.941406,0.148437,0.287109,-0.082031,0.881531,0.429016,-0.041077,0.19281,up
416601,2.257813,7.417969,5.941406,0.148437,0.287109,-0.082031,0.881226,0.429626,-0.038635,0.193298,up
416606,2.21875,7.417969,5.941406,0.148437,0.287109,-0.082031,0.881226,0.429626,-0.038635,0.193298,up
416611,2.179688,7.414062,5.980469,0.148437,0.314453,-0.089844,0.881226,0.429626,-0.038635,0.193298,up
416617,2.21875,7.375,6.019531,0.148437,0.314453,-0.089844,0.88092,0.430237,-0.036072,0.193848,up
416623,2.179688,7.375,6.054687,0.148437,0.314453,-0.089844,0.880798,0.43042,-0.035217,0.194031,up
416628,2.21875,7.417969,6.054687,0.169922,0.324219,-0.085937,0.880676,0.430664,-0.034302,0.194214,up
416633,2.21875,7.453125,6.09375,0.177734,0.332031,-0.099609,0.880554,0.430908,-0.033386,0.194397,up
416638,2.179688,7.484375,6.132812,0.177734,0.332031,-0.099609,0.880432,0.431152,-0.03241,0.19458,up
416644,2.140625,7.453125,6.171875,0.199219,0.341797,-0.097656,0.88031,0.431458,-0.031433,0.194763,up
416649,2.140625,7.527344,6.171875,0.207031,0.351563,-0.105469,0.88031,0.431458,-0.031433,0.194763,up
416654,2.140625,7.527344,6.171875,0.230469,0.357422,-0.107422,0.88031,0.431458,-0.031433,0.194763,up
416659,2.140625,7.523437,6.210937,0.253906,0.357422,-0.105469,0.88031,0.431458,-0.031433,0.194763,up
416665,2.140625,7.566406,6.210937,0.265625,0.357422,-0.109375,0.88031,0.431458,-0.031433,0.194763,up
416671,2.105469,7.605469,6.210937,0.261719,0.353516,-0.109375,0.88031,0.431458,-0.031433,0.194763,up
416676,2.140625,7.640625,6.210937,0.261719,0.353516,-0.109375,0.87915,0.433655,-0.02533,0.195862,up
416681,2.140625,7.605469,6.210937,0.244141,0.353516,-0.111328,0.87915,0.433655,-0.02533,0.195862,up
416686,2.105469,7.601562,6.171875,0.253906,0.361328,-0.109375,0.87915,0.433655,-0.02533,0.195862,up
416691,2.105469,7.679687,6.210937,0.253906,0.361328,-0.109375,0.87854,0.434814,-0.022095,0.196411,up
416697,2.105469,7.71875,6.171875,0.253906,0.361328,-0.109375,0.878357,0.435242,-0.021057,0.196533,up
416702,2.105469,7.757812,6.171875,0.271484,0.353516,-0.115234,0.87793,0.436096,-0.018982,0.196838,up
416707,2.105469,7.839844,6.210937,0.271484,0.353516,-0.115234,0.877686,0.436523,-0.017822,0.197021,up
416712,2.105469,7.90625,6.132812,0.271484,0.353516,-0.115234,0.877441,0.43689,-0.016907,0.197205,up
416717,2.105469,7.90625,6.132812,0.259766,0.357422,-0.105469,0.877197,0.437378,-0.015808,0.197388,up
416723,2.066406,8.023438,6.054687,0.259766,0.357422,-0.105469,0.877014,0.437683,-0.014832,0.197571,up
416728,2.105469,8.027344,6.09375,0.259766,0.357422,-0.105469,0.876831,0.438049,-0.013794,0.197754,up
416733,2.066406,8.023438,6.054687,0.259766,0.357422,-0.105469,0.876648,0.438354,-0.012756,0.197998,up
416738,2.105469,8.023438,6.054687,0.189453,0.396484,-0.089844,0.876648,0.438354,-0.012756,0.197998,up
416743,2.066406,8.027344,6.09375,0.166016,0.40625,-0.066406,0.876648,0.438354,-0.012756,0.197998,up
416749,2.027344,8.027344,6.054687,0.166016,0.40625,-0.066406,0.87616,0.438965,-0.009583,0.198914,up
416754,2.027344,8.023438,6.09375,0.107422,0.441406,-0.054687,0.87616,0.438965,-0.009583,0.198914,up
416759,2.066406,8.023438,6.054687,0.087891,0.455078,-0.033203,0.87616,0.438965,-0.009583,0.198914,up
416764,1.988281,7.988281,6.09375,0.087891,0.455078,-0.033203,0.875916,0.438965,-0.006287,0.200134,up
416769,1.949219,7.949219,6.132812,0.050781,0.496094,-0.003906,0.875916,0.438965,-0.006287,0.200134,up
416774,1.914063,7.945312,6.09375,0.046875,0.529297,-0.003906,0.875916,0.438965,-0.006287,0.200134,up
416780,1.796875,7.949219,6.132812,0.039063,0.53125,0.005859,0.875916,0.438965,-0.006287,0.200134,up
416785,1.796875,7.945312,6.171875,0.033203,0.535156,0.015625,0.875916,0.438965,-0.006287,0.200134,up
416790,1.796875,7.90625,6.246094,0.041016,0.527344,0.021484,0.875916,0.438965,-0.006287,0.200134,up
416795,1.796875,7.90625,6.246094,0.052734,0.523437,0.019531,0.875916,0.438965,-0.006287,0.200134,up
416800,1.796875,7.910156,6.324219,0.052734,0.523437,0.019531,0.875916,0.438965,-0.006287,0.200134,up
416806,1.796875,7.90625,6.285156,0.052734,0.523437,0.019531,0.875427,0.437744,0.003113,0.205078,up
416812,1.796875,7.867187,6.363281,0.070312,0.484375,0.033203,0.875427,0.437744,0.003113,0.205078,up
416817,1.796875,7.867187,6.363281,0.070312,0.484375,0.033203,0.875061,0.437439,0.006348,0.206909,up
416822,1.796875,7.867187,6.363281,0.070312,0.484375,0.033203,0.875,0.437378,0.007324,0.207581,up
416827,1.796875,7.867187,6.363281,0.058594,0.484375,0.048828,0.875,0.437378,0.007324,0.207581,up
416832,1.796875,7.839844,6.363281,0.058594,0.484375,0.048828,0.874878,0.437256,0.008484,0.208252,up
416837,1.796875,7.839844,6.363281,0.017578,0.505859,0.044922,0.874695,0.43689,0.010498,0.209534,up
416842,1.796875,7.796875,6.363281,0.017578,0.505859,0.044922,0.874695,0.43689,0.010498,0.209534,up
416847,1.796875,7.796875,6.402344,-0.023437,0.539062,0.035156,0.874634,0.43634,0.012756,0.210876,up
416852,1.796875,7.722656,6.4375,-0.023437,0.539062,0.035156,0.874573,0.436035,0.013977,0.211609,up
416857,1.757813,7.757812,6.4375,-0.023437,0.539062,0.035156,0.874573,0.43573,0.015076,0.212219,up
416862,1.757813,7.71875,6.4375,-0.023437,0.539062,0.035156,0.874573,0.43573,0.015076,0.212219,up
416867,1.722656,7.71875,6.515625,0.009766,0.583984,0.007813,0.874573,0.43573,0.015076,0.212219,up
416872,1.605469,7.683594,6.515625,0.009766,0.583984,0.007813,0.87439,0.434875,0.01886,0.214233,up
416877,1.566406,7.679687,6.476562,0.009766,0.576172,-0.013672,0.87439,0.434875,0.01886,0.214233,up
416882,1.492188,7.71875,6.476562,0.009766,0.576172,-0.013672,0.87439,0.43457,0.020264,0.214966,up
416887,1.492188,7.71875,6.476562,0.007813,0.554687,-0.015625,0.874329,0.434326,0.021423,0.215515,up
416892,1.375,7.722656,6.515625,0.0,0.519531,-0.035156,0.874329,0.434326,0.021423,0.215515,up
416897,1.375,7.722656,6.515625,0.0,0.488281,-0.033203,0.874268,0.433777,0.023804,0.216553,up
416902,1.183594,7.71875,6.707031,0.0,0.488281,-0.033203,0.874268,0.433533,0.024902,0.216919,up
416907,1.183594,7.71875,6.707031,-0.013672,0.408203,-0.054687,0.874329,0.433228,0.025879,0.217346,up
416912,0.917969,7.683594,6.859375,-0.013672,0.408203,-0.054687,0.874329,0.433044,0.026794,0.21759,up
416917,0.917969,7.683594,6.859375,-0.013672,0.408203,-0.054687,0.874329,0.4328,0.028198,0.217834,up
416923,0.953125,7.640625,6.824219,-0.013672,0.408203,-0.054687,0.874329,0.4328,0.028687,0.217834,up
416928,0.992187,7.640625,6.824219,-0.013672,0.408203,-0.054687,0.874329,0.432861,0.028992,0.217712,up
416933,1.109375,7.679687,6.898437,0.070312,-0.003906,-0.101563,0.874268,0.432983,0.029236,0.217529,up
416938,1.300781,7.679687,7.015625,0.070312,-0.003906,-0.101563,0.874268,0.433167,0.029297,0.217285,up
416943,1.375,7.800781,6.976562,0.148437,-0.074219,-0.099609,0.874268,0.433167,0.029297,0.217285,up
416948,1.453125,7.800781,6.9375,0.148437,-0.074219,-0.099609,0.874023,0.433899,0.029419,0.216736,up
416953,1.492188,7.867187,6.859375,0.173828,-0.076172,-0.099609,0.87384,0.434387,0.02948,0.21637,up
416959,1.53125,7.871094,6.746094,0.173828,-0.076172,-0.099609,0.873718,0.434753,0.02948,0.216125,up
416964,1.566406,7.867187,6.667969,0.173828,-0.076172,-0.099609,0.873596,0.43512,0.029602,0.215881,up
416970,1.492188,7.871094,6.667969,0.146484,-0.009766,-0.105469,0.873596,0.43512,0.029602,0.215881,up
416975,1.492188,7.871094,6.667969,0.121094,0.023437,-0.117188,0.873596,0.43512,0.029602,0.215881,up
416980,1.492188,7.871094,6.628906,0.105469,0.044922,-0.111328,0.873596,0.43512,0.029602,0.215881,up
416986,1.453125,7.835937,6.59375,0.078125,0.064453,-0.107422,0.873596,0.43512,0.029602,0.215881,up
416992,1.453125,7.871094,6.628906,0.060547,0.085937,-0.103516,0.87323,0.43634,0.03125,0.214783,up
416997,1.375,7.800781,6.628906,0.027344,0.111328,-0.101563,0.87323,0.43634,0.03125,0.214783,up
417002,1.300781,7.800781,6.59375,0.033203,0.109375,-0.105469,0.87323,0.43634,0.031616,0.214661,up
417007,1.300781,7.71875,6.59375,0.033203,0.109375,-0.105469,0.87323,0.43634,0.031982,0.2146,up
417012,1.261719,7.679687,6.628906,0.033203,0.109375,-0.105469,0.87323,0.43634,0.03241,0.214478,up
417017,1.261719,7.679687,6.628906,0.033203,0.109375,-0.105469,0.873169,0.436523,0.033081,0.214233,up
417022,1.261719,7.683594,6.554687,0.033203,0.109375,-0.105469,0.873169,0.436523,0.033081,0.214233,up
417027,1.261719,7.679687,6.59375,0.105469,0.050781,-0.113281,0.873169,0.436523,0.033081,0.214233,up
417032,1.261719,7.644531,6.554687,0.119141,0.037109,-0.123047,0.873169,0.436523,0.033081,0.214233,up
417037,1.261719,7.683594,6.515625,0.130859,0.027344,-0.126953,0.872986,0.437134,0.033997,0.213623,up
417042,1.222656,7.722656,6.476562,0.130859,0.027344,-0.126953,0.872925,0.437439,0.034302,0.213379,up
417047,1.261719,7.722656,6.4375,0.125,0.005859,-0.126953,0.872803,0.437683,0.034546,0.213135,up
417053,1.222656,7.722656,6.476562,0.125,0.005859,-0.126953,0.872681,0.438171,0.035034,0.212646,up
417058,1.261719,7.761719,6.476562,0.099609,0.005859,-0.128906,0.87262,0.438416,0.035217,0.212341,up
417064,1.222656,7.761719,6.4375,0.099609,0.005859,-0.128906,0.872559,0.438599,0.035461,0.212097,up
417069,1.222656,7.761719,6.402344,0.068359,0.001953,-0.132812,0.872559,0.438721,0.035645,0.211853,up
417074,1.183594,7.71875,6.4375,0.068359,0.001953,-0.132812,0.872559,0.438904,0.035828,0.211548,up
417080,1.222656,7.761719,6.402344,0.048828,-0.001953,-0.126953,0.872559,0.438904,0.035828,0.211548,up
417086,1.222656,7.722656,6.4375,0.035156,-0.013672,-0.123047,0.872559,0.438904,0.035828,0.211548,up
417092,1.261719,7.640625,6.402344,0.027344,-0.015625,-0.117188,0.872559,0.438904,0.035828,0.211548,up
417097,1.222656,7.679687,6.476562,0.027344,-0.015625,-0.117188,0.87262,0.439209,0.036438,0.210449,up
417102,1.222656,7.640625,6.363281,0.025391,-0.027344,-0.115234,0.87262,0.439209,0.036438,0.210449,up
417108,1.261719,7.605469,6.4375,0.025391,-0.027344,-0.115234,0.872681,0.439392,0.036804,0.209656,up
417113,1.222656,7.566406,6.4375,0.025391,-0.037109,-0.125,0.872742,0.439453,0.036865,0.209351,up
417118,1.222656,7.566406,6.4375,0.029297,-0.035156,-0.125,0.872803,0.439575,0.036926,0.208984,up
417123,1.300781,7.5625,6.4375,0.03125,-0.033203,-0.134766,0.872803,0.439575,0.036926,0.208984,up
417128,1.261719,7.566406,6.402344,0.03125,-0.033203,-0.134766,0.872864,0.439697,0.03717,0.208374,up
417134,1.261719,7.566406,6.402344,0.03125,-0.033203,-0.134766,0.872864,0.439819,0.037231,0.208069,up
417139,1.261719,7.566406,6.363281,0.050781,-0.052734,-0.158203,0.872864,0.439819,0.037231,0.208069,up
417144,1.261719,7.566406,6.363281,0.050781,-0.052734,-0.158203,0.872925,0.440063,0.037476,0.207275,up
417149,1.261719,7.605469,6.363281,0.050781,-0.052734,-0.158203,0.872925,0.440063,0.037476,0.207275,up
417155,1.261719,7.640625,6.402344,0.056641,-0.070312,-0.181641,0.872925,0.440063,0.037476,0.207275,up
417160,1.300781,7.683594,6.402344,0.060547,-0.070312,-0.1875,0.872925,0.440063,0.037476,0.207275,up
417166,1.222656,7.683594,6.324219,0.060547,-0.070312,-0.1875,0.872986,0.440674,0.037842,0.205505,up
417171,1.261719,7.683594,6.324219,0.041016,-0.083984,-0.195312,0.872986,0.440674,0.037842,0.205505,up
417176,1.261719,7.722656,6.363281,0.035156,-0.087891,-0.197266,0.872986,0.440674,0.037842,0.205505,up
417182,1.222656,7.722656,6.363281,0.011719,-0.089844,-0.199219,0.872986,0.440674,0.037842,0.205505,up
417187,1.222656,7.722656,6.363281,0.015625,-0.099609,-0.195312,0.872986,0.440674,0.037842,0.205505,up
417192,1.183594,7.722656,6.324219,0.003906,-0.125,-0.212891,0.872986,0.440674,0.037842,0.205505,up
417197,1.183594,7.71875,6.402344,0.003906,-0.125,-0.212891,0.873474,0.441223,0.038025,0.202332,up
417202,1.222656,7.71875,6.324219,0.003906,-0.125,-0.212891,0.873596,0.441223,0.037964,0.201782,up
417208,1.261719,7.71875,6.324219,-0.009766,-0.144531,-0.222656,0.873596,0.441223,0.037964,0.201782,up
417213,1.261719,7.71875,6.324219,-0.009766,-0.144531,-0.222656,0.873962,0.441345,0.037781,0.199829,up
417218,1.261719,7.71875,6.324219,-0.009766,-0.144531,-0.222656,0.874084,0.441406,0.037659,0.19928,up
417223,1.261719,7.796875,6.363281,-0.007813,-0.171875,-0.230469,0.874084,0.441406,0.037659,0.19928,up
417228,1.222656,7.796875,6.363281,-0.007813,-0.171875,-0.230469,0.874207,0.441467,0.037537,0.198547,up
417233,1.261719,7.796875,6.402344,-0.021484,-0.173828,-0.232422,0.874207,0.441467,0.037537,0.198547,up
417239,1.261719,7.761719,6.402344,-0.021484,-0.173828,-0.232422,0.874695,0.441467,0.037231,0.196594,up
417245,1.183594,7.800781,6.363281,-0.046875,-0.160156,-0.228516,0.874878,0.441467,0.037109,0.195923,up
417251,1.222656,7.796875,6.402344,-0.052734,-0.164062,-0.242187,0.874878,0.441467,0.037109,0.195923,up
417256,1.222656,7.796875,6.363281,-0.046875,-0.167969,-0.238281,0.874878,0.441467,0.037109,0.195923,up
417261,1.222656,7.800781,6.324219,-0.048828,-0.167969,-0.248047,0.874878,0.441467,0.037109,0.195923,up
417266,1.222656,7.835937,6.324219,-0.054687,-0.175781,-0.255859,0.874878,0.441467,0.037109,0.195923,up
417271,1.183594,7.800781,6.363281,-0.054687,-0.175781,-0.255859,0.874878,0.441467,0.037109,0.195923,up
417277,1.183594,7.800781,6.363281,-0.054687,-0.175781,-0.255859,0.875977,0.441162,0.036377,0.19165,up
417283,1.144531,7.796875,6.324219,-0.076172,-0.1875,-0.257813,0.875977,0.441162,0.036377,0.19165,up
417288,1.144531,7.835937,6.285156,-0.076172,-0.1875,-0.257813,0.876648,0.440857,0.036011,0.189392,up
417293,1.144531,7.835937,6.363281,-0.060547,-0.222656,-0.275391,0.876648,0.440857,0.036011,0.189392,up
417298,1.109375,7.796875,6.324219,-0.060547,-0.222656,-0.275391,0.876892,0.440796,0.035767,0.188538,up
417303,1.109375,7.835937,6.285156,-0.011719,-0.259766,-0.283203,0.876892,0.440796,0.035767,0.188538,up
417308,1.109375,7.867187,6.324219,-0.011719,-0.259766,-0.283203,0.87738,0.440857,0.035095,0.186035,up
417313,1.183594,7.910156,6.285156,0.021484,-0.294922,-0.285156,0.87738,0.440857,0.035095,0.186035,up
417318,1.144531,7.910156,6.285156,0.021484,-0.294922,-0.285156,0.877502,0.44104,0.034729,0.184998,up
417323,1.144531,7.945312,6.210937,0.046875,-0.320313,-0.289063,0.877502,0.44104,0.034729,0.184998,up
417328,1.222656,7.988281,6.171875,0.046875,-0.320313,-0.289063,0.877808,0.44165,0.033752,0.182251,up
417333,1.222656,8.027344,6.132812,0.046875,-0.320313,-0.289063,0.877808,0.44165,0.033752,0.182251,up
417338,1.222656,8.0625,6.09375,0.025391,-0.322266,-0.283203,0.877808,0.44165,0.033752,0.182251,up
417343,1.261719,8.0625,6.132812,0.025391,-0.322266,-0.283203,0.878174,0.442261,0.032715,0.179321,up
417348,1.261719,8.066406,6.054687,0.025391,-0.322266,-0.283203,0.878174,0.442261,0.032715,0.179321,up
417353,1.183594,8.027344,6.054687,-0.007813,-0.300781,-0.279297,0.878174,0.442261,0.032715,0.179321,up
417359,1.144531,8.101563,6.054687,-0.007813,-0.300781,-0.279297,0.878601,0.442566,0.031616,0.176514,up
417365,1.183594,8.027344,6.054687,-0.007813,-0.300781,-0.279297,0.878723,0.442688,0.03125,0.175659,up
417370,1.183594,8.066406,6.019531,0.001953,-0.308594,-0.271484,0.878906,0.44281,0.030823,0.174622,up
417376,1.144531,8.105469,6.019531,0.003906,-0.316406,-0.265625,0.878906,0.44281,0.030823,0.174622,up
417382,1.183594,8.0625,5.980469,0.003906,-0.316406,-0.265625,0.87915,0.443054,0.03009,0.172852,up
417387,1.144531,8.066406,5.902344,0.033203,-0.318359,-0.263672,0.879272,0.443237,0.029724,0.171997,up
417393,1.109375,8.144531,5.941406,0.039063,-0.330078,-0.265625,0.879395,0.443726,0.028931,0.170105,up
417398,1.144531,8.144531,5.941406,0.039063,-0.330078,-0.265625,0.879395,0.443726,0.028931,0.170105,up
417403,1.183594,8.183594,5.941406,0.039063,-0.330078,-0.265625,0.879456,0.44397,0.028442,0.169067,up
417408,1.183594,8.183594,5.941406,0.048828,-0.347656,-0.244141,0.879456,0.44397,0.028442,0.169067,up
417414,1.183594,8.183594,5.941406,0.039063,-0.345703,-0.236328,0.879639,0.444763,0.027161,0.166382,up
417420,1.222656,8.183594,5.828125,0.039063,-0.345703,-0.236328,0.8797,0.444946,0.026672,0.165527,up
417425,1.261719,8.183594,5.828125,0.039063,-0.34375,-0.234375,0.879822,0.445129,0.026245,0.164612,up
417430,1.261719,8.144531,5.828125,0.039063,-0.34375,-0.234375,0.879883,0.445374,0.025696,0.163635,up
417435,1.300781,8.140625,5.789062,0.039063,-0.34375,-0.234375,0.879883,0.445374,0.025696,0.163635,up
417441,1.339844,8.101563,5.75,0.003906,-0.318359,-0.234375,0.879883,0.445374,0.025696,0.163635,up
417446,1.339844,8.144531,5.710937,-0.007813,-0.310547,-0.230469,0.879883,0.445374,0.025696,0.163635,up
417451,1.300781,8.066406,5.75,-0.011719,-0.298828,-0.230469,0.879883,0.445374,0.025696,0.163635,up
417456,1.339844,8.101563,5.789062,0.001953,-0.294922,-0.224609,0.879883,0.445374,0.025696,0.163635,up
417461,1.300781,8.140625,5.710937,0.007813,-0.275391,-0.226562,0.879883,0.445374,0.025696,0.163635,up
417466,1.300781,8.105469,5.710937,0.019531,-0.265625,-0.230469,0.879883,0.445374,0.025696,0.163635,up
417472,1.261719,8.144531,5.75,0.019531,-0.265625,-0.230469,0.879883,0.445374,0.025696,0.163635,up
417477,1.300781,8.105469,5.75,0.019531,-0.265625,-0.230469,0.880676,0.446533,0.022339,0.156433,up
417483,1.300781,8.105469,5.75,0.023437,-0.242187,-0.212891,0.880676,0.446533,0.022339,0.156433,up
417489,1.300781,8.101563,5.671875,0.023437,-0.242187,-0.212891,0.880859,0.44696,0.021484,0.154236,up
417494,1.300781,8.105469,5.75,0.037109,-0.240234,-0.216797,0.88092,0.447144,0.021179,0.153503,up
417499,1.300781,8.105469,5.710937,0.041016,-0.242187,-0.203125,0.880981,0.447327,0.020935,0.152771,up
417504,1.339844,8.144531,5.632812,0.041016,-0.242187,-0.203125,0.881042,0.44751,0.020691,0.152161,up
417509,1.339844,8.101563,5.632812,0.041016,-0.242187,-0.203125,0.881042,0.447632,0.020386,0.151428,up
417514,1.414063,8.101563,5.671875,0.035156,-0.232422,-0.193359,0.881104,0.447815,0.020142,0.150696,up
417519,1.375,8.140625,5.558594,0.035156,-0.232422,-0.193359,0.881165,0.447998,0.019836,0.150024,up
417524,1.414063,8.179688,5.558594,0.035156,-0.232422,-0.193359,0.881165,0.448181,0.019653,0.149414,up
417529,1.414063,8.179688,5.558594,0.072266,-0.207031,-0.191406,0.881165,0.448181,0.019653,0.149414,up
417534,1.414063,8.179688,5.519531,0.072266,-0.207031,-0.191406,0.881165,0.448608,0.019226,0.148071,up
417539,1.375,8.222656,5.519531,0.072266,-0.207031,-0.191406,0.881165,0.448853,0.019043,0.147522,up
417544,1.375,8.222656,5.519531,0.072266,-0.207031,-0.191406,0.881165,0.449036,0.01886,0.146973,up
417549,1.414063,8.222656,5.519531,0.0625,-0.158203,-0.162109,0.881104,0.44928,0.018738,0.146423,up
417554,1.375,8.261719,5.519531,0.0625,-0.158203,-0.162109,0.881104,0.449463,0.018616,0.145935,up
417559,1.414063,8.257813,5.480469,0.0625,-0.158203,-0.162109,0.881104,0.449646,0.018494,0.145447,up
417565,1.375,8.332031,5.480469,0.0625,-0.158203,-0.162109,0.881104,0.449768,0.018433,0.14502,up
417570,1.375,8.328125,5.519531,0.03125,-0.103516,-0.138672,0.881104,0.44989,0.018372,0.144592,up
417575,1.339844,8.332031,5.558594,0.03125,-0.103516,-0.138672,0.881104,0.450012,0.018311,0.144165,up
417581,1.414063,8.289063,5.519531,0.03125,-0.103516,-0.138672,0.881165,0.450073,0.01825,0.14386,up
417586,1.339844,8.328125,5.480469,-0.003906,-0.078125,-0.115234,0.881165,0.450073,0.01825,0.143494,up
417591,1.375,8.332031,5.480469,-0.005859,-0.068359,-0.121094,0.881165,0.450073,0.01825,0.143494,up
417596,1.339844,8.332031,5.558594,-0.005859,-0.068359,-0.121094,0.881165,0.450073,0.01825,0.143494,up
417602,1.339844,8.332031,5.558594,-0.005859,-0.068359,-0.121094,0.881348,0.450134,0.018188,0.142578,up
417608,1.339844,8.367188,5.480469,-0.001953,-0.058594,-0.09375,0.881348,0.450134,0.018188,0.142578,up
417614,1.339844,8.410156,5.558594,-0.001953,-0.058594,-0.09375,0.881409,0.450134,0.018188,0.141785,up
417619,1.339844,8.371094,5.519531,-0.011719,-0.035156,-0.072266,0.88147,0.450134,0.018188,0.141602,up
417625,1.375,8.449219,5.519531,-0.011719,-0.035156,-0.072266,0.881531,0.450134,0.018188,0.141418,up
417630,1.339844,8.445313,5.558594,-0.007813,-0.021484,-0.066406,0.881531,0.450134,0.01825,0.141235,up
417635,1.375,8.40625,5.558594,-0.007813,-0.021484,-0.066406,0.881592,0.450134,0.01825,0.141113,up
417642,1.339844,8.445313,5.519531,0.003906,-0.003906,-0.056641,0.881592,0.450134,0.01825,0.141113,up
417647,1.339844,8.445313,5.519531,0.001953,0.007813,-0.046875,0.881592,0.450134,0.01825,0.141113,up
417653,1.339844,8.523438,5.597656,0.001953,0.007813,-0.046875,0.881592,0.450134,0.01825,0.141113,up
417659,1.339844,8.5625,5.632812,0.023437,0.029297,-0.027344,0.881592,0.450134,0.01825,0.141113,up
417664,1.339844,8.566406,5.597656,0.023437,0.029297,-0.027344,0.881531,0.450195,0.01886,0.140808,up
417670,1.339844,8.601563,5.632812,0.023437,0.029297,-0.027344,0.881531,0.450256,0.018982,0.140869,up
417675,1.300781,8.5625,5.671875,0.056641,0.054687,0.007813,0.881531,0.450256,0.018982,0.140869,up
417680,1.339844,8.523438,5.671875,0.048828,0.068359,0.023437,0.881348,0.4505,0.019226,0.141052,up
417686,1.339844,8.445313,5.75,0.048828,0.068359,0.023437,0.881287,0.450562,0.019409,0.141235,up
417692,1.375,8.449219,5.75,0.042969,0.082031,0.044922,0.881287,0.450562,0.019409,0.141235,up
417697,1.453125,8.367188,5.789062,0.048828,0.089844,0.0625,0.881287,0.450562,0.019409,0.141235,up
417703,1.492188,8.328125,5.789062,0.046875,0.09375,0.072266,0.881287,0.450562,0.019409,0.141235,up
417709,1.53125,8.261719,5.789062,0.03125,0.111328,0.085937,0.881287,0.450562,0.019409,0.141235,up
417714,1.605469,8.21875,5.902344,0.03125,0.111328,0.085937,0.880798,0.450989,0.020386,0.142944,up
417719,1.683594,8.21875,5.980469,0.03125,0.111328,0.085937,0.880798,0.450989,0.020386,0.142944,up
417724,1.722656,8.21875,6.019531,0.025391,0.132812,0.113281,0.880676,0.450989,0.020508,0.143311,up
417729,1.722656,8.179688,6.054687,0.025391,0.132812,0.113281,0.880554,0.45105,0.020874,0.144165,up
417734,1.683594,8.21875,6.171875,0.025391,0.132812,0.113281,0.880554,0.45105,0.020874,0.144165,up
417739,1.644531,8.21875,6.171875,0.005859,0.150391,0.126953,0.880554,0.45105,0.020874,0.144165,up
417744,1.644531,8.222656,6.210937,0.005859,0.150391,0.126953,0.880432,0.450989,0.021301,0.145081,up
417749,1.644531,8.222656,6.246094,-0.0625,0.162109,0.140625,0.880432,0.450623,0.021606,0.146057,up
417754,1.605469,8.183594,6.363281,-0.154297,0.152344,0.144531,0.880432,0.450623,0.021606,0.146057,up
417759,1.605469,8.144531,6.4375,-0.154297,0.152344,0.144531,0.880615,0.449829,0.021912,0.147156,up
417764,1.605469,8.066406,6.515625,-0.228516,0.126953,0.15625,0.880615,0.449829,0.021912,0.147156,up
417769,1.566406,8.023438,6.554687,-0.228516,0.126953,0.15625,0.880798,0.449341,0.021973,0.147644,up
417774,1.53125,7.945312,6.667969,-0.257813,0.121094,0.164062,0.880798,0.449341,0.021973,0.147644,up
417780,1.453125,7.871094,6.746094,-0.257813,0.121094,0.164062,0.88147,0.44751,0.021912,0.149292,up
417785,1.453125,7.871094,6.746094,-0.298828,0.107422,0.195312,0.881714,0.446838,0.021851,0.149841,up
417790,1.414063,7.796875,6.898437,-0.298828,0.107422,0.195312,0.881958,0.446045,0.021729,0.150513,up
417796,1.414063,7.683594,6.976562,-0.298828,0.107422,0.195312,0.882202,0.445496,0.021667,0.151062,up
417801,1.375,7.644531,6.9375,-0.289063,0.113281,0.216797,0.882202,0.445496,0.021667,0.151062,up
417806,1.375,7.566406,7.015625,-0.271484,0.125,0.220703,0.882629,0.444153,0.021484,0.152344,up
417812,1.339844,7.414062,6.898437,-0.263672,0.130859,0.228516,0.882629,0.444153,0.021484,0.152344,up
417817,1.414063,7.375,6.976562,-0.240234,0.121094,0.240234,0.882629,0.444153,0.021484,0.152344,up
417823,1.414063,7.339844,6.898437,-0.21875,0.115234,0.238281,0.882629,0.444153,0.021484,0.152344,up
417828,1.414063,7.300781,6.785156,-0.189453,0.117188,0.232422,0.882629,0.444153,0.021484,0.152344,up
417833,1.492188,7.300781,6.746094,-0.189453,0.117188,0.232422,0.883362,0.441528,0.021118,0.155762,up
417839,1.492188,7.296875,6.824219,-0.152344,0.089844,0.240234,0.883362,0.441528,0.021118,0.155762,up
417844,1.53125,7.335937,6.785156,-0.091797,0.089844,0.220703,0.883362,0.441528,0.021118,0.155762,up
417849,1.492188,7.335937,6.667969,-0.091797,0.089844,0.220703,0.883484,0.440369,0.020813,0.158325,up
417854,1.492188,7.457031,6.554687,-0.091797,0.089844,0.220703,0.883484,0.440369,0.020813,0.158325,up
417859,1.492188,7.527344,6.59375,-0.048828,0.105469,0.197266,0.883484,0.440186,0.020752,0.158997,up
417865,1.453125,7.566406,6.515625,-0.048828,0.105469,0.197266,0.883423,0.43988,0.020752,0.160156,up
417871,1.453125,7.644531,6.363281,-0.048828,0.105469,0.197266,0.883423,0.439697,0.020752,0.160706,up
417878,1.453125,7.679687,6.324219,-0.123047,0.107422,0.1875,0.883423,0.439697,0.020752,0.160706,up
417884,1.414063,7.839844,6.171875,-0.160156,0.111328,0.185547,0.883423,0.439697,0.020752,0.160706,up
417889,1.414063,7.871094,6.09375,-0.203125,0.134766,0.197266,0.883789,0.43811,0.020752,0.163086,up
417894,1.453125,7.910156,6.132812,-0.203125,0.134766,0.197266,0.883789,0.43811,0.020752,0.163086,up
417899,1.453125,7.910156,6.132812,-0.392578,0.208984,0.216797,0.883789,0.43811,0.020752,0.163086,up
417904,1.414063,7.910156,6.019531,-0.392578,0.208984,0.216797,0.884277,0.436523,0.020813,0.16449,up
417910,1.375,7.867187,5.980469,-0.439453,0.236328,0.232422,0.88501,0.434387,0.020996,0.166138,up
417915,1.414063,7.867187,6.054687,-0.519531,0.275391,0.269531,0.885498,0.433044,0.021118,0.167114,up
417920,1.339844,7.796875,6.019531,-0.519531,0.275391,0.269531,0.885925,0.431763,0.02124,0.168091,up
417926,1.339844,7.722656,6.019531,-0.519531,0.275391,0.269531,0.886353,0.430542,0.021362,0.169067,up
417931,1.300781,7.605469,6.054687,-0.589844,0.335938,0.324219,0.88678,0.429138,0.021484,0.170166,up
417936,1.300781,7.601562,6.019531,-0.589844,0.335938,0.324219,0.887329,0.42749,0.021667,0.171448,up
417941,1.300781,7.457031,6.054687,-0.589844,0.335938,0.324219,0.887329,0.42749,0.021667,0.171448,up
417946,1.375,7.457031,6.054687,-0.597656,0.341797,0.314453,0.887329,0.42749,0.021667,0.171448,up
417951,1.375,7.453125,6.09375,-0.566406,0.345703,0.298828,0.887329,0.42749,0.021667,0.171448,up
417956,1.339844,7.453125,6.054687,-0.566406,0.345703,0.298828,0.88916,0.421936,0.022461,0.175842,up
417962,1.375,7.484375,6.054687,-0.566406,0.345703,0.298828,0.889526,0.420654,0.022766,0.176819,up
417967,1.414063,7.453125,6.09375,-0.5,0.388672,0.261719,0.889954,0.419312,0.023071,0.177917,up
417972,1.375,7.457031,6.054687,-0.480469,0.412109,0.25,0.889954,0.419312,0.023071,0.177917,up
417977,1.375,7.605469,6.054687,-0.480469,0.412109,0.25,0.889954,0.419312,0.023071,0.177917,up
417982,1.375,7.644531,6.019531,-0.484375,0.462891,0.230469,0.889954,0.419312,0.023071,0.177917,up
417987,1.375,7.683594,6.019531,-0.521484,0.486328,0.220703,0.889954,0.419312,0.023071,0.177917,up
417993,1.339844,7.757812,6.054687,-0.521484,0.486328,0.220703,0.891846,0.412781,0.025818,0.183228,up
417998,1.300781,7.867187,6.054687,-0.521484,0.486328,0.220703,0.891846,0.412781,0.025818,0.183228,up
418004,1.261719,7.839844,6.09375,-0.685547,0.576172,0.207031,0.891846,0.412781,0.025818,0.183228,up
418009,1.144531,7.835937,6.285156,-0.763672,0.601562,0.216797,0.891846,0.412781,0.025818,0.183228,up
418014,1.109375,7.71875,6.363281,-0.763672,0.601562,0.216797,0.894836,0.40332,0.029663,0.189148,up
418019,1.144531,7.644531,6.402344,-0.763672,0.601562,0.216797,0.894836,0.40332,0.029663,0.189148,up
418024,1.070313,7.566406,6.4375,-0.941406,0.699219,0.267578,0.894836,0.40332,0.029663,0.189148,up
418029,1.03125,7.300781,6.628906,-0.941406,0.699219,0.267578,0.89624,0.398804,0.031311,0.191711,up
418034,1.03125,7.300781,6.628906,-0.958984,0.699219,0.267578,0.896973,0.396362,0.032166,0.193115,up
418039,1.070313,7.140625,6.746094,-0.958984,0.699219,0.267578,0.896973,0.396362,0.032166,0.193115,up
418044,0.917969,6.953125,6.980469,-0.976562,0.697266,0.255859,0.89856,0.391357,0.033875,0.195801,up
418049,0.917969,6.953125,6.980469,-0.976562,0.697266,0.255859,0.899353,0.388794,0.034668,0.197021,up
418054,0.878906,6.648437,6.859375,-0.976562,0.697266,0.255859,0.900208,0.38623,0.035522,0.198181,up
418060,0.761719,6.648437,6.859375,-0.841797,0.505859,0.076172,0.900208,0.38623,0.035522,0.198181,up
418065,0.761719,6.53125,7.085937,-0.841797,0.505859,0.076172,0.902405,0.379456,0.037598,0.200684,up
418070,0.839844,6.492187,7.085937,-0.648437,0.423828,0.046875,0.903076,0.377441,0.038269,0.201355,up
418075,0.839844,6.609375,6.941406,-0.5625,0.425781,0.048828,0.903076,0.377441,0.038269,0.201355,up
418080,0.800781,6.609375,6.707031,-0.5625,0.425781,0.048828,0.903992,0.374451,0.03949,0.202515,up
418085,0.800781,6.757812,6.667969,-0.5625,0.425781,0.048828,0.904358,0.373291,0.0401,0.203064,up
418090,0.800781,6.914062,6.628906,-0.445312,0.441406,0.070312,0.904663,0.371948,0.040833,0.203735,up
418095,0.761719,7.070312,6.59375,-0.445312,0.46875,0.064453,0.904663,0.371948,0.040833,0.203735,up
418100,0.609375,7.414062,6.59375,-0.445312,0.46875,0.064453,0.905029,0.370728,0.041565,0.204407,up
418105,0.535156,7.566406,6.59375,-0.445312,0.46875,0.064453,0.905334,0.369446,0.042419,0.205078,up
418110,0.378906,7.640625,6.59375,-0.585937,0.583984,0.025391,0.905334,0.369446,0.042419,0.205078,up
418115,0.226562,7.757812,6.554687,-0.585937,0.583984,0.025391,0.906616,0.364746,0.045288,0.207092,up
418120,0.152344,7.796875,6.59375,-0.585937,0.583984,0.025391,0.907166,0.362915,0.046143,0.207764,up
418125,0.113281,7.679687,6.707031,-0.962891,0.564453,0.003906,0.907959,0.360474,0.046997,0.208435,up
418130,-0.003906,7.644531,6.746094,-1.097656,0.574219,0.009766,0.908752,0.357971,0.047729,0.209106,up
418135,0.074219,7.414062,7.167969,-1.097656,0.574219,0.009766,0.908752,0.357971,0.047729,0.209106,up
418140,0.074219,7.414062,7.167969,-1.330078,0.498047,0.017578,0.910706,0.35199,0.048828,0.210449,up
418145,0.265625,7.261719,7.433594,-1.410156,0.482422,0.009766,0.910706,0.35199,0.048828,0.210449,up
418150,0.1875,7.183594,7.398437,-1.410156,0.482422,0.009766,0.911987,0.348267,0.049255,0.211182,up
418155,0.304688,7.03125,7.707031,-1.484375,0.414062,0.009766,0.911987,0.348267,0.049255,0.211182,up
418160,0.378906,6.722656,8.007813,-1.574219,0.189453,0.023437,0.914368,0.341187,0.049561,0.212341,up
418165,0.496094,6.609375,8.011719,-1.574219,0.189453,0.023437,0.91687,0.333984,0.048828,0.213196,up
418170,0.378906,6.339844,7.511719,-1.574219,0.189453,0.023437,0.91687,0.333984,0.048828,0.213196,up
418175,0.457031,6.265625,7.46875,-1.574219,0.189453,0.023437,0.919373,0.326538,0.047485,0.21405,up
418180,0.570312,6.1875,7.511719,-1.574219,0.189453,0.023437,0.919373,0.326538,0.047485,0.21405,up
418185,0.535156,6.035156,7.589844,-1.535156,0.128906,0.078125,0.919373,0.326538,0.047485,0.21405,up
418190,0.535156,6.035156,7.589844,-1.535156,0.128906,0.078125,0.921814,0.319336,0.046082,0.214966,up
418195,0.265625,5.84375,7.585937,-1.492188,0.208984,0.074219,0.922974,0.315674,0.045593,0.215454,up
418200,0.265625,5.84375,7.585937,-1.462891,0.236328,0.080078,0.924011,0.312195,0.045288,0.216003,up
418205,0.226562,5.957031,8.125,-1.462891,0.236328,0.080078,0.92511,0.308716,0.044983,0.216553,up
418210,0.226562,5.957031,8.125,-1.302734,0.205078,0.09375,0.926025,0.305481,0.044678,0.217102,up
418215,0.570312,5.726562,7.511719,-1.302734,0.205078,0.09375,0.92688,0.302612,0.044495,0.217651,up
418220,0.570312,5.726562,7.511719,-1.302734,0.205078,0.09375,0.928223,0.297363,0.045715,0.21875,up
418226,0.265625,6.378906,8.234375,-1.302734,0.205078,0.09375,0.928772,0.295227,0.046814,0.219177,up
418231,0.113281,6.035156,8.277344,-1.302734,0.205078,0.09375,0.92926,0.293213,0.048035,0.219543,up
418236,0.035156,6.109375,8.207031,-0.556641,0.724609,-0.105469,0.92926,0.293213,0.048035,0.219543,up
418241,-0.15625,5.996094,8.238281,-0.634766,0.701172,-0.109375,0.92926,0.293213,0.048035,0.219543,up
418247,-0.078125,5.765625,8.617188,-0.634766,0.701172,-0.109375,0.930481,0.28772,0.052124,0.220642,up
418252,-0.078125,5.804687,8.617188,-0.78125,0.539062,-0.070312,0.930481,0.28772,0.052124,0.220642,up
418257,-0.042969,5.804687,8.585938,-0.830078,0.492187,-0.072266,0.930481,0.28772,0.052124,0.220642,up
418263,-0.117188,5.765625,8.546875,-0.830078,0.492187,-0.072266,0.93219,0.280945,0.054687,0.22168,up
418269,-0.042969,5.765625,8.46875,-0.830078,0.492187,-0.072266,0.93335,0.276489,0.055298,0.222229,up
418274,-0.042969,5.574219,8.394531,-0.830078,0.492187,-0.072266,0.93335,0.276489,0.055298,0.222229,up
418280,-0.042969,5.421875,8.46875,-0.960937,0.154297,0.091797,0.93335,0.276489,0.055298,0.222229,up
418285,0.113281,5.269531,8.777344,-0.875,0.132812,0.125,0.93457,0.271667,0.055237,0.223083,up
418290,0.074219,5.230469,8.585938,-0.875,0.132812,0.125,0.93512,0.269226,0.054993,0.223633,up
418295,-0.042969,5.304687,8.507813,-0.779297,0.132812,0.150391,0.935974,0.265503,0.054504,0.224731,up
418300,-0.003906,5.34375,8.617188,-0.779297,0.132812,0.150391,0.935974,0.265503,0.054504,0.224731,up
418305,-0.078125,5.304687,8.699219,-0.779297,0.132812,0.150391,0.936279,0.263916,0.054199,0.225281,up
418310,-0.117188,5.382812,8.777344,-0.574219,0.044922,0.083984,0.936279,0.263916,0.054199,0.225281,up
418315,-0.15625,5.382812,9.003906,-0.574219,0.044922,0.083984,0.936951,0.261047,0.05365,0.226135,up
418321,-0.15625,5.382812,9.003906,-0.486328,-0.027344,-0.001953,0.937561,0.258545,0.053101,0.226501,up
418326,-0.117188,5.304687,9.117188,-0.451172,-0.052734,-0.015625,0.937866,0.257385,0.052673,0.226562,up
418332,-0.117188,5.230469,8.929688,-0.451172,-0.052734,-0.015625,0.938171,0.256409,0.052307,0.226562,up
418337,-0.078125,5.113281,8.96875,-0.451172,-0.052734,-0.015625,0.938538,0.255188,0.051758,0.226562,up
418344,0.035156,5.078125,8.933594,-0.451172,-0.052734,-0.015625,0.938538,0.255188,0.051758,0.226562,up
418349,0.074219,5.078125,8.773438,-0.53125,-0.199219,0.015625,0.938538,0.255188,0.051758,0.226562,up
418355,0.152344,5.230469,8.617188,-0.515625,-0.236328,0.013672,0.938538,0.255188,0.051758,0.226562,up
418360,0.226562,5.230469,8.511719,-0.515625,-0.236328,0.013672,0.93988,0.250793,0.048706,0.226562,up
418365,0.265625,5.230469,8.3125,-0.488281,-0.326172,0.007813,0.93988,0.250793,0.048706,0.226562,up
418370,0.496094,5.269531,8.125,-0.498047,-0.361328,0.001953,0.93988,0.250793,0.048706,0.226562,up
418375,0.496094,5.269531,8.125,-0.484375,-0.392578,-0.017578,0.940918,0.247864,0.04541,0.226196,up
418380,0.726562,5.191406,7.742187,-0.484375,-0.392578,-0.017578,0.941284,0.247009,0.04425,0.225952,up
418385,0.761719,5.152344,7.667969,-0.566406,-0.326172,-0.03125,0.941284,0.247009,0.04425,0.225952,up
418390,0.917969,5.078125,7.363281,-0.662109,-0.257813,-0.023437,0.942017,0.244934,0.041992,0.225586,up
418395,0.917969,5.039062,7.320312,-0.662109,-0.257813,-0.023437,0.942444,0.243652,0.040955,0.225403,up
418400,0.878906,4.921875,7.46875,-0.900391,-0.177734,0.011719,0.942932,0.241943,0.039917,0.225342,up
418405,0.878906,4.847656,7.703125,-0.900391,-0.177734,0.011719,0.94342,0.240112,0.039063,0.225342,up
418411,0.839844,4.464844,7.8125,-0.900391,-0.177734,0.011719,0.94458,0.235718,0.037231,0.225525,up
418416,0.726562,4.195312,7.851562,-1.115234,-0.109375,0.044922,0.945251,0.232971,0.036255,0.225708,up
418421,0.6875,4.082031,7.96875,-1.080078,-0.142578,0.033203,0.945862,0.230408,0.035278,0.22583,up
418426,0.6875,4.003906,8.390625,-1.080078,-0.142578,0.033203,0.945862,0.230408,0.035278,0.22583,up
418431,0.6875,4.003906,8.390625,-1.003906,-0.173828,0.009766,0.946411,0.228333,0.034424,0.225891,up
418436,0.648437,4.003906,8.394531,-1.003906,-0.173828,0.009766,0.94696,0.226196,0.033447,0.225891,up
418442,0.648437,4.195312,8.351563,-0.621094,-0.212891,-0.105469,0.947449,0.224426,0.032593,0.225769,up
418447,0.648437,4.195312,8.351563,-0.621094,-0.212891,-0.105469,0.947449,0.224426,0.032593,0.225769,up
418453,0.6875,4.769531,8.085938,-0.498047,-0.205078,-0.146484,0.948608,0.220703,0.030334,0.22467,up
418459,0.726562,4.886719,7.933594,-0.375,-0.146484,-0.201172,0.948608,0.220703,0.030334,0.22467,up
418464,0.839844,5.0,7.855469,-0.375,-0.146484,-0.201172,0.949341,0.218933,0.029358,0.223633,up
418470,0.6875,5.152344,7.589844,-0.664062,-0.041016,-0.185547,0.949341,0.218933,0.029358,0.223633,up
418475,0.726562,5.039062,7.546875,-0.664062,-0.041016,-0.185547,0.950073,0.216675,0.028687,0.222778,up
418480,0.648437,4.539062,7.625,-0.859375,0.015625,-0.146484,0.950073,0.216675,0.028687,0.222778,up
418485,0.648437,4.308594,7.742187,-0.859375,0.015625,-0.146484,0.951172,0.212463,0.027893,0.222229,up
418490,0.648437,4.273437,7.8125,-1.330078,0.021484,-0.029297,0.951172,0.212463,0.027893,0.222229,up
418495,0.648437,4.117187,7.894531,-1.384766,-0.005859,-0.003906,0.952454,0.20697,0.026794,0.222107,up
418501,0.648437,3.699219,8.207031,-1.384766,-0.005859,-0.003906,0.953796,0.200439,0.025269,0.22229,up
418506,0.6875,3.699219,8.277344,-1.289063,-0.054687,-0.025391,0.953796,0.200439,0.025269,0.22229,up
418511,0.800781,3.621094,8.46875,-1.289063,-0.054687,-0.025391,0.955139,0.194336,0.023621,0.222351,up
418516,0.953125,3.8125,8.738281,-1.289063,-0.054687,-0.025391,0.955688,0.19165,0.022949,0.222168,up
418521,0.992187,3.890625,8.773438,-1.289063,-0.054687,-0.025391,0.956116,0.189819,0.022644,0.221863,up
418526,0.992187,4.042969,8.8125,-0.470703,0.107422,-0.257813,0.956543,0.188293,0.022644,0.221436,up
418531,0.992187,4.042969,8.8125,-0.275391,0.142578,-0.3125,0.956848,0.187378,0.022827,0.220886,up
418537,0.878906,4.425781,8.777344,-0.15625,0.166016,-0.378906,0.957153,0.186707,0.023315,0.220093,up
418542,0.726562,4.921875,8.617188,-0.15625,0.166016,-0.378906,0.957397,0.186279,0.023743,0.219238,up
418547,0.726562,4.921875,8.617188,-0.181641,0.138672,-0.490234,0.957764,0.185791,0.024292,0.218201,up
418554,0.609375,5.34375,8.472656,-0.181641,0.138672,-0.490234,0.957764,0.185791,0.024292,0.218201,up
418560,0.570312,5.382812,8.507813,-0.685547,0.033203,-0.509766,0.957764,0.185791,0.024292,0.218201,up
418565,0.535156,5.382812,8.621094,-0.896484,-0.044922,-0.453125,0.959106,0.182739,0.025024,0.214844,up
418570,0.496094,5.0,9.003906,-0.896484,-0.044922,-0.453125,0.959717,0.180725,0.02478,0.213684,up
418576,0.496094,4.769531,9.082031,-1.201172,-0.191406,-0.291016,0.959717,0.180725,0.02478,0.213684,up
418581,0.535156,4.539062,9.195313,-1.201172,-0.191406,-0.291016,0.961792,0.172668,0.022278,0.211304,up
418586,0.609375,4.425781,9.316406,-1.214844,-0.285156,-0.134766,0.961792,0.172668,0.022278,0.211304,up
418591,0.878906,4.15625,9.695313,-1.214844,-0.285156,-0.134766,0.962952,0.167419,0.019897,0.210571,up
418596,0.992187,4.042969,9.804688,-1.044922,-0.318359,-0.060547,0.962952,0.167419,0.019897,0.210571,up
418601,1.109375,3.925781,9.84375,-1.044922,-0.318359,-0.060547,0.963928,0.162476,0.017212,0.210144,up
418607,1.300781,3.890625,9.882813,-0.685547,-0.240234,-0.078125,0.964294,0.160767,0.016174,0.2099,up
418612,1.644531,4.042969,9.921875,-0.685547,-0.240234,-0.078125,0.964539,0.159607,0.015503,0.209656,up
418618,1.796875,4.273437,9.777344,-0.201172,-0.054687,-0.166016,0.964539,0.159607,0.015503,0.209656,up
418623,1.796875,4.425781,9.582031,-0.035156,0.082031,-0.226562,0.964905,0.158569,0.015198,0.208801,up
418628,1.757813,4.65625,9.460938,0.044922,0.189453,-0.275391,0.964966,0.158508,0.015564,0.208374,up
418633,1.757813,4.808594,9.390625,0.046875,0.296875,-0.306641,0.964966,0.158508,0.015564,0.208374,up
418639,1.722656,4.921875,9.390625,-0.007813,0.386719,-0.341797,0.964966,0.158508,0.015564,0.208374,up
418644,1.53125,5.0,9.390625,-0.007813,0.386719,-0.341797,0.965454,0.157959,0.018494,0.206421,up
418649,0.992187,4.847656,9.738281,-0.007813,0.386719,-0.341797,0.965454,0.157959,0.018494,0.206421,up
418654,0.878906,4.539062,10.003906,-0.451172,0.443359,-0.326172,0.965454,0.157959,0.018494,0.206421,up
418659,0.761719,4.234375,10.121094,-0.609375,0.380859,-0.277344,0.965454,0.157959,0.018494,0.206421,up
418665,0.648437,4.117187,10.5,-0.695312,0.228516,-0.115234,0.965454,0.157959,0.018494,0.206421,up
418670,0.648437,4.15625,10.652344,-0.695312,0.228516,-0.115234,0.96698,0.151062,0.022339,0.204102,up
418676,0.6875,4.195312,10.882813,-0.595703,0.078125,0.015625,0.96698,0.151062,0.022339,0.204102,up
418681,0.953125,4.195312,10.921875,-0.595703,0.078125,0.015625,0.967651,0.146423,0.022339,0.204285,up
418686,1.03125,4.386719,10.964844,-0.595703,0.078125,0.015625,0.967651,0.146423,0.022339,0.204285,up
418691,1.03125,4.386719,10.964844,-0.142578,0.126953,0.033203,0.967773,0.145386,0.022217,0.204468,up
418696,1.261719,4.5,10.964844,-0.142578,0.126953,0.033203,0.967834,0.144775,0.022339,0.204651,up
418701,1.53125,4.695312,10.804688,0.072266,0.222656,0.001953,0.967834,0.144592,0.022766,0.204773,up
418706,1.53125,4.695312,10.804688,0.072266,0.222656,0.001953,0.967834,0.144592,0.022766,0.204773,up
418711,1.605469,5.039062,10.582031,0.230469,0.341797,-0.044922,0.967529,0.145874,0.026062,0.204773,up
418716,1.492188,5.421875,10.503906,0.300781,0.636719,-0.117188,0.967529,0.145874,0.026062,0.204773,up
418721,1.109375,5.574219,10.347656,0.300781,0.636719,-0.117188,0.967346,0.146667,0.029663,0.204651,up
418726,0.839844,5.535156,10.503906,0.052734,0.714844,-0.101563,0.967346,0.146667,0.029663,0.204651,up
418731,0.417969,5.574219,10.769531,0.052734,0.714844,-0.101563,0.967285,0.146606,0.03125,0.204651,up
418737,0.417969,5.574219,10.769531,-0.197266,0.636719,-0.015625,0.967285,0.145569,0.034607,0.204895,up
418742,-0.003906,5.230469,10.992188,-0.285156,0.542969,0.056641,0.967285,0.144592,0.036011,0.205261,up
418747,-0.078125,4.921875,11.308594,-0.285156,0.542969,0.056641,0.967285,0.143738,0.036926,0.205688,up
418753,0.035156,4.695312,11.269531,-0.285156,0.542969,0.056641,0.967285,0.142944,0.037598,0.206299,up
418759,0.152344,4.695312,11.226563,-0.130859,0.220703,0.292969,0.967285,0.142944,0.037598,0.206299,up
418764,0.226562,4.65625,11.230469,-0.019531,0.152344,0.375,0.967285,0.142944,0.037598,0.206299,up
418769,0.417969,4.539062,10.921875,0.09375,0.115234,0.455078,0.967285,0.142944,0.037598,0.206299,up
418775,0.535156,4.578125,10.886719,0.201172,0.126953,0.515625,0.967285,0.142944,0.037598,0.206299,up
418781,0.609375,4.695312,10.847656,0.298828,0.158203,0.550781,0.967285,0.142944,0.037598,0.206299,up
418786,0.6875,4.695312,10.6875,0.337891,0.308594,0.550781,0.967285,0.142944,0.037598,0.206299,up
418791,0.570312,4.730469,10.652344,0.337891,0.308594,0.550781,0.964722,0.145203,0.040833,0.215759,up
418796,0.570312,4.695312,10.578125,0.337891,0.308594,0.550781,0.964722,0.145203,0.040833,0.215759,up
418801,0.457031,4.65625,10.648438,0.205078,0.480469,0.517578,0.964722,0.145203,0.040833,0.215759,up
418806,0.34375,4.730469,10.769531,0.205078,0.480469,0.517578,0.96344,0.146301,0.044006,0.220032,up
418811,0.226562,4.578125,10.804688,0.205078,0.480469,0.517578,0.963074,0.146301,0.044983,0.221497,up
418816,-0.195312,4.347656,10.886719,0.205078,0.480469,0.517578,0.963074,0.146301,0.044983,0.221497,up
418821,-0.347656,4.273437,11.035156,-0.060547,0.34375,0.667969,0.963074,0.146301,0.044983,0.221497,up
418826,-0.578125,4.117187,11.304688,-0.060547,0.34375,0.667969,0.96228,0.145935,0.04657,0.224792,up
418832,-0.652344,4.042969,11.308594,-0.054687,0.224609,0.744141,0.961426,0.145691,0.046997,0.228577,up
418837,-0.652344,4.003906,11.535156,0.064453,-0.046875,0.886719,0.960876,0.145813,0.046753,0.230835,up
418842,-0.539062,3.890625,11.414063,0.064453,-0.046875,0.886719,0.960266,0.146301,0.046204,0.233093,up
418847,-0.425781,3.851563,11.34375,0.064453,-0.046875,0.886719,0.959717,0.147095,0.045593,0.235046,up
418852,-0.269531,3.8125,11.113281,0.480469,-0.3125,1.025391,0.958923,0.148499,0.044678,0.237549,up
418857,-0.042969,3.890625,10.84375,0.480469,-0.3125,1.025391,0.95813,0.150146,0.043762,0.239929,up
418862,0.035156,3.851563,10.652344,0.480469,-0.3125,1.025391,0.957397,0.151733,0.04303,0.242004,up
418868,0.1875,3.964844,10.382813,0.480469,-0.3125,1.025391,0.956482,0.153625,0.042236,0.244324,up
418873,0.265625,4.042969,10.265625,0.611328,-0.263672,1.060547,0.956482,0.153625,0.042236,0.244324,up
418879,0.152344,4.003906,10.226563,0.515625,-0.201172,1.058594,0.956482,0.153625,0.042236,0.244324,up
418884,0.035156,4.003906,10.226563,0.404297,-0.160156,1.058594,0.956482,0.153625,0.042236,0.244324,up
418889,-0.078125,3.925781,10.265625,0.287109,-0.113281,1.050781,0.956482,0.153625,0.042236,0.244324,up
418895,-0.269531,3.925781,10.347656,0.175781,-0.089844,1.03125,0.956482,0.153625,0.042236,0.244324,up
418900,-0.460937,3.8125,10.578125,0.175781,-0.089844,1.03125,0.956482,0.153625,0.042236,0.244324,up
418905,-0.539062,3.734375,10.691406,0.175781,-0.089844,1.03125,0.950928,0.161011,0.038086,0.261475,up
418911,-0.652344,3.542969,10.808594,0.005859,-0.205078,1.091797,0.950928,0.161011,0.038086,0.261475,up
418917,-0.691406,3.277344,10.886719,0.005859,-0.205078,1.091797,0.948853,0.161865,0.035583,0.268799,up
418922,-0.691406,3.238281,10.964844,0.181641,-0.294922,1.179688,0.947937,0.162537,0.034485,0.271667,up
418928,-0.578125,3.160156,10.925781,0.181641,-0.294922,1.179688,0.947144,0.16333,0.033447,0.27417,up
418934,-0.269531,3.085938,10.6875,0.429687,-0.367188,1.236328,0.947144,0.16333,0.033447,0.27417,up
418939,-0.15625,2.96875,10.613281,0.550781,-0.394531,1.234375,0.947144,0.16333,0.033447,0.27417,up
418944,-0.003906,2.929688,10.382813,0.677734,-0.398438,1.226563,0.947144,0.16333,0.033447,0.27417,up
418949,0.152344,3.007813,10.226563,0.796875,-0.369141,1.205078,0.947144,0.16333,0.033447,0.27417,up
418954,0.265625,3.351563,9.886719,0.796875,-0.369141,1.205078,0.947144,0.16333,0.033447,0.27417,up
418959,0.417969,3.3125,9.734375,0.917969,-0.273438,1.150391,0.947144,0.16333,0.033447,0.27417,up
418964,0.417969,3.238281,9.578125,0.914062,-0.226562,1.126953,0.947144,0.16333,0.033447,0.27417,up
418969,0.417969,3.238281,9.578125,0.892578,-0.169922,1.121094,0.937988,0.179565,0.027405,0.295227,up
418974,0.457031,3.277344,9.578125,0.892578,-0.169922,1.121094,0.937988,0.179565,0.027405,0.295227,up
418980,0.378906,3.277344,9.539063,0.841797,-0.105469,1.142578,0.935547,0.184082,0.027039,0.300354,up
418985,0.378906,3.277344,9.539063,0.841797,-0.105469,1.142578,0.935547,0.184082,0.027039,0.300354,up
418991,0.457031,2.664063,9.734375,0.791016,-0.09375,1.154297,0.932983,0.18811,0.026672,0.305603,up
418996,0.417969,2.394531,9.773438,0.773437,-0.099609,1.208984,0.932983,0.18811,0.026672,0.305603,up
419001,0.417969,2.316406,9.847656,0.773437,-0.099609,1.208984,0.93042,0.191956,0.026306,0.311096,up
419006,0.535156,2.242188,9.734375,0.865234,-0.103516,1.205078,0.93042,0.191956,0.026306,0.311096,up
419012,0.609375,2.316406,9.699219,0.982422,-0.109375,1.191406,0.926208,0.198914,0.026001,0.319153,up
419017,0.726562,2.355469,9.621094,1.220703,-0.070312,1.169922,0.926208,0.198914,0.026001,0.319153,up
419022,0.953125,2.355469,9.425781,1.359375,-0.003906,1.146484,0.924622,0.201904,0.026123,0.32196,up
419027,0.953125,2.355469,9.425781,1.529297,0.080078,1.121094,0.921448,0.20813,0.0271,0.326904,up
419032,1.03125,2.738281,9.277344,1.685547,0.152344,1.080078,0.919678,0.211914,0.028137,0.329468,up
419037,0.800781,3.351563,9.238281,1.779297,0.199219,1.033203,0.917664,0.216187,0.029541,0.332092,up
419042,0.6875,3.890625,9.160156,1.779297,0.199219,1.033203,0.916077,0.219666,0.030762,0.334106,up
419047,0.496094,4.539062,8.933594,1.642578,0.232422,0.945312,0.914185,0.223694,0.032227,0.336487,up
419053,0.265625,5.230469,9.003906,1.642578,0.232422,0.945312,0.912537,0.22699,0.033508,0.338562,up
419058,0.113281,5.535156,9.042969,1.642578,0.232422,0.945312,0.910706,0.23053,0.034851,0.340942,up
419063,0.074219,5.84375,9.0,1.642578,0.232422,0.945312,0.910706,0.23053,0.034851,0.340942,up
419068,0.074219,5.84375,9.0,0.888672,0.128906,0.914062,0.910706,0.23053,0.034851,0.340942,up
419074,-0.003906,5.726562,9.273438,0.888672,0.128906,0.914062,0.906677,0.237,0.036682,0.346985,up
419080,-0.042969,5.34375,9.65625,0.888672,0.128906,0.914062,0.905457,0.238098,0.03656,0.349365,up
419085,-0.003906,5.230469,9.738281,0.074219,-0.035156,1.027344,0.905457,0.238098,0.03656,0.349365,up
419090,-0.003906,5.230469,9.738281,-0.013672,-0.083984,1.082031,0.903625,0.23877,0.0354,0.353821,up
419095,-0.003906,5.230469,9.738281,-0.044922,-0.115234,1.125,0.90271,0.238892,0.034485,0.356201,up
419100,0.34375,4.65625,9.964844,-0.044922,-0.115234,1.125,0.90271,0.238892,0.034485,0.356201,up
419106,0.417969,4.5,10.042969,-0.001953,-0.113281,1.15625,0.901672,0.239075,0.033569,0.358704,up
419111,0.417969,4.5,10.042969,0.300781,-0.076172,1.189453,0.899414,0.240051,0.031921,0.363892,up
419117,0.800781,4.082031,9.847656,0.566406,-0.017578,1.191406,0.896484,0.242859,0.031494,0.369202,up
419122,0.917969,4.082031,9.734375,1.142578,0.128906,1.171875,0.896484,0.242859,0.031494,0.369202,up
419127,1.109375,4.15625,9.65625,1.142578,0.128906,1.171875,0.892944,0.247803,0.032654,0.374451,up
419132,1.183594,4.5,9.355469,1.142578,0.128906,1.171875,0.890747,0.251099,0.033997,0.377258,up
419137,1.03125,4.847656,9.195313,1.699219,0.421875,1.201172,0.890747,0.251099,0.033997,0.377258,up
419142,0.917969,5.304687,9.039063,1.699219,0.421875,1.201172,0.888428,0.2547,0.035767,0.380188,up
419147,0.726562,5.765625,8.855469,1.722656,0.478516,1.203125,0.888428,0.2547,0.035767,0.380188,up
419152,0.535156,6.722656,8.585938,1.574219,0.458984,1.197266,0.88385,0.261597,0.03949,0.385742,up
419158,0.304688,7.375,8.433594,1.574219,0.458984,1.197266,0.879517,0.2677,0.042786,0.391174,up
419163,0.226562,7.453125,8.355469,1.101563,0.330078,1.197266,0.87738,0.270264,0.044006,0.394043,up
419169,0.035156,7.375,8.511719,1.101563,0.330078,1.197266,0.875488,0.272156,0.044739,0.396729,up
419175,0.074219,7.183594,8.585938,0.486328,0.128906,1.236328,0.875488,0.272156,0.044739,0.396729,up
419180,0.074219,6.953125,8.695313,0.195312,0.021484,1.271484,0.875488,0.272156,0.044739,0.396729,up
419185,0.152344,6.683594,8.816406,-0.060547,-0.080078,1.318359,0.875488,0.272156,0.044739,0.396729,up
419190,0.417969,6.074219,9.078125,-0.060547,-0.080078,1.318359,0.86969,0.274658,0.042419,0.407898,up
419195,0.535156,5.726562,9.195313,-0.431641,-0.25,1.400391,0.86969,0.274658,0.042419,0.407898,up
419201,0.6875,5.421875,9.234375,-0.503906,-0.302734,1.431641,0.86969,0.274658,0.042419,0.407898,up
419207,0.878906,5.078125,9.277344,-0.474609,-0.318359,1.425781,0.865051,0.272644,0.034302,0.419678,up
419212,1.03125,4.960937,9.273438,-0.474609,-0.318359,1.425781,0.865051,0.272644,0.034302,0.419678,up
419217,1.109375,4.808594,9.273438,-0.171875,-0.271484,1.359375,0.862427,0.272705,0.030884,0.425293,up
419222,1.375,4.769531,9.234375,-0.171875,-0.271484,1.359375,0.86084,0.273499,0.029663,0.428101,up
419227,1.492188,4.769531,9.199219,-0.171875,-0.271484,1.359375,0.86084,0.273499,0.029663,0.428101,up
419232,1.492188,4.769531,9.199219,0.525391,-0.148437,1.275391,0.859253,0.274597,0.02887,0.430603,up
419237,1.566406,4.847656,9.117188,0.525391,-0.148437,1.275391,0.857483,0.276184,0.028442,0.433167,up
419242,1.566406,5.113281,8.96875,0.865234,-0.027344,1.257813,0.857483,0.276184,0.028442,0.433167,up
419247,1.566406,5.113281,8.96875,0.96875,0.033203,1.275391,0.853516,0.28009,0.028381,0.438477,up
419252,1.414063,5.535156,8.734375,0.96875,0.033203,1.275391,0.851318,0.282288,0.028748,0.441223,up
419258,1.339844,5.6875,8.695313,1.105469,0.154297,1.367188,0.849121,0.284546,0.029175,0.444031,up
419264,1.300781,5.882812,8.546875,1.105469,0.154297,1.367188,0.844421,0.289124,0.030334,0.44989,up
419269,1.300781,5.957031,8.617188,1.164063,0.197266,1.400391,0.842041,0.291382,0.031006,0.45282,up
419274,1.300781,6.074219,8.585938,1.164063,0.197266,1.400391,0.839233,0.294128,0.031799,0.456238,up
419280,1.339844,6.226562,8.394531,1.164063,0.197266,1.400391,0.837036,0.296265,0.03241,0.458923,up
419286,1.339844,6.300781,8.390625,1.220703,0.15625,1.431641,0.837036,0.296265,0.03241,0.458923,up
419291,1.339844,6.457031,8.3125,1.201172,0.154297,1.4375,0.837036,0.296265,0.03241,0.458923,up
419296,1.453125,6.609375,8.164063,1.154297,0.150391,1.462891,0.837036,0.296265,0.03241,0.458923,up
419301,1.453125,6.648437,8.125,1.058594,0.144531,1.480469,0.837036,0.296265,0.03241,0.458923,up
419307,1.414063,6.648437,8.050781,0.804687,0.136719,1.535156,0.837036,0.296265,0.03241,0.458923,up
419312,1.300781,6.53125,8.050781,0.804687,0.136719,1.535156,0.821533,0.309753,0.035339,0.477356,up
419317,1.261719,6.417969,8.007813,0.804687,0.136719,1.535156,0.81897,0.31134,0.035217,0.480774,up
419322,1.222656,6.300781,7.96875,0.410156,0.03125,1.619141,0.81897,0.31134,0.035217,0.480774,up
419327,1.261719,6.226562,8.007813,0.410156,0.03125,1.619141,0.814148,0.31366,0.034363,0.487427,up
419332,1.222656,6.109375,7.933594,0.410156,0.03125,1.619141,0.809753,0.315186,0.032471,0.493835,up
419337,1.222656,6.109375,7.933594,0.128906,-0.142578,1.679688,0.809753,0.315186,0.032471,0.493835,up
419342,1.414063,5.765625,8.050781,0.128906,-0.142578,1.679688,0.807373,0.315857,0.031006,0.497437,up
419347,1.492188,5.574219,8.125,0.125,-0.226562,1.675781,0.807373,0.315857,0.031006,0.497437,up
419353,1.683594,5.34375,8.207031,0.125,-0.226562,1.675781,0.803162,0.317017,0.027954,0.503662,up
419358,1.683594,5.34375,8.207031,0.1875,-0.253906,1.660156,0.800964,0.317749,0.026367,0.506775,up
419363,1.757813,5.304687,8.203125,0.1875,-0.253906,1.660156,0.798706,0.318604,0.024841,0.509827,up
419368,2.066406,5.269531,8.007813,0.314453,-0.267578,1.605469,0.796448,0.319641,0.023376,0.512817,up
419373,2.066406,5.269531,8.007813,0.359375,-0.236328,1.560547,0.794067,0.32074,0.022034,0.515808,up
419379,2.371094,5.304687,8.050781,0.435547,-0.169922,1.476563,0.791809,0.321838,0.020813,0.518616,up
419386,2.410156,5.269531,8.011719,0.472656,-0.134766,1.4375,0.791809,0.321838,0.020813,0.518616,up
419392,2.410156,5.304687,8.007813,0.472656,-0.134766,1.4375,0.784973,0.325378,0.018127,0.526855,up
419397,2.410156,5.34375,8.046875,0.505859,-0.085937,1.363281,0.784973,0.325378,0.018127,0.526855,up
419402,2.488281,5.421875,8.050781,0.519531,-0.091797,1.347656,0.784973,0.325378,0.018127,0.526855,up
419407,2.488281,5.460937,8.089844,0.519531,-0.091797,1.347656,0.778259,0.328979,0.016296,0.534607,up
419412,2.488281,5.496094,8.046875,0.519531,-0.144531,1.394531,0.77594,0.3302,0.015625,0.537231,up
419417,2.488281,5.613281,8.089844,0.519531,-0.144531,1.394531,0.773499,0.331543,0.014832,0.539917,up
419423,2.410156,5.652344,8.089844,0.519531,-0.144531,1.394531,0.768921,0.333984,0.013245,0.544983,up
419428,2.410156,5.652344,8.089844,0.519531,-0.144531,1.394531,0.768921,0.333984,0.013245,0.544983,up
419433,2.410156,5.613281,8.089844,0.480469,-0.277344,1.525391,0.768921,0.333984,0.013245,0.544983,up
419438,2.488281,5.535156,8.046875,0.480469,-0.277344,1.525391,0.761353,0.338074,0.009888,0.553101,up
419443,2.640625,5.574219,8.011719,0.480469,-0.277344,1.525391,0.759033,0.339294,0.008667,0.555542,up
419448,2.832031,5.613281,8.011719,0.380859,-0.363281,1.585938,0.756348,0.340698,0.007141,0.558411,up
419453,2.871094,5.652344,8.011719,0.380859,-0.363281,1.585938,0.753906,0.341858,0.005615,0.560974,up
419458,3.136719,5.652344,7.8125,0.380859,-0.363281,1.585938,0.751282,0.343018,0.003845,0.563843,up
419463,3.214844,5.613281,7.8125,0.201172,-0.373047,1.630859,0.748535,0.344055,0.001892,0.566833,up
419469,3.367188,5.460937,7.785156,0.201172,-0.373047,1.630859,0.746338,0.344849,0.000305,0.569214,up
419474,3.445313,5.382812,7.8125,0.128906,-0.333984,1.65625,0.743896,0.345581,-0.001526,0.57196,up
419479,3.558594,5.152344,7.890625,0.128906,-0.333984,1.65625,0.743896,0.345581,-0.001526,0.57196,up
419484,3.636719,5.078125,7.933594,0.097656,-0.302734,1.673828,0.743896,0.345581,-0.001526,0.57196,up
419489,3.636719,5.078125,7.933594,0.097656,-0.304688,1.679688,0.736389,0.347534,-0.007202,0.580444,up
419494,3.636719,5.0,8.011719,0.097656,-0.304688,1.679688,0.736389,0.347534,-0.007202,0.580444,up
419499,3.636719,5.0,8.011719,0.115234,-0.320313,1.679688,0.733765,0.348206,-0.009094,0.583374,up
419504,3.597656,5.0,8.011719,0.115234,-0.320313,1.679688,0.731201,0.348877,-0.010986,0.586121,up
419509,3.597656,5.0,8.011719,0.232422,-0.369141,1.664063,0.725891,0.350525,-0.014648,0.591675,up
419514,3.597656,4.886719,7.785156,0.232422,-0.369141,1.664063,0.723206,0.35144,-0.016418,0.594299,up
419519,3.636719,4.886719,7.785156,0.294922,-0.40625,1.650391,0.723206,0.35144,-0.016418,0.594299,up
419524,3.714844,4.921875,7.746094,0.298828,-0.429687,1.646484,0.723206,0.35144,-0.016418,0.594299,up
419529,3.789063,5.0,7.589844,0.291016,-0.441406,1.646484,0.714905,0.354675,-0.021729,0.602173,up
419535,3.828125,5.0,7.511719,0.291016,-0.441406,1.646484,0.712097,0.355835,-0.023621,0.604797,up
419540,3.867188,4.960937,7.546875,0.201172,-0.460937,1.648438,0.712097,0.355835,-0.023621,0.604797,up
419545,3.867188,4.886719,7.625,0.132812,-0.460937,1.662109,0.712097,0.355835,-0.023621,0.604797,up
419551,3.90625,4.808594,7.628906,0.087891,-0.464844,1.666016,0.712097,0.355835,-0.023621,0.604797,up
419556,3.980469,4.617187,7.664062,0.087891,-0.464844,1.666016,0.712097,0.355835,-0.023621,0.604797,up
419561,3.941406,4.5,7.625,0.015625,-0.460937,1.664063,0.712097,0.355835,-0.023621,0.604797,up
419566,4.019531,4.347656,7.703125,-0.017578,-0.474609,1.673828,0.712097,0.355835,-0.023621,0.604797,up
419572,4.058594,4.273437,7.667969,-0.025391,-0.507812,1.679688,0.712097,0.355835,-0.023621,0.604797,up
419577,4.097656,4.15625,7.585937,-0.025391,-0.507812,1.679688,0.690674,0.361633,-0.041443,0.624817,up
419583,4.132812,4.003906,7.433594,-0.015625,-0.53125,1.681641,0.690674,0.361633,-0.041443,0.624817,up
419588,4.25,3.964844,7.324219,-0.015625,-0.53125,1.681641,0.682373,0.363708,-0.048889,0.632202,up
419593,4.324219,3.890625,7.203125,-0.015625,-0.53125,1.681641,0.67981,0.364441,-0.051025,0.634338,up
419598,4.402344,3.8125,7.085937,-0.015625,-0.53125,1.681641,0.67981,0.364441,-0.051025,0.634338,up
419603,4.480469,3.734375,7.015625,0.126953,-0.558594,1.652344,0.67981,0.364441,-0.051025,0.634338,up
419608,4.554687,3.773438,6.941406,0.230469,-0.605469,1.652344,0.674194,0.366211,-0.055542,0.638977,up
419613,4.632812,3.8125,6.742187,0.230469,-0.605469,1.652344,0.670959,0.367432,-0.057922,0.641418,up
419618,4.632812,3.8125,6.742187,0.265625,-0.632812,1.652344,0.665283,0.36969,-0.062012,0.645691,up
419623,4.671875,3.8125,6.628906,0.265625,-0.632812,1.652344,0.665283,0.36969,-0.062012,0.645691,up
419628,4.785156,3.8125,6.480469,0.265625,-0.632812,1.652344,0.665283,0.36969,-0.062012,0.645691,up
419633,4.785156,3.8125,6.480469,0.251953,-0.720703,1.679688,0.659119,0.372253,-0.066528,0.650024,up
419639,4.9375,3.851563,6.324219,0.251953,-0.720703,1.679688,0.652771,0.374939,-0.07135,0.654419,up
419645,5.054687,3.851563,6.363281,0.251953,-0.720703,1.679688,0.64978,0.37616,-0.07373,0.656372,up
419650,5.09375,3.8125,6.28125,0.164062,-0.796875,1.736328,0.646545,0.377502,-0.076416,0.658508,up
419655,5.128906,3.734375,6.246094,0.164062,-0.796875,1.736328,0.643066,0.378845,-0.079407,0.660767,up
419660,5.246094,3.621094,6.136719,0.164062,-0.796875,1.736328,0.643066,0.378845,-0.079407,0.660767,up
419666,5.320312,3.582031,6.136719,0.035156,-0.789062,1.744141,0.643066,0.378845,-0.079407,0.660767,up
419672,5.398437,3.507813,6.09375,-0.041016,-0.738281,1.740234,0.643066,0.378845,-0.079407,0.660767,up
419677,5.4375,3.390625,6.132812,-0.041016,-0.738281,1.740234,0.631104,0.382629,-0.090454,0.668701,up
419682,5.511719,3.3125,6.171875,-0.041016,-0.738281,1.740234,0.62793,0.383484,-0.093445,0.670776,up
419688,5.511719,3.238281,6.136719,-0.037109,-0.738281,1.763672,0.62793,0.383484,-0.093445,0.670776,up
419693,5.4375,3.007813,6.171875,-0.009766,-0.732422,1.771484,0.62793,0.383484,-0.093445,0.670776,up
419698,5.476562,2.855469,6.320312,0.083984,-0.773437,1.78125,0.61853,0.385864,-0.102051,0.676819,up
419703,5.476562,2.664063,6.480469,0.083984,-0.773437,1.78125,0.614929,0.386902,-0.105164,0.679077,up
419708,5.476562,2.546875,6.558594,0.083984,-0.773437,1.78125,0.611633,0.387939,-0.107849,0.68103,up
419713,5.589844,2.433594,6.597656,0.265625,-0.818359,1.804688,0.604797,0.390442,-0.112732,0.684937,up
419718,5.742187,2.511719,6.441406,0.265625,-0.818359,1.804688,0.604797,0.390442,-0.112732,0.684937,up
419723,5.898437,2.585938,6.402344,0.46875,-0.802734,1.792969,0.604797,0.390442,-0.112732,0.684937,up
419728,6.011719,2.625,6.324219,0.46875,-0.802734,1.792969,0.593445,0.39502,-0.119446,0.69104,up
419733,6.429687,2.664063,6.054687,0.46875,-0.802734,1.792969,0.593445,0.39502,-0.119446,0.69104,up
419738,6.429687,2.664063,6.054687,0.435547,-0.65625,1.734375,0.589783,0.396362,-0.12146,0.692993,up
419743,6.511719,2.585938,6.054687,0.435547,-0.65625,1.734375,0.586243,0.397522,-0.123291,0.695007,up
419748,6.46875,2.203125,6.210937,0.335938,-0.490234,1.667969,0.582703,0.398438,-0.125183,0.697144,up
419753,6.46875,2.203125,6.210937,0.296875,-0.433594,1.648438,0.579407,0.399231,-0.126953,0.699158,up
419758,6.394531,1.972656,6.398437,0.248047,-0.410156,1.634766,0.579407,0.399231,-0.126953,0.699158,up
419763,6.355469,1.707031,6.59375,0.248047,-0.410156,1.634766,0.579407,0.399231,-0.126953,0.699158,up
419768,6.355469,1.628906,6.628906,0.248047,-0.410156,1.634766,0.569336,0.400879,-0.132629,0.705383,up
419773,6.355469,1.550781,6.78125,0.248047,-0.410156,1.634766,0.566406,0.401306,-0.134399,0.707153,up
419778,6.472656,1.515625,6.742187,0.275391,-0.513672,1.644531,0.566406,0.401306,-0.134399,0.707153,up
419783,6.546875,1.550781,6.742187,0.275391,-0.513672,1.644531,0.559448,0.402649,-0.138489,0.711121,up
419788,6.546875,1.589844,6.746094,0.275391,-0.513672,1.644531,0.556213,0.403442,-0.140198,0.712891,up
419793,6.625,1.589844,6.742187,0.478516,-0.5625,1.59375,0.552612,0.40448,-0.141907,0.714722,up
419799,6.8125,1.515625,6.667969,0.664062,-0.628906,1.527344,0.549377,0.405579,-0.143188,0.71637,up
419805,7.046875,1.628906,6.4375,0.664062,-0.628906,1.527344,0.541992,0.408569,-0.145691,0.719788,up
419810,7.195312,1.667969,6.324219,0.763672,-0.666016,1.455078,0.53833,0.410217,-0.14679,0.721375,up
419815,7.351562,1.742188,6.246094,0.753906,-0.664062,1.421875,0.53833,0.410217,-0.14679,0.721375,up
419820,7.433594,1.742188,6.09375,0.753906,-0.664062,1.421875,0.531128,0.413574,-0.148804,0.724365,up
419826,7.5,1.707031,6.09375,0.753906,-0.664062,1.421875,0.531128,0.413574,-0.148804,0.724365,up
419832,7.542969,1.550781,6.132812,0.478516,-0.556641,1.373047,0.524414,0.416321,-0.151184,0.727173,up
419837,7.542969,1.167969,6.324219,0.363281,-0.494141,1.373047,0.524414,0.416321,-0.151184,0.727173,up
419842,7.472656,1.054688,6.515625,0.277344,-0.447266,1.382813,0.524414,0.416321,-0.151184,0.727173,up
419847,7.472656,0.9375,6.667969,0.277344,-0.447266,1.382813,0.51532,0.41864,-0.155518,0.731445,up
419852,7.472656,0.9375,6.667969,0.220703,-0.416016,1.400391,0.51239,0.419189,-0.157104,0.732849,up
419857,7.472656,0.9375,6.667969,0.251953,-0.421875,1.40625,0.50946,0.419678,-0.158691,0.734253,up
419862,7.5,0.59375,6.667969,0.251953,-0.421875,1.40625,0.50946,0.419678,-0.158691,0.734253,up
419867,7.5,0.59375,6.667969,0.310547,-0.441406,1.400391,0.503235,0.421021,-0.161621,0.737122,up
419872,7.5,0.59375,6.667969,0.503906,-0.53125,1.373047,0.500061,0.421997,-0.162903,0.738464,up
419877,7.472656,0.746094,6.476562,0.503906,-0.53125,1.373047,0.496643,0.423157,-0.164001,0.739868,up
419882,7.472656,0.785156,6.402344,0.785156,-0.591797,1.333984,0.496643,0.423157,-0.164001,0.739868,up
419888,7.539062,0.746094,6.285156,1.078125,-0.615234,1.287109,0.496643,0.423157,-0.164001,0.739868,up
419894,7.542969,0.746094,6.171875,1.078125,-0.615234,1.287109,0.481995,0.430054,-0.165649,0.745178,up
419899,7.46875,0.824219,6.09375,1.271484,-0.650391,1.253906,0.477661,0.432434,-0.165466,0.746643,up
419904,7.46875,0.824219,6.132812,1.300781,-0.683594,1.238281,0.477661,0.432434,-0.165466,0.746643,up
419909,7.355469,0.863281,6.09375,1.300781,-0.683594,1.238281,0.46991,0.43689,-0.164978,0.749084,up
419915,7.273437,1.09375,5.710937,1.300781,-0.683594,1.238281,0.466125,0.439148,-0.164795,0.750183,up
419920,7.316406,1.09375,5.519531,1.191406,-0.775391,1.193359,0.466125,0.439148,-0.164795,0.750183,up
419926,7.238281,1.054688,5.328125,1.080078,-0.759766,1.177734,0.466125,0.439148,-0.164795,0.750183,up
419931,7.234375,1.054688,5.441406,1.080078,-0.759766,1.177734,0.45459,0.445984,-0.165039,0.753113,up
419937,7.394531,0.976562,5.441406,0.908203,-0.798828,1.142578,0.45459,0.445984,-0.165039,0.753113,up
419943,7.503906,0.902344,5.480469,0.861328,-0.787109,1.117188,0.45459,0.445984,-0.165039,0.753113,up
419948,7.46875,0.785156,5.480469,0.882812,-0.761719,1.111328,0.45459,0.445984,-0.165039,0.753113,up
419953,7.472656,0.671875,5.480469,0.882812,-0.761719,1.111328,0.440857,0.454041,-0.16687,0.756104,up
419959,7.433594,0.632812,5.480469,0.964844,-0.777344,1.099609,0.433594,0.458313,-0.167419,0.757568,up
419964,7.355469,0.480469,5.441406,0.964844,-0.777344,1.099609,0.430054,0.46051,-0.167542,0.75824,up
419969,7.273437,0.441406,5.480469,0.964844,-0.777344,1.099609,0.426514,0.462646,-0.16748,0.758911,up
419974,7.234375,0.480469,5.480469,1.279297,-0.839844,1.074219,0.426514,0.462646,-0.16748,0.758911,up
419979,7.394531,0.289063,5.441406,1.279297,-0.839844,1.074219,0.418457,0.467896,-0.16687,0.760376,up
419984,7.699219,-0.058594,5.328125,1.279297,-0.839844,1.074219,0.414795,0.470398,-0.16626,0.760925,up
419989,7.964844,-0.324219,5.289062,1.673828,-0.876953,0.976562,0.410461,0.47345,-0.165283,0.761597,up
419994,8.003906,-0.363281,5.25,1.673828,-0.876953,0.976562,0.410461,0.47345,-0.165283,0.761597,up
419999,8.003906,-0.441406,5.136719,1.873047,-0.863281,0.953125,0.406494,0.476257,-0.164062,0.762207,up
420004,7.855469,-0.402344,5.023437,1.873047,-0.863281,0.953125,0.401917,0.479675,-0.162231,0.762939,up
420009,7.855469,-0.402344,5.023437,1.873047,-0.863281,0.953125,0.401917,0.479675,-0.162231,0.762939,up
420014,7.738281,-0.25,4.945312,2.695313,-1.023438,0.96875,0.386597,0.49115,-0.154541,0.765137,up
420019,7.429687,0.171875,4.792969,2.695313,-1.023438,0.96875,0.380981,0.495422,-0.151489,0.765808,up
420024,7.199219,0.441406,4.753906,3.046875,-1.179688,1.039063,0.374329,0.500488,-0.147888,0.766479,up
420029,7.199219,0.519531,4.675781,3.046875,-1.179688,1.039063,0.374329,0.500488,-0.147888,0.766479,up
420034,7.472656,1.015625,4.371094,3.234375,-1.246094,1.085938,0.374329,0.500488,-0.147888,0.766479,up
420040,7.46875,1.476563,4.101562,3.234375,-1.246094,1.085938,0.354553,0.515259,-0.13678,0.768188,up
420045,7.660156,1.550781,3.949219,3.537109,-1.357422,1.242188,0.354553,0.515259,-0.13678,0.768188,up
420050,7.882812,1.515625,3.71875,3.490234,-1.316406,1.283203,0.339661,0.525757,-0.128784,0.769165,up
420057,7.886719,1.78125,3.222656,3.490234,-1.316406,1.283203,0.332336,0.53064,-0.125,0.769653,up
420062,7.886719,1.933594,3.296875,3.289063,-1.226563,1.324219,0.332336,0.53064,-0.125,0.769653,up
420067,7.855469,1.898438,3.453125,3.109375,-1.257813,1.332031,0.332336,0.53064,-0.125,0.769653,up
420073,7.855469,1.898438,3.453125,2.931641,-1.283203,1.3125,0.31073,0.544373,-0.114929,0.77063,up
420078,8.078125,1.324219,3.796875,2.931641,-1.283203,1.3125,0.31073,0.544373,-0.114929,0.77063,up
420083,8.273438,1.015625,3.679688,2.623047,-1.189453,1.193359,0.297485,0.552795,-0.109558,0.770691,up
420088,8.273438,1.015625,3.679688,2.623047,-1.189453,1.193359,0.297485,0.552795,-0.109558,0.770691,up
420093,8.347656,0.746094,3.679688,2.310547,-1.199219,1.111328,0.297485,0.552795,-0.109558,0.770691,up
420098,8.386719,0.632812,3.796875,2.310547,-1.199219,1.111328,0.280029,0.563965,-0.103027,0.77002,up
420104,8.382813,0.632812,3.871094,2.146484,-1.226563,0.980469,0.280029,0.563965,-0.103027,0.77002,up
420109,8.34375,0.671875,4.140625,2.146484,-1.226563,0.980469,0.269348,0.571167,-0.099365,0.768982,up
420114,8.425781,0.671875,4.140625,2.341797,-1.136719,0.914062,0.269348,0.571167,-0.099365,0.768982,up
420119,8.421875,0.976562,3.949219,2.341797,-1.136719,0.914062,0.258728,0.578308,-0.095032,0.767883,up
420125,8.199219,1.246094,3.488281,2.556641,-1.066406,0.875,0.252502,0.582214,-0.092102,0.767334,up
420130,8.273438,1.359375,3.296875,2.556641,-1.066406,0.875,0.242004,0.588623,-0.086731,0.766418,up
420135,8.308594,1.476563,3.375,2.517578,-1.263672,0.857422,0.235596,0.592773,-0.083496,0.765564,up
420141,8.578125,1.628906,3.335938,2.517578,-1.263672,0.857422,0.230774,0.596069,-0.081177,0.764771,up
420147,9.003906,1.742188,3.183594,2.517578,-1.263672,0.857422,0.224854,0.600159,-0.078613,0.76355,up
420152,9.003906,1.742188,3.183594,2.517578,-1.263672,0.857422,0.224854,0.600159,-0.078613,0.76355,up
420157,9.003906,1.742188,3.183594,2.017578,-1.412109,0.890625,0.215393,0.607056,-0.075378,0.761169,up
420162,9.003906,1.742188,3.183594,1.613281,-1.333984,0.867187,0.210876,0.610352,-0.074219,0.759949,up
420167,9.808594,1.667969,2.800781,1.613281,-1.333984,0.867187,0.210876,0.610352,-0.074219,0.759949,up
420172,10.378906,1.628906,2.609375,1.378906,-1.259766,0.837891,0.203064,0.616272,-0.072876,0.757385,up
420178,10.457031,1.324219,2.457031,1.378906,-1.259766,0.837891,0.203064,0.616272,-0.072876,0.757385,up
420183,10.191406,0.976562,2.417969,0.533203,-0.890625,0.6875,0.203064,0.616272,-0.072876,0.757385,up
420188,10.148438,0.710937,2.457031,0.533203,-0.890625,0.6875,0.195312,0.622437,-0.073853,0.754333,up
420194,10.035156,0.480469,2.457031,-0.011719,-0.685547,0.556641,0.195312,0.622437,-0.073853,0.754333,up
420199,9.769531,0.289063,2.609375,-0.011719,-0.685547,0.556641,0.192383,0.625122,-0.075928,0.752625,up
420204,9.648438,0.171875,2.683594,-0.191406,-0.664062,0.533203,0.191345,0.626282,-0.077271,0.75177,up
420209,9.613281,0.136719,2.722656,-0.191406,-0.664062,0.533203,0.19043,0.627441,-0.078857,0.750916,up
420214,9.6875,0.210937,2.683594,-0.199219,-0.669922,0.529297,0.19043,0.627441,-0.078857,0.750916,up
420219,9.6875,0.210937,2.683594,-0.199219,-0.669922,0.529297,0.187988,0.630554,-0.083191,0.748413,up
420224,9.917969,0.59375,2.53125,-0.199219,-0.669922,0.529297,0.187988,0.630554,-0.083191,0.748413,up
420229,10.070313,0.671875,2.417969,0.083984,-0.654297,0.474609,0.187988,0.630554,-0.083191,0.748413,up
420234,10.335938,0.902344,1.957031,0.216797,-0.626953,0.421875,0.187988,0.630554,-0.083191,0.748413,up
420239,10.414063,0.863281,1.917969,0.216797,-0.626953,0.421875,0.184509,0.634033,-0.085449,0.746094,up
420244,10.609375,0.902344,1.84375,0.398438,-0.535156,0.201172,0.184509,0.634033,-0.085449,0.746094,up
420249,10.71875,0.863281,1.878906,0.398438,-0.535156,0.201172,0.182068,0.636414,-0.08551,0.744629,up
420254,10.679688,0.785156,1.804688,0.398438,-0.535156,0.201172,0.18103,0.637512,-0.085327,0.744019,up
420259,10.648438,0.710937,1.917969,0.398438,-0.535156,0.201172,0.180237,0.638428,-0.085022,0.743469,up
420264,10.574219,0.59375,1.84375,0.154297,-0.257813,-0.042969,0.180237,0.638428,-0.085022,0.743469,up
420269,10.648438,0.59375,1.84375,0.154297,-0.257813,-0.042969,0.17926,0.639954,-0.084351,0.742432,up
420274,10.417969,0.671875,1.84375,0.154297,-0.257813,-0.042969,0.179199,0.640381,-0.084229,0.742065,up
420279,10.300781,0.710937,1.957031,-0.154297,-0.099609,-0.158203,0.179443,0.640686,-0.084229,0.741821,up
420284,10.300781,0.710937,1.957031,-0.154297,-0.099609,-0.158203,0.179932,0.640869,-0.084351,0.741455,up
420289,10.257813,0.785156,1.957031,-0.130859,-0.033203,-0.224609,0.180542,0.640991,-0.084412,0.741211,up
420295,10.070313,1.015625,1.84375,-0.130859,-0.033203,-0.224609,0.181763,0.641052,-0.084229,0.740845,up
420300,10.03125,1.054688,1.765625,0.027344,-0.023437,-0.300781,0.182373,0.641174,-0.083801,0.740662,up
420305,9.878906,1.128906,1.804688,0.027344,-0.023437,-0.300781,0.182922,0.641296,-0.083191,0.740479,up
420310,9.804688,1.128906,1.84375,0.027344,-0.023437,-0.300781,0.183289,0.641479,-0.08252,0.740295,up
420315,9.765625,1.128906,1.917969,0.226562,-0.083984,-0.371094,0.183289,0.641479,-0.08252,0.740295,up
420320,9.765625,1.285156,1.917969,0.226562,-0.083984,-0.371094,0.184021,0.642151,-0.080566,0.739746,up
420325,9.808594,1.4375,1.765625,0.226562,-0.083984,-0.371094,0.184326,0.642578,-0.07959,0.739441,up
420330,9.804688,1.515625,1.765625,0.226562,-0.083984,-0.371094,0.184631,0.643005,-0.078857,0.739075,up
420335,9.878906,1.589844,1.765625,0.09375,-0.179687,-0.324219,0.184631,0.643005,-0.078857,0.739075,up
420340,9.957031,1.667969,1.804688,0.09375,-0.179687,-0.324219,0.185547,0.64386,-0.077637,0.73822,up
420346,10.109375,1.707031,1.652344,0.09375,-0.179687,-0.324219,0.186096,0.644165,-0.077332,0.737854,up
420351,10.109375,1.707031,1.652344,-0.130859,-0.132812,-0.267578,0.186829,0.64447,-0.077148,0.737427,up
420357,9.996094,1.742188,1.613281,-0.130859,-0.132812,-0.267578,0.1875,0.644653,-0.077087,0.737122,up
420363,9.992188,1.707031,1.652344,-0.21875,-0.089844,-0.242187,0.1875,0.644653,-0.077087,0.737122,up
420368,9.914063,1.667969,1.6875,-0.21875,-0.089844,-0.242187,0.1875,0.644653,-0.077087,0.737122,up
420373,9.875,1.628906,1.652344,-0.255859,-0.044922,-0.214844,0.1875,0.644653,-0.077087,0.737122,up
420378,9.847656,1.628906,1.6875,-0.267578,-0.029297,-0.208984,0.1875,0.644653,-0.077087,0.737122,up
420383,9.847656,1.667969,1.652344,-0.269531,-0.023437,-0.201172,0.1875,0.644653,-0.077087,0.737122,up
420388,9.804688,1.628906,1.652344,-0.259766,0.0,-0.203125,0.1875,0.644653,-0.077087,0.737122,up
420393,9.808594,1.667969,1.574219,-0.248047,0.017578,-0.21875,0.1875,0.644653,-0.077087,0.737122,up
420398,9.769531,1.628906,1.574219,-0.248047,0.033203,-0.226562,0.1875,0.644653,-0.077087,0.737122,up
420403,9.570313,1.515625,1.726563,-0.248047,0.033203,-0.226562,0.1875,0.644653,-0.077087,0.737122,up
420408,9.421875,1.398438,1.765625,-0.248047,0.033203,-0.226562,0.195923,0.644226,-0.07843,0.735168,up
420413,9.230469,1.398438,1.765625,-0.216797,0.015625,-0.238281,0.195923,0.644226,-0.07843,0.735168,up
420419,9.1875,1.667969,1.804688,-0.158203,-0.044922,-0.230469,0.19812,0.644226,-0.078369,0.734558,up
420424,9.382813,1.742188,1.84375,-0.158203,-0.044922,-0.230469,0.19812,0.644226,-0.078369,0.734558,up
420429,9.574219,1.898438,1.765625,0.023437,-0.207031,-0.193359,0.19812,0.644226,-0.078369,0.734558,up
420434,9.765625,2.089844,1.613281,0.023437,-0.207031,-0.193359,0.198975,0.644958,-0.078064,0.733704,up
420439,9.847656,2.089844,1.496094,0.023437,-0.207031,-0.193359,0.19928,0.645386,-0.07782,0.733276,up
420445,9.914063,2.164063,1.421875,0.150391,-0.195312,-0.210937,0.19928,0.645386,-0.07782,0.733276,up
420450,9.953125,2.125,1.421875,0.150391,-0.195312,-0.210937,0.199768,0.64679,-0.076477,0.732056,up
420455,9.996094,2.164063,1.382813,0.150391,-0.195312,-0.210937,0.199951,0.647095,-0.075928,0.73175,up
420460,9.957031,2.164063,1.34375,0.082031,-0.078125,-0.210937,0.199951,0.647095,-0.075928,0.73175,up
420465,9.914063,2.203125,1.304688,0.082031,-0.078125,-0.210937,0.2005,0.647583,-0.075073,0.731323,up
420470,9.953125,2.203125,1.304688,0.082031,-0.078125,-0.210937,0.2005,0.647583,-0.075073,0.731323,up
420475,9.953125,2.164063,1.304688,-0.125,0.056641,-0.179687,0.200928,0.647644,-0.07489,0.731201,up
420480,9.957031,2.125,1.34375,-0.125,0.056641,-0.179687,0.202087,0.6474,-0.074707,0.731079,up
420485,9.878906,2.125,1.460938,-0.125,0.056641,-0.179687,0.202087,0.6474,-0.074707,0.731079,up
420490,9.878906,2.125,1.460938,-0.21875,0.140625,-0.179687,0.203491,0.646851,-0.074829,0.731201,up
420495,9.84375,2.050781,1.460938,-0.21875,0.140625,-0.179687,0.203491,0.646851,-0.074829,0.731201,up
420500,9.652344,1.933594,1.460938,-0.189453,0.158203,-0.1875,0.203491,0.646851,-0.074829,0.731201,up
420506,9.34375,1.78125,1.613281,-0.189453,0.158203,-0.1875,0.205627,0.645752,-0.074829,0.731506,up
420511,9.304688,1.820313,1.6875,-0.189453,0.158203,-0.1875,0.206177,0.645569,-0.074768,0.731567,up
420517,9.382813,1.859375,1.6875,-0.023437,0.019531,-0.132812,0.206543,0.645447,-0.074646,0.731506,up
420522,9.496094,1.933594,1.652344,0.027344,-0.027344,-0.113281,0.206543,0.645447,-0.074646,0.731506,up
420527,9.6875,2.011719,1.574219,0.027344,-0.027344,-0.113281,0.20697,0.645569,-0.07428,0.731323,up
420532,9.769531,2.050781,1.535156,0.064453,-0.044922,-0.0625,0.207031,0.645691,-0.074097,0.731262,up
420537,9.875,2.011719,1.535156,0.082031,-0.042969,-0.056641,0.207031,0.645691,-0.074097,0.731262,up
420542,9.996094,2.050781,1.535156,0.082031,-0.042969,-0.056641,0.207092,0.645935,-0.07373,0.731079,up
420547,9.996094,1.933594,1.535156,0.082031,-0.042969,-0.056641,0.207092,0.645935,-0.07373,0.731079,up
420552,9.996094,1.859375,1.535156,0.027344,0.035156,-0.068359,0.207092,0.645935,-0.07373,0.731079,up
420557,10.03125,1.78125,1.574219,-0.025391,0.064453,-0.064453,0.207092,0.645935,-0.07373,0.731079,up
420563,10.070313,1.742188,1.613281,-0.025391,0.064453,-0.064453,0.207642,0.645691,-0.073242,0.73114,up
420568,10.035156,1.707031,1.574219,-0.144531,0.144531,-0.064453,0.207642,0.645691,-0.073242,0.73114,up
420574,10.03125,1.742188,1.574219,-0.195312,0.185547,-0.058594,0.207642,0.645691,-0.073242,0.73114,up
420579,10.035156,1.742188,1.6875,-0.226562,0.203125,-0.066406,0.207642,0.645691,-0.073242,0.73114,up
420584,9.957031,1.742188,1.6875,-0.226562,0.203125,-0.066406,0.209473,0.644043,-0.073914,0.731995,up
420590,9.769531,1.707031,1.765625,-0.240234,0.259766,-0.074219,0.209473,0.644043,-0.073914,0.731995,up
420595,9.574219,1.628906,1.957031,-0.232422,0.267578,-0.070312,0.209473,0.644043,-0.073914,0.731995,up
420600,9.574219,1.628906,1.957031,-0.232422,0.267578,-0.070312,0.211853,0.641663,-0.074707,0.733337,up
420605,9.421875,1.515625,2.109375,-0.232422,0.267578,-0.070312,0.211853,0.641663,-0.074707,0.733337,up
420610,9.425781,1.476563,2.148438,-0.210937,0.230469,-0.058594,0.211853,0.641663,-0.074707,0.733337,up
420615,9.464844,1.515625,2.300781,-0.201172,0.177734,-0.050781,0.211853,0.641663,-0.074707,0.733337,up
420620,9.535156,1.515625,2.339844,-0.1875,0.123047,-0.058594,0.213379,0.640198,-0.075317,0.734131,up
420625,9.570313,1.515625,2.339844,-0.1875,0.123047,-0.058594,0.213867,0.639832,-0.075562,0.734314,up
420630,9.652344,1.476563,2.265625,-0.1875,0.123047,-0.058594,0.214355,0.639526,-0.075745,0.734375,up
420635,9.726563,1.476563,2.265625,-0.15625,0.087891,-0.080078,0.214355,0.639526,-0.075745,0.734375,up
420640,9.808594,1.515625,2.226563,-0.117188,0.056641,-0.115234,0.21521,0.639099,-0.075989,0.734497,up
420645,9.765625,1.589844,2.226563,-0.117188,0.056641,-0.115234,0.215698,0.638916,-0.07605,0.734497,up
420650,9.847656,1.589844,2.1875,-0.078125,0.068359,-0.160156,0.216125,0.638733,-0.07605,0.734497,up
420656,9.804688,1.628906,2.1875,-0.078125,0.068359,-0.160156,0.217041,0.638489,-0.075867,0.734497,up
420661,9.730469,1.667969,2.1875,-0.064453,0.107422,-0.189453,0.217529,0.638245,-0.075623,0.734558,up
420666,9.652344,1.707031,2.148438,-0.066406,0.119141,-0.201172,0.218079,0.638062,-0.075378,0.734619,up
420672,9.570313,1.667969,2.148438,-0.066406,0.119141,-0.201172,0.218567,0.637878,-0.075195,0.73468,up
420677,9.535156,1.742188,2.226563,-0.066406,0.119141,-0.201172,0.219055,0.637695,-0.074951,0.73468,up
420684,9.464844,1.78125,2.109375,-0.046875,0.089844,-0.210937,0.219055,0.637695,-0.074951,0.73468,up
420690,9.53125,1.859375,2.109375,-0.029297,0.046875,-0.205078,0.219055,0.637695,-0.074951,0.73468,up
420695,9.609375,1.933594,2.148438,-0.029297,0.046875,-0.205078,0.22052,0.637329,-0.074158,0.734619,up
420700,9.609375,1.933594,2.109375,-0.015625,0.054687,-0.195312,0.221436,0.637146,-0.073547,0.734558,up
420705,9.609375,1.972656,2.070313,-0.015625,0.054687,-0.195312,0.221436,0.637146,-0.073547,0.734558,up
420710,9.652344,2.011719,2.109375,-0.015625,0.054687,-0.195312,0.221802,0.637024,-0.073242,0.734558,up
420715,9.613281,2.050781,2.070313,-0.001953,0.082031,-0.183594,0.221802,0.637024,-0.073242,0.734558,up
420720,9.574219,2.089844,2.070313,-0.001953,0.082031,-0.183594,0.222595,0.636841,-0.072632,0.734619,up
420725,9.574219,2.089844,2.070313,-0.054687,0.091797,-0.169922,0.223022,0.636658,-0.072266,0.734619,up
420730,9.496094,2.125,2.070313,-0.054687,0.091797,-0.169922,0.223389,0.636536,-0.072083,0.73468,up
420735,9.492188,2.125,2.148438,-0.09375,0.095703,-0.164062,0.223389,0.636536,-0.072083,0.73468,up
420740,9.496094,2.011719,2.109375,-0.142578,0.115234,-0.167969,0.223389,0.636536,-0.072083,0.73468,up
420745,9.535156,1.972656,2.148438,-0.142578,0.115234,-0.167969,0.225037,0.635803,-0.071838,0.734802,up
420750,9.53125,1.933594,2.109375,-0.142578,0.115234,-0.167969,0.225708,0.635437,-0.071838,0.734863,up
420756,9.570313,1.820313,2.109375,-0.228516,0.179687,-0.171875,0.225708,0.635437,-0.071838,0.734863,up
420761,9.570313,1.820313,2.109375,-0.224609,0.191406,-0.169922,0.227783,0.634277,-0.072083,0.735229,up
420766,9.730469,1.742188,2.109375,-0.224609,0.191406,-0.169922,0.228516,0.63385,-0.072083,0.735413,up
420771,9.765625,1.742188,2.148438,-0.208984,0.253906,-0.185547,0.229309,0.633301,-0.072083,0.735657,up
420776,9.730469,1.820313,2.1875,-0.208984,0.253906,-0.185547,0.230103,0.632629,-0.072021,0.735962,up
420781,9.691406,1.820313,2.1875,-0.208984,0.253906,-0.185547,0.230774,0.63208,-0.071899,0.736267,up
420786,9.570313,1.898438,2.1875,-0.132812,0.300781,-0.216797,0.231567,0.631409,-0.071655,0.736572,up
420792,9.382813,1.898438,2.339844,-0.132812,0.300781,-0.216797,0.232178,0.63092,-0.071411,0.736877,up
420797,9.386719,1.820313,2.417969,-0.132812,0.300781,-0.216797,0.232849,0.630432,-0.071167,0.737122,up
420803,9.1875,1.707031,2.683594,-0.132812,0.300781,-0.216797,0.233521,0.630005,-0.070862,0.737244,up
420809,9.226563,1.742188,2.722656,-0.091797,0.115234,-0.224609,0.233521,0.630005,-0.070862,0.737244,up
420814,9.226563,1.742188,2.722656,-0.09375,0.078125,-0.205078,0.234741,0.629517,-0.070435,0.737305,up
420819,9.308594,1.820313,2.609375,-0.09375,0.078125,-0.205078,0.234741,0.629517,-0.070435,0.737305,up
420825,9.460938,1.859375,2.457031,-0.09375,0.007813,-0.150391,0.235718,0.629272,-0.070129,0.737244,up
420830,9.460938,1.859375,2.457031,-0.089844,-0.033203,-0.126953,0.236145,0.629272,-0.070129,0.737122,up
420835,9.808594,2.203125,2.1875,-0.089844,-0.033203,-0.126953,0.236511,0.629333,-0.070068,0.736938,up
420840,9.957031,2.203125,2.035156,-0.089844,-0.033203,-0.126953,0.236755,0.629395,-0.070007,0.736816,up
420846,10.070313,2.242188,1.84375,0.011719,0.074219,-0.136719,0.236755,0.629395,-0.070007,0.736816,up
420851,10.109375,2.203125,1.804688,0.011719,0.074219,-0.136719,0.23761,0.62915,-0.069275,0.736816,up
420857,10.148438,2.089844,1.996094,0.011719,0.074219,-0.136719,0.237976,0.628967,-0.06897,0.736877,up
420862,10.113281,2.050781,2.035156,-0.009766,0.21875,-0.226562,0.238464,0.628601,-0.068542,0.737061,up
420868,10.074219,2.089844,2.035156,-0.035156,0.261719,-0.253906,0.238464,0.628601,-0.068542,0.737061,up
420873,9.953125,2.203125,2.109375,-0.035156,0.261719,-0.253906,0.239624,0.627686,-0.067627,0.737549,up
420879,9.917969,2.203125,2.226563,-0.068359,0.296875,-0.308594,0.239624,0.627686,-0.067627,0.737549,up
420884,9.875,2.164063,2.300781,-0.070312,0.302734,-0.324219,0.239624,0.627686,-0.067627,0.737549,up
420889,9.808594,2.203125,2.339844,-0.070312,0.302734,-0.324219,0.239624,0.627686,-0.067627,0.737549,up
420894,9.765625,2.203125,2.300781,-0.013672,0.306641,-0.353516,0.239624,0.627686,-0.067627,0.737549,up
420899,9.6875,2.203125,2.226563,0.027344,0.294922,-0.369141,0.239624,0.627686,-0.067627,0.737549,up
420904,9.652344,2.203125,2.226563,0.076172,0.277344,-0.384766,0.239624,0.627686,-0.067627,0.737549,up
420909,9.613281,2.316406,2.265625,0.126953,0.253906,-0.392578,0.239624,0.627686,-0.067627,0.737549,up
420914,9.53125,2.355469,2.339844,0.15625,0.236328,-0.390625,0.239624,0.627686,-0.067627,0.737549,up
420919,9.53125,2.355469,2.417969,0.175781,0.183594,-0.394531,0.239624,0.627686,-0.067627,0.737549,up
420925,9.304688,2.433594,2.492188,0.199219,0.154297,-0.375,0.246765,0.623413,-0.058777,0.739624,up
420930,9.230469,2.394531,2.53125,0.199219,0.154297,-0.375,0.246765,0.623413,-0.058777,0.739624,up
420935,9.152344,2.472656,2.609375,0.210937,0.099609,-0.3125,0.246765,0.623413,-0.058777,0.739624,up
420940,9.1875,2.511719,2.683594,0.205078,0.068359,-0.265625,0.246765,0.623413,-0.058777,0.739624,up
420945,9.191406,2.625,2.648438,0.205078,0.068359,-0.265625,0.247498,0.623474,-0.056213,0.739502,up
420951,9.1875,2.816406,2.609375,0.152344,0.03125,-0.193359,0.247498,0.623474,-0.056213,0.739502,up
420956,9.265625,2.894531,2.609375,0.119141,0.021484,-0.152344,0.247498,0.623474,-0.056213,0.739502,up
420962,9.386719,2.855469,2.417969,0.119141,0.021484,-0.152344,0.248047,0.623596,-0.054321,0.739319,up
420967,9.386719,2.855469,2.339844,0.021484,0.021484,-0.064453,0.248047,0.623596,-0.054321,0.739319,up
420972,9.421875,2.816406,2.339844,-0.003906,0.003906,-0.046875,0.248291,0.623535,-0.054077,0.739319,up
420979,9.460938,2.738281,2.339844,-0.003906,0.003906,-0.046875,0.248413,0.623535,-0.054077,0.739258,up
420984,9.460938,2.664063,2.339844,-0.048828,-0.015625,-0.023437,0.248413,0.623535,-0.054077,0.739258,up
420989,9.464844,2.585938,2.300781,-0.054687,-0.011719,-0.017578,0.248413,0.623535,-0.054077,0.739258,up
420994,9.421875,2.546875,2.339844,-0.070312,-0.001953,-0.011719,0.248413,0.623535,-0.054077,0.739258,up
420999,9.386719,2.472656,2.417969,-0.070312,-0.001953,-0.011719,0.248413,0.623535,-0.054077,0.739258,up
421005,9.308594,2.394531,2.417969,-0.070312,-0.001953,-0.011719,0.249268,0.623413,-0.054626,0.739075,up
421011,9.269531,2.394531,2.417969,-0.177734,0.037109,-0.037109,0.249268,0.623413,-0.054626,0.739075,up
421016,9.226563,2.28125,2.339844,-0.177734,0.037109,-0.037109,0.250244,0.622986,-0.055359,0.739075,up
421021,9.191406,2.316406,2.339844,-0.177734,0.037109,-0.037109,0.250244,0.622986,-0.055359,0.739075,up
421026,9.152344,2.28125,2.339844,-0.236328,0.017578,-0.091797,0.250244,0.622986,-0.055359,0.739075,up
421031,9.152344,2.242188,2.339844,-0.236328,0.017578,-0.091797,0.251892,0.622375,-0.056274,0.738892,up
421036,9.152344,2.203125,2.339844,-0.236328,0.017578,-0.091797,0.252502,0.622253,-0.056519,0.738831,up
421041,9.308594,2.203125,2.339844,-0.236328,0.017578,-0.091797,0.252502,0.622253,-0.056519,0.738831,up
421046,9.382813,2.203125,2.378906,-0.179687,0.009766,-0.1875,0.252502,0.622253,-0.056519,0.738831,up
421051,9.460938,2.203125,2.378906,-0.179687,0.009766,-0.1875,0.254517,0.621826,-0.056824,0.738464,up
421056,9.496094,2.242188,2.378906,-0.179687,0.009766,-0.1875,0.254517,0.621826,-0.056824,0.738464,up
421061,9.496094,2.242188,2.339844,-0.082031,0.044922,-0.21875,0.255676,0.621582,-0.056396,0.738281,up
421066,9.53125,2.433594,2.300781,-0.082031,0.044922,-0.21875,0.255676,0.621582,-0.056396,0.738281,up
421071,9.570313,2.511719,2.300781,0.019531,0.089844,-0.242187,0.256165,0.621521,-0.05603,0.73822,up
421076,9.574219,2.546875,2.339844,0.019531,0.089844,-0.242187,0.257019,0.621277,-0.055176,0.738159,up
421081,9.570313,2.585938,2.339844,0.019531,0.089844,-0.242187,0.257019,0.621277,-0.055176,0.738159,up
421086,9.496094,2.585938,2.457031,0.035156,0.101563,-0.240234,0.257019,0.621277,-0.055176,0.738159,up
421091,9.421875,2.546875,2.457031,0.035156,0.101563,-0.240234,0.257935,0.620972,-0.054199,0.738159,up
421096,9.347656,2.472656,2.457031,-0.054687,0.126953,-0.242187,0.257935,0.620972,-0.054199,0.738159,up
421101,9.34375,2.355469,2.492188,-0.054687,0.126953,-0.242187,0.258972,0.620544,-0.053345,0.73822,up
421106,9.34375,2.355469,2.492188,-0.054687,0.126953,-0.242187,0.260254,0.619995,-0.052856,0.738281,up
421111,9.304688,2.316406,2.417969,-0.054687,0.126953,-0.242187,0.260254,0.619995,-0.052856,0.738281,up
421116,9.347656,2.355469,2.457031,-0.199219,0.130859,-0.212891,0.260254,0.619995,-0.052856,0.738281,up
421121,9.347656,2.472656,2.417969,-0.199219,0.130859,-0.212891,0.261719,0.619324,-0.052673,0.738342,up
421126,9.386719,2.472656,2.457031,-0.162109,0.150391,-0.212891,0.262451,0.618958,-0.052673,0.738403,up
421131,9.347656,2.546875,2.378906,-0.162109,0.150391,-0.212891,0.263184,0.618591,-0.052551,0.738464,up
421137,9.34375,2.664063,2.417969,-0.111328,0.152344,-0.201172,0.263184,0.618591,-0.052551,0.738464,up
421143,9.269531,2.777344,2.457031,-0.111328,0.152344,-0.201172,0.264832,0.617676,-0.051819,0.738708,up
421149,9.230469,2.855469,2.417969,0.060547,0.140625,-0.216797,0.264832,0.617676,-0.051819,0.738708,up
421155,9.148438,2.855469,2.417969,0.076172,0.140625,-0.212891,0.265564,0.617249,-0.050781,0.738892,up
421160,9.113281,2.929688,2.53125,0.076172,0.140625,-0.212891,0.265564,0.617249,-0.050781,0.738892,up
421166,9.152344,2.929688,2.53125,0.082031,0.078125,-0.216797,0.265564,0.617249,-0.050781,0.738892,up
421171,9.1875,2.929688,2.53125,0.011719,0.021484,-0.21875,0.265564,0.617249,-0.050781,0.738892,up
421177,9.269531,2.929688,2.53125,0.011719,0.021484,-0.21875,0.267334,0.616882,-0.048523,0.738708,up
421182,9.269531,2.96875,2.570313,-0.076172,0.009766,-0.207031,0.267883,0.616821,-0.048218,0.738525,up
421187,9.269531,2.96875,2.570313,-0.142578,0.011719,-0.205078,0.268494,0.61676,-0.048157,0.738403,up
421193,9.386719,2.929688,2.570313,-0.142578,0.011719,-0.205078,0.269043,0.616638,-0.048157,0.738281,up
421198,9.464844,2.777344,2.609375,-0.142578,0.011719,-0.205078,0.269775,0.616394,-0.048218,0.738159,up
421203,9.464844,2.777344,2.648438,-0.236328,0.082031,-0.197266,0.269775,0.616394,-0.048218,0.738159,up
421208,9.421875,2.777344,2.609375,-0.242187,0.111328,-0.195312,0.269775,0.616394,-0.048218,0.738159,up
421213,9.464844,2.738281,2.683594,-0.242187,0.111328,-0.195312,0.272095,0.615479,-0.048462,0.738159,up
421218,9.425781,2.777344,2.761719,-0.242187,0.111328,-0.195312,0.272095,0.615479,-0.048462,0.738159,up
421224,9.425781,2.777344,2.761719,-0.166016,0.167969,-0.226562,0.272095,0.615479,-0.048462,0.738159,up
421229,9.425781,2.855469,2.800781,-0.107422,0.1875,-0.240234,0.272095,0.615479,-0.048462,0.738159,up
421234,9.425781,2.929688,2.800781,-0.042969,0.203125,-0.253906,0.274902,0.613831,-0.047791,0.738464,up
421239,9.347656,3.046875,2.761719,-0.042969,0.203125,-0.253906,0.274902,0.613831,-0.047791,0.738464,up
421245,9.304688,3.121094,2.800781,0.048828,0.222656,-0.267578,0.274902,0.613831,-0.047791,0.738464,up
421250,9.269531,3.160156,2.761719,0.064453,0.230469,-0.273438,0.274902,0.613831,-0.047791,0.738464,up
421256,9.226563,3.199219,2.800781,0.080078,0.220703,-0.28125,0.274902,0.613831,-0.047791,0.738464,up
421261,9.1875,3.238281,2.761719,0.019531,0.203125,-0.277344,0.274902,0.613831,-0.047791,0.738464,up
421266,9.039063,3.277344,2.761719,0.019531,0.203125,-0.277344,0.277832,0.611755,-0.044006,0.739319,up
421271,9.039063,3.277344,2.761719,-0.070312,0.150391,-0.275391,0.278442,0.611389,-0.043457,0.739441,up
421276,9.039063,3.238281,2.761719,-0.070312,0.150391,-0.275391,0.279053,0.611084,-0.042969,0.739502,up
421281,9.0,3.160156,2.761719,-0.164062,0.109375,-0.257813,0.279724,0.610779,-0.042664,0.739502,up
421286,9.042969,3.160156,2.800781,-0.164062,0.109375,-0.257813,0.280518,0.610474,-0.04248,0.739502,up
421292,9.0,3.121094,2.839844,-0.191406,0.097656,-0.251953,0.280518,0.610474,-0.04248,0.739502,up
421297,9.039063,3.046875,2.875,-0.1875,0.072266,-0.222656,0.280518,0.610474,-0.04248,0.739502,up
421303,9.074219,2.96875,2.875,-0.1875,0.072266,-0.222656,0.28363,0.609375,-0.042175,0.739197,up
421308,9.148438,2.96875,2.800781,-0.1875,0.072266,-0.222656,0.284241,0.609192,-0.042114,0.739136,up
421314,9.230469,3.007813,2.800781,-0.105469,0.035156,-0.210937,0.284851,0.609009,-0.041992,0.739075,up
421319,9.382813,3.085938,2.761719,-0.074219,0.023437,-0.21875,0.284851,0.609009,-0.041992,0.739075,up
421324,9.382813,3.085938,2.761719,-0.058594,0.027344,-0.222656,0.284851,0.609009,-0.041992,0.739075,up
421329,9.382813,3.121094,2.761719,-0.025391,0.029297,-0.220703,0.284851,0.609009,-0.041992,0.739075,up
421336,9.382813,3.085938,2.761719,-0.011719,0.033203,-0.246094,0.284851,0.609009,-0.041992,0.739075,up
421342,9.382813,3.046875,2.800781,-0.001953,0.03125,-0.253906,0.288025,0.608643,-0.040222,0.738281,up
421347,9.382813,2.96875,2.839844,-0.001953,0.03125,-0.253906,0.288025,0.608643,-0.040222,0.738281,up
421352,9.269531,2.96875,2.839844,-0.064453,0.066406,-0.283203,0.288025,0.608643,-0.040222,0.738281,up
421357,9.1875,2.929688,2.875,-0.064453,0.066406,-0.283203,0.289856,0.608276,-0.039124,0.737915,up
421362,9.039063,2.96875,2.839844,-0.064453,0.066406,-0.283203,0.290649,0.608032,-0.038818,0.737732,up
421367,8.960938,2.96875,2.839844,-0.064453,0.066406,-0.283203,0.291321,0.607849,-0.038635,0.73761,up
421372,8.925781,3.007813,2.839844,-0.064453,0.066406,-0.283203,0.291321,0.607849,-0.038635,0.73761,up
421377,9.003906,3.085938,2.914063,-0.154297,0.013672,-0.283203,0.292908,0.607605,-0.03833,0.737244,up
421382,9.042969,3.121094,2.992188,-0.136719,0.001953,-0.285156,0.292908,0.607605,-0.03833,0.737244,up
421387,9.042969,3.121094,2.953125,-0.136719,0.001953,-0.285156,0.294434,0.607483,-0.037964,0.736816,up
421392,9.042969,3.121094,2.875,-0.136719,0.001953,-0.285156,0.294434,0.607483,-0.037964,0.736816,up
421397,9.042969,3.121094,2.875,-0.058594,-0.021484,-0.310547,0.295105,0.607422,-0.03772,0.736572,up
421402,9.074219,3.085938,2.800781,-0.058594,-0.021484,-0.310547,0.29657,0.607422,-0.037048,0.736023,up
421407,9.074219,3.121094,2.875,-0.058594,-0.021484,-0.310547,0.29657,0.607422,-0.037048,0.736023,up
421412,9.074219,3.121094,2.875,-0.058594,-0.005859,-0.326172,0.297913,0.607483,-0.036316,0.735474,up
421417,9.070313,3.199219,2.875,-0.058594,-0.005859,-0.326172,0.298645,0.607422,-0.03595,0.735229,up
421422,9.109375,3.238281,2.914063,-0.058594,-0.005859,-0.326172,0.298645,0.607422,-0.03595,0.735229,up
421427,9.042969,3.351563,2.914063,-0.111328,0.048828,-0.337891,0.298645,0.607422,-0.03595,0.735229,up
421433,9.042969,3.351563,2.914063,-0.185547,0.107422,-0.359375,0.301208,0.606873,-0.034973,0.73468,up
421438,8.84375,3.390625,2.914063,-0.212891,0.119141,-0.361328,0.302307,0.606506,-0.034729,0.734558,up
421444,8.730469,3.351563,2.953125,-0.212891,0.119141,-0.361328,0.303223,0.606201,-0.034546,0.734436,up
421449,8.804688,3.429688,3.105469,-0.212891,0.119141,-0.361328,0.304321,0.605896,-0.034363,0.734253,up
421455,8.804688,3.429688,3.105469,-0.251953,0.052734,-0.371094,0.304321,0.605896,-0.034363,0.734253,up
421460,8.808594,3.46875,3.105469,-0.261719,0.056641,-0.365234,0.304321,0.605896,-0.034363,0.734253,up
421465,8.886719,3.46875,3.144531,-0.251953,0.064453,-0.371094,0.304321,0.605896,-0.034363,0.734253,up
421470,8.886719,3.507813,3.144531,-0.251953,0.064453,-0.371094,0.304321,0.605896,-0.034363,0.734253,up
421475,8.847656,3.507813,3.183594,-0.214844,0.066406,-0.367188,0.304321,0.605896,-0.034363,0.734253,up
421480,8.847656,3.507813,3.183594,-0.214844,0.078125,-0.365234,0.304321,0.605896,-0.034363,0.734253,up
421485,8.769531,3.507813,3.222656,-0.214844,0.078125,-0.365234,0.311768,0.603943,-0.033264,0.732788,up
421490,8.804688,3.507813,3.257813,-0.232422,0.074219,-0.361328,0.311768,0.603943,-0.033264,0.732788,up
421495,8.804688,3.46875,3.257813,-0.248047,0.056641,-0.361328,0.311768,0.603943,-0.033264,0.732788,up
421501,8.84375,3.507813,3.296875,-0.25,0.039063,-0.363281,0.311768,0.603943,-0.033264,0.732788,up
421507,8.847656,3.542969,3.375,-0.265625,0.017578,-0.373047,0.311768,0.603943,-0.033264,0.732788,up
421512,8.847656,3.582031,3.414063,-0.253906,0.009766,-0.384766,0.317139,0.6026,-0.032593,0.731567,up
421517,8.847656,3.582031,3.414063,-0.244141,0.001953,-0.390625,0.318237,0.602417,-0.032532,0.731323,up
421522,8.730469,3.621094,3.257813,-0.244141,0.001953,-0.390625,0.319336,0.602234,-0.03241,0.730957,up
421527,8.730469,3.621094,3.257813,-0.244141,0.001953,-0.390625,0.319336,0.602234,-0.03241,0.730957,up
421532,8.691406,3.660156,3.183594,-0.201172,-0.033203,-0.400391,0.319336,0.602234,-0.03241,0.730957,up
421537,8.691406,3.660156,3.183594,-0.191406,-0.052734,-0.410156,0.32251,0.601868,-0.031799,0.729858,up
421542,8.808594,3.773438,3.144531,-0.191406,-0.052734,-0.410156,0.323547,0.601868,-0.031616,0.729431,up
421547,8.808594,3.8125,3.105469,-0.162109,-0.066406,-0.390625,0.323547,0.601868,-0.031616,0.729431,up
421552,8.847656,3.851563,3.03125,-0.162109,-0.066406,-0.390625,0.326538,0.601929,-0.030945,0.728088,up
421557,8.808594,3.890625,2.953125,-0.162109,-0.066406,-0.390625,0.327454,0.601868,-0.030762,0.727722,up
421562,8.808594,3.890625,2.914063,-0.162109,-0.066406,-0.390625,0.327454,0.601868,-0.030762,0.727722,up
421567,8.84375,3.925781,2.914063,-0.193359,-0.058594,-0.335938,0.327454,0.601868,-0.030762,0.727722,up
421572,8.808594,3.925781,2.875,-0.193359,-0.058594,-0.335938,0.329285,0.601807,-0.030457,0.726929,up
421577,8.765625,3.964844,2.914063,-0.199219,-0.058594,-0.330078,0.331116,0.601746,-0.030334,0.726196,up
421582,8.765625,4.003906,2.914063,-0.199219,-0.058594,-0.330078,0.331116,0.601746,-0.030334,0.726196,up
421587,8.804688,4.003906,2.953125,-0.1875,-0.076172,-0.294922,0.331116,0.601746,-0.030334,0.726196,up
421592,8.847656,4.003906,2.953125,-0.1875,-0.076172,-0.294922,0.333679,0.601685,-0.030212,0.725037,up
421597,8.847656,4.042969,2.914063,-0.1875,-0.076172,-0.294922,0.334473,0.601685,-0.030151,0.72467,up
421602,8.886719,4.082031,2.875,-0.1875,-0.076172,-0.294922,0.334473,0.601685,-0.030151,0.72467,up
421607,8.964844,4.082031,2.875,-0.154297,-0.074219,-0.253906,0.334473,0.601685,-0.030151,0.72467,up
421612,8.960938,4.117187,2.800781,-0.154297,-0.074219,-0.253906,0.335938,0.601746,-0.03009,0.723999,up
421618,9.003906,4.082031,2.800781,-0.166016,-0.066406,-0.244141,0.337341,0.601746,-0.030029,0.723328,up
421623,8.921875,4.117187,2.761719,-0.183594,-0.050781,-0.224609,0.338074,0.601685,-0.03009,0.723022,up
421629,8.925781,4.117187,2.800781,-0.183594,-0.050781,-0.224609,0.338745,0.601624,-0.030151,0.722778,up
421634,8.882813,4.082031,2.761719,-0.203125,-0.060547,-0.205078,0.339478,0.601562,-0.030212,0.722473,up
421641,8.921875,4.117187,2.839844,-0.214844,-0.056641,-0.201172,0.339478,0.601562,-0.030212,0.722473,up
421647,8.964844,4.003906,2.875,-0.220703,-0.060547,-0.185547,0.339478,0.601562,-0.030212,0.722473,up
421652,9.003906,4.042969,2.875,-0.212891,-0.050781,-0.185547,0.339478,0.601562,-0.030212,0.722473,up
421657,8.964844,4.003906,2.875,-0.193359,-0.037109,-0.179687,0.339478,0.601562,-0.030212,0.722473,up
421662,8.921875,4.003906,2.992188,-0.164062,-0.037109,-0.175781,0.339478,0.601562,-0.030212,0.722473,up
421667,8.921875,3.964844,2.875,-0.164062,-0.037109,-0.175781,0.343384,0.601135,-0.031006,0.720947,up
421672,8.886719,4.082031,2.875,-0.121094,-0.052734,-0.167969,0.343384,0.601135,-0.031006,0.720947,up
421678,8.882813,3.925781,2.914063,-0.082031,-0.078125,-0.152344,0.343384,0.601135,-0.031006,0.720947,up
421684,8.882813,3.925781,2.914063,-0.070312,-0.068359,-0.150391,0.345215,0.601257,-0.031006,0.719971,up
421689,9.0,4.082031,2.761719,-0.070312,-0.068359,-0.150391,0.345581,0.601318,-0.031006,0.719727,up
421694,8.964844,4.117187,2.839844,-0.041016,-0.132812,-0.144531,0.345947,0.601501,-0.030945,0.719421,up
421699,8.964844,4.117187,2.839844,-0.041016,-0.132812,-0.144531,0.346313,0.601746,-0.030945,0.719055,up
421704,8.960938,4.042969,2.722656,-0.041016,-0.132812,-0.144531,0.346313,0.601746,-0.030945,0.719055,up
421710,9.0,4.082031,2.722656,-0.095703,-0.058594,-0.115234,0.346313,0.601746,-0.030945,0.719055,up
421716,9.039063,4.042969,2.722656,-0.107422,-0.056641,-0.105469,0.346313,0.601746,-0.030945,0.719055,up
421721,9.042969,4.117187,2.722656,-0.107422,-0.056641,-0.105469,0.346313,0.601746,-0.030945,0.719055,up
421727,9.0,4.117187,2.648438,-0.107422,-0.056641,-0.105469,0.348083,0.601807,-0.031189,0.71814,up
421733,8.960938,4.15625,2.648438,-0.078125,0.005859,-0.080078,0.348083,0.601807,-0.031189,0.71814,up
421738,8.847656,4.195312,2.683594,-0.078125,0.005859,-0.080078,0.348938,0.601562,-0.03125,0.717896,up
421743,8.847656,4.195312,2.683594,-0.064453,0.001953,-0.060547,0.348938,0.601562,-0.03125,0.717896,up
421748,8.847656,4.234375,2.722656,-0.064453,0.001953,-0.060547,0.349426,0.60144,-0.031311,0.717773,up
421753,8.84375,4.195312,2.761719,-0.064453,-0.007813,-0.058594,0.349609,0.601379,-0.031372,0.717712,up
421758,8.886719,4.15625,2.761719,-0.064453,-0.007813,-0.058594,0.349854,0.601379,-0.031433,0.717651,up
421763,8.84375,4.082031,2.761719,-0.085937,-0.005859,-0.039063,0.350098,0.601318,-0.031494,0.71759,up
421769,8.84375,4.003906,2.761719,-0.097656,0.019531,-0.029297,0.350281,0.601196,-0.031616,0.717529,up
