timestamp,ax,ay,az,gx,gy,gz,qw,qx,qy,qz,label
494910,-1.34375,9.429688,2.480469,0.130859,0.009766,0.060547,0.787598,0.57135,0.201111,0.113464,up
494915,-1.382813,9.394531,2.519531,0.130859,0.009766,0.060547,0.787354,0.571594,0.201111,0.113586,up
494920,-1.34375,9.390625,2.554688,0.130859,0.009766,0.060547,0.78717,0.571838,0.201172,0.113708,up
494926,-1.382813,9.394531,2.519531,0.130859,0.009766,0.060547,0.786926,0.572083,0.201233,0.113831,up
494931,-1.382813,9.429688,2.554688,0.107422,0.052734,0.042969,0.786743,0.572266,0.201355,0.114014,up
494936,-1.382813,9.433594,2.519531,0.101563,0.064453,0.044922,0.786499,0.57251,0.201477,0.114197,up
494941,-1.421875,9.472656,2.519531,0.101563,0.064453,0.044922,0.786316,0.572632,0.201599,0.11438,up
494947,-1.421875,9.507813,2.554688,0.050781,0.068359,0.052734,0.786316,0.572632,0.201599,0.11438,up
494952,-1.382813,9.46875,2.59375,0.037109,0.060547,0.050781,0.786072,0.572876,0.201843,0.114807,up
494957,-1.421875,9.472656,2.59375,0.037109,0.060547,0.050781,0.78595,0.572937,0.201904,0.115051,up
494962,-1.460938,9.472656,2.554688,0.017578,0.070312,0.052734,0.78595,0.572937,0.201904,0.115051,up
494967,-1.5,9.472656,2.480469,0.019531,0.080078,0.050781,0.78595,0.572937,0.201904,0.115051,up
494972,-1.535156,9.511719,2.480469,0.013672,0.078125,0.044922,0.78595,0.572937,0.201904,0.115051,up
494977,-1.535156,9.550781,2.59375,0.009766,0.070312,0.048828,0.78595,0.572937,0.201904,0.115051,up
494982,-1.574219,9.546875,2.632813,0.0,0.078125,0.048828,0.78595,0.572937,0.201904,0.115051,up
494987,-1.5,9.582031,2.59375,0.0,0.080078,0.048828,0.78595,0.572937,0.201904,0.115051,up
494992,-1.5,9.582031,2.59375,-0.011719,0.082031,0.060547,0.78595,0.572937,0.201904,0.115051,up
494997,-1.535156,9.582031,2.632813,-0.011719,0.082031,0.060547,0.78595,0.572937,0.201904,0.115051,up
495003,-1.574219,9.617188,2.59375,0.009766,0.099609,0.041016,0.78595,0.572937,0.201904,0.115051,up
495009,-1.726563,9.738281,2.710938,0.009766,0.099609,0.041016,0.785156,0.572998,0.203247,0.117615,up
495015,-1.691406,9.738281,2.671875,0.015625,0.113281,0.054687,0.785156,0.572998,0.203247,0.117615,up
495020,-1.691406,9.738281,2.671875,0.015625,0.113281,0.054687,0.784851,0.573059,0.203857,0.11853,up
495025,-1.726563,9.777344,2.632813,0.001953,0.121094,0.066406,0.784851,0.573059,0.203857,0.11853,up
495030,-1.726563,9.851563,2.75,-0.009766,0.121094,0.083984,0.784729,0.573059,0.204041,0.118896,up
495035,-1.765625,9.816406,2.75,-0.009766,0.121094,0.083984,0.784546,0.573059,0.204346,0.119629,up
495040,-1.804688,9.816406,2.75,-0.009766,0.113281,0.097656,0.784546,0.573059,0.204346,0.119629,up
495045,-1.804688,9.773438,2.785156,-0.009766,0.113281,0.097656,0.784485,0.573059,0.204468,0.120056,up
495051,-1.726563,9.660156,2.75,-0.009766,0.113281,0.097656,0.784302,0.573059,0.204712,0.120789,up
495056,-1.726563,9.660156,2.75,0.011719,0.130859,0.107422,0.78418,0.573059,0.204895,0.121216,up
495061,-1.804688,9.699219,2.710938,0.011719,0.130859,0.107422,0.784058,0.573059,0.205017,0.121704,up
495066,-1.804688,9.660156,2.671875,0.011719,0.130859,0.107422,0.783936,0.573059,0.2052,0.122131,up
495071,-1.882813,9.621094,2.710938,0.011719,0.130859,0.107422,0.783936,0.573059,0.2052,0.122131,up
495076,-1.882813,9.621094,2.710938,0.001953,0.109375,0.125,0.783752,0.57312,0.205383,0.123108,up
495081,-1.917969,9.621094,2.710938,0.001953,0.109375,0.125,0.78363,0.57312,0.205444,0.123596,up
495087,-1.882813,9.621094,2.75,0.001953,0.109375,0.125,0.783508,0.573181,0.205505,0.123962,up
495092,-1.84375,9.582031,2.710938,-0.017578,0.066406,0.130859,0.783508,0.573181,0.205505,0.123962,up
495098,-1.84375,9.582031,2.710938,-0.023437,0.052734,0.130859,0.783386,0.573181,0.205444,0.124756,up
495104,-1.804688,9.511719,2.632813,-0.023437,0.052734,0.130859,0.783203,0.573242,0.205383,0.125488,up
495109,-1.765625,9.511719,2.59375,-0.023437,0.052734,0.130859,0.783203,0.573242,0.205383,0.125488,up
495115,-1.765625,9.511719,2.59375,0.052734,0.078125,0.089844,0.783203,0.573242,0.205383,0.125488,up
495120,-1.765625,9.507813,2.671875,0.052734,0.078125,0.089844,0.782776,0.573547,0.205566,0.126465,up
495125,-1.765625,9.511719,2.632813,0.046875,0.101563,0.083984,0.782776,0.573547,0.205566,0.126465,up
495130,-1.765625,9.546875,2.59375,0.046875,0.101563,0.083984,0.782593,0.573669,0.205688,0.126831,up
495135,-1.804688,9.546875,2.632813,0.054687,0.115234,0.080078,0.782593,0.573669,0.205688,0.126831,up
495140,-1.84375,9.546875,2.480469,0.054687,0.115234,0.080078,0.782104,0.573975,0.206177,0.127808,up
495145,-1.882813,9.546875,2.480469,0.054687,0.115234,0.080078,0.782104,0.573975,0.206177,0.127808,up
495150,-1.917969,9.546875,2.554688,0.076172,0.128906,0.09375,0.782104,0.573975,0.206177,0.127808,up
495155,-1.84375,9.511719,2.441406,0.076172,0.128906,0.09375,0.781494,0.574402,0.206726,0.128906,up
495160,-1.84375,9.578125,2.441406,0.076172,0.128906,0.09375,0.781311,0.574524,0.206848,0.129272,up
495165,-1.804688,9.582031,2.441406,0.076172,0.128906,0.09375,0.781311,0.574524,0.206848,0.129272,up
495170,-1.804688,9.550781,2.480469,0.082031,0.136719,0.089844,0.781311,0.574524,0.206848,0.129272,up
495175,-1.765625,9.507813,2.441406,0.082031,0.136719,0.089844,0.780823,0.574829,0.207214,0.130005,up
495181,-1.691406,9.46875,2.441406,0.087891,0.148437,0.078125,0.780396,0.575134,0.207703,0.130737,up
495186,-1.691406,9.472656,2.402344,0.105469,0.185547,0.048828,0.78009,0.575317,0.208069,0.131104,up
495191,-1.726563,9.46875,2.363281,0.105469,0.185547,0.048828,0.779785,0.5755,0.208435,0.13147,up
495196,-1.726563,9.46875,2.328125,0.101563,0.232422,0.035156,0.779541,0.575623,0.208862,0.131836,up
495201,-1.691406,9.429688,2.402344,0.101563,0.232422,0.035156,0.779236,0.575745,0.209351,0.132202,up
495206,-1.726563,9.46875,2.402344,0.078125,0.28125,0.015625,0.778931,0.575867,0.209961,0.13269,up
495212,-1.804688,9.472656,2.25,0.078125,0.28125,0.015625,0.778687,0.575928,0.21051,0.133057,up
495217,-1.804688,9.507813,2.171875,0.119141,0.322266,0.017578,0.77832,0.575989,0.211182,0.133545,up
495223,-1.804688,9.472656,2.25,0.126953,0.349609,0.003906,0.77832,0.575989,0.211182,0.133545,up
495228,-1.84375,9.507813,2.210938,0.130859,0.373047,-0.001953,0.77832,0.575989,0.211182,0.133545,up
495233,-1.84375,9.546875,2.136719,0.136719,0.390625,0.003906,0.77832,0.575989,0.211182,0.133545,up
495239,-1.882813,9.582031,2.058594,0.136719,0.402344,0.003906,0.77832,0.575989,0.211182,0.133545,up
495244,-1.84375,9.546875,1.980469,0.146484,0.410156,-0.005859,0.77832,0.575989,0.211182,0.133545,up
495249,-1.957031,9.578125,1.980469,0.146484,0.410156,-0.005859,0.77832,0.575989,0.211182,0.133545,up
495254,-1.957031,9.621094,1.90625,0.1875,0.423828,-0.019531,0.77832,0.575989,0.211182,0.133545,up
495260,-1.957031,9.621094,1.828125,0.199219,0.416016,-0.019531,0.774292,0.577393,0.218933,0.138245,up
495265,-1.84375,9.660156,1.90625,0.199219,0.416016,-0.019531,0.773804,0.577637,0.219849,0.138733,up
495270,-1.917969,9.621094,1.90625,0.199219,0.416016,-0.019531,0.773804,0.577637,0.219849,0.138733,up
495275,-1.957031,9.660156,1.90625,0.191406,0.419922,-0.027344,0.773804,0.577637,0.219849,0.138733,up
495280,-2.035156,9.699219,1.945313,0.1875,0.423828,-0.021484,0.773804,0.577637,0.219849,0.138733,up
495285,-1.996094,9.699219,1.980469,0.1875,0.423828,-0.021484,0.772278,0.578247,0.222717,0.140198,up
495290,-1.957031,9.695313,2.058594,0.107422,0.357422,-0.015625,0.772278,0.578247,0.222717,0.140198,up
495295,-1.917969,9.617188,2.136719,0.107422,0.357422,-0.015625,0.771362,0.578491,0.224487,0.141174,up
495300,-1.882813,9.546875,2.171875,0.107422,0.357422,-0.015625,0.770996,0.578552,0.225281,0.141663,up
495305,-1.917969,9.472656,2.136719,0.107422,0.357422,-0.015625,0.770752,0.578552,0.225952,0.142151,up
495310,-1.882813,9.355469,2.171875,0.064453,0.351563,0.003906,0.770752,0.578552,0.225952,0.142151,up
495315,-1.882813,9.355469,2.171875,0.064453,0.351563,0.003906,0.770142,0.578491,0.227478,0.143188,up
495320,-1.996094,9.351563,2.058594,0.064453,0.351563,0.003906,0.769409,0.578613,0.228943,0.144165,up
495325,-2.035156,9.316406,2.097656,0.064453,0.351563,0.003906,0.769409,0.578613,0.228943,0.144165,up
495330,-2.074219,9.3125,1.945313,0.248047,0.296875,0.042969,0.769409,0.578613,0.228943,0.144165,up
495335,-2.035156,9.316406,1.945313,0.248047,0.296875,0.042969,0.768433,0.579102,0.230347,0.145142,up
495340,-2.074219,9.394531,1.945313,0.248047,0.296875,0.042969,0.767883,0.57959,0.230896,0.145508,up
495345,-2.074219,9.394531,1.945313,0.361328,0.195312,0.072266,0.767212,0.580139,0.231384,0.145813,up
495350,-2.035156,9.46875,1.828125,0.423828,0.130859,0.082031,0.767212,0.580139,0.231384,0.145813,up
495355,-1.996094,9.550781,2.058594,0.472656,0.072266,0.091797,0.765808,0.581726,0.231995,0.146057,up
495360,-1.996094,9.550781,2.058594,0.511719,0.042969,0.089844,0.765808,0.581726,0.231995,0.146057,up
495367,-1.804688,9.695313,1.945313,0.511719,0.042969,0.089844,0.763123,0.585022,0.232605,0.145874,up
495372,-1.882813,9.738281,1.867188,0.511719,0.042969,0.089844,0.762268,0.58606,0.232849,0.145813,up
495377,-1.882813,9.855469,1.980469,0.695312,0.037109,0.078125,0.762268,0.58606,0.232849,0.145813,up
495383,-1.84375,10.003906,1.90625,0.753906,0.058594,0.074219,0.762268,0.58606,0.232849,0.145813,up
495389,-1.84375,10.003906,1.90625,0.794922,0.083984,0.085937,0.762268,0.58606,0.232849,0.145813,up
495394,-1.882813,10.121094,1.675781,0.794922,0.083984,0.085937,0.757568,0.591736,0.23407,0.145264,up
495399,-1.84375,10.117188,1.597656,0.748047,0.099609,0.109375,0.757568,0.591736,0.23407,0.145264,up
495404,-1.84375,10.121094,1.523438,0.693359,0.09375,0.123047,0.757568,0.591736,0.23407,0.145264,up
495410,-1.726563,10.078125,1.5625,0.626953,0.089844,0.130859,0.757568,0.591736,0.23407,0.145264,up
495415,-1.652344,10.039063,1.5625,0.529297,0.095703,0.138672,0.753052,0.597107,0.235229,0.145264,up
495420,-1.691406,9.929688,1.523438,0.529297,0.095703,0.138672,0.752136,0.598145,0.235413,0.145325,up
495426,-1.765625,10.0,1.484375,0.490234,0.115234,0.128906,0.752136,0.598145,0.235413,0.145325,up
495431,-1.765625,9.816406,1.40625,0.398438,0.140625,0.148437,0.750305,0.600098,0.235901,0.145691,up
495436,-1.765625,9.855469,1.40625,0.398438,0.140625,0.148437,0.74884,0.601624,0.236267,0.14624,up
495442,-1.613281,9.8125,1.484375,0.398438,0.140625,0.148437,0.748108,0.602417,0.236511,0.146606,up
495447,-1.574219,9.699219,1.40625,0.398438,0.140625,0.148437,0.747498,0.603027,0.236633,0.146912,up
495453,-1.613281,9.695313,1.40625,0.349609,0.154297,0.160156,0.747498,0.603027,0.236633,0.146912,up
495459,-1.574219,9.777344,1.332031,0.390625,0.164062,0.158203,0.746094,0.604431,0.237061,0.147644,up
495465,-1.535156,9.734375,1.332031,0.390625,0.164062,0.158203,0.744385,0.60614,0.237671,0.148254,up
495470,-1.5,9.734375,1.332031,0.390625,0.164062,0.158203,0.744385,0.60614,0.237671,0.148254,up
495475,-1.5,9.773438,1.292969,0.595703,0.205078,0.117188,0.744385,0.60614,0.237671,0.148254,up
495480,-1.574219,9.777344,1.253906,0.595703,0.205078,0.117188,0.742432,0.608154,0.238464,0.148682,up
495485,-1.535156,9.734375,1.214844,0.595703,0.205078,0.117188,0.741211,0.609375,0.238953,0.148926,up
495491,-1.5,9.65625,1.253906,0.716797,0.242187,0.080078,0.741211,0.609375,0.238953,0.148926,up
495496,-1.535156,9.578125,1.214844,0.716797,0.242187,0.080078,0.737366,0.613159,0.240784,0.149353,up
495501,-1.535156,9.507813,1.140625,0.716797,0.242187,0.080078,0.737366,0.613159,0.240784,0.149353,up
495506,-1.5,9.550781,1.140625,0.742187,0.25,0.103516,0.734741,0.615784,0.242004,0.149719,up
495511,-1.460938,9.617188,1.0625,0.787109,0.259766,0.128906,0.733276,0.617249,0.242615,0.149902,up
495516,-1.421875,9.660156,1.101563,0.806641,0.291016,0.142578,0.733276,0.617249,0.242615,0.149902,up
495521,-1.460938,9.851563,0.949219,0.806641,0.291016,0.142578,0.730225,0.620178,0.243958,0.150452,up
495526,-1.382813,9.855469,0.910156,0.806641,0.291016,0.142578,0.730225,0.620178,0.243958,0.150452,up
495531,-1.34375,9.773438,0.910156,0.90625,0.378906,0.162109,0.730225,0.620178,0.243958,0.150452,up
495536,-1.34375,9.855469,0.832031,0.90625,0.378906,0.162109,0.725342,0.624756,0.246216,0.151428,up
495542,-1.308594,9.894531,0.640625,0.90625,0.378906,0.162109,0.723511,0.626465,0.24707,0.151855,up
495547,-1.308594,9.964844,0.679687,1.037109,0.421875,0.160156,0.723511,0.626465,0.24707,0.151855,up
495552,-1.308594,9.851563,0.679687,1.037109,0.421875,0.160156,0.719421,0.630127,0.249084,0.152527,up
495557,-1.382813,9.851563,0.566406,1.037109,0.421875,0.160156,0.717529,0.631897,0.250061,0.152832,up
495563,-1.382813,9.816406,0.527344,1.037109,0.421875,0.160156,0.715454,0.633728,0.25116,0.153198,up
495568,-1.460938,9.816406,0.410156,1.080078,0.460937,0.099609,0.715454,0.633728,0.25116,0.153198,up
495574,-1.535156,9.734375,0.257813,1.080078,0.460937,0.099609,0.711365,0.637268,0.253357,0.153687,up
495580,-1.574219,9.777344,0.335938,1.09375,0.439453,0.074219,0.711365,0.637268,0.253357,0.153687,up
495585,-1.535156,9.734375,0.375,1.085938,0.404297,0.064453,0.711365,0.637268,0.253357,0.153687,up
495590,-1.421875,9.851563,0.335938,1.066406,0.402344,0.050781,0.703186,0.64447,0.25769,0.154236,up
495595,-1.460938,9.8125,0.296875,1.066406,0.402344,0.050781,0.703186,0.64447,0.25769,0.154236,up
495600,-1.460938,9.8125,0.296875,0.960937,0.392578,0.050781,0.701355,0.646057,0.258728,0.154358,up
495605,-1.460938,9.890625,0.21875,0.960937,0.392578,0.050781,0.699463,0.647583,0.259705,0.15448,up
495610,-1.5,10.039063,0.144531,0.875,0.396484,0.025391,0.697754,0.648987,0.260742,0.154663,up
495615,-1.5,10.039063,0.144531,0.875,0.396484,0.025391,0.697754,0.648987,0.260742,0.154663,up
495620,-1.5,10.003906,0.105469,0.806641,0.421875,-0.011719,0.694458,0.651611,0.262817,0.154907,up
495626,-1.613281,10.003906,0.066406,0.738281,0.457031,-0.058594,0.694458,0.651611,0.262817,0.154907,up
495631,-1.726563,9.964844,-0.046875,0.738281,0.457031,-0.058594,0.689758,0.655029,0.266479,0.155457,up
495636,-1.84375,10.0,-0.125,0.738281,0.457031,-0.058594,0.688477,0.655884,0.267578,0.15564,up
495641,-1.84375,10.078125,-0.164062,0.703125,0.439453,-0.089844,0.688477,0.655884,0.267578,0.15564,up
495647,-1.765625,10.121094,-0.125,0.703125,0.439453,-0.089844,0.685608,0.657837,0.27002,0.155884,up
495652,-1.726563,10.117188,-0.085937,0.761719,0.453125,-0.078125,0.685608,0.657837,0.27002,0.155884,up
495657,-1.726563,10.117188,-0.085937,0.808594,0.460937,-0.056641,0.682434,0.660034,0.272461,0.156189,up
495663,-1.691406,10.234375,-0.316406,0.808594,0.460937,-0.056641,0.680786,0.661194,0.273743,0.156311,up
495668,-1.726563,10.195313,-0.316406,0.841797,0.498047,-0.042969,0.680786,0.661194,0.273743,0.156311,up
495673,-1.726563,10.316406,-0.277344,0.833984,0.488281,-0.025391,0.680786,0.661194,0.273743,0.156311,up
495679,-1.652344,10.195313,-0.316406,0.863281,0.480469,-0.023437,0.675476,0.664856,0.277588,0.156982,up
495685,-1.613281,10.121094,-0.355469,0.863281,0.480469,-0.023437,0.675476,0.664856,0.277588,0.156982,up
495691,-1.652344,10.042969,-0.429687,0.96875,0.509766,-0.035156,0.675476,0.664856,0.277588,0.156982,up
495696,-1.691406,10.039063,-0.546875,1.044922,0.570312,-0.019531,0.675476,0.664856,0.277588,0.156982,up
495701,-1.691406,10.0,-0.699219,1.070313,0.589844,-0.009766,0.667603,0.670349,0.282898,0.157654,up
495706,-1.84375,10.039063,-0.777344,1.070313,0.589844,-0.009766,0.665466,0.671875,0.284363,0.157898,up
495711,-1.84375,10.117188,-0.851562,1.060547,0.5625,0.027344,0.663025,0.673523,0.285889,0.158203,up
495716,-1.917969,10.078125,-0.851562,1.060547,0.5625,0.027344,0.660828,0.675049,0.287231,0.158447,up
495722,-1.957031,10.15625,-0.851562,1.060547,0.5625,0.027344,0.656189,0.678345,0.289917,0.158875,up
495727,-1.917969,10.234375,-0.851562,1.154297,0.478516,0.042969,0.653809,0.680054,0.291199,0.158997,up
495732,-1.84375,10.34375,-0.851562,1.154297,0.478516,0.042969,0.651428,0.681824,0.292358,0.159058,up
495737,-1.84375,10.386719,-0.929687,1.154297,0.478516,0.042969,0.649292,0.683411,0.293396,0.158997,up
495742,-1.882813,10.382813,-0.96875,1.244141,0.417969,0.060547,0.646545,0.685486,0.294678,0.158936,up
495747,-1.84375,10.425781,-1.007813,1.242188,0.390625,0.066406,0.644043,0.687378,0.295776,0.158875,up
495752,-1.84375,10.316406,-1.082031,1.242188,0.390625,0.066406,0.641479,0.689331,0.296814,0.158752,up
495757,-1.84375,10.273438,-1.121094,1.242188,0.390625,0.066406,0.639465,0.690918,0.297668,0.158569,up
495762,-1.84375,10.273438,-1.082031,1.261719,0.318359,0.0625,0.639465,0.690918,0.297668,0.158569,up
495767,-1.804688,10.160156,-1.121094,1.261719,0.318359,0.0625,0.634277,0.694946,0.299683,0.15802,up
495773,-1.691406,10.121094,-1.3125,1.261719,0.318359,0.0625,0.631897,0.696777,0.300537,0.157715,up
495778,-1.691406,10.121094,-1.3125,1.246094,0.318359,0.052734,0.629272,0.698792,0.301575,0.15741,up
495783,-1.691406,10.121094,-1.3125,1.177734,0.361328,0.052734,0.629272,0.698792,0.301575,0.15741,up
495788,-1.691406,10.121094,-1.3125,1.177734,0.361328,0.052734,0.624695,0.702148,0.303406,0.157166,up
495793,-1.726563,9.890625,-1.582031,1.177734,0.361328,0.052734,0.624695,0.702148,0.303406,0.157166,up
495798,-1.726563,9.890625,-1.582031,1.050781,0.386719,0.0625,0.620239,0.705322,0.305237,0.157043,up
495805,-1.574219,9.851563,-1.582031,1.050781,0.386719,0.0625,0.620239,0.705322,0.305237,0.157043,up
495810,-1.535156,9.851563,-1.65625,1.050781,0.386719,0.0625,0.620239,0.705322,0.305237,0.157043,up
495816,-1.535156,9.816406,-1.695313,1.064453,0.447266,0.048828,0.620239,0.705322,0.305237,0.157043,up
495821,-1.574219,9.816406,-1.734375,1.097656,0.449219,0.025391,0.620239,0.705322,0.305237,0.157043,up
495827,-1.535156,9.699219,-1.695313,1.097656,0.449219,0.025391,0.606628,0.714233,0.311584,0.157288,up
495832,-1.574219,9.734375,-1.734375,1.097656,0.447266,0.003906,0.604126,0.715881,0.312805,0.157227,up
495838,-1.613281,9.738281,-1.808594,1.097656,0.447266,0.003906,0.60199,0.717224,0.313843,0.157227,up
495843,-1.613281,9.734375,-1.886719,1.082031,0.423828,0.001953,0.59967,0.718689,0.314941,0.157166,up
495848,-1.613281,9.734375,-1.847656,1.082031,0.423828,0.001953,0.597412,0.720093,0.31604,0.157104,up
495853,-1.652344,9.773438,-1.847656,0.994141,0.384766,0.007813,0.597412,0.720093,0.31604,0.157104,up
495859,-1.613281,9.8125,-1.808594,0.941406,0.378906,0.013672,0.59314,0.722778,0.317993,0.157043,up
495864,-1.652344,9.773438,-1.847656,0.941406,0.378906,0.013672,0.591187,0.723938,0.318909,0.157043,up
495869,-1.613281,9.734375,-1.886719,0.785156,0.322266,0.017578,0.591187,0.723938,0.318909,0.157043,up
495874,-1.613281,9.773438,-1.886719,0.6875,0.292969,0.015625,0.591187,0.723938,0.318909,0.157043,up
495879,-1.652344,9.65625,-1.886719,0.59375,0.277344,0.007813,0.591187,0.723938,0.318909,0.157043,up
495884,-1.613281,9.617188,-1.964844,0.507812,0.259766,0.003906,0.591187,0.723938,0.318909,0.157043,up
495889,-1.613281,9.621094,-2.0,0.429687,0.240234,-0.009766,0.591187,0.723938,0.318909,0.157043,up
495894,-1.574219,9.617188,-2.0,0.337891,0.224609,-0.027344,0.591187,0.723938,0.318909,0.157043,up
495899,-1.574219,9.511719,-2.0,0.255859,0.205078,-0.041016,0.591187,0.723938,0.318909,0.157043,up
495904,-1.535156,9.550781,-2.0,0.185547,0.189453,-0.0625,0.591187,0.723938,0.318909,0.157043,up
495909,-1.535156,9.472656,-1.964844,0.111328,0.175781,-0.078125,0.591187,0.723938,0.318909,0.157043,up
495915,-1.5,9.511719,-1.964844,0.046875,0.171875,-0.097656,0.591187,0.723938,0.318909,0.157043,up
495921,-1.574219,9.472656,-2.078125,0.046875,0.171875,-0.097656,0.580994,0.728821,0.325928,0.158325,up
495926,-1.535156,9.433594,-2.117188,0.046875,0.171875,-0.097656,0.580994,0.728821,0.325928,0.158325,up
495931,-1.535156,9.394531,-2.078125,-0.136719,0.162109,-0.150391,0.580994,0.728821,0.325928,0.158325,up
495936,-1.574219,9.390625,-2.15625,-0.136719,0.162109,-0.150391,0.581177,0.728088,0.326904,0.158813,up
495942,-1.613281,9.394531,-2.117188,-0.136719,0.162109,-0.150391,0.581665,0.727234,0.327881,0.159119,up
495947,-1.613281,9.351563,-2.078125,-0.1875,0.085937,-0.177734,0.581665,0.727234,0.327881,0.159119,up
495952,-1.652344,9.351563,-2.117188,-0.1875,0.085937,-0.177734,0.582336,0.726257,0.328674,0.159302,up
495957,-1.652344,9.351563,-2.15625,-0.1875,0.085937,-0.177734,0.582764,0.725769,0.329041,0.159363,up
495962,-1.652344,9.351563,-2.15625,-0.236328,0.001953,-0.193359,0.582764,0.725769,0.329041,0.159363,up
495967,-1.652344,9.355469,-2.230469,-0.236328,0.001953,-0.193359,0.583801,0.72467,0.329651,0.159241,up
495972,-1.691406,9.355469,-2.15625,-0.236328,0.001953,-0.193359,0.58429,0.724243,0.329834,0.159058,up
495977,-1.652344,9.390625,-2.230469,-0.253906,-0.085937,-0.203125,0.584961,0.723694,0.330017,0.158875,up
495982,-1.652344,9.433594,-2.269531,-0.253906,-0.085937,-0.203125,0.58551,0.723206,0.3302,0.15863,up
495987,-1.652344,9.433594,-2.308594,-0.257813,-0.113281,-0.212891,0.58551,0.723206,0.3302,0.15863,up
495993,-1.574219,9.511719,-2.269531,-0.257813,-0.113281,-0.212891,0.586731,0.722168,0.330505,0.158081,up
495998,-1.574219,9.511719,-2.269531,-0.232422,-0.107422,-0.216797,0.587341,0.72168,0.330688,0.157776,up
496003,-1.535156,9.46875,-2.308594,-0.232422,-0.09375,-0.212891,0.588013,0.721069,0.330872,0.157471,up
496009,-1.613281,9.472656,-2.386719,-0.232422,-0.09375,-0.212891,0.588501,0.720703,0.331055,0.157227,up
496015,-1.574219,9.433594,-2.421875,-0.205078,-0.076172,-0.199219,0.588501,0.720703,0.331055,0.157227,up
496020,-1.574219,9.433594,-2.386719,-0.177734,-0.072266,-0.1875,0.588501,0.720703,0.331055,0.157227,up
496025,-1.535156,9.3125,-2.460938,-0.154297,-0.076172,-0.181641,0.588501,0.720703,0.331055,0.157227,up
496030,-1.5,9.3125,-2.460938,-0.113281,-0.072266,-0.179687,0.588501,0.720703,0.331055,0.157227,up
496035,-1.5,9.316406,-2.421875,-0.066406,-0.070312,-0.175781,0.588501,0.720703,0.331055,0.157227,up
496040,-1.460938,9.316406,-2.421875,-0.017578,-0.066406,-0.167969,0.588501,0.720703,0.331055,0.157227,up
496045,-1.460938,9.277344,-2.460938,-0.017578,-0.066406,-0.167969,0.59082,0.718567,0.332458,0.155273,up
496051,-1.421875,9.273438,-2.460938,-0.017578,-0.066406,-0.167969,0.59082,0.718567,0.332458,0.155273,up
496056,-1.421875,9.273438,-2.5,-0.017578,-0.066406,-0.167969,0.590698,0.718567,0.333069,0.154358,up
496061,-1.382813,9.3125,-2.5,-0.017578,-0.066406,-0.167969,0.590576,0.718689,0.333313,0.153931,up
496067,-1.34375,9.3125,-2.578125,0.263672,-0.09375,-0.173828,0.590576,0.718689,0.333313,0.153931,up
496072,-1.421875,9.273438,-2.5,0.263672,-0.09375,-0.173828,0.5896,0.719421,0.334167,0.1521,up
496077,-1.382813,9.394531,-2.578125,0.263672,-0.09375,-0.173828,0.589233,0.719727,0.334473,0.151489,up
496082,-1.34375,9.46875,-2.652344,0.263672,-0.09375,-0.173828,0.588745,0.720093,0.334778,0.150757,up
496087,-1.382813,9.546875,-2.691406,0.263672,-0.09375,-0.173828,0.588745,0.720093,0.334778,0.150757,up
496092,-1.382813,9.617188,-2.691406,0.28125,-0.085937,-0.181641,0.588745,0.720093,0.334778,0.150757,up
496097,-1.382813,9.699219,-2.730469,0.28125,-0.085937,-0.181641,0.587646,0.721008,0.335754,0.148865,up
496102,-1.34375,9.695313,-2.769531,0.28125,-0.085937,-0.181641,0.58728,0.721191,0.33606,0.148315,up
496107,-1.421875,9.851563,-2.804688,0.28125,-0.085937,-0.181641,0.58728,0.721191,0.33606,0.148315,up
496112,-1.382813,9.894531,-2.84375,0.169922,-0.087891,-0.193359,0.58728,0.721191,0.33606,0.148315,up
496117,-1.382813,9.964844,-2.882813,0.169922,-0.087891,-0.193359,0.586792,0.721558,0.33667,0.147156,up
496123,-1.421875,10.039063,-2.882813,0.146484,-0.087891,-0.199219,0.586548,0.721741,0.33728,0.146057,up
496128,-1.421875,10.039063,-2.882813,0.101563,-0.078125,-0.207031,0.586426,0.721741,0.337646,0.145508,up
496133,-1.5,10.160156,-2.960938,0.101563,-0.078125,-0.207031,0.586426,0.721741,0.337952,0.144958,up
496138,-1.460938,10.238281,-2.996094,0.101563,-0.078125,-0.207031,0.586487,0.721619,0.338257,0.144531,up
496143,-1.460938,10.277344,-2.960938,-0.019531,-0.066406,-0.230469,0.586609,0.721436,0.338623,0.144043,up
496148,-1.5,10.238281,-2.960938,-0.019531,-0.066406,-0.230469,0.586792,0.721252,0.338928,0.143677,up
496154,-1.574219,10.273438,-3.035156,-0.019531,-0.066406,-0.230469,0.587036,0.720947,0.339294,0.143372,up
496159,-1.613281,10.3125,-2.996094,-0.128906,-0.013672,-0.257813,0.58728,0.720581,0.339722,0.143066,up
496165,-1.652344,10.277344,-3.035156,-0.1875,-0.009766,-0.263672,0.58728,0.720581,0.339722,0.143066,up
496170,-1.613281,10.347656,-2.996094,-0.236328,-0.003906,-0.259766,0.58728,0.720581,0.339722,0.143066,up
496175,-1.652344,10.277344,-2.960938,-0.289063,-0.001953,-0.275391,0.58728,0.720581,0.339722,0.143066,up
496180,-1.652344,10.316406,-2.921875,-0.326172,0.0,-0.277344,0.58728,0.720581,0.339722,0.143066,up
496185,-1.652344,10.316406,-2.804688,-0.341797,0.035156,-0.287109,0.58728,0.720581,0.339722,0.143066,up
496191,-1.726563,10.347656,-2.882813,-0.341797,0.035156,-0.287109,0.58728,0.720581,0.339722,0.143066,up
496196,-1.726563,10.347656,-2.84375,-0.341797,0.035156,-0.287109,0.591431,0.715881,0.342773,0.142212,up
496202,-1.84375,10.425781,-2.804688,-0.425781,0.080078,-0.302734,0.591431,0.715881,0.342773,0.142212,up
496208,-1.882813,10.460938,-2.804688,-0.425781,0.080078,-0.302734,0.593689,0.713257,0.344299,0.142395,up
496213,-1.957031,10.460938,-2.804688,-0.4375,0.082031,-0.291016,0.594604,0.712219,0.344849,0.142517,up
496219,-1.996094,10.542969,-2.652344,-0.4375,0.082031,-0.291016,0.595337,0.711365,0.345276,0.142639,up
496224,-1.996094,10.542969,-2.578125,-0.4375,0.082031,-0.291016,0.596191,0.710388,0.345764,0.142761,up
496230,-2.035156,10.464844,-2.539063,-0.4375,0.082031,-0.291016,0.596191,0.710388,0.345764,0.142761,up
496235,-2.074219,10.382813,-2.460938,-0.537109,0.056641,-0.242187,0.596191,0.710388,0.345764,0.142761,up
496240,-2.074219,10.316406,-2.460938,-0.564453,0.066406,-0.236328,0.596191,0.710388,0.345764,0.142761,up
496245,-2.074219,10.160156,-2.421875,-0.564453,0.066406,-0.236328,0.600098,0.706238,0.347168,0.143616,up
496250,-2.035156,10.078125,-2.347656,-0.599609,0.060547,-0.201172,0.600098,0.706238,0.347168,0.143616,up
496255,-2.035156,9.933594,-2.269531,-0.623047,0.058594,-0.195312,0.600098,0.706238,0.347168,0.143616,up
496260,-1.996094,9.660156,-2.117188,-0.623047,0.064453,-0.175781,0.600098,0.706238,0.347168,0.143616,up
496265,-1.996094,9.507813,-2.078125,-0.611328,0.060547,-0.150391,0.600098,0.706238,0.347168,0.143616,up
496271,-2.035156,9.433594,-2.078125,-0.601562,0.064453,-0.134766,0.600098,0.706238,0.347168,0.143616,up
496277,-1.957031,9.199219,-1.964844,-0.578125,0.044922,-0.121094,0.600098,0.706238,0.347168,0.143616,up
496283,-1.882813,9.085938,-1.925781,-0.552734,0.021484,-0.101563,0.608398,0.697815,0.348389,0.146667,up
496288,-1.917969,9.011719,-1.847656,-0.402344,0.005859,-0.099609,0.609253,0.697021,0.348389,0.146973,up
496293,-1.917969,8.929688,-1.847656,-0.402344,0.005859,-0.099609,0.609863,0.696411,0.34845,0.147156,up
496298,-1.882813,8.890625,-1.847656,-0.214844,-0.035156,-0.09375,0.610352,0.695923,0.348511,0.147217,up
496304,-1.882813,8.742188,-1.734375,-0.214844,-0.035156,-0.09375,0.610718,0.695618,0.348572,0.147156,up
496309,-1.917969,8.8125,-1.773438,-0.044922,-0.054687,-0.095703,0.610718,0.695618,0.348572,0.147156,up
496315,-1.957031,8.851563,-1.773438,0.0,-0.066406,-0.101563,0.610718,0.695618,0.348572,0.147156,up
496320,-1.917969,8.96875,-1.808594,0.0,-0.066406,-0.101563,0.611145,0.695251,0.348816,0.146484,up
496325,-1.917969,8.96875,-1.808594,0.042969,-0.107422,-0.103516,0.611206,0.69519,0.348877,0.146179,up
496330,-1.996094,8.96875,-1.773438,0.042969,-0.107422,-0.103516,0.611267,0.695251,0.348938,0.145752,up
496335,-1.996094,9.050781,-1.773438,0.042969,-0.107422,-0.103516,0.611267,0.695251,0.348938,0.145752,up
496340,-1.996094,9.050781,-1.773438,0.050781,-0.136719,-0.103516,0.611389,0.695312,0.348938,0.144897,up
496346,-1.996094,9.15625,-1.847656,0.050781,-0.136719,-0.103516,0.611389,0.695312,0.348938,0.144897,up
496352,-2.035156,9.199219,-1.847656,-0.058594,-0.199219,-0.099609,0.612183,0.695068,0.348572,0.143555,up
496357,-2.113281,9.128906,-1.964844,-0.058594,-0.199219,-0.099609,0.612183,0.695068,0.348572,0.143555,up
496362,-2.074219,9.089844,-2.0,-0.115234,-0.21875,-0.113281,0.612183,0.695068,0.348572,0.143555,up
496368,-2.074219,9.089844,-2.078125,-0.138672,-0.240234,-0.105469,0.612183,0.695068,0.348572,0.143555,up
496373,-2.074219,9.089844,-2.039063,-0.140625,-0.283203,-0.103516,0.613525,0.694458,0.348022,0.142151,up
496378,-2.035156,9.085938,-2.078125,-0.140625,-0.283203,-0.103516,0.614563,0.694031,0.347473,0.141174,up
496383,-1.996094,9.085938,-2.078125,-0.113281,-0.294922,-0.107422,0.614563,0.694031,0.347473,0.141174,up
496388,-2.035156,9.085938,-2.039063,-0.113281,-0.294922,-0.107422,0.61554,0.693665,0.346863,0.140076,up
496393,-2.035156,9.085938,-2.078125,-0.113281,-0.294922,-0.107422,0.61554,0.693665,0.346863,0.140076,up
496398,-2.113281,9.085938,-2.078125,-0.070312,-0.296875,-0.115234,0.61554,0.693665,0.346863,0.140076,up
496403,-2.148438,9.128906,-2.078125,-0.054687,-0.298828,-0.119141,0.61554,0.693665,0.346863,0.140076,up
496409,-2.1875,9.125,-2.117188,-0.054687,-0.298828,-0.119141,0.617065,0.693298,0.345886,0.137512,up
496414,-2.226563,9.160156,-2.15625,0.007813,-0.302734,-0.128906,0.617371,0.693298,0.345642,0.13678,up
496419,-2.226563,9.199219,-2.195313,0.005859,-0.306641,-0.134766,0.617615,0.693298,0.345459,0.136047,up
496424,-2.226563,9.238281,-2.15625,0.005859,-0.306641,-0.134766,0.61792,0.693298,0.345215,0.135315,up
496429,-2.265625,9.238281,-2.195313,0.005859,-0.306641,-0.134766,0.61792,0.693298,0.345215,0.135315,up
496434,-2.265625,9.238281,-2.195313,-0.007813,-0.320313,-0.128906,0.61792,0.693298,0.345215,0.135315,up
496439,-2.265625,9.277344,-2.230469,-0.007813,-0.320313,-0.128906,0.61792,0.693298,0.345215,0.135315,up
496445,-2.226563,9.234375,-2.195313,-0.007813,-0.320313,-0.128906,0.61792,0.693298,0.345215,0.135315,up
496452,-2.226563,9.199219,-2.230469,-0.015625,-0.326172,-0.103516,0.61792,0.693298,0.345215,0.135315,up
496457,-2.226563,9.15625,-2.230469,-0.029297,-0.320313,-0.105469,0.61792,0.693298,0.345215,0.135315,up
496463,-2.226563,9.085938,-2.269531,-0.025391,-0.332031,-0.105469,0.620667,0.693176,0.342834,0.129639,up
496468,-2.1875,9.046875,-2.230469,-0.025391,-0.332031,-0.105469,0.620667,0.693176,0.342834,0.129639,up
496473,-2.1875,9.050781,-2.269531,0.015625,-0.326172,-0.113281,0.620667,0.693176,0.342834,0.129639,up
496478,-2.1875,9.050781,-2.269531,0.015625,-0.326172,-0.113281,0.621521,0.693176,0.34198,0.127441,up
496483,-2.1875,9.046875,-2.386719,0.015625,-0.326172,-0.113281,0.621765,0.693237,0.341736,0.126709,up
496488,-2.265625,9.085938,-2.386719,0.015625,-0.326172,-0.113281,0.621765,0.693237,0.341736,0.126709,up
496493,-2.339844,9.128906,-2.386719,0.0625,-0.294922,-0.123047,0.621765,0.693237,0.341736,0.126709,up
496499,-2.339844,9.128906,-2.386719,0.080078,-0.265625,-0.126953,0.622253,0.693481,0.341125,0.124512,up
496504,-2.378906,9.273438,-2.386719,0.107422,-0.253906,-0.123047,0.622375,0.693604,0.340942,0.123718,up
496510,-2.417969,9.273438,-2.347656,0.107422,-0.253906,-0.123047,0.622375,0.693787,0.34082,0.123108,up
496515,-2.496094,9.273438,-2.347656,0.107422,-0.253906,-0.123047,0.622375,0.69397,0.340759,0.122314,up
496521,-2.53125,9.390625,-2.269531,0.107422,-0.253906,-0.123047,0.622314,0.694153,0.340698,0.121704,up
496527,-2.648438,9.355469,-2.269531,0.181641,-0.232422,-0.132812,0.622314,0.694153,0.340698,0.121704,up
496532,-2.648438,9.351563,-2.230469,0.169922,-0.236328,-0.138672,0.622314,0.694153,0.340698,0.121704,up
496537,-2.6875,9.277344,-2.269531,0.169922,-0.236328,-0.138672,0.622131,0.694763,0.340515,0.119446,up
496543,-2.722656,9.277344,-2.269531,0.132812,-0.244141,-0.158203,0.622131,0.694763,0.340515,0.119446,up
496548,-2.722656,9.160156,-2.308594,0.132812,-0.244141,-0.158203,0.622131,0.695129,0.340393,0.117859,up
496554,-2.761719,9.15625,-2.347656,0.132812,-0.244141,-0.158203,0.622192,0.695312,0.340393,0.116394,up
496559,-2.761719,9.15625,-2.347656,0.105469,-0.224609,-0.197266,0.622253,0.695374,0.340393,0.115601,up
496564,-2.800781,9.128906,-2.460938,0.109375,-0.232422,-0.205078,0.622314,0.695435,0.340454,0.114746,up
496570,-2.800781,9.125,-2.421875,0.109375,-0.232422,-0.205078,0.622375,0.695496,0.340515,0.114014,up
496575,-2.878906,9.15625,-2.421875,0.160156,-0.230469,-0.230469,0.622375,0.695496,0.340515,0.114014,up
496581,-2.878906,9.238281,-2.460938,0.197266,-0.240234,-0.238281,0.622375,0.695496,0.340515,0.114014,up
496586,-2.914063,9.316406,-2.539063,0.226562,-0.259766,-0.251953,0.622375,0.695496,0.340515,0.114014,up
496592,-2.914063,9.355469,-2.460938,0.259766,-0.261719,-0.267578,0.622375,0.695496,0.340515,0.114014,up
496597,-2.914063,9.355469,-2.460938,0.271484,-0.267578,-0.277344,0.622375,0.695496,0.340515,0.114014,up
496603,-2.953125,9.429688,-2.578125,0.300781,-0.261719,-0.298828,0.622375,0.695496,0.340515,0.114014,up
496608,-2.914063,9.472656,-2.578125,0.300781,-0.261719,-0.298828,0.621216,0.697266,0.341736,0.10553,up
496613,-2.953125,9.472656,-2.613281,0.300781,-0.261719,-0.298828,0.621216,0.697266,0.341736,0.10553,up
496618,-2.953125,9.472656,-2.652344,0.310547,-0.257813,-0.316406,0.621216,0.697266,0.341736,0.10553,up
496623,-2.914063,9.507813,-2.691406,0.277344,-0.253906,-0.316406,0.620667,0.697876,0.342224,0.103149,up
496628,-2.914063,9.472656,-2.652344,0.277344,-0.253906,-0.316406,0.620422,0.69812,0.342468,0.10199,up
496633,-2.914063,9.511719,-2.613281,0.248047,-0.236328,-0.316406,0.620239,0.698364,0.342712,0.100769,up
496638,-2.914063,9.511719,-2.539063,0.248047,-0.236328,-0.316406,0.620056,0.698547,0.342957,0.09967,up
496644,-2.839844,9.550781,-2.578125,0.248047,-0.236328,-0.316406,0.619812,0.698792,0.343506,0.097656,up
496649,-2.800781,9.578125,-2.578125,0.199219,-0.199219,-0.3125,0.61969,0.698914,0.343811,0.096558,up
496654,-2.761719,9.582031,-2.5,0.185547,-0.191406,-0.308594,0.619568,0.698975,0.344116,0.09552,up
496660,-2.761719,9.507813,-2.460938,0.191406,-0.171875,-0.296875,0.619507,0.699036,0.34436,0.094727,up
496666,-2.761719,9.351563,-2.460938,0.191406,-0.171875,-0.296875,0.619507,0.699036,0.34436,0.094727,up
496672,-2.761719,9.3125,-2.5,0.177734,-0.107422,-0.298828,0.619202,0.699158,0.345093,0.093018,up
496677,-2.722656,9.277344,-2.613281,0.173828,-0.083984,-0.298828,0.619202,0.699158,0.345093,0.093018,up
496683,-2.722656,9.238281,-2.578125,0.123047,-0.056641,-0.298828,0.619202,0.699158,0.345093,0.093018,up
496688,-2.722656,9.238281,-2.539063,0.123047,-0.056641,-0.298828,0.618774,0.699158,0.346497,0.090881,up
496693,-2.722656,9.199219,-2.421875,0.097656,-0.021484,-0.302734,0.618774,0.699158,0.346497,0.090881,up
496698,-2.722656,9.238281,-2.460938,0.097656,-0.021484,-0.302734,0.618591,0.698914,0.347595,0.089661,up
496703,-2.800781,9.234375,-2.460938,0.076172,0.095703,-0.353516,0.618469,0.698792,0.348206,0.089172,up
496708,-2.878906,9.351563,-2.5,0.076172,0.095703,-0.353516,0.618347,0.698547,0.348999,0.088684,up
496714,-3.03125,9.546875,-2.5,0.076172,0.095703,-0.353516,0.617981,0.69812,0.350708,0.08783,up
496719,-3.070313,9.695313,-2.460938,0.109375,0.173828,-0.431641,0.617737,0.697876,0.351685,0.087402,up
496724,-3.183594,9.816406,-2.460938,0.105469,0.205078,-0.447266,0.617493,0.697571,0.352844,0.086914,up
496729,-3.222656,9.964844,-2.460938,0.105469,0.205078,-0.447266,0.617249,0.697327,0.353943,0.086609,up
496735,-3.414063,10.238281,-2.386719,0.105469,0.205078,-0.447266,0.617004,0.69696,0.355164,0.086243,up
496740,-3.527344,10.277344,-2.386719,-0.023437,0.269531,-0.478516,0.616821,0.696472,0.356384,0.085999,up
496745,-3.566406,10.273438,-2.347656,-0.087891,0.292969,-0.482422,0.616821,0.696472,0.356384,0.085999,up
496750,-3.644531,10.238281,-2.347656,-0.087891,0.292969,-0.482422,0.616821,0.69519,0.359009,0.085693,up
496755,-3.605469,10.238281,-2.269531,-0.087891,0.292969,-0.482422,0.616943,0.694458,0.360229,0.085693,up
496761,-3.605469,10.160156,-2.269531,-0.306641,0.326172,-0.466797,0.617249,0.693481,0.361572,0.085754,up
496767,-3.527344,10.082031,-2.195313,-0.404297,0.330078,-0.458984,0.617249,0.693481,0.361572,0.085754,up
496773,-3.492188,9.890625,-2.0,-0.404297,0.330078,-0.458984,0.617249,0.693481,0.361572,0.085754,up
496778,-3.453125,9.777344,-1.964844,-0.589844,0.376953,-0.449219,0.617249,0.693481,0.361572,0.085754,up
496783,-3.414063,9.738281,-1.964844,-0.65625,0.410156,-0.431641,0.620605,0.686951,0.367737,0.087952,up
496788,-3.375,9.507813,-1.886719,-0.65625,0.410156,-0.431641,0.620605,0.686951,0.367737,0.087952,up
496794,-3.335938,9.316406,-1.808594,-0.666016,0.457031,-0.390625,0.62146,0.685364,0.369019,0.088745,up
496799,-3.375,9.273438,-1.734375,-0.666016,0.457031,-0.390625,0.623047,0.682373,0.371521,0.090332,up
496804,-3.335938,9.085938,-1.695313,-0.666016,0.457031,-0.390625,0.623718,0.680908,0.372803,0.091187,up
496809,-3.335938,9.046875,-1.617188,-0.511719,0.488281,-0.337891,0.623718,0.680908,0.372803,0.091187,up
496814,-3.335938,8.890625,-1.617188,-0.511719,0.488281,-0.337891,0.624756,0.678406,0.375366,0.092773,up
496819,-3.335938,8.851563,-1.542969,-0.380859,0.507812,-0.310547,0.625061,0.677307,0.376648,0.093567,up
496824,-3.414063,8.777344,-1.542969,-0.380859,0.507812,-0.310547,0.625183,0.676392,0.377747,0.094238,up
496829,-3.414063,8.742188,-1.503906,-0.261719,0.5,-0.287109,0.625183,0.676392,0.377747,0.094238,up
496834,-3.414063,8.746094,-1.390625,-0.261719,0.5,-0.287109,0.625305,0.674744,0.38031,0.095642,up
496839,-3.414063,8.746094,-1.390625,-0.261719,0.5,-0.287109,0.625244,0.674011,0.381409,0.096252,up
496844,-3.414063,8.703125,-1.351563,-0.261719,0.5,-0.287109,0.625244,0.674011,0.381409,0.096252,up
496849,-3.453125,8.703125,-1.351563,-0.228516,0.503906,-0.253906,0.625183,0.673279,0.382629,0.096924,up
496854,-3.453125,8.703125,-1.351563,-0.240234,0.507812,-0.242187,0.625183,0.672546,0.383789,0.097595,up
496859,-3.453125,8.742188,-1.3125,-0.240234,0.507812,-0.242187,0.625122,0.671875,0.384888,0.098328,up
496864,-3.453125,8.742188,-1.3125,-0.228516,0.5,-0.230469,0.625122,0.671143,0.386047,0.09906,up
496869,-3.527344,8.851563,-1.3125,-0.234375,0.492187,-0.232422,0.625061,0.669739,0.388245,0.100403,up
496874,-3.566406,8.851563,-1.234375,-0.234375,0.492187,-0.232422,0.625061,0.669739,0.388245,0.100403,up
496879,-3.605469,8.894531,-1.234375,-0.234375,0.492187,-0.232422,0.625,0.668274,0.390381,0.101807,up
496884,-3.644531,8.929688,-1.273438,-0.234375,0.492187,-0.232422,0.625,0.668274,0.390381,0.101807,up
496889,-3.683594,8.972656,-1.273438,-0.234375,0.4375,-0.216797,0.625,0.668274,0.390381,0.101807,up
496895,-3.71875,8.972656,-1.273438,-0.234375,0.4375,-0.216797,0.625061,0.666138,0.393494,0.10376,up
496900,-3.757813,8.972656,-1.234375,-0.234375,0.4375,-0.216797,0.625061,0.665466,0.394348,0.104309,up
496905,-3.757813,9.011719,-1.273438,-0.253906,0.380859,-0.230469,0.625183,0.664734,0.395325,0.104919,up
496910,-3.875,9.085938,-1.351563,-0.253906,0.380859,-0.230469,0.625305,0.66394,0.396301,0.105469,up
496916,-3.835938,9.085938,-1.351563,-0.253906,0.380859,-0.230469,0.625427,0.66333,0.397034,0.105896,up
496921,-3.875,9.160156,-1.351563,-0.28125,0.298828,-0.228516,0.62561,0.662598,0.397827,0.106323,up
496926,-3.835938,9.195313,-1.351563,-0.28125,0.277344,-0.220703,0.62561,0.662598,0.397827,0.106323,up
496931,-3.835938,9.15625,-1.425781,-0.28125,0.277344,-0.220703,0.62616,0.661011,0.399353,0.107178,up
496936,-3.796875,9.273438,-1.503906,-0.28125,0.277344,-0.220703,0.62616,0.661011,0.399353,0.107178,up
496942,-3.757813,9.3125,-1.503906,-0.269531,0.21875,-0.207031,0.62616,0.661011,0.399353,0.107178,up
496947,-3.71875,9.394531,-1.582031,-0.265625,0.197266,-0.197266,0.62616,0.661011,0.399353,0.107178,up
496953,-3.71875,9.429688,-1.617188,-0.265625,0.197266,-0.197266,0.62616,0.661011,0.399353,0.107178,up
496958,-3.683594,9.472656,-1.65625,-0.205078,0.173828,-0.1875,0.62616,0.661011,0.399353,0.107178,up
496964,-3.644531,9.550781,-1.695313,-0.152344,0.152344,-0.169922,0.62616,0.661011,0.399353,0.107178,up
496969,-3.71875,9.578125,-1.734375,-0.152344,0.152344,-0.169922,0.62793,0.656311,0.40387,0.109192,up
496974,-3.683594,9.617188,-1.773438,-0.152344,0.152344,-0.169922,0.62793,0.656311,0.40387,0.109192,up
496979,-3.683594,9.617188,-1.773438,-0.111328,0.117188,-0.140625,0.62793,0.656311,0.40387,0.109192,up
496984,-3.683594,9.734375,-1.773438,-0.103516,0.115234,-0.136719,0.62793,0.656311,0.40387,0.109192,up
496989,-3.71875,9.734375,-1.808594,-0.083984,0.09375,-0.113281,0.628174,0.655212,0.405029,0.109497,up
496994,-3.71875,9.773438,-1.773438,-0.083984,0.09375,-0.113281,0.628296,0.654907,0.405396,0.109558,up
496999,-3.757813,9.773438,-1.773438,-0.083984,0.09375,-0.113281,0.628357,0.654602,0.405701,0.10968,up
497004,-3.757813,9.855469,-1.773438,-0.095703,0.076172,-0.083984,0.628357,0.654602,0.405701,0.10968,up
497009,-3.796875,9.8125,-1.808594,-0.117188,0.066406,-0.0625,0.62854,0.654114,0.406189,0.109863,up
497014,-3.796875,9.890625,-1.847656,-0.117188,0.066406,-0.0625,0.628662,0.65387,0.406372,0.109985,up
497019,-3.835938,9.933594,-1.847656,-0.117188,0.066406,-0.0625,0.628845,0.653564,0.406555,0.110168,up
497024,-3.875,10.003906,-1.886719,-0.154297,0.042969,-0.03125,0.628845,0.653564,0.406555,0.110168,up
497029,-3.875,10.0,-1.808594,-0.166016,0.013672,-0.005859,0.629272,0.653015,0.406677,0.110535,up
497034,-3.910156,10.0,-1.808594,-0.166016,0.013672,-0.005859,0.629517,0.65271,0.406677,0.110718,up
497039,-3.949219,10.042969,-1.773438,-0.201172,-0.019531,0.023437,0.629822,0.652405,0.406677,0.110901,up
497045,-3.910156,9.964844,-1.695313,-0.201172,-0.019531,0.023437,0.630432,0.651855,0.406433,0.111328,up
497050,-3.910156,9.890625,-1.734375,-0.212891,-0.046875,0.052734,0.630859,0.65155,0.40625,0.111572,up
497055,-3.910156,9.773438,-1.65625,-0.212891,-0.046875,0.052734,0.631287,0.651306,0.406006,0.111877,up
497060,-3.835938,9.734375,-1.65625,-0.212891,-0.046875,0.052734,0.631592,0.651062,0.405762,0.112122,up
497065,-3.796875,9.65625,-1.582031,-0.1875,-0.064453,0.107422,0.631958,0.650879,0.405396,0.112427,up
497070,-3.796875,9.578125,-1.582031,-0.173828,-0.072266,0.121094,0.632324,0.650696,0.40509,0.112671,up
497076,-3.757813,9.394531,-1.503906,-0.173828,-0.072266,0.121094,0.632568,0.650574,0.404724,0.112915,up
497081,-3.644531,9.238281,-1.503906,-0.173828,-0.072266,0.121094,0.632812,0.650574,0.404297,0.113159,up
497088,-3.644531,9.128906,-1.425781,-0.064453,-0.119141,0.197266,0.632812,0.650574,0.404297,0.113159,up
497094,-3.492188,8.933594,-1.464844,-0.005859,-0.130859,0.210937,0.632812,0.650574,0.404297,0.113159,up
497099,-3.453125,8.773438,-1.425781,0.140625,-0.169922,0.251953,0.633179,0.651123,0.402771,0.113647,up
497104,-3.375,8.742188,-1.464844,0.140625,-0.169922,0.251953,0.633057,0.651611,0.4021,0.113647,up
497109,-3.222656,8.625,-1.425781,0.21875,-0.189453,0.271484,0.633057,0.651611,0.4021,0.113647,up
497114,-3.222656,8.625,-1.425781,0.21875,-0.189453,0.271484,0.632202,0.653687,0.400146,0.113342,up
497119,-3.183594,8.550781,-1.464844,0.21875,-0.189453,0.271484,0.632202,0.653687,0.400146,0.113342,up
497124,-3.105469,8.546875,-1.542969,0.402344,-0.210937,0.289063,0.632202,0.653687,0.400146,0.113342,up
497129,-3.03125,8.507813,-1.582031,0.439453,-0.21875,0.289063,0.632202,0.653687,0.400146,0.113342,up
497134,-2.992188,8.507813,-1.582031,0.439453,-0.21875,0.289063,0.629822,0.657959,0.3974,0.112,up
497139,-2.992188,8.546875,-1.617188,0.529297,-0.203125,0.273438,0.629822,0.657959,0.3974,0.112,up
497144,-2.953125,8.589844,-1.65625,0.529297,-0.203125,0.273438,0.62915,0.658997,0.396851,0.111633,up
497149,-2.878906,8.628906,-1.695313,0.548828,-0.199219,0.263672,0.62915,0.658997,0.396851,0.111633,up
497154,-2.878906,8.707031,-1.695313,0.548828,-0.199219,0.263672,0.627563,0.661316,0.395691,0.110718,up
497159,-2.878906,8.742188,-1.734375,0.521484,-0.1875,0.244141,0.627563,0.661316,0.395691,0.110718,up
497165,-2.839844,8.777344,-1.808594,0.507812,-0.169922,0.238281,0.627563,0.661316,0.395691,0.110718,up
497171,-2.878906,8.890625,-1.847656,0.507812,-0.169922,0.238281,0.624573,0.665649,0.393616,0.109131,up
497176,-2.839844,8.890625,-1.847656,0.449219,-0.148437,0.226562,0.624573,0.665649,0.393616,0.109131,up
497181,-2.761719,8.890625,-1.847656,0.416016,-0.140625,0.214844,0.624573,0.665649,0.393616,0.109131,up
497187,-2.722656,8.890625,-1.847656,0.416016,-0.140625,0.214844,0.62262,0.668396,0.392273,0.108215,up
497193,-2.722656,8.890625,-1.886719,0.373047,-0.105469,0.199219,0.62262,0.668396,0.392273,0.108215,up
497198,-2.6875,8.894531,-1.925781,0.34375,-0.091797,0.191406,0.62262,0.668396,0.392273,0.108215,up
497203,-2.570313,8.933594,-1.925781,0.320313,-0.083984,0.181641,0.62262,0.668396,0.392273,0.108215,up
497208,-2.53125,8.894531,-1.886719,0.302734,-0.064453,0.179687,0.62262,0.668396,0.392273,0.108215,up
497213,-2.496094,8.855469,-1.886719,0.285156,-0.027344,0.173828,0.62262,0.668396,0.392273,0.108215,up
497218,-2.457031,8.855469,-1.964844,0.265625,-0.001953,0.166016,0.62262,0.668396,0.392273,0.108215,up
497224,-2.378906,8.777344,-1.925781,0.253906,0.015625,0.162109,0.618469,0.673706,0.389954,0.107483,up
497229,-2.378906,8.707031,-1.886719,0.253906,0.015625,0.162109,0.618469,0.673706,0.389954,0.107483,up
497234,-2.339844,8.703125,-1.925781,0.255859,0.074219,0.162109,0.618469,0.673706,0.389954,0.107483,up
497239,-2.339844,8.628906,-1.886719,0.255859,0.074219,0.162109,0.617371,0.674744,0.389771,0.107727,up
497245,-2.304688,8.664063,-1.847656,0.253906,0.083984,0.146484,0.616272,0.675781,0.389648,0.108032,up
497250,-2.304688,8.625,-1.847656,0.273438,0.117188,0.128906,0.616272,0.675781,0.389648,0.108032,up
497255,-2.378906,8.742188,-1.925781,0.300781,0.132812,0.115234,0.615601,0.676331,0.389709,0.108154,up
497260,-2.457031,8.707031,-1.886719,0.320313,0.128906,0.095703,0.61499,0.67688,0.389771,0.108276,up
497266,-2.496094,8.851563,-1.773438,0.320313,0.128906,0.095703,0.613647,0.677917,0.390015,0.108459,up
497271,-2.570313,8.929688,-1.847656,0.328125,0.154297,0.048828,0.613647,0.677917,0.390015,0.108459,up
497277,-2.6875,9.128906,-1.886719,0.328125,0.154297,0.048828,0.612183,0.678894,0.390564,0.108521,up
497282,-2.722656,9.195313,-1.925781,0.291016,0.158203,-0.005859,0.611511,0.679321,0.390869,0.108521,up
497288,-2.800781,9.277344,-1.886719,0.255859,0.150391,-0.029297,0.611511,0.679321,0.390869,0.108521,up
497293,-2.878906,9.578125,-1.847656,0.216797,0.150391,-0.052734,0.611511,0.679321,0.390869,0.108521,up
497298,-2.992188,9.699219,-1.925781,0.1875,0.167969,-0.078125,0.611511,0.679321,0.390869,0.108521,up
497303,-3.070313,9.816406,-1.964844,0.130859,0.173828,-0.089844,0.611511,0.679321,0.390869,0.108521,up
497308,-3.144531,9.929688,-2.0,0.054687,0.175781,-0.103516,0.611511,0.679321,0.390869,0.108521,up
497313,-3.183594,10.117188,-2.039063,0.054687,0.175781,-0.103516,0.608948,0.680115,0.393433,0.108704,up
497318,-3.222656,10.386719,-2.117188,0.054687,0.175781,-0.103516,0.608948,0.680115,0.393433,0.108704,up
497323,-3.261719,10.539063,-2.195313,-0.125,0.177734,-0.134766,0.608948,0.680115,0.393433,0.108704,up
497328,-3.335938,10.695313,-2.230469,-0.152344,0.179687,-0.144531,0.608948,0.680115,0.393433,0.108704,up
497333,-3.375,10.847656,-2.230469,-0.152344,0.179687,-0.144531,0.608948,0.680115,0.393433,0.108704,up
497338,-3.414063,10.886719,-2.230469,-0.152344,0.179687,-0.144531,0.609375,0.678162,0.395752,0.109863,up
497343,-3.375,10.964844,-2.230469,-0.265625,0.1875,-0.121094,0.609375,0.678162,0.395752,0.109863,up
497348,-3.375,10.921875,-2.195313,-0.265625,0.1875,-0.121094,0.609985,0.677063,0.396606,0.110718,up
497354,-3.300781,10.734375,-2.15625,-0.265625,0.1875,-0.121094,0.609985,0.677063,0.396606,0.110718,up
497359,-3.300781,10.621094,-2.195313,-0.376953,0.259766,-0.068359,0.609985,0.677063,0.396606,0.110718,up
497365,-3.183594,10.382813,-2.039063,-0.388672,0.298828,-0.050781,0.609985,0.677063,0.396606,0.110718,up
497370,-3.183594,10.234375,-2.078125,-0.355469,0.359375,-0.009766,0.61145,0.674194,0.398315,0.113586,up
497375,-3.144531,10.121094,-1.964844,-0.355469,0.359375,-0.009766,0.611938,0.672852,0.399292,0.115601,up
497380,-3.105469,10.0,-1.964844,-0.279297,0.416016,0.021484,0.611938,0.672852,0.399292,0.115601,up
497385,-3.105469,9.816406,-1.886719,-0.279297,0.416016,0.021484,0.612,0.671814,0.400269,0.117554,up
497390,-3.105469,9.695313,-1.808594,-0.128906,0.457031,0.0625,0.612,0.671814,0.400269,0.117554,up
497395,-3.070313,9.582031,-1.734375,-0.128906,0.457031,0.0625,0.611816,0.671448,0.400879,0.118652,up
497400,-3.070313,9.582031,-1.734375,0.039063,0.478516,0.091797,0.611816,0.671448,0.400879,0.118652,up
497405,-3.03125,9.433594,-1.695313,0.039063,0.478516,0.091797,0.610413,0.671265,0.402649,0.121399,up
497410,-3.03125,9.316406,-1.617188,0.039063,0.478516,0.091797,0.610413,0.671265,0.402649,0.121399,up
497415,-2.953125,9.238281,-1.542969,0.167969,0.486328,0.132812,0.610413,0.671265,0.402649,0.121399,up
497420,-2.914063,9.125,-1.503906,0.167969,0.486328,0.132812,0.608093,0.671814,0.404358,0.124023,up
497425,-2.914063,9.050781,-1.503906,0.167969,0.486328,0.132812,0.6073,0.671997,0.404968,0.124878,up
497430,-2.839844,8.773438,-1.464844,0.167969,0.486328,0.132812,0.6073,0.671997,0.404968,0.124878,up
497435,-2.800781,8.703125,-1.464844,0.132812,0.511719,0.134766,0.605652,0.672363,0.406189,0.126831,up
497440,-2.6875,8.507813,-1.425781,0.132812,0.511719,0.134766,0.604919,0.672485,0.406799,0.127747,up
497445,-2.6875,8.390625,-1.351563,0.132812,0.511719,0.134766,0.604919,0.672485,0.406799,0.127747,up
497450,-2.609375,8.390625,-1.425781,0.066406,0.580078,0.089844,0.604919,0.672485,0.406799,0.127747,up
497456,-2.609375,8.246094,-1.425781,0.066406,0.580078,0.089844,0.6026,0.672546,0.409119,0.130981,up
497462,-2.53125,8.207031,-1.390625,0.066406,0.580078,0.089844,0.601929,0.672546,0.40979,0.131958,up
497468,-2.496094,8.050781,-1.390625,0.066406,0.580078,0.089844,0.601257,0.672485,0.410645,0.132996,up
497474,-2.496094,8.046875,-1.464844,0.082031,0.626953,0.03125,0.601257,0.672485,0.410645,0.132996,up
497479,-2.457031,8.011719,-1.464844,0.095703,0.621094,0.009766,0.601257,0.672485,0.410645,0.132996,up
497484,-2.457031,8.046875,-1.464844,0.101563,0.595703,-0.015625,0.601257,0.672485,0.410645,0.132996,up
497489,-2.496094,8.085938,-1.390625,0.109375,0.601562,-0.029297,0.601257,0.672485,0.410645,0.132996,up
497494,-2.457031,8.164063,-1.425781,0.109375,0.601562,-0.029297,0.601257,0.672485,0.410645,0.132996,up
497499,-2.496094,8.246094,-1.542969,0.109375,0.601562,-0.029297,0.596375,0.671936,0.416687,0.138733,up
497505,-2.496094,8.324219,-1.617188,0.017578,0.628906,-0.121094,0.596375,0.671936,0.416687,0.138733,up
497510,-2.53125,8.511719,-1.617188,0.017578,0.628906,-0.121094,0.595032,0.671509,0.418762,0.14032,up
497516,-2.609375,8.628906,-1.734375,-0.029297,0.664062,-0.181641,0.59436,0.671082,0.420044,0.141235,up
497521,-2.6875,8.742188,-1.773438,-0.029297,0.664062,-0.181641,0.593201,0.670166,0.422485,0.142944,up
497526,-2.722656,8.929688,-1.847656,-0.029297,0.664062,-0.181641,0.59259,0.669556,0.424011,0.143982,up
497531,-2.800781,9.085938,-1.847656,-0.029297,0.664062,-0.181641,0.592163,0.668945,0.425293,0.144836,up
497536,-2.878906,9.160156,-1.808594,-0.150391,0.714844,-0.265625,0.591675,0.668152,0.426819,0.145874,up
497542,-2.992188,9.394531,-1.964844,-0.150391,0.714844,-0.265625,0.591309,0.667419,0.428223,0.14679,up
497548,-3.144531,9.617188,-2.0,-0.226562,0.734375,-0.283203,0.591309,0.667419,0.428223,0.14679,up
497553,-3.261719,9.738281,-2.0,-0.253906,0.740234,-0.283203,0.591309,0.667419,0.428223,0.14679,up
497558,-3.261719,9.933594,-2.039063,-0.283203,0.742187,-0.283203,0.591309,0.667419,0.428223,0.14679,up
497563,-3.335938,10.078125,-2.078125,-0.308594,0.738281,-0.292969,0.591309,0.667419,0.428223,0.14679,up
497568,-3.492188,10.382813,-2.117188,-0.308594,0.738281,-0.292969,0.591309,0.667419,0.428223,0.14679,up
497574,-3.605469,10.542969,-2.117188,-0.308594,0.738281,-0.292969,0.589905,0.661438,0.437012,0.153503,up
497580,-3.683594,10.660156,-2.195313,-0.369141,0.716797,-0.271484,0.589905,0.661438,0.437012,0.153503,up
497586,-3.835938,10.925781,-2.269531,-0.369141,0.716797,-0.271484,0.589661,0.65802,0.441101,0.157104,up
497591,-3.949219,11.042969,-2.308594,-0.396484,0.705078,-0.251953,0.5896,0.656799,0.442566,0.158447,up
497597,-4.066406,11.265625,-2.308594,-0.396484,0.705078,-0.251953,0.5896,0.655762,0.443726,0.159607,up
497602,-4.140625,11.347656,-2.269531,-0.435547,0.701172,-0.212891,0.5896,0.655762,0.443726,0.159607,up
497607,-4.179687,11.347656,-2.269531,-0.435547,0.701172,-0.212891,0.5896,0.655762,0.443726,0.159607,up
497613,-4.179687,11.347656,-2.269531,-0.460937,0.695312,-0.195312,0.589722,0.652222,0.447266,0.163635,up
497618,-4.179687,11.347656,-2.269531,-0.507812,0.681641,-0.15625,0.589844,0.651001,0.448364,0.1651,up
497623,-4.21875,11.230469,-2.195313,-0.507812,0.681641,-0.15625,0.589844,0.651001,0.448364,0.1651,up
497629,-4.21875,11.078125,-2.117188,-0.541016,0.673828,-0.132812,0.59021,0.64856,0.450317,0.168152,up
497635,-4.140625,10.964844,-2.078125,-0.619141,0.619141,-0.037109,0.59021,0.64856,0.450317,0.168152,up
497640,-4.027344,10.617188,-2.0,-0.619141,0.619141,-0.037109,0.590759,0.646057,0.451965,0.171387,up
497645,-3.910156,10.421875,-1.964844,-0.619141,0.619141,-0.037109,0.591064,0.644836,0.452576,0.173096,up
497651,-3.835938,10.199219,-1.925781,-0.640625,0.560547,0.074219,0.591064,0.644836,0.452576,0.173096,up
497656,-3.644531,9.660156,-1.695313,-0.640625,0.560547,0.074219,0.592102,0.641418,0.454102,0.178406,up
497661,-3.527344,9.472656,-1.617188,-0.640625,0.560547,0.074219,0.592346,0.640442,0.454407,0.180054,up
497666,-3.492188,9.195313,-1.695313,-0.53125,0.5625,0.179687,0.592346,0.640442,0.454407,0.180054,up
497671,-3.300781,8.855469,-1.65625,-0.53125,0.5625,0.179687,0.592651,0.638733,0.455017,0.183777,up
497676,-3.183594,8.628906,-1.617188,-0.53125,0.5625,0.179687,0.592651,0.638062,0.455261,0.185303,up
497681,-3.070313,8.472656,-1.542969,-0.339844,0.486328,0.226562,0.59259,0.637512,0.455505,0.186951,up
497687,-2.992188,8.246094,-1.390625,-0.339844,0.486328,0.226562,0.592407,0.637085,0.455688,0.188354,up
497693,-2.914063,8.089844,-1.425781,-0.160156,0.466797,0.244141,0.592407,0.637085,0.455688,0.188354,up
497699,-2.878906,7.9375,-1.425781,-0.117188,0.439453,0.253906,0.592407,0.637085,0.455688,0.188354,up
497704,-2.839844,7.820312,-1.390625,-0.091797,0.410156,0.267578,0.592407,0.637085,0.455688,0.188354,up
497710,-2.722656,7.742187,-1.351563,-0.076172,0.384766,0.269531,0.592407,0.637085,0.455688,0.188354,up
497715,-2.6875,7.664062,-1.3125,-0.076172,0.384766,0.269531,0.590332,0.636658,0.456543,0.194397,up
497721,-2.6875,7.625,-1.351563,-0.083984,0.375,0.269531,0.590332,0.636658,0.456543,0.194397,up
497726,-2.648438,7.554687,-1.425781,-0.083984,0.355469,0.267578,0.590332,0.636658,0.456543,0.194397,up
497732,-2.609375,7.515625,-1.390625,-0.083984,0.355469,0.267578,0.588684,0.636597,0.456848,0.198669,up
497737,-2.570313,7.476562,-1.390625,-0.089844,0.310547,0.208984,0.588684,0.636597,0.456848,0.198669,up
497742,-2.53125,7.480469,-1.425781,-0.085937,0.294922,0.191406,0.588074,0.636475,0.457031,0.2005,up
497748,-2.570313,7.398437,-1.503906,-0.085937,0.294922,0.191406,0.587769,0.636414,0.457153,0.201416,up
497754,-2.570313,7.359375,-1.503906,-0.064453,0.283203,0.148437,0.587769,0.636414,0.457153,0.201416,up
497759,-2.609375,7.363281,-1.542969,-0.039063,0.259766,0.132812,0.587769,0.636414,0.457153,0.201416,up
497764,-2.648438,7.476562,-1.695313,-0.001953,0.246094,0.103516,0.587769,0.636414,0.457153,0.201416,up
497769,-2.648438,7.515625,-1.734375,0.033203,0.214844,0.078125,0.587769,0.636414,0.457153,0.201416,up
497775,-2.6875,7.589844,-1.773438,0.074219,0.175781,0.052734,0.587769,0.636414,0.457153,0.201416,up
497780,-2.6875,7.707031,-1.773438,0.169922,0.138672,-0.023437,0.587769,0.636414,0.457153,0.201416,up
497785,-2.878906,7.96875,-1.964844,0.169922,0.138672,-0.023437,0.585388,0.636536,0.458557,0.204651,up
497790,-2.839844,8.125,-2.039063,0.169922,0.138672,-0.023437,0.584961,0.636658,0.458923,0.204651,up
497796,-2.914063,8.320313,-2.078125,0.263672,0.052734,-0.136719,0.584961,0.636658,0.458923,0.204651,up
497801,-2.953125,8.585938,-2.195313,0.263672,0.052734,-0.136719,0.58374,0.637207,0.460205,0.203674,up
497806,-3.03125,8.777344,-2.347656,0.263672,0.052734,-0.136719,0.583313,0.63739,0.460693,0.203064,up
497811,-3.144531,9.316406,-2.539063,0.263672,0.052734,-0.136719,0.583313,0.63739,0.460693,0.203064,up
497816,-3.183594,9.65625,-2.613281,0.277344,-0.015625,-0.257813,0.583313,0.63739,0.460693,0.203064,up
497821,-3.300781,10.273438,-2.84375,0.277344,-0.015625,-0.257813,0.582397,0.637756,0.462219,0.201111,up
497826,-3.335938,10.582031,-2.921875,0.277344,-0.015625,-0.257813,0.582397,0.637756,0.462219,0.201111,up
497831,-3.375,10.84375,-3.113281,0.171875,-0.027344,-0.263672,0.582153,0.637634,0.463196,0.199829,up
497836,-3.375,11.152344,-3.226563,0.171875,-0.027344,-0.263672,0.582275,0.63739,0.463623,0.199341,up
497841,-3.335938,11.265625,-3.265625,0.171875,-0.027344,-0.263672,0.582458,0.637146,0.463928,0.199036,up
497846,-3.300781,11.304688,-3.304688,0.171875,-0.027344,-0.263672,0.582458,0.637146,0.463928,0.199036,up
497851,-3.222656,11.265625,-3.417969,-0.173828,-0.021484,-0.166016,0.582458,0.637146,0.463928,0.199036,up
497856,-3.070313,11.082031,-3.382813,-0.173828,-0.021484,-0.166016,0.583496,0.635864,0.464539,0.198669,up
497861,-2.992188,10.882813,-3.382813,-0.25,-0.013672,-0.09375,0.583496,0.635864,0.464539,0.198669,up
497866,-2.878906,10.695313,-3.34375,-0.25,-0.013672,-0.09375,0.584412,0.634888,0.464539,0.198975,up
497871,-2.722656,10.234375,-3.191406,-0.25,-0.013672,-0.09375,0.584412,0.634888,0.464539,0.198975,up
497876,-2.609375,9.960938,-3.113281,-0.25,0.042969,0.021484,0.584839,0.634399,0.464539,0.19928,up
497881,-2.53125,9.8125,-3.074219,-0.25,0.042969,0.021484,0.585205,0.633972,0.464417,0.199646,up
497886,-2.496094,9.578125,-3.074219,-0.205078,0.068359,0.044922,0.585632,0.633423,0.464294,0.200439,up
497891,-2.339844,9.238281,-2.996094,-0.205078,0.068359,0.044922,0.585632,0.633423,0.464294,0.200439,up
497896,-2.304688,9.089844,-2.960938,0.03125,0.087891,0.109375,0.585693,0.633301,0.464233,0.200928,up
497901,-2.265625,9.007813,-2.921875,0.03125,0.087891,0.109375,0.585571,0.633362,0.464233,0.201233,up
497907,-2.226563,8.933594,-2.882813,0.146484,0.097656,0.117188,0.585571,0.633362,0.464233,0.201233,up
497913,-2.304688,8.96875,-2.804688,0.146484,0.097656,0.117188,0.584229,0.634338,0.464355,0.201599,up
497919,-2.226563,9.046875,-2.804688,0.382813,0.076172,0.132812,0.584229,0.634338,0.464355,0.201599,up
497924,-2.226563,9.046875,-2.730469,0.404297,0.058594,0.119141,0.582703,0.63562,0.4646,0.201416,up
497929,-2.304688,9.238281,-2.691406,0.416016,0.035156,0.121094,0.582703,0.63562,0.4646,0.201416,up
497934,-2.339844,9.316406,-2.691406,0.392578,0.041016,0.107422,0.582703,0.63562,0.4646,0.201416,up
497939,-2.378906,9.351563,-2.769531,0.353516,0.035156,0.097656,0.582703,0.63562,0.4646,0.201416,up
497945,-2.417969,9.394531,-2.84375,0.267578,0.003906,0.083984,0.582703,0.63562,0.4646,0.201416,up
497950,-2.378906,9.511719,-2.730469,0.267578,0.003906,0.083984,0.582703,0.63562,0.4646,0.201416,up
497955,-2.378906,9.546875,-2.691406,0.267578,0.003906,0.083984,0.579346,0.638855,0.464844,0.200439,up
497961,-2.417969,9.546875,-2.804688,-0.130859,-0.027344,0.048828,0.579346,0.638855,0.464844,0.200439,up
497966,-2.417969,9.429688,-2.921875,-0.130859,-0.027344,0.048828,0.579712,0.638672,0.464355,0.200867,up
497971,-2.417969,9.390625,-2.921875,-0.130859,-0.027344,0.048828,0.579712,0.638672,0.464355,0.200867,up
497976,-2.417969,9.3125,-2.960938,-0.302734,-0.041016,0.029297,0.579712,0.638672,0.464355,0.200867,up
497981,-2.417969,9.277344,-2.996094,-0.302734,-0.041016,0.029297,0.580688,0.638,0.463867,0.201538,up
497986,-2.378906,9.199219,-3.074219,-0.302734,-0.041016,0.029297,0.581665,0.637207,0.46344,0.202209,up
497991,-2.378906,9.128906,-3.074219,-0.302734,-0.041016,0.029297,0.581665,0.637207,0.46344,0.202209,up
497996,-2.339844,9.125,-3.035156,-0.171875,-0.037109,0.029297,0.581665,0.637207,0.46344,0.202209,up
498001,-2.339844,9.046875,-3.074219,-0.171875,-0.037109,0.029297,0.582397,0.636658,0.463013,0.202698,up
498007,-2.339844,9.011719,-3.074219,-0.113281,-0.027344,0.033203,0.582764,0.636414,0.462769,0.203064,up
498012,-2.265625,8.96875,-3.074219,0.013672,-0.029297,0.052734,0.582825,0.636414,0.462646,0.203125,up
498017,-2.1875,8.96875,-3.035156,0.013672,-0.029297,0.052734,0.582764,0.636536,0.462524,0.203125,up
498022,-2.1875,8.933594,-3.035156,0.013672,-0.029297,0.052734,0.582642,0.636719,0.462463,0.203125,up
498027,-2.148438,8.929688,-3.035156,0.136719,-0.017578,0.066406,0.582458,0.636963,0.462402,0.203064,up
498032,-2.148438,8.890625,-3.035156,0.136719,-0.017578,0.066406,0.582214,0.637207,0.462341,0.203003,up
498037,-2.148438,8.933594,-3.074219,0.136719,-0.017578,0.066406,0.581909,0.637573,0.46228,0.202942,up
498043,-2.074219,8.972656,-3.113281,0.136719,-0.017578,0.066406,0.581604,0.637939,0.462219,0.202881,up
498048,-2.074219,8.972656,-3.113281,0.199219,-0.003906,0.097656,0.581177,0.638306,0.462219,0.202759,up
498053,-2.074219,8.933594,-3.074219,0.203125,0.001953,0.089844,0.581177,0.638306,0.462219,0.202759,up
498059,-2.074219,9.007813,-3.074219,0.203125,0.001953,0.089844,0.580505,0.639038,0.462158,0.202637,up
498064,-2.113281,9.007813,-3.113281,0.214844,0.011719,0.083984,0.580078,0.639465,0.462158,0.202576,up
498069,-2.113281,9.085938,-3.113281,0.214844,0.015625,0.087891,0.580078,0.639465,0.462158,0.202576,up
498074,-2.148438,9.128906,-3.226563,0.214844,0.015625,0.087891,0.579285,0.640198,0.462219,0.202454,up
498079,-2.1875,9.15625,-3.191406,0.177734,0.023437,0.064453,0.579285,0.640198,0.462219,0.202454,up
498084,-2.1875,9.238281,-3.152344,0.177734,0.011719,0.060547,0.579285,0.640198,0.462219,0.202454,up
498089,-2.226563,9.355469,-3.191406,0.175781,0.027344,0.046875,0.579285,0.640198,0.462219,0.202454,up
498094,-2.265625,9.46875,-3.265625,0.175781,0.027344,0.046875,0.579285,0.640198,0.462219,0.202454,up
498099,-2.378906,9.546875,-3.265625,0.160156,0.044922,0.037109,0.579285,0.640198,0.462219,0.202454,up
498105,-2.378906,9.546875,-3.265625,0.130859,0.033203,0.033203,0.579285,0.640198,0.462219,0.202454,up
498110,-2.417969,9.546875,-3.265625,0.130859,0.033203,0.033203,0.576965,0.642029,0.462708,0.202087,up
498115,-2.457031,9.578125,-3.265625,0.130859,0.033203,0.033203,0.576965,0.642029,0.462708,0.202087,up
498120,-2.496094,9.617188,-3.265625,0.130859,0.033203,0.033203,0.576599,0.642273,0.46283,0.202148,up
498126,-2.53125,9.582031,-3.265625,0.027344,0.041016,0.042969,0.576599,0.642273,0.46283,0.202148,up
498131,-2.53125,9.582031,-3.191406,-0.037109,0.048828,0.041016,0.576355,0.642334,0.46283,0.202393,up
498136,-2.53125,9.582031,-3.191406,-0.037109,0.048828,0.041016,0.576294,0.642334,0.462891,0.202637,up
498141,-2.53125,9.546875,-3.226563,-0.068359,0.046875,0.054687,0.576294,0.642334,0.462891,0.202637,up
498146,-2.53125,9.507813,-3.191406,-0.068359,0.046875,0.054687,0.576294,0.642212,0.46283,0.203064,up
498151,-2.496094,9.433594,-3.152344,-0.068359,0.046875,0.054687,0.576355,0.64209,0.462769,0.203369,up
498157,-2.457031,9.351563,-3.113281,-0.044922,0.03125,0.083984,0.576355,0.64209,0.462769,0.203369,up
498162,-2.457031,9.3125,-3.113281,-0.044922,0.03125,0.083984,0.576355,0.642029,0.462585,0.204102,up
498168,-2.339844,9.160156,-3.113281,-0.044922,0.03125,0.083984,0.576294,0.642029,0.462524,0.204346,up
498173,-2.304688,9.125,-3.074219,0.0,0.035156,0.097656,0.576233,0.64209,0.462402,0.20459,up
498178,-2.304688,9.089844,-3.035156,0.039063,0.029297,0.107422,0.576233,0.64209,0.462402,0.20459,up
498183,-2.265625,9.046875,-3.035156,0.039063,0.029297,0.107422,0.575928,0.642395,0.462219,0.204956,up
498188,-2.1875,9.085938,-3.035156,0.039063,0.029297,0.107422,0.575684,0.642578,0.462158,0.205078,up
498193,-2.1875,9.085938,-2.996094,0.128906,0.017578,0.111328,0.575684,0.642578,0.462158,0.205078,up
498198,-2.1875,9.085938,-2.996094,0.158203,0.013672,0.105469,0.575684,0.642578,0.462158,0.205078,up
498203,-2.1875,9.085938,-2.996094,0.158203,0.013672,0.105469,0.574768,0.643494,0.461975,0.2052,up
498209,-2.1875,9.195313,-2.996094,0.158203,0.013672,0.105469,0.574463,0.643799,0.461975,0.2052,up
498216,-2.265625,9.234375,-2.996094,0.166016,0.009766,0.091797,0.574463,0.643799,0.461975,0.2052,up
498222,-2.304688,9.277344,-3.074219,0.136719,0.001953,0.076172,0.574463,0.643799,0.461975,0.2052,up
498227,-2.339844,9.351563,-3.035156,0.136719,0.001953,0.076172,0.573242,0.644958,0.461853,0.205139,up
498232,-2.378906,9.46875,-3.035156,0.091797,0.005859,0.058594,0.573242,0.644958,0.461853,0.205139,up
498237,-2.496094,9.511719,-3.074219,0.091797,0.005859,0.058594,0.572876,0.645325,0.461792,0.2052,up
502958,-1.34375,9.890625,-1.964844,-0.001953,-0.0625,0.039063,0.617065,0.717957,0.291321,0.137451,up
502963,-1.34375,9.933594,-2.0,-0.001953,-0.0625,0.039063,0.617187,0.71814,0.29071,0.137207,up
502968,-1.308594,9.929688,-1.964844,-0.001953,-0.0625,0.039063,0.617249,0.71814,0.290649,0.137207,up
502973,-1.269531,10.039063,-1.964844,0.005859,-0.005859,0.019531,0.617187,0.718201,0.290527,0.137207,up
502979,-1.269531,10.195313,-2.0,0.005859,-0.005859,0.019531,0.617187,0.718201,0.290527,0.137207,up
502985,-1.191406,10.316406,-1.925781,0.005859,-0.005859,0.019531,0.617187,0.718201,0.290527,0.137268,up
502990,-1.191406,10.382813,-2.0,-0.041016,0.060547,-0.017578,0.617187,0.718201,0.290527,0.137268,up
502996,-1.152344,10.464844,-2.0,-0.064453,0.089844,-0.033203,0.617187,0.718201,0.290527,0.137268,up
503001,-1.152344,10.542969,-2.0,-0.064453,0.089844,-0.033203,0.617371,0.717834,0.290894,0.137634,up
503006,-1.117188,10.699219,-1.847656,-0.064453,0.089844,-0.033203,0.617371,0.717834,0.290894,0.137634,up
503011,-1.039063,10.734375,-1.886719,-0.064453,0.089844,-0.033203,0.617554,0.717346,0.291443,0.138123,up
503016,-1.078125,10.84375,-1.847656,-0.171875,0.201172,-0.078125,0.617554,0.717346,0.291443,0.138123,up
503022,-1.039063,10.921875,-1.734375,-0.171875,0.201172,-0.078125,0.617981,0.716553,0.292236,0.138855,up
503027,-1.0,10.921875,-1.734375,-0.361328,0.320313,-0.091797,0.618286,0.716003,0.292664,0.139343,up
503032,-0.960937,10.964844,-1.617188,-0.361328,0.320313,-0.091797,0.618713,0.715271,0.293152,0.140015,up
503038,-1.0,11.039063,-1.582031,-0.470703,0.380859,-0.109375,0.619141,0.714539,0.29364,0.140686,up
503043,-0.960937,11.078125,-1.542969,-0.470703,0.380859,-0.109375,0.620422,0.712585,0.294922,0.142517,up
503048,-0.960937,11.117188,-1.503906,-0.5625,0.4375,-0.115234,0.621094,0.711548,0.295593,0.143433,up
503054,-1.0,11.230469,-1.425781,-0.5625,0.4375,-0.115234,0.621826,0.710449,0.296204,0.144409,up
503059,-1.0,11.304688,-1.425781,-0.5625,0.4375,-0.115234,0.62262,0.709229,0.296936,0.145447,up
503064,-1.0,11.421875,-1.425781,-0.685547,0.529297,-0.167969,0.62262,0.709229,0.296936,0.145447,up
503069,-1.039063,11.53125,-1.425781,-0.724609,0.556641,-0.179687,0.62262,0.709229,0.296936,0.145447,up
503074,-1.039063,11.53125,-1.425781,-0.761719,0.585937,-0.207031,0.62262,0.709229,0.296936,0.145447,up
503080,-1.117188,11.882813,-1.351563,-0.761719,0.585937,-0.207031,0.626343,0.703369,0.300598,0.150391,up
503086,-1.152344,11.957031,-1.351563,-0.867187,0.654297,-0.261719,0.626343,0.703369,0.300598,0.150391,up
503091,-1.191406,12.070313,-1.234375,-0.933594,0.693359,-0.279297,0.626343,0.703369,0.300598,0.150391,up
503096,-1.230469,12.074219,-1.082031,-1.005859,0.734375,-0.300781,0.626343,0.703369,0.300598,0.150391,up
503101,-1.269531,12.070313,-1.007813,-1.085938,0.771484,-0.308594,0.626343,0.703369,0.300598,0.150391,up
503106,-1.34375,12.03125,-0.890625,-1.175781,0.8125,-0.320313,0.626343,0.703369,0.300598,0.150391,up
503111,-1.308594,11.925781,-0.777344,-1.175781,0.8125,-0.320313,0.634399,0.690674,0.308105,0.159912,up
503117,-1.421875,11.84375,-0.546875,-1.175781,0.8125,-0.320313,0.634399,0.690674,0.308105,0.159912,up
503123,-1.5,11.769531,-0.394531,-1.458984,0.943359,-0.347656,0.640015,0.681885,0.312622,0.166382,up
503128,-1.5,11.1875,-0.238281,-1.458984,0.943359,-0.347656,0.641968,0.678772,0.314148,0.16864,up
503133,-1.574219,11.191406,-0.203125,-1.458984,0.943359,-0.347656,0.641968,0.678772,0.314148,0.16864,up
503138,-1.574219,11.191406,-0.203125,-1.695313,1.056641,-0.388672,0.644104,0.675415,0.315735,0.171082,up
503143,-1.613281,11.1875,-0.085937,-1.769531,1.027344,-0.396484,0.644104,0.675415,0.315735,0.171082,up
503148,-1.574219,10.882813,0.179687,-1.814453,0.984375,-0.410156,0.644104,0.675415,0.315735,0.171082,up
503153,-1.574219,10.882813,0.179687,-1.84375,0.996094,-0.431641,0.651184,0.664429,0.320313,0.178406,up
503160,-1.652344,10.699219,0.410156,-1.84375,0.996094,-0.431641,0.656189,0.656616,0.323425,0.18335,up
503166,-1.726563,10.734375,0.488281,-1.84375,0.996094,-0.431641,0.656189,0.656616,0.323425,0.18335,up
503172,-1.804688,10.847656,0.601562,-1.923828,1.013672,-0.548828,0.656189,0.656616,0.323425,0.18335,up
503177,-1.84375,10.882813,0.71875,-1.896484,1.017578,-0.650391,0.656189,0.656616,0.323425,0.18335,up
503182,-2.035156,11.039063,0.757812,-1.896484,1.017578,-0.650391,0.666382,0.64032,0.330017,0.192444,up
503187,-2.148438,11.191406,0.792969,-1.896484,1.017578,-0.650391,0.668945,0.635986,0.331909,0.19458,up
503192,-2.1875,11.382813,0.792969,-1.947266,1.003906,-0.757812,0.668945,0.635986,0.331909,0.19458,up
503198,-2.226563,11.53125,1.023438,-2.005859,0.966797,-0.810547,0.668945,0.635986,0.331909,0.19458,up
503203,-2.304688,11.53125,1.101563,-2.005859,0.966797,-0.810547,0.680542,0.616882,0.339722,0.202271,up
503208,-2.378906,11.425781,1.0625,-2.408203,0.890625,-0.962891,0.680542,0.616882,0.339722,0.202271,up
503213,-2.417969,11.613281,1.0625,-2.408203,0.890625,-0.962891,0.687134,0.606506,0.343079,0.205688,up
503218,-2.496094,11.691406,0.949219,-2.408203,0.890625,-0.962891,0.690613,0.601074,0.344543,0.207458,up
503223,-2.417969,11.609375,0.640625,-2.408203,0.890625,-0.962891,0.695068,0.594116,0.346313,0.209778,up
503228,-2.457031,11.460938,0.488281,-3.25,1.060547,-0.974609,0.695068,0.594116,0.346313,0.209778,up
503233,-2.570313,11.5,0.335938,-3.25,1.060547,-0.974609,0.703491,0.580444,0.349243,0.214905,up
503238,-2.570313,11.078125,0.410156,-3.25,1.060547,-0.974609,0.703491,0.580444,0.349243,0.214905,up
503243,-2.496094,10.84375,0.410156,-3.707031,1.162109,-0.923828,0.70813,0.572754,0.350647,0.218018,up
503248,-2.496094,10.84375,0.410156,-3.933594,1.244141,-0.910156,0.712952,0.564636,0.351929,0.221375,up
503253,-2.609375,10.039063,1.023438,-3.933594,1.244141,-0.910156,0.717957,0.555969,0.353271,0.225098,up
503258,-2.609375,10.039063,1.023438,-4.244141,1.464844,-0.923828,0.723083,0.546631,0.354675,0.229126,up
503264,-2.761719,9.390625,0.757812,-4.244141,1.464844,-0.923828,0.732788,0.527771,0.35791,0.237427,up
503270,-2.878906,8.851563,1.367188,-4.244141,1.464844,-0.923828,0.73761,0.517822,0.359741,0.241638,up
503275,-2.953125,8.320313,1.867188,-4.244141,1.464844,-0.923828,0.741943,0.508423,0.361633,0.245483,up
503281,-2.953125,8.089844,1.90625,-3.794922,1.728516,-1.162109,0.741943,0.508423,0.361633,0.245483,up
503287,-3.070313,7.972656,1.789063,-3.580078,1.78125,-1.240234,0.741943,0.508423,0.361633,0.245483,up
503293,-3.375,8.046875,1.867188,-3.222656,1.742188,-1.384766,0.741943,0.508423,0.361633,0.245483,up
503298,-3.375,8.046875,1.867188,-3.222656,1.742188,-1.384766,0.756409,0.47229,0.371826,0.257996,up
503303,-3.492188,8.242188,2.171875,-3.09375,1.654297,-1.433594,0.756409,0.47229,0.371826,0.257996,up
503308,-3.492188,8.242188,2.171875,-2.972656,1.580078,-1.482422,0.762329,0.455872,0.377319,0.262085,up
503313,-3.757813,8.511719,2.785156,-2.972656,1.580078,-1.482422,0.762329,0.455872,0.377319,0.262085,up
503318,-4.027344,9.050781,2.671875,-2.90625,1.558594,-1.5,0.770569,0.431702,0.385376,0.267029,up
503323,-4.101562,9.390625,2.710938,-2.90625,1.558594,-1.5,0.770569,0.431702,0.385376,0.267029,up
503328,-4.179687,9.433594,2.519531,-3.033203,1.443359,-1.486328,0.776245,0.414978,0.390076,0.270203,up
503333,-4.332031,9.472656,2.363281,-3.033203,1.443359,-1.486328,0.776245,0.414978,0.390076,0.270203,up
503338,-4.488281,9.316406,2.25,-3.667969,1.357422,-1.501953,0.776245,0.414978,0.390076,0.270203,up
503343,-4.371094,9.011719,2.363281,-3.667969,1.357422,-1.501953,0.782532,0.396667,0.393982,0.273926,up
503349,-4.371094,9.011719,2.363281,-4.080078,1.244141,-1.474609,0.789612,0.376709,0.396545,0.278137,up
503354,-4.332031,8.429688,2.402344,-4.210937,1.261719,-1.470703,0.793457,0.36554,0.397522,0.28064,up
503359,-4.410156,7.628906,2.171875,-4.210937,1.261719,-1.470703,0.796875,0.355225,0.398376,0.28302,up
503365,-4.488281,7.015625,2.328125,-4.210937,1.261719,-1.470703,0.800354,0.344299,0.399231,0.285522,up
503370,-4.488281,6.59375,2.441406,-4.361328,1.359375,-1.457031,0.800354,0.344299,0.399231,0.285522,up
503375,-4.488281,6.59375,2.441406,-4.302734,1.359375,-1.462891,0.807007,0.321838,0.400818,0.290649,up
503380,-4.488281,6.59375,2.441406,-4.171875,1.369141,-1.46875,0.810059,0.310913,0.401611,0.292969,up
503385,-4.410156,5.832031,2.785156,-4.171875,1.369141,-1.46875,0.810059,0.310913,0.401611,0.292969,up
503390,-4.449219,5.527344,3.015625,-3.955078,1.363281,-1.486328,0.810059,0.310913,0.401611,0.292969,up
503395,-4.449219,5.527344,3.015625,-3.357422,1.230469,-1.546875,0.81781,0.280212,0.404602,0.298218,up
503401,-4.523437,5.445312,4.050781,-3.357422,1.230469,-1.546875,0.820007,0.271362,0.405701,0.299011,up
503406,-4.601562,5.292969,4.089844,-2.679688,0.978516,-1.587891,0.820007,0.271362,0.405701,0.299011,up
503411,-4.640625,5.210937,4.128906,-2.384766,0.828125,-1.605469,0.820007,0.271362,0.405701,0.299011,up
503416,-4.523437,5.292969,4.242187,-2.134766,0.628906,-1.615234,0.820007,0.271362,0.405701,0.299011,up
503421,-4.640625,5.140625,4.355469,-2.134766,0.628906,-1.615234,0.820007,0.271362,0.405701,0.299011,up
503427,-4.753906,5.101562,4.355469,-2.134766,0.628906,-1.615234,0.829773,0.236633,0.409424,0.296509,up
503433,-4.871094,5.066406,4.242187,-1.804688,-0.101563,-1.619141,0.829773,0.236633,0.409424,0.296509,up
503438,-4.945312,5.105469,4.203125,-1.804688,-0.101563,-1.619141,0.834167,0.225586,0.408875,0.293457,up
503443,-5.09375,4.910156,4.242187,-1.845703,-0.265625,-1.59375,0.836609,0.220154,0.40802,0.29187,up
503448,-5.09375,4.910156,4.242187,-1.890625,-0.396484,-1.548828,0.83905,0.214905,0.40686,0.290283,up
503453,-5.25,4.71875,3.859375,-1.890625,-0.396484,-1.548828,0.841553,0.209778,0.405396,0.288757,up
503458,-5.25,4.71875,3.859375,-1.804688,-0.542969,-1.439453,0.844177,0.204651,0.403687,0.287231,up
503464,-5.214844,4.757812,3.667969,-1.804688,-0.542969,-1.439453,0.849304,0.195007,0.399902,0.284119,up
503469,-5.292969,4.71875,3.746094,-1.804688,-0.542969,-1.439453,0.851318,0.191406,0.398254,0.282837,up
503475,-5.253906,4.679687,3.859375,-1.804688,-0.542969,-1.439453,0.853455,0.187805,0.396423,0.281372,up
503480,-5.210937,4.679687,4.089844,-1.804688,-0.542969,-1.439453,0.855591,0.184692,0.394531,0.279663,up
503486,-5.289062,4.640625,4.128906,-0.837891,-0.761719,-1.091797,0.855591,0.184692,0.394531,0.279663,up
503491,-5.328125,4.792969,4.28125,-0.837891,-0.761719,-1.091797,0.859314,0.180115,0.391113,0.27594,up
503496,-5.332031,4.949219,4.28125,-0.513672,-0.914062,-1.130859,0.861267,0.178345,0.389282,0.273682,up
503501,-5.367187,5.023437,4.355469,-0.492187,-1.005859,-1.177734,0.861267,0.178345,0.389282,0.273682,up
503507,-5.410156,5.0625,4.355469,-0.492187,-1.005859,-1.177734,0.865295,0.175232,0.385254,0.268616,up
503512,-5.292969,5.0625,4.511719,-0.492187,-1.005859,-1.177734,0.865295,0.175232,0.385254,0.268616,up
503517,-5.210937,5.0625,4.585937,-0.492187,-1.005859,-1.177734,0.869751,0.171692,0.38031,0.263367,up
503522,-5.210937,4.988281,4.703125,-0.910156,-1.414063,-1.304688,0.869751,0.171692,0.38031,0.263367,up
503527,-5.09375,4.871094,4.777344,-0.910156,-1.414063,-1.304688,0.875,0.166992,0.373962,0.258118,up
503532,-4.984375,4.527344,4.933594,-0.910156,-1.414063,-1.304688,0.875,0.166992,0.373962,0.258118,up
503538,-4.984375,4.527344,4.933594,-1.283203,-1.708984,-1.224609,0.880554,0.161682,0.366394,0.253479,up
503543,-4.832031,3.683594,5.128906,-1.318359,-1.802734,-1.201172,0.883423,0.158813,0.362244,0.251282,up
503548,-4.832031,3.683594,5.128906,-1.357422,-1.863281,-1.171875,0.883423,0.158813,0.362244,0.251282,up
503553,-4.832031,3.683594,5.128906,-1.357422,-1.863281,-1.171875,0.889282,0.153137,0.35321,0.247009,up
503558,-4.832031,3.683594,5.128906,-1.052734,-1.990234,-1.134766,0.89209,0.150757,0.348633,0.244751,up
503564,-4.753906,3.339844,5.46875,-0.734375,-2.191406,-1.150391,0.89209,0.150757,0.348633,0.244751,up
503569,-4.871094,3.378906,5.621094,-0.734375,-2.191406,-1.150391,0.900757,0.14624,0.333679,0.236633,up
503574,-5.136719,3.222656,5.007812,-0.734375,-2.191406,-1.150391,0.900757,0.14624,0.333679,0.236633,up
503579,-4.179687,3.644531,4.46875,-0.470703,-2.271484,-1.158203,0.900757,0.14624,0.333679,0.236633,up
503585,-4.101562,4.21875,5.15625,-0.470703,-2.271484,-1.158203,0.908569,0.144226,0.319214,0.227417,up
503590,-3.988281,3.914063,5.355469,-0.279297,-2.193359,-1.291016,0.911194,0.14386,0.314392,0.223938,up
503596,-3.875,4.027344,5.234375,-0.339844,-2.152344,-1.302734,0.911194,0.14386,0.314392,0.223938,up
503602,-3.757813,4.257812,5.199219,-0.339844,-2.152344,-1.302734,0.916138,0.142578,0.305298,0.217102,up
503608,-3.757813,4.21875,5.355469,-0.638672,-1.980469,-1.306641,0.916138,0.142578,0.305298,0.217102,up
503613,-3.71875,3.992188,5.429687,-0.808594,-1.867188,-1.257813,0.916138,0.142578,0.305298,0.217102,up
503618,-3.683594,3.761719,5.542969,-0.808594,-1.867188,-1.257813,0.923279,0.138245,0.292053,0.207642,up
503623,-3.71875,3.261719,5.894531,-0.847656,-1.804688,-1.205078,0.925598,0.136292,0.28772,0.204712,up
503628,-3.71875,3.261719,5.894531,-0.861328,-1.757813,-1.142578,0.927734,0.134399,0.28363,0.202026,up
503633,-3.644531,2.839844,5.921875,-0.824219,-1.708984,-1.070313,0.927734,0.134399,0.28363,0.202026,up
503638,-3.796875,2.648438,6.160156,-0.691406,-1.671875,-1.001953,0.931763,0.130859,0.275513,0.197021,up
503643,-3.910156,2.535156,6.347656,-0.53125,-1.671875,-0.947266,0.931763,0.130859,0.275513,0.197021,up
503648,-3.875,2.457031,6.542969,-0.53125,-1.671875,-0.947266,0.935303,0.128784,0.2677,0.1922,up
503654,-3.835938,2.613281,6.964844,-0.058594,-1.783203,-0.947266,0.935303,0.128784,0.2677,0.1922,up
503659,-3.875,2.878906,7.003906,0.236328,-1.894531,-0.976562,0.940186,0.129944,0.255859,0.183594,up
503665,-3.988281,3.339844,6.921875,0.574219,-2.054688,-1.042969,0.941895,0.131592,0.251282,0.179871,up
503670,-4.257812,3.605469,6.765625,0.574219,-2.054688,-1.042969,0.943481,0.13324,0.247009,0.176331,up
503676,-4.179687,3.761719,6.699219,0.574219,-2.054688,-1.042969,0.944946,0.134949,0.24292,0.172913,up
503682,-4.257812,4.296875,7.082031,0.574219,-2.054688,-1.042969,0.946533,0.136902,0.238098,0.169067,up
503687,-4.257812,4.335937,7.0,0.519531,-2.308594,-1.109375,0.946533,0.136902,0.238098,0.169067,up
503693,-4.140625,4.296875,7.039062,0.519531,-2.308594,-1.109375,0.946533,0.136902,0.238098,0.169067,up
503698,-4.027344,4.296875,7.042969,0.234375,-2.259766,-1.099609,0.946533,0.136902,0.238098,0.169067,up
503704,-3.910156,4.488281,7.34375,0.109375,-2.222656,-1.072266,0.95459,0.141968,0.213806,0.151489,up
503709,-4.066406,3.992188,7.914062,0.109375,-2.222656,-1.072266,0.956116,0.142151,0.208923,0.148254,up
503714,-4.332031,3.761719,7.847656,0.109375,-2.222656,-1.072266,0.956116,0.142151,0.208923,0.148254,up
503719,-4.332031,3.761719,7.847656,0.052734,-2.134766,-0.919922,0.95752,0.142456,0.204224,0.145325,up
503724,-4.601562,3.339844,8.496094,0.242187,-2.197266,-0.884766,0.95752,0.142456,0.204224,0.145325,up
503729,-4.601562,3.339844,8.496094,0.443359,-2.349609,-0.875,0.95752,0.142456,0.204224,0.145325,up
503735,-4.832031,3.261719,8.878906,0.443359,-2.349609,-0.875,0.962769,0.148804,0.182922,0.132263,up
503740,-5.253906,3.875,8.375,0.443359,-2.349609,-0.875,0.964111,0.15271,0.175537,0.127686,up
503747,-5.175781,5.023437,8.230469,0.443359,-2.349609,-0.875,0.965149,0.156372,0.169434,0.123901,up
503753,-4.832031,5.484375,8.296875,1.882813,-3.982422,-1.146484,0.965149,0.156372,0.169434,0.123901,up
503758,-4.371094,5.945312,7.882812,1.986328,-4.267578,-1.179688,0.965149,0.156372,0.169434,0.123901,up
503764,-2.878906,6.480469,6.964844,1.951172,-4.414062,-1.195313,0.969604,0.177856,0.132935,0.102844,up
503769,-1.5,7.015625,6.464844,1.951172,-4.414062,-1.195313,0.969604,0.177856,0.132935,0.102844,up
503774,-0.003906,7.402344,6.042969,1.125,-3.78125,-0.888672,0.969604,0.177856,0.132935,0.102844,up
503779,-0.003906,7.402344,6.042969,1.125,-3.78125,-0.888672,0.971313,0.186401,0.114258,0.093323,up
503784,1.871094,7.167969,5.621094,1.125,-3.78125,-0.888672,0.971313,0.186401,0.114258,0.093323,up
503789,2.101563,6.398437,6.234375,0.263672,-2.376953,-0.5,0.971313,0.186401,0.114258,0.093323,up
503794,2.101563,6.398437,6.234375,-0.029297,-1.765625,-0.230469,0.973206,0.191467,0.095398,0.084717,up
503800,-0.195312,3.109375,8.835938,-0.029297,-1.765625,-0.230469,0.973999,0.191101,0.088562,0.083496,up
503805,-1.0,2.878906,9.414063,-0.423828,-1.082031,0.271484,0.974426,0.190369,0.085327,0.083679,up
503811,-1.882813,3.722656,10.792969,-0.423828,-1.082031,0.271484,0.974731,0.189758,0.082703,0.083923,up
503816,-2.1875,4.183594,10.90625,-0.306641,-1.384766,0.197266,0.974731,0.189758,0.082703,0.083923,up
503822,-1.996094,4.988281,10.640625,-0.306641,-1.384766,0.197266,0.975464,0.189026,0.075623,0.08374,up
503827,-1.5,5.484375,10.753906,0.289063,-1.806641,-0.091797,0.975464,0.189026,0.075623,0.08374,up
503833,-1.078125,5.90625,10.5625,0.6875,-1.957031,-0.199219,0.975464,0.189026,0.075623,0.08374,up
503838,-0.808594,6.785156,10.527344,0.6875,-1.957031,-0.199219,0.97583,0.193665,0.0625,0.080078,up
503844,-0.578125,6.863281,10.144531,1.34375,-2.099609,0.070312,0.97583,0.193665,0.0625,0.080078,up
503850,0.035156,7.167969,9.71875,1.246094,-2.042969,0.298828,0.97522,0.200439,0.052734,0.077271,up
503855,0.035156,7.167969,9.71875,0.974609,-1.888672,0.539062,0.974365,0.20697,0.043335,0.076477,up
503860,0.648437,6.976562,9.566406,0.599609,-1.630859,0.714844,0.973999,0.209595,0.03833,0.077087,up
503866,1.296875,6.328125,9.488281,0.599609,-1.630859,0.714844,0.973816,0.210693,0.03479,0.078064,up
503871,1.757813,5.675781,9.761719,0.599609,-1.630859,0.714844,0.973816,0.210693,0.030945,0.079651,up
503877,1.71875,4.449219,10.328125,0.599609,-1.630859,0.714844,0.973938,0.209961,0.02832,0.081177,up
503882,1.566406,4.144531,10.640625,-0.492187,-0.539062,0.720703,0.973938,0.209961,0.02832,0.081177,up
503887,1.414063,3.992188,10.988281,-0.289063,-0.320313,0.558594,0.973938,0.209961,0.02832,0.081177,up
503893,1.296875,4.144531,10.90625,0.027344,-0.132812,0.380859,0.973938,0.209961,0.02832,0.081177,up
503898,1.296875,4.144531,10.90625,0.34375,0.0,0.230469,0.973999,0.208313,0.023682,0.08606,up
503904,1.257813,4.375,10.910156,0.662109,0.113281,0.103516,0.973999,0.208313,0.023682,0.08606,up
503909,1.144531,4.792969,10.910156,1.054688,0.195312,0.019531,0.973206,0.211609,0.024353,0.08667,up
503914,1.144531,4.792969,10.910156,1.054688,0.195312,0.019531,0.973206,0.211609,0.024353,0.08667,up
503920,0.457031,6.441406,10.640625,1.404297,0.287109,-0.021484,0.970642,0.222534,0.027649,0.086853,up
503925,0.300781,7.398437,10.410156,1.404297,0.287109,-0.021484,0.969482,0.227295,0.029053,0.087097,up
503931,0.1875,7.628906,10.488281,1.404297,0.287109,-0.021484,0.968445,0.231262,0.030212,0.087463,up
503936,0.261719,7.667969,10.445313,1.402344,0.363281,0.302734,0.967468,0.234924,0.031311,0.088196,up
503942,0.261719,7.515625,10.367188,1.107422,0.369141,0.441406,0.967468,0.234924,0.031311,0.088196,up
503947,0.53125,7.246094,10.222656,1.107422,0.369141,0.441406,0.965881,0.240295,0.033142,0.090637,up
503952,0.761719,7.054687,10.140625,0.636719,0.435547,0.679687,0.965881,0.240295,0.033142,0.090637,up
503957,0.953125,6.75,10.140625,0.431641,0.53125,0.753906,0.965881,0.240295,0.033142,0.090637,up
503962,1.066406,6.289062,9.945313,0.431641,0.53125,0.753906,0.964233,0.24408,0.035889,0.09668,up
503967,0.839844,5.945312,9.878906,0.138672,0.791016,0.802734,0.964233,0.24408,0.035889,0.09668,up
503972,0.683594,5.714844,9.835938,0.087891,0.943359,0.753906,0.964233,0.24408,0.035889,0.09668,up
503977,0.492187,5.675781,9.878906,0.132812,1.060547,0.677734,0.964233,0.24408,0.035889,0.09668,up
503982,0.035156,5.253906,10.484375,0.132812,1.060547,0.677734,0.964233,0.24408,0.035889,0.09668,up
503988,0.035156,4.988281,10.640625,0.40625,1.166016,0.503906,0.964233,0.24408,0.035889,0.09668,up
503993,0.035156,4.792969,10.710938,0.626953,1.167969,0.453125,0.964233,0.24408,0.035889,0.09668,up
503999,-0.15625,4.988281,10.949219,0.886719,1.197266,0.433594,0.960022,0.250122,0.054138,0.113342,up
504004,-0.195312,5.179687,10.75,0.886719,1.197266,0.433594,0.960022,0.250122,0.054138,0.113342,up
504010,-0.273438,5.40625,10.644531,1.390625,1.261719,0.496094,0.95752,0.256409,0.060608,0.117126,up
504015,-0.273438,5.828125,10.527344,1.644531,1.298828,0.556641,0.956177,0.259766,0.063721,0.118958,up
504021,-0.65625,7.324219,10.179688,1.644531,1.298828,0.556641,0.954834,0.263123,0.066772,0.12085,up
504026,-0.65625,7.398437,10.105469,1.419922,1.328125,0.611328,0.953369,0.266479,0.070068,0.122986,up
504031,-0.503906,7.589844,10.066406,1.275391,1.335938,0.613281,0.953369,0.266479,0.070068,0.122986,up
504036,-0.386719,7.589844,9.878906,1.275391,1.335938,0.613281,0.953369,0.266479,0.070068,0.122986,up
504041,-0.386719,7.4375,9.796875,1.130859,1.398438,0.609375,0.949585,0.274231,0.079895,0.129517,up
504046,-0.386719,7.4375,9.796875,1.130859,1.398438,0.609375,0.949585,0.274231,0.079895,0.129517,up
504051,-0.65625,6.710937,9.257813,0.890625,1.654297,0.535156,0.949585,0.274231,0.079895,0.129517,up
504056,-0.65625,6.710937,9.257813,0.75,1.804688,0.511719,0.947266,0.277588,0.087646,0.134033,up
504061,-2.265625,6.058594,9.484375,0.603516,1.998047,0.517578,0.947266,0.277588,0.087646,0.134033,up
504066,-2.878906,5.828125,10.21875,0.677734,1.966797,0.541016,0.947266,0.277588,0.087646,0.134033,up
504072,-3.605469,6.25,9.527344,0.677734,1.966797,0.541016,0.942749,0.28186,0.105286,0.143738,up
504077,-2.53125,6.019531,9.457031,1.1875,1.720703,0.576172,0.941345,0.283875,0.109314,0.146057,up
504083,-1.691406,5.523437,9.761719,1.462891,1.658203,0.558594,0.941345,0.283875,0.109314,0.146057,up
504088,-2.226563,7.554687,9.566406,1.789063,1.763672,0.625,0.941345,0.283875,0.109314,0.146057,up
504093,-2.953125,8.511719,9.03125,2.210938,1.816406,0.660156,0.941345,0.283875,0.109314,0.146057,up
504099,-3.335938,9.085938,8.839844,2.523438,1.804688,0.675781,0.941345,0.283875,0.109314,0.146057,up
504104,-3.605469,10.042969,8.800781,2.552734,1.714844,0.720703,0.941345,0.283875,0.109314,0.146057,up
504109,-3.71875,10.347656,8.722656,2.552734,1.714844,0.720703,0.92749,0.309814,0.135559,0.159241,up
504115,-3.910156,10.316406,8.53125,1.894531,1.425781,0.931641,0.92749,0.309814,0.135559,0.159241,up
504120,-3.910156,10.238281,8.339844,1.320313,1.306641,1.039063,0.921021,0.320374,0.144836,0.167847,up
504125,-3.070313,9.316406,8.417969,1.320313,1.306641,1.039063,0.919861,0.320984,0.146484,0.171326,up
504130,-2.914063,8.164063,8.417969,1.320313,1.306641,1.039063,0.919861,0.320984,0.146484,0.171326,up
504135,-3.03125,7.515625,8.648438,-1.205078,0.808594,1.412109,0.919861,0.320984,0.146484,0.171326,up
504140,-3.03125,7.515625,8.648438,-1.205078,0.808594,1.412109,0.919067,0.318054,0.148071,0.179321,up
504145,-2.53125,5.5625,9.375,-1.394531,0.683594,1.458984,0.919189,0.315308,0.148071,0.183655,up
504150,-2.53125,5.5625,9.375,-1.445313,0.564453,1.484375,0.919373,0.312378,0.147705,0.188049,up
504155,-2.265625,5.332031,9.488281,-1.445313,0.564453,1.484375,0.919556,0.309326,0.147034,0.192505,up
504160,-2.265625,5.332031,9.488281,-1.224609,0.457031,1.478516,0.919678,0.306702,0.146362,0.196655,up
504165,-1.269531,5.023437,8.800781,-1.224609,0.457031,1.478516,0.919617,0.304443,0.145813,0.200928,up
504170,-1.152344,5.101562,8.722656,0.060547,0.634766,1.302734,0.91925,0.303101,0.145569,0.204773,up
504175,-0.960937,4.910156,8.535156,0.060547,0.634766,1.302734,0.917358,0.303528,0.146545,0.211792,up
504180,-0.769531,4.640625,8.574219,0.060547,0.634766,1.302734,0.915894,0.305237,0.147888,0.214661,up
504185,-0.578125,4.375,8.378906,0.060547,0.634766,1.302734,0.915894,0.305237,0.147888,0.214661,up
504190,-0.769531,4.601562,8.269531,1.443359,1.113281,0.857422,0.915894,0.305237,0.147888,0.214661,up
504195,-1.152344,5.140625,8.265625,1.443359,1.113281,0.857422,0.910095,0.313599,0.15509,0.221985,up
504200,-1.84375,6.558594,7.957031,1.443359,1.113281,0.857422,0.910095,0.313599,0.15509,0.221985,up
504205,-1.996094,7.246094,7.726562,1.130859,1.107422,0.806641,0.908142,0.316467,0.157837,0.224121,up
504210,-2.1875,7.824219,7.691406,1.130859,1.107422,0.806641,0.904358,0.321167,0.162964,0.228821,up
504215,-2.417969,8.164063,7.652344,0.564453,0.923828,0.939453,0.904358,0.321167,0.162964,0.228821,up
504220,-2.722656,8.007813,7.957031,0.564453,0.923828,0.939453,0.901611,0.323547,0.16626,0.234131,up
504225,-2.761719,7.707031,8.03125,0.564453,0.923828,0.939453,0.901611,0.323547,0.16626,0.234131,up
504230,-2.722656,7.4375,8.191406,0.113281,0.505859,1.142578,0.901611,0.323547,0.16626,0.234131,up
504235,-2.457031,7.167969,8.265625,0.113281,0.505859,1.142578,0.89856,0.325073,0.167725,0.242493,up
504240,-2.265625,6.902344,8.152344,0.113281,0.505859,1.142578,0.89856,0.325073,0.167725,0.242493,up
504245,-2.148438,6.632812,7.992187,-0.072266,0.302734,1.246094,0.896851,0.325439,0.167053,0.248657,up
504250,-1.804688,6.402344,7.914062,-0.072266,0.302734,1.246094,0.895996,0.325562,0.166382,0.251953,up
504255,-1.613281,6.210937,7.882812,-0.105469,0.212891,1.292969,0.895996,0.325562,0.166382,0.251953,up
504260,-1.421875,6.058594,7.886719,-0.105469,0.212891,1.292969,0.895264,0.325684,0.16571,0.254944,up
504265,-1.269531,5.828125,7.726562,-0.009766,0.246094,1.275391,0.893311,0.326416,0.164795,0.26123,up
504270,-1.152344,5.714844,7.691406,-0.009766,0.246094,1.275391,0.892334,0.327087,0.164734,0.263855,up
504275,-1.0,5.675781,7.460937,-0.009766,0.246094,1.275391,0.892334,0.327087,0.164734,0.263855,up
504280,-1.0,5.675781,7.460937,0.462891,0.533203,1.097656,0.890991,0.328186,0.165161,0.266846,up
504306,-1.882813,7.203125,7.191406,0.722656,0.828125,0.849609,0.881897,0.336609,0.173157,0.281006,up
504312,-2.265625,7.324219,7.382812,0.722656,0.828125,0.849609,0.880432,0.337891,0.174622,0.283264,up
504317,-2.457031,7.4375,7.460937,0.599609,0.712891,0.896484,0.878967,0.339111,0.175964,0.285522,up
504322,-2.457031,7.746094,7.460937,0.556641,0.611328,0.947266,0.878967,0.339111,0.175964,0.285522,up
504328,-2.378906,8.085938,7.308594,0.556641,0.611328,0.947266,0.876099,0.341492,0.177856,0.290222,up
504334,-2.304688,8.167969,7.269531,0.355469,0.441406,1.041016,0.876099,0.341492,0.177856,0.290222,up
504339,-2.226563,8.085938,7.113281,0.205078,0.382813,1.082031,0.876099,0.341492,0.177856,0.290222,up
504345,-2.113281,7.746094,7.113281,0.205078,0.382813,1.082031,0.876099,0.341492,0.177856,0.290222,up
504350,-1.996094,7.628906,7.078125,0.033203,0.296875,1.125,0.876099,0.341492,0.177856,0.290222,up
504355,-1.957031,7.363281,7.0,-0.052734,0.265625,1.136719,0.876099,0.341492,0.177856,0.290222,up
504360,-1.613281,7.015625,6.886719,-0.117188,0.277344,1.115234,0.869446,0.34491,0.17749,0.305969,up
504365,-1.382813,6.941406,6.847656,-0.117188,0.277344,1.115234,0.86853,0.345032,0.177063,0.308655,up
504370,-1.191406,6.863281,6.847656,-0.167969,0.376953,1.087891,0.867554,0.345032,0.176575,0.311646,up
504375,-1.039063,6.710937,6.808594,-0.167969,0.376953,1.087891,0.866699,0.34491,0.17627,0.314392,up
504381,-0.769531,6.328125,6.808594,-0.167969,0.376953,1.087891,0.864868,0.344666,0.17627,0.31958,up
504386,-0.769531,6.175781,6.84375,0.126953,0.671875,0.994141,0.863647,0.344727,0.176819,0.322571,up
504391,-0.847656,6.058594,6.921875,0.322266,0.771484,0.953125,0.862305,0.345093,0.177734,0.325256,up
504396,-0.925781,6.058594,6.882812,0.537109,0.835937,0.925781,0.862305,0.345093,0.177734,0.325256,up
504401,-1.269531,6.519531,7.0,0.537109,0.835937,0.925781,0.85907,0.346924,0.180603,0.3302,up
504406,-1.34375,6.785156,7.078125,0.849609,0.894531,0.896484,0.85907,0.346924,0.180603,0.3302,up
504411,-1.613281,7.363281,6.960937,0.849609,0.894531,0.896484,0.855408,0.349731,0.184143,0.334717,up
504416,-1.804688,7.707031,6.847656,0.849609,0.894531,0.896484,0.853638,0.351196,0.185852,0.336792,up
504421,-1.957031,7.9375,6.808594,0.832031,0.794922,0.90625,0.851501,0.352966,0.187744,0.339294,up
504426,-2.148438,8.128906,6.769531,0.695312,0.685547,0.914062,0.84967,0.354431,0.189209,0.341553,up
504431,-2.226563,8.433594,6.808594,0.695312,0.685547,0.914062,0.848267,0.355469,0.190063,0.343506,up
504436,-2.378906,8.929688,6.886719,0.220703,0.392578,0.96875,0.846741,0.356384,0.190552,0.345947,up
504441,-2.378906,8.96875,6.769531,0.220703,0.392578,0.96875,0.846741,0.356384,0.190552,0.345947,up
504446,-2.378906,8.96875,6.769531,-0.464844,0.085937,1.083984,0.845764,0.356689,0.190369,0.348083,up
504451,-2.339844,9.011719,6.695312,-0.464844,0.085937,1.083984,0.845764,0.356689,0.190369,0.348083,up
504456,-2.074219,8.390625,6.65625,-0.464844,0.085937,1.083984,0.845764,0.356689,0.190369,0.348083,up
504461,-1.691406,7.558594,6.847656,-1.017578,-0.119141,1.220703,0.84436,0.35437,0.185974,0.35614,up
504466,-1.382813,7.136719,6.847656,-1.208984,-0.142578,1.289063,0.84436,0.35437,0.185974,0.35614,up
504471,-0.960937,6.480469,6.921875,-1.208984,-0.142578,1.289063,0.844177,0.348938,0.178345,0.365845,up
504476,-0.808594,6.328125,6.960937,-1.208984,-0.142578,1.289063,0.843994,0.347412,0.176392,0.368652,up
504481,-0.695312,6.136719,6.960937,-0.853516,0.146484,1.246094,0.843567,0.345764,0.1745,0.372009,up
504486,-0.769531,6.175781,6.960937,-0.853516,0.146484,1.246094,0.842957,0.344604,0.173157,0.375122,up
504491,-0.769531,6.289062,6.960937,-0.853516,0.146484,1.246094,0.842102,0.344055,0.172485,0.377747,up
504496,-0.769531,6.402344,7.0,0.123047,0.402344,1.080078,0.842102,0.344055,0.172485,0.377747,up
504501,-0.808594,6.941406,7.003906,0.123047,0.402344,1.080078,0.840881,0.344116,0.172302,0.380554,up
504507,-0.730469,7.589844,6.886719,0.123047,0.402344,1.080078,0.837952,0.345642,0.172974,0.385254,up
504512,-0.65625,7.625,6.847656,0.666016,0.511719,1.037109,0.836243,0.346924,0.173767,0.387512,up
504517,-0.65625,7.625,6.847656,0.648437,0.525391,1.056641,0.834473,0.348267,0.174561,0.389832,up
504522,-0.769531,7.78125,6.730469,0.648437,0.525391,1.056641,0.832642,0.349487,0.175293,0.392273,up
504528,-0.808594,8.207031,6.695312,0.648437,0.525391,1.056641,0.830994,0.350342,0.175903,0.394653,up
504534,-0.847656,8.089844,6.617187,0.119141,0.484375,1.048828,0.830994,0.350342,0.175903,0.394653,up
504539,-0.925781,7.9375,6.578125,-0.144531,0.425781,1.050781,0.830994,0.350342,0.175903,0.394653,up
504545,-0.65625,7.628906,6.808594,-0.144531,0.425781,1.050781,0.830994,0.350342,0.175903,0.394653,up
504551,-0.617187,7.480469,6.886719,-0.648437,0.25,1.052734,0.830994,0.350342,0.175903,0.394653,up
504556,-0.539062,7.441406,6.921875,-0.648437,0.25,1.052734,0.825806,0.348633,0.174255,0.407654,up
504561,-0.425781,7.207031,6.960937,-0.685547,0.208984,1.066406,0.824585,0.346313,0.171875,0.412964,up
504566,-0.273438,7.09375,7.0,-0.685547,0.136719,1.119141,0.824585,0.346313,0.171875,0.412964,up
504571,-0.15625,6.976562,7.0,-0.685547,0.136719,1.119141,0.823303,0.344177,0.168945,0.418579,up
504576,-0.121094,6.785156,7.003906,-0.5625,0.117188,1.142578,0.823303,0.344177,0.168945,0.418579,up
504581,0.035156,6.671875,7.191406,-0.5625,0.117188,1.142578,0.822571,0.343262,0.167542,0.421326,up
504586,0.109375,6.59375,7.265625,-0.3125,0.154297,1.140625,0.822571,0.343262,0.167542,0.421326,up
504591,0.1875,6.632812,7.308594,-0.3125,0.154297,1.140625,0.819702,0.34198,0.164246,0.429138,up
504596,0.339844,6.863281,7.269531,-0.3125,0.154297,1.140625,0.819702,0.34198,0.164246,0.429138,up
504601,0.339844,6.863281,7.269531,-0.066406,0.228516,1.144531,0.818604,0.34198,0.163635,0.431458,up
504606,0.417969,6.976562,7.1875,-0.066406,0.228516,1.144531,0.817322,0.342102,0.163147,0.43396,up
504611,0.417969,6.976562,7.1875,0.142578,0.402344,1.152344,0.815857,0.342346,0.162842,0.436646,up
504616,0.492187,7.203125,7.039062,0.142578,0.402344,1.152344,0.815857,0.342346,0.162842,0.436646,up
504621,0.492187,7.519531,6.886719,0.158203,0.460937,1.142578,0.812805,0.342957,0.162842,0.441772,up
504627,0.492187,7.519531,6.886719,0.152344,0.539062,1.146484,0.80957,0.343506,0.163208,0.447144,up
504633,0.226562,7.742187,6.886719,0.152344,0.539062,1.146484,0.807983,0.343628,0.163452,0.449829,up
504638,0.035156,7.667969,6.769531,0.025391,0.529297,1.150391,0.806396,0.343628,0.163635,0.452637,up
504643,0.035156,7.703125,6.886719,-0.044922,0.511719,1.140625,0.804932,0.343506,0.163635,0.455322,up
504649,-0.003906,7.625,7.0,-0.115234,0.480469,1.128906,0.804932,0.343506,0.163635,0.455322,up
504654,-0.003906,7.585937,7.113281,-0.166016,0.460937,1.128906,0.804932,0.343506,0.163635,0.455322,up
504659,-0.003906,7.519531,7.230469,-0.191406,0.400391,1.125,0.804932,0.343506,0.163635,0.455322,up
504664,0.109375,7.515625,7.382812,-0.212891,0.345703,1.123047,0.804932,0.343506,0.163635,0.455322,up
504669,0.261719,7.519531,7.460937,-0.212891,0.345703,1.123047,0.804932,0.343506,0.163635,0.455322,up
504675,0.378906,7.398437,7.503906,-0.212891,0.345703,1.123047,0.796997,0.341553,0.161316,0.471313,up
504680,0.492187,7.207031,7.503906,-0.232422,0.248047,1.183594,0.796997,0.341553,0.161316,0.471313,up
504686,0.609375,7.132812,7.574219,-0.226562,0.255859,1.193359,0.796997,0.341553,0.161316,0.471313,up
504691,0.683594,7.09375,7.53125,-0.226562,0.255859,1.193359,0.793091,0.34082,0.158936,0.479187,up
504696,0.800781,7.015625,7.460937,-0.164062,0.279297,1.181641,0.793091,0.34082,0.158936,0.479187,up
504701,0.914062,6.976562,7.347656,-0.164062,0.279297,1.181641,0.790344,0.340393,0.157532,0.484436,up
504707,0.914062,6.976562,7.347656,-0.142578,0.310547,1.144531,0.787537,0.340027,0.156311,0.489624,up
504712,0.992187,6.941406,7.308594,-0.109375,0.322266,1.132813,0.786011,0.339844,0.155762,0.492371,up
504718,0.953125,7.167969,7.265625,-0.109375,0.322266,1.132813,0.784729,0.339722,0.155334,0.494629,up
504724,0.875,7.324219,7.039062,-0.109375,0.322266,1.132813,0.783142,0.3396,0.154846,0.497375,up
504730,0.839844,7.363281,7.078125,-0.066406,0.330078,1.107422,0.783142,0.3396,0.154846,0.497375,up
504736,0.839844,7.402344,6.960937,-0.150391,0.345703,1.113281,0.783142,0.3396,0.154846,0.497375,up
504741,0.683594,7.28125,7.0,-0.150391,0.345703,1.113281,0.777649,0.338806,0.153137,0.506958,up
504746,0.609375,7.242187,7.152344,-0.199219,0.333984,1.107422,0.777649,0.338806,0.153137,0.506958,up
504751,0.570312,7.203125,7.191406,-0.199219,0.333984,1.107422,0.776184,0.33844,0.152588,0.509583,up
504756,0.570312,7.09375,7.382812,-0.197266,0.273438,1.128906,0.776184,0.33844,0.152588,0.509583,up
504761,0.648437,6.976562,7.464844,-0.197266,0.273438,1.128906,0.77356,0.33783,0.151367,0.514343,up
504766,0.648437,6.976562,7.464844,-0.183594,0.246094,1.132813,0.772217,0.337524,0.150696,0.516785,up
504772,0.722656,6.941406,7.574219,-0.183594,0.246094,1.132813,0.770813,0.337341,0.149963,0.519226,up
504777,0.914062,6.941406,7.613281,-0.136719,0.191406,1.162109,0.769348,0.337219,0.14917,0.521667,up
504782,0.914062,6.941406,7.613281,-0.136719,0.191406,1.162109,0.769348,0.337219,0.14917,0.521667,up
504787,1.03125,6.863281,7.53125,-0.072266,0.142578,1.177734,0.764832,0.337463,0.146667,0.528809,up
504792,1.144531,6.824219,7.308594,-0.072266,0.142578,1.177734,0.763062,0.337646,0.145813,0.531433,up
504797,1.183594,6.902344,7.265625,-0.072266,0.142578,1.177734,0.761719,0.33783,0.145142,0.533447,up
504802,1.257813,6.941406,7.382812,-0.005859,0.171875,1.146484,0.76001,0.338074,0.144409,0.535889,up
504808,1.257813,6.941406,7.226562,-0.005859,0.171875,1.146484,0.758606,0.338257,0.14386,0.537964,up
504813,1.375,6.902344,7.191406,-0.005859,0.171875,1.146484,0.756897,0.338379,0.143188,0.540405,up
504819,1.335938,6.863281,7.230469,-0.005859,0.171875,1.146484,0.755432,0.338501,0.1427,0.542603,up
504825,1.335938,6.824219,7.269531,0.005859,0.244141,1.154297,0.755432,0.338501,0.1427,0.542603,up
504830,1.335938,6.863281,7.191406,0.021484,0.255859,1.158203,0.755432,0.338501,0.1427,0.542603,up
504835,1.335938,6.710937,7.347656,0.021484,0.255859,1.158203,0.755432,0.338501,0.1427,0.542603,up
504840,1.414063,6.59375,7.464844,0.033203,0.283203,1.146484,0.748718,0.338928,0.140747,0.552002,up
504845,1.453125,6.480469,7.726562,0.052734,0.287109,1.142578,0.748718,0.338928,0.140747,0.552002,up
504851,1.375,6.441406,7.957031,0.052734,0.287109,1.142578,0.7453,0.339233,0.139954,0.556641,up
504856,1.453125,6.519531,8.070313,0.169922,0.271484,1.089844,0.743591,0.339478,0.139709,0.558838,up
504861,1.453125,6.671875,8.109375,0.169922,0.271484,1.089844,0.741821,0.339783,0.139465,0.561096,up
504866,1.527344,6.824219,8.148438,0.171875,0.261719,1.066406,0.741821,0.339783,0.139465,0.561096,up
504871,1.605469,6.941406,8.035156,0.171875,0.261719,1.066406,0.738403,0.340454,0.139038,0.565308,up
504877,1.605469,7.015625,8.035156,0.125,0.21875,1.027344,0.738403,0.340454,0.139038,0.565308,up
504882,1.679688,6.941406,7.953125,0.082031,0.191406,1.005859,0.738403,0.340454,0.139038,0.565308,up
504888,1.71875,6.976562,7.914062,0.082031,0.191406,1.005859,0.732239,0.341431,0.137512,0.572998,up
504893,1.71875,6.976562,7.804687,0.009766,0.177734,1.03125,0.732239,0.341431,0.137512,0.572998,up
504898,1.679688,6.941406,7.765625,0.015625,0.189453,1.044922,0.729187,0.341736,0.136353,0.577026,up
504903,1.757813,6.863281,7.886719,0.015625,0.189453,1.044922,0.727539,0.341797,0.135803,0.579163,up
504909,1.757813,6.863281,7.765625,0.015625,0.189453,1.044922,0.727539,0.341797,0.135803,0.579163,up
504914,1.71875,6.824219,7.652344,0.009766,0.224609,1.037109,0.727539,0.341797,0.135803,0.579163,up
504919,1.71875,6.824219,7.652344,0.039063,0.232422,1.025391,0.722961,0.342041,0.134338,0.585022,up
504924,1.71875,6.824219,7.6875,0.039063,0.232422,1.025391,0.722961,0.342041,0.134338,0.585022,up
504930,1.71875,6.824219,7.6875,0.074219,0.248047,1.009766,0.719727,0.342285,0.133667,0.58905,up
504935,1.757813,6.863281,7.648437,0.074219,0.248047,1.009766,0.719727,0.342285,0.133667,0.58905,up
504940,1.796875,6.941406,7.691406,0.164062,0.273438,0.984375,0.71637,0.342712,0.133423,0.592896,up
504946,1.796875,6.785156,7.6875,0.136719,0.306641,0.96875,0.71637,0.342712,0.133423,0.592896,up
504951,1.796875,6.75,7.769531,0.0625,0.341797,0.978516,0.71637,0.342712,0.133423,0.592896,up
504956,1.796875,6.671875,7.847656,0.0625,0.341797,0.978516,0.711548,0.342957,0.133057,0.598633,up
504962,1.757813,6.632812,7.886719,0.0625,0.341797,0.978516,0.708374,0.342773,0.132629,0.6026,up
504967,1.757813,6.710937,7.914062,0.0625,0.341797,0.978516,0.708374,0.342773,0.132629,0.6026,up
504972,1.679688,6.75,7.84375,0.0,0.283203,1.017578,0.708374,0.342773,0.132629,0.6026,up
504977,1.644531,6.902344,7.53125,0.0,0.283203,1.017578,0.703613,0.34259,0.131592,0.608459,up
504983,1.796875,6.902344,7.425781,0.0,0.283203,1.017578,0.701965,0.342529,0.131104,0.610474,up
504988,1.757813,6.902344,7.386719,-0.023437,0.259766,1.015625,0.701965,0.342529,0.131104,0.610474,up
504993,1.796875,6.824219,7.265625,-0.009766,0.255859,1.019531,0.698853,0.342346,0.130188,0.614319,up
504999,1.835938,6.75,7.265625,-0.009766,0.255859,1.019531,0.697205,0.342285,0.129761,0.616333,up
505005,1.910156,6.59375,7.230469,-0.009766,0.255859,1.019531,0.695618,0.342224,0.129395,0.618225,up
505010,1.949219,6.59375,7.1875,0.021484,0.302734,0.992187,0.695618,0.342224,0.129395,0.618225,up
505015,1.988281,6.402344,7.230469,0.021484,0.302734,0.992187,0.692444,0.342102,0.128723,0.62207,up
505020,1.988281,6.402344,7.230469,0.033203,0.322266,0.978516,0.692444,0.342102,0.128723,0.62207,up
505026,1.988281,6.402344,7.230469,0.033203,0.337891,0.96875,0.692444,0.342102,0.128723,0.62207,up
505031,1.949219,6.441406,7.265625,0.021484,0.357422,0.957031,0.692444,0.342102,0.128723,0.62207,up
505036,1.796875,6.441406,7.191406,0.021484,0.357422,0.957031,0.686035,0.341492,0.127869,0.629578,up
505041,1.796875,6.402344,7.226562,0.029297,0.390625,0.929687,0.686035,0.341492,0.127869,0.629578,up
505046,1.796875,6.441406,7.265625,0.023437,0.384766,0.912109,0.686035,0.341492,0.127869,0.629578,up
505051,1.796875,6.441406,7.304687,0.023437,0.384766,0.912109,0.681396,0.340698,0.127502,0.635132,up
505057,1.796875,6.519531,7.039062,-0.001953,0.351563,0.853516,0.681396,0.340698,0.127502,0.635132,up
505062,1.757813,6.558594,6.886719,-0.011719,0.363281,0.841797,0.677063,0.339783,0.127014,0.64032,up
505068,1.796875,6.632812,6.925781,-0.011719,0.363281,0.841797,0.675781,0.339539,0.126892,0.641846,up
505073,1.796875,6.710937,6.925781,0.023437,0.341797,0.832031,0.674255,0.339233,0.126709,0.643677,up
505078,1.796875,6.902344,7.039062,0.023437,0.341797,0.832031,0.672913,0.33905,0.126587,0.645142,up
505083,1.71875,6.976562,7.148437,0.068359,0.341797,0.849609,0.671448,0.338928,0.126526,0.646729,up
505089,1.605469,7.132812,7.1875,0.068359,0.341797,0.849609,0.669922,0.338806,0.126526,0.648437,up
505095,1.527344,7.207031,7.265625,0.154297,0.359375,0.857422,0.669922,0.338806,0.126526,0.648437,up
505100,1.527344,7.207031,7.265625,0.15625,0.365234,0.857422,0.666809,0.338684,0.126648,0.651611,up
505105,1.527344,7.398437,7.269531,0.15625,0.365234,0.857422,0.666809,0.338684,0.126648,0.651611,up
505110,1.488281,7.320312,7.230469,0.136719,0.408203,0.849609,0.663574,0.338379,0.127014,0.655029,up
505115,1.488281,7.320312,7.230469,0.136719,0.408203,0.849609,0.663574,0.338379,0.127014,0.655029,up
505120,1.605469,7.476562,7.039062,-0.021484,0.558594,0.847656,0.6604,0.337402,0.12738,0.65863,up
505126,1.527344,7.363281,6.730469,-0.021484,0.558594,0.847656,0.6604,0.337402,0.12738,0.65863,up
505132,1.566406,7.242187,6.730469,-0.294922,0.677734,0.865234,0.6604,0.337402,0.12738,0.65863,up
505137,1.527344,7.015625,6.808594,-0.447266,0.691406,0.890625,0.6604,0.337402,0.12738,0.65863,up
505142,1.488281,6.9375,6.847656,-0.560547,0.693359,0.908203,0.653809,0.330505,0.126038,0.668884,up
505147,1.453125,6.863281,6.921875,-0.560547,0.693359,0.908203,0.653809,0.330505,0.126038,0.668884,up
505152,1.375,6.632812,7.148437,-0.701172,0.587891,1.027344,0.653809,0.330505,0.126038,0.668884,up
505157,1.375,6.402344,7.304687,-0.701172,0.587891,1.027344,0.650085,0.325134,0.123047,0.675659,up
505162,1.414063,6.175781,7.230469,-0.701172,0.587891,1.027344,0.648621,0.323547,0.121826,0.67804,up
505167,1.414063,5.789062,7.464844,-0.701172,0.587891,1.027344,0.648621,0.323547,0.121826,0.67804,up
505172,1.488281,5.675781,7.574219,-0.423828,0.347656,1.195313,0.648621,0.323547,0.121826,0.67804,up
505177,1.566406,5.371094,7.464844,-0.423828,0.347656,1.195313,0.645447,0.321228,0.119385,0.682617,up
505182,1.71875,5.40625,7.421875,-0.3125,0.300781,1.212891,0.641724,0.319885,0.11731,0.687073,up
505187,1.835938,5.753906,7.269531,-0.3125,0.300781,1.212891,0.641724,0.319885,0.11731,0.687073,up
505192,1.949219,5.714844,7.082031,-0.117188,0.277344,1.195313,0.641724,0.319885,0.11731,0.687073,up
505197,2.027344,5.675781,7.042969,-0.117188,0.277344,1.195313,0.635742,0.318909,0.115051,0.69342,up
505202,2.0625,5.753906,7.113281,-0.117188,0.277344,1.195313,0.635742,0.318909,0.115051,0.69342,up
505207,2.0625,5.714844,7.0,-0.15625,0.330078,1.189453,0.631836,0.317932,0.113586,0.697754,up
505212,2.140625,5.597656,6.921875,-0.15625,0.330078,1.189453,0.630005,0.3172,0.112671,0.699829,up
505217,2.101563,5.484375,6.921875,-0.15625,0.330078,1.189453,0.628235,0.316284,0.111633,0.702026,up
505222,2.140625,5.371094,6.964844,-0.15625,0.330078,1.189453,0.628235,0.316284,0.111633,0.702026,up
505227,2.21875,5.214844,7.039062,-0.576172,0.365234,1.179688,0.628235,0.316284,0.111633,0.702026,up
505232,2.21875,5.0625,7.039062,-0.576172,0.365234,1.179688,0.624756,0.313782,0.108704,0.706665,up
505237,2.21875,4.910156,7.078125,-0.769531,0.375,1.167969,0.624756,0.313782,0.108704,0.706665,up
505242,2.292969,4.792969,7.113281,-0.84375,0.386719,1.138672,0.624756,0.313782,0.108704,0.706665,up
505248,2.484375,4.601562,7.304687,-0.84375,0.386719,1.138672,0.619019,0.307556,0.101807,0.715454,up
505253,2.601563,4.449219,7.421875,-0.8125,0.384766,1.119141,0.617432,0.305664,0.099792,0.717896,up
505258,2.675781,4.375,7.53125,-0.8125,0.384766,1.119141,0.617432,0.305664,0.099792,0.717896,up
505263,2.675781,4.375,7.53125,-0.755859,0.355469,1.123047,0.61615,0.304321,0.098267,0.719788,up
505268,2.792969,4.105469,7.648437,-0.6875,0.322266,1.107422,0.61615,0.304321,0.098267,0.719788,up
505273,2.792969,4.105469,7.648437,-0.623047,0.291016,1.109375,0.61322,0.301636,0.095093,0.723816,up
505278,2.984375,3.992188,7.648437,-0.623047,0.291016,1.109375,0.611633,0.300476,0.093567,0.72583,up
505283,3.175781,3.914063,7.648437,-0.480469,0.175781,1.121094,0.609985,0.299561,0.092102,0.727844,up
505289,3.175781,3.914063,7.648437,-0.447266,0.15625,1.117188,0.606689,0.297974,0.089111,0.731567,up
505294,3.25,4.105469,7.6875,-0.447266,0.15625,1.117188,0.60498,0.297302,0.087708,0.733398,up
505300,3.328125,4.183594,7.804687,-0.412109,0.150391,1.134766,0.60498,0.297302,0.087708,0.733398,up
505305,3.289063,4.144531,7.804687,-0.425781,0.167969,1.130859,0.60498,0.297302,0.087708,0.733398,up
505311,3.175781,4.105469,7.6875,-0.451172,0.185547,1.126953,0.60498,0.297302,0.087708,0.733398,up
505317,3.097656,4.105469,7.609375,-0.503906,0.220703,1.111328,0.60498,0.297302,0.087708,0.733398,up
505322,3.023438,3.914063,7.847656,-0.558594,0.248047,1.087891,0.594971,0.292297,0.079102,0.744507,up
505327,3.023438,4.027344,7.730469,-0.558594,0.248047,1.087891,0.594971,0.292297,0.079102,0.744507,up
505332,2.984375,4.027344,7.847656,-0.585937,0.308594,1.009766,0.594971,0.292297,0.079102,0.744507,up
505337,3.058594,3.953125,7.992187,-0.585937,0.308594,1.009766,0.59198,0.289856,0.076172,0.748169,up
505343,3.367188,4.066406,7.957031,-0.544922,0.328125,0.96875,0.589172,0.287354,0.073608,0.751587,up
505348,3.480469,4.027344,7.917969,-0.5,0.386719,0.894531,0.589172,0.287354,0.073608,0.751587,up
505353,3.597656,3.835938,8.03125,-0.5,0.386719,0.894531,0.586426,0.284668,0.071411,0.754944,up
505358,3.710938,3.992188,7.992187,-0.5,0.386719,0.894531,0.586426,0.284668,0.071411,0.754944,up
505363,3.789063,4.144531,7.804687,-0.457031,0.527344,0.863281,0.583923,0.281982,0.069824,0.758057,up
505368,3.75,3.992188,7.914062,-0.472656,0.548828,0.875,0.582397,0.280273,0.069031,0.759949,up
505373,3.789063,3.800781,8.1875,-0.472656,0.548828,0.875,0.582397,0.280273,0.069031,0.759949,up
505378,3.828125,3.761719,8.230469,-0.472656,0.548828,0.875,0.579895,0.277222,0.067688,0.763123,up
505383,3.789063,3.605469,8.300781,-0.478516,0.607422,0.917969,0.579895,0.277222,0.067688,0.763123,up
505388,3.710938,3.53125,8.339844,-0.478516,0.607422,0.917969,0.576843,0.273682,0.066284,0.766785,up
505393,3.632813,3.453125,8.417969,-0.478516,0.607422,0.917969,0.575439,0.272217,0.065674,0.768433,up
505398,3.710938,3.414063,8.535156,-0.320313,0.585937,0.980469,0.573669,0.270691,0.065125,0.770325,up
505404,3.632813,3.378906,8.53125,-0.320313,0.585937,0.980469,0.572021,0.269409,0.064758,0.772034,up
505409,3.671875,3.453125,8.53125,-0.166016,0.550781,1.003906,0.572021,0.269409,0.064758,0.772034,up
505414,3.480469,3.414063,8.453125,-0.166016,0.550781,1.003906,0.56842,0.267151,0.06427,0.775513,up
505420,3.40625,3.453125,8.417969,-0.070312,0.503906,1.033203,0.566467,0.266174,0.064087,0.777283,up
505427,3.480469,3.570313,8.378906,-0.029297,0.472656,1.03125,0.566467,0.266174,0.064087,0.777283,up
505433,3.441406,3.570313,8.296875,0.015625,0.451172,1.021484,0.566467,0.266174,0.064087,0.777283,up
505438,3.40625,3.644531,8.378906,0.027344,0.427734,1.007813,0.560425,0.263855,0.063843,0.78241,up
505443,3.40625,3.644531,8.378906,0.03125,0.388672,1.001953,0.558472,0.263245,0.063843,0.784058,up
505448,3.441406,3.683594,8.453125,0.03125,0.388672,1.001953,0.556641,0.262634,0.063782,0.785583,up
505453,3.480469,3.570313,8.613281,0.03125,0.388672,1.001953,0.556641,0.262634,0.063782,0.785583,up
505458,3.441406,3.492188,8.609375,0.041016,0.365234,0.998047,0.556641,0.262634,0.063782,0.785583,up
505463,3.441406,3.492188,8.609375,0.058594,0.351563,0.984375,0.550598,0.261108,0.063538,0.790344,up
505468,3.558594,3.492188,8.496094,0.078125,0.349609,0.980469,0.546631,0.260315,0.063477,0.793335,up
505473,3.480469,3.570313,8.496094,0.111328,0.332031,0.972656,0.546631,0.260315,0.063477,0.793335,up
505478,3.480469,3.53125,8.375,0.111328,0.332031,0.972656,0.542664,0.259583,0.063538,0.796326,up
505483,3.441406,3.570313,8.269531,0.111328,0.332031,0.972656,0.54071,0.259277,0.063538,0.797729,up
505488,3.480469,3.570313,8.417969,0.128906,0.3125,0.976562,0.54071,0.259277,0.063538,0.797729,up
505493,3.441406,3.492188,8.453125,0.128906,0.3125,0.976562,0.538513,0.258972,0.063599,0.799316,up
505498,3.441406,3.414063,8.335938,0.125,0.318359,0.970703,0.538513,0.258972,0.063599,0.799316,up
505503,3.558594,3.378906,8.335938,0.125,0.318359,0.970703,0.532776,0.258118,0.06366,0.803406,up
505508,3.558594,3.414063,8.378906,0.125,0.318359,0.970703,0.532776,0.258118,0.06366,0.803406,up
505513,3.441406,3.414063,8.335938,0.15625,0.292969,0.939453,0.532776,0.258118,0.06366,0.803406,up
505518,3.367188,3.453125,8.296875,0.15625,0.292969,0.939453,0.526855,0.257385,0.063843,0.807495,up
505523,3.328125,3.492188,8.296875,0.15625,0.292969,0.939453,0.524963,0.257324,0.063904,0.808777,up
505528,3.367188,3.570313,8.265625,0.15625,0.292969,0.939453,0.524963,0.257324,0.063904,0.808777,up
505533,3.328125,3.605469,8.265625,0.179687,0.169922,0.958984,0.520996,0.257446,0.063782,0.81134,up
505538,3.25,3.683594,8.226563,0.236328,0.083984,1.003906,0.518921,0.25769,0.063721,0.812561,up
505543,3.25,3.761719,8.191406,0.236328,0.083984,1.003906,0.518921,0.25769,0.063721,0.812561,up
505548,3.25,3.761719,8.148438,0.271484,0.023437,1.048828,0.518921,0.25769,0.063721,0.812561,up
505554,3.40625,3.761719,8.109375,0.271484,0.023437,1.048828,0.512268,0.259033,0.063416,0.816406,up
505560,3.480469,3.835938,8.109375,0.271484,0.023437,1.048828,0.510071,0.25946,0.063293,0.817566,up
505566,3.441406,3.835938,8.230469,0.271484,0.023437,1.048828,0.507874,0.259888,0.063171,0.818848,up
505572,3.480469,3.875,8.335938,0.246094,0.070312,1.064453,0.507874,0.259888,0.063171,0.818848,up
505577,3.480469,3.875,8.335938,0.238281,0.070312,1.064453,0.503357,0.26062,0.062927,0.821472,up
505582,3.558594,3.835938,8.457031,0.238281,0.070312,1.064453,0.503357,0.26062,0.062927,0.821472,up
505588,3.519531,3.800781,8.570313,0.214844,0.033203,1.087891,0.503357,0.26062,0.062927,0.821472,up
505593,3.441406,3.605469,8.6875,0.214844,0.033203,1.087891,0.494263,0.262085,0.062073,0.826538,up
505598,3.328125,3.492188,8.722656,0.210937,-0.058594,1.138672,0.494263,0.262085,0.062073,0.826538,up
505603,3.289063,3.453125,8.6875,0.210937,-0.058594,1.138672,0.491882,0.262573,0.061707,0.82782,up
505608,3.175781,3.378906,8.609375,0.232422,-0.113281,1.166016,0.491882,0.262573,0.061707,0.82782,up
505613,3.136719,3.414063,8.648438,0.232422,-0.113281,1.166016,0.486877,0.264038,0.060791,0.830383,up
505618,3.058594,3.492188,8.6875,0.285156,-0.220703,1.222656,0.486877,0.264038,0.060791,0.830383,up
505623,3.136719,3.570313,8.652344,0.359375,-0.357422,1.289063,0.486877,0.264038,0.060791,0.830383,up
505628,3.136719,3.570313,8.652344,0.408203,-0.416016,1.322266,0.478821,0.267395,0.059143,0.834106,up
505634,3.40625,3.339844,8.574219,0.408203,-0.416016,1.322266,0.473145,0.270508,0.058105,0.836426,up
505639,3.480469,3.261719,8.535156,0.408203,-0.416016,1.322266,0.473145,0.270508,0.058105,0.836426,up
505644,3.480469,3.261719,8.535156,0.552734,-0.464844,1.402344,0.470337,0.272095,0.057678,0.837463,up
505649,3.75,3.070313,8.648438,0.658203,-0.46875,1.449219,0.470337,0.272095,0.057678,0.837463,up
505654,3.75,3.070313,8.648438,0.775391,-0.455078,1.501953,0.463684,0.276062,0.057312,0.839966,up
505659,3.863281,2.957031,8.71875,0.775391,-0.455078,1.501953,0.460083,0.278198,0.057495,0.841187,up
505664,3.941406,2.804688,8.453125,1.072266,-0.417969,1.619141,0.455994,0.280518,0.058044,0.84259,up
505669,3.941406,2.765625,8.375,1.210938,-0.394531,1.675781,0.447632,0.2854,0.059814,0.845337,up
505674,3.941406,2.839844,8.269531,1.474609,-0.353516,1.761719,0.442505,0.288391,0.061279,0.846924,up
505680,3.980469,2.957031,7.914062,1.474609,-0.353516,1.761719,0.438354,0.290771,0.062683,0.848145,up
505685,3.902344,3.222656,7.6875,1.474609,-0.353516,1.761719,0.433472,0.29364,0.064636,0.849548,up
505691,3.789063,3.339844,7.769531,1.830078,-0.291016,1.761719,0.433472,0.29364,0.064636,0.849548,up
505696,3.710938,3.453125,7.765625,1.904297,-0.314453,1.755859,0.423706,0.299377,0.06897,0.852112,up
505702,3.671875,3.570313,7.765625,1.939453,-0.349609,1.748047,0.418579,0.30249,0.071472,0.853333,up
505708,3.671875,3.644531,7.84375,1.919922,-0.445312,1.763672,0.418579,0.30249,0.071472,0.853333,up
505713,3.671875,3.722656,7.886719,1.875,-0.492187,1.767578,0.408203,0.309021,0.076233,0.855591,up
505718,3.632813,3.875,7.765625,1.875,-0.492187,1.767578,0.403076,0.312378,0.078491,0.856628,up
505723,3.597656,3.992188,7.726562,1.875,-0.492187,1.767578,0.398132,0.315674,0.080444,0.857544,up
505728,3.671875,3.953125,7.613281,1.550781,-0.757812,1.847656,0.392944,0.319214,0.082153,0.858459,up
505733,3.863281,4.027344,7.265625,1.550781,-0.757812,1.847656,0.387939,0.322754,0.083435,0.859314,up
505738,4.019531,3.992188,7.191406,1.550781,-0.757812,1.847656,0.383057,0.326233,0.08429,0.860107,up
505743,4.019531,3.992188,7.191406,1.259766,-0.919922,1.96875,0.383057,0.326233,0.08429,0.860107,up
505749,4.210937,3.953125,7.148437,1.259766,-0.919922,1.96875,0.378479,0.329529,0.084656,0.860779,up
505754,4.515625,3.644531,6.882812,1.001953,-1.076172,2.132813,0.368286,0.336914,0.084167,0.862427,up
505759,4.515625,3.644531,6.882812,1.001953,-1.076172,2.132813,0.368286,0.336914,0.084167,0.862427,up
505764,4.820312,3.378906,6.84375,0.910156,-1.140625,2.230469,0.352173,0.348267,0.080688,0.86499,up
505769,4.820312,3.261719,6.882812,0.910156,-1.140625,2.230469,0.346497,0.352051,0.079102,0.865845,up
505775,4.785156,2.496094,7.039062,0.910156,-1.140625,2.230469,0.340454,0.356018,0.077271,0.866821,up
505780,4.785156,2.496094,7.039062,0.792969,-1.236328,2.646484,0.334473,0.359802,0.075562,0.867737,up
505785,4.976562,2.382813,7.1875,0.792969,-1.236328,2.646484,0.32843,0.363586,0.073914,0.868591,up
505790,5.089844,2.191406,7.109375,0.792969,-1.236328,2.646484,0.321777,0.367798,0.072266,0.869446,up
505796,5.207031,2.035156,7.425781,0.792969,-1.236328,2.646484,0.316284,0.371399,0.071106,0.870056,up
505801,5.398437,1.882813,7.464844,1.095703,-1.353516,2.388672,0.310181,0.37561,0.070068,0.870544,up
505806,5.398437,1.691406,7.425781,1.179688,-1.419922,2.279297,0.310181,0.37561,0.070068,0.870544,up
505811,5.625,1.386719,6.925781,1.179688,-1.419922,2.279297,0.310181,0.37561,0.070068,0.870544,up
505816,5.742187,1.195313,6.617187,1.414063,-1.527344,2.044922,0.310181,0.37561,0.070068,0.870544,up
505821,5.742187,1.195313,6.617187,1.511719,-1.576172,1.943359,0.287903,0.393799,0.068481,0.870239,up
505826,5.742187,1.195313,6.617187,1.595703,-1.632813,1.876953,0.282715,0.398682,0.068787,0.86969,up
505831,6.125,1.617188,6.386719,1.595703,-1.632813,1.876953,0.282715,0.398682,0.068787,0.86969,up
505836,6.507812,2.191406,6.539062,1.664063,-1.667969,1.841797,0.282715,0.398682,0.068787,0.86969,up
505841,6.507812,2.191406,6.539062,1.714844,-1.652344,1.851563,0.272034,0.408936,0.069824,0.868225,up
505847,6.507812,2.191406,6.539062,1.714844,-1.652344,1.851563,0.261108,0.419067,0.071167,0.866699,up
505853,6.773437,2.457031,5.773437,1.714844,-1.652344,1.851563,0.261108,0.419067,0.071167,0.866699,up
505858,6.8125,2.574219,5.773437,1.566406,-1.445313,1.982422,0.261108,0.419067,0.071167,0.866699,up
505863,6.851562,2.496094,5.851562,1.488281,-1.402344,2.019531,0.261108,0.419067,0.071167,0.866699,up
505868,6.816406,2.496094,5.734375,1.488281,-1.402344,2.019531,0.238831,0.437012,0.072449,0.864136,up
505874,6.855469,2.574219,5.542969,1.300781,-1.212891,1.970703,0.238831,0.437012,0.072449,0.864136,up
505879,6.851562,2.535156,5.351562,1.300781,-1.212891,1.970703,0.222229,0.448792,0.072144,0.862549,up
505884,6.851562,2.382813,5.238281,1.300781,-1.212891,1.970703,0.217346,0.452209,0.07196,0.862,up
505889,6.851562,2.457031,5.277344,1.300781,-1.212891,1.970703,0.217346,0.452209,0.07196,0.862,up
505894,6.929687,2.496094,5.429687,1.115234,-1.197266,1.738281,0.217346,0.452209,0.07196,0.862,up
505899,7.003906,2.496094,5.46875,1.115234,-1.197266,1.738281,0.202576,0.462952,0.071167,0.859985,up
505905,6.773437,2.304688,5.542969,1.115234,-1.197266,1.738281,0.198425,0.466125,0.070984,0.859253,up
505910,6.855469,2.191406,5.660156,1.054688,-1.234375,1.472656,0.194336,0.469482,0.070862,0.858398,up
505915,6.890625,2.152344,5.773437,1.056641,-1.326172,1.408203,0.194336,0.469482,0.070862,0.858398,up
505920,7.0,2.035156,5.773437,1.056641,-1.326172,1.408203,0.194336,0.469482,0.070862,0.858398,up
505925,7.0,2.035156,5.773437,1.078125,-1.367188,1.341797,0.186401,0.476685,0.07074,0.856201,up
505930,7.199219,2.0,5.734375,1.060547,-1.386719,1.287109,0.186401,0.476685,0.07074,0.856201,up
505935,7.390625,1.921875,5.582031,1.042969,-1.412109,1.222656,0.178894,0.48407,0.070801,0.853638,up
505940,7.390625,1.921875,5.582031,1.042969,-1.412109,1.222656,0.178894,0.48407,0.070801,0.853638,up
505945,8.082031,2.113281,5.199219,1.058594,-1.402344,1.166016,0.168335,0.495056,0.071228,0.849426,up
505951,8.226563,2.457031,4.703125,1.058594,-1.402344,1.166016,0.1651,0.498413,0.071472,0.848083,up
505956,8.382813,2.765625,4.320312,1.058594,-1.402344,1.166016,0.161926,0.501709,0.071655,0.846741,up
505961,8.425781,2.839844,4.242187,0.808594,-1.113281,1.003906,0.161926,0.501709,0.071655,0.846741,up
505966,8.460938,2.878906,4.164062,0.714844,-1.023438,0.945312,0.161926,0.501709,0.071655,0.846741,up
505972,8.34375,2.804688,4.128906,0.714844,-1.023438,0.945312,0.153503,0.510132,0.071411,0.843262,up
505977,7.921875,2.878906,3.898438,0.714844,-1.023438,0.945312,0.153503,0.510132,0.071411,0.843262,up
505982,7.773437,2.6875,3.746094,0.583984,-0.765625,0.708984,0.153503,0.510132,0.071411,0.843262,up
505987,7.660156,2.382813,3.78125,0.544922,-0.722656,0.613281,0.153503,0.510132,0.071411,0.843262,up
505992,7.773437,2.191406,3.898438,0.544922,-0.722656,0.613281,0.153503,0.510132,0.071411,0.843262,up
505997,7.925781,2.113281,4.128906,0.544922,-0.722656,0.613281,0.144287,0.519897,0.071228,0.838928,up
506003,8.082031,2.152344,4.128906,0.392578,-0.818359,0.404297,0.144287,0.519897,0.071228,0.838928,up
506008,8.226563,2.226563,4.28125,0.306641,-0.822266,0.365234,0.144287,0.519897,0.071228,0.838928,up
506013,8.191406,2.226563,4.320312,0.306641,-0.822266,0.365234,0.141113,0.525696,0.070923,0.835876,up
506019,8.160156,2.265625,4.28125,0.298828,-0.861328,0.302734,0.141113,0.525696,0.070923,0.835876,up
506024,8.347656,2.191406,4.28125,0.345703,-0.908203,0.304688,0.141113,0.525696,0.070923,0.835876,up
506029,8.347656,2.191406,4.28125,0.345703,-0.908203,0.304688,0.137756,0.534058,0.070557,0.831177,up
506034,8.542969,2.265625,4.28125,0.345703,-0.908203,0.304688,0.137756,0.534058,0.070557,0.831177,up
506039,8.652344,2.34375,4.242187,0.396484,-0.984375,0.361328,0.137756,0.534058,0.070557,0.831177,up
506044,8.882813,2.765625,4.128906,0.400391,-0.974609,0.380859,0.137756,0.534058,0.070557,0.831177,up
506049,8.886719,2.917969,3.9375,0.371094,-0.869141,0.380859,0.134644,0.54071,0.070435,0.827393,up
506054,8.921875,2.957031,3.746094,0.371094,-0.869141,0.380859,0.133484,0.542969,0.070312,0.826111,up
506059,8.921875,2.917969,3.628906,0.371094,-0.869141,0.380859,0.132446,0.544983,0.070251,0.824951,up
506064,8.925781,2.804688,3.476563,0.291016,-0.777344,0.330078,0.131531,0.546692,0.070068,0.823975,up
506069,8.925781,2.804688,3.476563,0.236328,-0.724609,0.289063,0.130798,0.548279,0.069946,0.823059,up
506074,8.964844,2.765625,3.324219,0.236328,-0.724609,0.289063,0.130188,0.549866,0.069702,0.822083,up
506079,9.191406,2.417969,3.207031,0.050781,-0.646484,0.164062,0.129761,0.55127,0.069397,0.821228,up
506084,9.191406,2.417969,3.207031,0.050781,-0.646484,0.164062,0.129761,0.55127,0.069397,0.821228,up
506090,9.265625,2.417969,3.246094,-0.060547,-0.630859,0.105469,0.130249,0.555176,0.067627,0.818726,up
506095,9.269531,2.34375,3.324219,-0.060547,-0.630859,0.105469,0.131042,0.556519,0.066589,0.817688,up
506100,9.34375,2.34375,3.359375,-0.060547,-0.630859,0.105469,0.131836,0.557617,0.065674,0.816956,up
506105,9.457031,2.382813,3.515625,-0.445312,-0.671875,-0.101563,0.132874,0.55896,0.064514,0.815918,up
506110,9.492188,2.417969,3.628906,-0.386719,-0.644531,-0.152344,0.133911,0.560181,0.063599,0.815002,up
506116,9.613281,2.535156,3.898438,-0.386719,-0.644531,-0.152344,0.134827,0.561157,0.062988,0.814209,up
506121,9.492188,2.613281,4.011719,-0.386719,-0.644531,-0.152344,0.135742,0.562256,0.062561,0.813354,up
506127,9.304688,2.6875,3.9375,-0.119141,-0.470703,-0.273438,0.135742,0.562256,0.062561,0.813354,up
506133,9.148438,2.6875,4.011719,-0.060547,-0.443359,-0.294922,0.135742,0.562256,0.062561,0.813354,up
506138,9.152344,2.726563,4.242187,-0.060547,-0.443359,-0.294922,0.138306,0.56488,0.062561,0.811096,up
506143,9.226563,2.6875,4.242187,0.001953,-0.460937,-0.324219,0.138306,0.56488,0.062561,0.811096,up
506149,9.308594,2.6875,4.164062,-0.007813,-0.494141,-0.345703,0.138306,0.56488,0.062561,0.811096,up
506155,9.347656,2.726563,4.011719,-0.007813,-0.494141,-0.345703,0.141602,0.568542,0.063599,0.807861,up
506160,9.34375,2.765625,3.9375,-0.007813,-0.494141,-0.345703,0.142578,0.569641,0.063843,0.806946,up
506166,9.269531,2.765625,3.820313,-0.03125,-0.599609,-0.388672,0.143555,0.57074,0.064087,0.805969,up
506172,9.191406,2.839844,3.4375,-0.03125,-0.599609,-0.388672,0.144592,0.571899,0.064331,0.804932,up
506177,9.113281,2.917969,3.324219,0.025391,-0.662109,-0.414062,0.144592,0.571899,0.064331,0.804932,up
506182,9.03125,3.070313,3.246094,0.064453,-0.705078,-0.433594,0.144592,0.571899,0.064331,0.804932,up
506187,8.992188,3.1875,3.246094,0.095703,-0.722656,-0.445312,0.144592,0.571899,0.064331,0.804932,up
506193,9.03125,3.378906,3.207031,0.095703,-0.722656,-0.445312,0.144592,0.571899,0.064331,0.804932,up
506198,8.960938,3.414063,3.246094,0.095703,-0.722656,-0.445312,0.149231,0.578735,0.066895,0.79895,up
506204,8.960938,3.492188,3.285156,0.248047,-0.753906,-0.5,0.150818,0.581848,0.068665,0.796265,up
506209,8.960938,3.570313,3.359375,0.248047,-0.753906,-0.5,0.150818,0.581848,0.068665,0.796265,up
506214,8.996094,3.570313,3.324219,0.248047,-0.753906,-0.5,0.151489,0.583313,0.069702,0.794922,up
506219,9.074219,3.683594,3.324219,0.367188,-0.744141,-0.480469,0.151489,0.583313,0.069702,0.794922,up
506224,9.148438,3.722656,3.207031,0.308594,-0.753906,-0.449219,0.151489,0.583313,0.069702,0.794922,up
506230,9.109375,3.800781,3.015625,0.236328,-0.757812,-0.435547,0.153259,0.587952,0.072937,0.790894,up
506235,9.113281,3.914063,3.132813,0.236328,-0.757812,-0.435547,0.154724,0.591187,0.074585,0.788025,up
506240,9.269531,4.027344,3.207031,0.078125,-0.798828,-0.40625,0.154724,0.591187,0.074585,0.788025,up
506245,9.496094,4.144531,2.902344,0.078125,-0.798828,-0.40625,0.156372,0.594055,0.075378,0.785461,up
506250,9.417969,4.144531,2.75,-0.072266,-0.787109,-0.375,0.157471,0.595642,0.075562,0.783997,up
506255,9.457031,4.144531,2.75,-0.160156,-0.787109,-0.388672,0.157471,0.595642,0.075562,0.783997,up
506260,9.53125,4.066406,2.75,-0.160156,-0.787109,-0.388672,0.15979,0.598389,0.075439,0.781494,up
506266,9.613281,3.800781,2.710938,-0.160156,-0.787109,-0.388672,0.161011,0.599609,0.075256,0.780334,up
506271,9.613281,3.683594,2.710938,-0.294922,-0.669922,-0.402344,0.162415,0.60083,0.074951,0.779114,up
506276,9.535156,3.683594,2.785156,-0.314453,-0.613281,-0.417969,0.162415,0.60083,0.074951,0.779114,up
506281,9.535156,3.683594,2.902344,-0.314453,-0.613281,-0.417969,0.162415,0.60083,0.074951,0.779114,up
506286,9.496094,3.605469,3.015625,-0.253906,-0.533203,-0.453125,0.162415,0.60083,0.074951,0.779114,up
506291,9.492188,3.683594,3.054688,-0.191406,-0.501953,-0.470703,0.162415,0.60083,0.074951,0.779114,up
506296,9.457031,3.722656,3.015625,-0.113281,-0.474609,-0.501953,0.162415,0.60083,0.074951,0.779114,up
506301,9.453125,3.722656,2.976563,-0.113281,-0.474609,-0.501953,0.170593,0.606079,0.074951,0.773254,up
506307,9.535156,3.835938,3.207031,-0.113281,-0.474609,-0.501953,0.171875,0.606873,0.075439,0.772278,up
506313,9.613281,3.835938,3.207031,0.005859,-0.519531,-0.556641,0.171875,0.606873,0.075439,0.772278,up
506318,9.652344,3.992188,2.976563,0.005859,-0.519531,-0.556641,0.174255,0.608704,0.07666,0.770203,up
506323,9.613281,3.992188,2.902344,0.052734,-0.542969,-0.552734,0.174255,0.608704,0.07666,0.770203,up
506329,9.609375,4.027344,2.824219,0.021484,-0.582031,-0.503906,0.174255,0.608704,0.07666,0.770203,up
506334,9.6875,4.21875,2.785156,0.021484,-0.582031,-0.503906,0.177612,0.611633,0.078552,0.766907,up
506339,9.726563,4.335937,2.785156,0.021484,-0.582031,-0.503906,0.178711,0.612671,0.079041,0.765808,up
506344,9.726563,4.335937,2.785156,-0.033203,-0.554687,-0.412109,0.179749,0.613647,0.079407,0.764709,up
506349,9.796875,4.375,2.785156,-0.033203,-0.554687,-0.412109,0.180664,0.614563,0.079712,0.763733,up
506354,9.835938,4.527344,2.824219,-0.095703,-0.482422,-0.337891,0.18158,0.615417,0.079834,0.762817,up
506359,9.835938,4.527344,2.824219,-0.095703,-0.482422,-0.337891,0.18158,0.615417,0.079834,0.762817,up
506364,9.800781,4.527344,2.824219,-0.152344,-0.373047,-0.291016,0.18158,0.615417,0.079834,0.762817,up
506370,9.730469,4.449219,2.785156,-0.212891,-0.306641,-0.271484,0.18158,0.615417,0.079834,0.762817,up
506375,9.570313,4.335937,2.75,-0.212891,-0.306641,-0.271484,0.186157,0.618347,0.079529,0.759399,up
506380,9.574219,4.296875,2.710938,-0.328125,-0.316406,-0.279297,0.186157,0.618347,0.079529,0.759399,up
506385,9.570313,4.21875,2.75,-0.386719,-0.324219,-0.296875,0.187195,0.618713,0.079285,0.75885,up
506390,9.53125,4.027344,2.671875,-0.386719,-0.324219,-0.296875,0.189697,0.619507,0.078369,0.75769,up
506395,9.496094,3.914063,2.59375,-0.474609,-0.326172,-0.322266,0.189697,0.619507,0.078369,0.75769,up
506400,9.457031,3.875,2.59375,-0.480469,-0.333984,-0.328125,0.191162,0.619873,0.07782,0.75708,up
506405,9.414063,3.722656,2.402344,-0.480469,-0.333984,-0.328125,0.192566,0.620178,0.077271,0.756531,up
506411,9.417969,3.683594,2.328125,-0.480469,-0.333984,-0.328125,0.195435,0.62085,0.076172,0.75531,up
506416,9.375,3.722656,2.25,-0.441406,-0.347656,-0.347656,0.195435,0.62085,0.076172,0.75531,up
506421,9.414063,3.761719,2.210938,-0.423828,-0.339844,-0.361328,0.195435,0.62085,0.076172,0.75531,up
506427,9.417969,3.761719,2.136719,-0.423828,-0.339844,-0.361328,0.199768,0.621948,0.074829,0.753418,up
506433,9.414063,3.761719,2.019531,-0.367188,-0.310547,-0.390625,0.199768,0.621948,0.074829,0.753418,up
506438,9.457031,3.761719,1.945313,-0.320313,-0.285156,-0.417969,0.199768,0.621948,0.074829,0.753418,up
506443,9.378906,3.800781,1.828125,-0.277344,-0.265625,-0.425781,0.199768,0.621948,0.074829,0.753418,up
506448,9.378906,3.800781,1.828125,-0.251953,-0.238281,-0.433594,0.199768,0.621948,0.074829,0.753418,up
506453,9.375,3.835938,1.753906,-0.228516,-0.203125,-0.445312,0.199768,0.621948,0.074829,0.753418,up
506458,9.304688,3.875,1.753906,-0.236328,-0.160156,-0.453125,0.199768,0.621948,0.074829,0.753418,up
506463,9.304688,3.953125,1.714844,-0.236328,-0.160156,-0.453125,0.199768,0.621948,0.074829,0.753418,up
506469,9.265625,3.992188,1.714844,-0.236328,-0.160156,-0.453125,0.210266,0.623535,0.074829,0.749207,up
506475,9.230469,3.992188,1.714844,-0.337891,0.017578,-0.458984,0.210266,0.623535,0.074829,0.749207,up
506480,9.074219,4.027344,1.636719,-0.337891,0.017578,-0.458984,0.213074,0.623169,0.075073,0.748779,up
506486,9.03125,4.027344,1.597656,-0.349609,0.052734,-0.460937,0.215881,0.622437,0.075195,0.748535,up
506491,8.992188,4.027344,1.636719,-0.410156,0.076172,-0.46875,0.217529,0.622009,0.075195,0.748474,up
506496,8.886719,4.066406,1.675781,-0.410156,0.076172,-0.46875,0.219116,0.621521,0.075134,0.748413,up
506502,8.769531,4.027344,1.828125,-0.410156,0.076172,-0.46875,0.22052,0.621094,0.075073,0.748352,up
506508,8.769531,3.992188,1.90625,-0.435547,0.044922,-0.460937,0.22052,0.621094,0.075073,0.748352,up
506513,8.726563,4.066406,1.980469,-0.417969,0.023437,-0.453125,0.22052,0.621094,0.075073,0.748352,up
506519,8.808594,4.105469,1.980469,-0.417969,0.023437,-0.453125,0.225159,0.619934,0.074829,0.747925,up
506524,8.886719,4.144531,1.980469,-0.380859,-0.021484,-0.4375,0.226562,0.619629,0.074768,0.747742,up
506529,8.882813,4.183594,2.019531,-0.34375,-0.042969,-0.427734,0.226562,0.619629,0.074768,0.747742,up
506535,8.964844,4.296875,2.058594,-0.294922,-0.070312,-0.419922,0.226562,0.619629,0.074768,0.747742,up
506540,8.960938,4.296875,1.945313,-0.214844,-0.058594,-0.421875,0.23053,0.619141,0.074829,0.746948,up
506545,8.996094,4.375,1.90625,-0.214844,-0.058594,-0.421875,0.23175,0.619019,0.075012,0.746643,up
506550,8.960938,4.410156,1.867188,-0.203125,-0.037109,-0.414062,0.23175,0.619019,0.075012,0.746643,up
506555,8.960938,4.410156,1.867188,-0.203125,-0.037109,-0.414062,0.235107,0.618591,0.075623,0.74585,up
506560,9.035156,4.488281,1.867188,-0.203125,-0.037109,-0.414062,0.235107,0.618591,0.075623,0.74585,up
506565,9.03125,4.488281,1.945313,-0.253906,0.023437,-0.392578,0.235107,0.618591,0.075623,0.74585,up
506570,9.070313,4.527344,2.058594,-0.277344,0.056641,-0.398438,0.235107,0.618591,0.075623,0.74585,up
506575,9.109375,4.527344,2.097656,-0.308594,0.103516,-0.394531,0.238586,0.617737,0.07605,0.745483,up
506580,9.074219,4.527344,2.097656,-0.318359,0.117188,-0.390625,0.239929,0.617249,0.076172,0.745422,up
506585,9.03125,4.488281,2.171875,-0.318359,0.117188,-0.390625,0.241028,0.616821,0.076233,0.745422,up
506590,8.964844,4.527344,2.171875,-0.318359,0.117188,-0.390625,0.24231,0.616272,0.076294,0.745422,up
506595,8.804688,4.566406,2.25,-0.318359,0.117188,-0.390625,0.243347,0.615845,0.076355,0.745483,up
506600,8.730469,4.566406,2.328125,-0.271484,0.119141,-0.373047,0.243347,0.615845,0.076355,0.745483,up
506605,8.609375,4.601562,2.480469,-0.259766,0.105469,-0.359375,0.245667,0.614807,0.076538,0.745483,up
506610,8.539063,4.640625,2.441406,-0.259766,0.105469,-0.359375,0.246826,0.61438,0.07666,0.745483,up
506615,8.542969,4.679687,2.363281,-0.238281,0.064453,-0.345703,0.247986,0.613892,0.076843,0.745483,up
506620,8.460938,4.757812,2.363281,-0.238281,0.064453,-0.345703,0.248962,0.613586,0.076965,0.745422,up
506625,8.425781,4.757812,2.402344,-0.238281,0.064453,-0.345703,0.25,0.613281,0.077026,0.7453,up
506630,8.421875,4.792969,2.441406,-0.238281,0.064453,-0.345703,0.250916,0.613037,0.077087,0.745178,up
506635,8.464844,4.792969,2.441406,-0.236328,-0.037109,-0.298828,0.250916,0.613037,0.077087,0.745178,up
506640,8.464844,4.832031,2.441406,-0.236328,-0.037109,-0.298828,0.25293,0.612671,0.077087,0.744751,up
506646,8.582031,4.832031,2.554688,-0.236328,-0.037109,-0.298828,0.254639,0.612427,0.077087,0.744385,up
506651,8.648438,4.757812,2.554688,-0.214844,-0.017578,-0.265625,0.255615,0.612305,0.077026,0.744202,up
506656,8.648438,4.757812,2.554688,-0.212891,-0.011719,-0.255859,0.25647,0.612122,0.077026,0.744019,up
506661,8.613281,4.71875,2.519531,-0.210937,-0.007813,-0.244141,0.25647,0.612122,0.077026,0.744019,up
506666,8.613281,4.679687,2.554688,-0.210937,-0.007813,-0.244141,0.258057,0.611816,0.076965,0.743774,up
506671,8.613281,4.640625,2.554688,-0.185547,-0.017578,-0.232422,0.258789,0.611633,0.076965,0.743591,up
506676,8.582031,4.679687,2.59375,-0.185547,-0.017578,-0.232422,0.25946,0.611572,0.076965,0.743469,up
506681,8.582031,4.679687,2.59375,-0.185547,-0.017578,-0.232422,0.260193,0.61145,0.076965,0.743347,up
506686,8.539063,4.71875,2.519531,-0.126953,-0.017578,-0.232422,0.260193,0.61145,0.076965,0.743347,up
506691,8.5,4.679687,2.480469,-0.126953,-0.017578,-0.232422,0.261536,0.611267,0.077148,0.742981,up
506696,8.5,4.640625,2.480469,-0.126953,-0.017578,-0.232422,0.262146,0.611206,0.077332,0.742798,up
506701,8.460938,4.640625,2.480469,-0.082031,-0.0625,-0.220703,0.262146,0.611206,0.077332,0.742798,up
506706,8.5,4.640625,2.480469,-0.082031,-0.0625,-0.220703,0.263306,0.611206,0.077576,0.74231,up
506711,8.578125,4.601562,2.519531,-0.082031,-0.0625,-0.220703,0.263855,0.611267,0.077698,0.742126,up
506716,8.578125,4.601562,2.519531,-0.082031,-0.0625,-0.220703,0.264343,0.611267,0.07782,0.741943,up
506721,8.582031,4.640625,2.519531,-0.107422,-0.029297,-0.216797,0.264954,0.611206,0.077881,0.741699,up
506727,8.609375,4.601562,2.480469,-0.107422,-0.029297,-0.216797,0.265564,0.611145,0.078003,0.741577,up
506732,8.578125,4.601562,2.402344,-0.107422,-0.029297,-0.216797,0.266235,0.610962,0.078064,0.741455,up
506737,8.613281,4.601562,2.402344,-0.107422,-0.029297,-0.216797,0.266235,0.610962,0.078064,0.741455,up
506742,8.613281,4.566406,2.480469,-0.210937,0.007813,-0.240234,0.266235,0.610962,0.078064,0.741455,up
506747,8.578125,4.566406,2.441406,-0.21875,0.017578,-0.25,0.266235,0.610962,0.078064,0.741455,up
506753,8.652344,4.566406,2.480469,-0.21875,0.017578,-0.25,0.269287,0.610168,0.078064,0.741028,up
506758,8.648438,4.566406,2.519531,-0.208984,0.03125,-0.259766,0.269287,0.610168,0.078064,0.741028,up
506763,8.648438,4.566406,2.519531,-0.21875,0.037109,-0.265625,0.270935,0.609619,0.078064,0.740845,up
506768,8.648438,4.601562,2.554688,-0.220703,0.056641,-0.279297,0.27179,0.609314,0.078125,0.740784,up
506773,8.648438,4.601562,2.554688,-0.220703,0.056641,-0.279297,0.27179,0.609314,0.078125,0.740784,up
506778,8.542969,4.640625,2.632813,-0.212891,0.058594,-0.271484,0.27179,0.609314,0.078125,0.740784,up
506783,8.542969,4.640625,2.632813,-0.21875,0.082031,-0.277344,0.274231,0.608398,0.078308,0.740601,up
506788,8.609375,4.679687,2.710938,-0.21875,0.082031,-0.277344,0.275146,0.608032,0.078369,0.740601,up
506793,8.613281,4.71875,2.710938,-0.234375,0.105469,-0.269531,0.275146,0.608032,0.078369,0.740601,up
506799,8.613281,4.757812,2.710938,-0.248047,0.115234,-0.265625,0.275146,0.608032,0.078369,0.740601,up
506804,8.613281,4.832031,2.710938,-0.25,0.128906,-0.271484,0.275146,0.608032,0.078369,0.740601,up
506809,8.539063,4.832031,2.710938,-0.261719,0.152344,-0.271484,0.275146,0.608032,0.078369,0.740601,up
506814,8.539063,4.832031,2.75,-0.259766,0.160156,-0.263672,0.275146,0.608032,0.078369,0.740601,up
506819,8.5,4.832031,2.785156,-0.253906,0.15625,-0.267578,0.275146,0.608032,0.078369,0.740601,up
506825,8.382813,4.832031,2.75,-0.261719,0.164062,-0.263672,0.282043,0.604126,0.078613,0.74115,up
