timestamp,ax,ay,az,gx,gy,gz,qw,qx,qy,qz,label
250882,1.710938,7.128906,6.570312,0.050781,-0.068359,-0.066406,0.836609,0.395935,0.077942,0.370544,up
250887,1.671875,7.089844,6.53125,0.095703,-0.070312,-0.056641,0.836487,0.396423,0.077942,0.370117,up
250892,1.671875,7.085937,6.570312,0.095703,-0.070312,-0.056641,0.836487,0.396729,0.077942,0.369995,up
250897,1.671875,7.050781,6.570312,0.095703,-0.070312,-0.056641,0.836426,0.396973,0.078003,0.369812,up
250902,1.671875,7.128906,6.53125,0.095703,-0.070312,-0.056641,0.836426,0.396973,0.078003,0.369812,up
250907,1.671875,7.167969,6.53125,0.117188,-0.054687,-0.048828,0.836304,0.397522,0.078064,0.369446,up
250912,1.710938,7.167969,6.570312,0.117188,-0.054687,-0.048828,0.836243,0.397766,0.078125,0.369324,up
250917,1.75,7.164062,6.53125,0.078125,-0.035156,-0.021484,0.836243,0.397766,0.078125,0.369324,up
250922,1.75,7.203125,6.53125,0.078125,-0.035156,-0.021484,0.836182,0.397949,0.078125,0.369263,up
250927,1.75,7.242187,6.53125,0.080078,-0.023437,-0.019531,0.836182,0.397949,0.078125,0.369263,up
250932,1.75,7.203125,6.453125,0.080078,-0.023437,-0.019531,0.83606,0.398315,0.078247,0.369141,up
250937,1.75,7.242187,6.453125,0.080078,-0.023437,-0.019531,0.835937,0.398499,0.07843,0.36908,up
250942,1.75,7.242187,6.492187,0.074219,0.035156,-0.013672,0.835754,0.398804,0.078735,0.369141,up
250947,1.710938,7.125,6.53125,0.074219,0.035156,-0.013672,0.835693,0.398926,0.078918,0.369141,up
250952,1.671875,7.207031,6.53125,0.074219,0.035156,-0.013672,0.835693,0.398926,0.078918,0.369141,up
250957,1.597656,7.246094,6.53125,0.087891,0.041016,0.005859,0.835693,0.398926,0.078918,0.369141,up
250962,1.671875,7.242187,6.570312,0.066406,0.050781,0.011719,0.835327,0.399353,0.079407,0.369324,up
250967,1.710938,7.28125,6.53125,0.066406,0.050781,0.011719,0.835327,0.399353,0.079407,0.369324,up
250972,1.710938,7.242187,6.53125,0.019531,0.033203,0.009766,0.835266,0.399353,0.079529,0.369446,up
250977,1.710938,7.167969,6.570312,0.019531,0.033203,0.009766,0.835266,0.399414,0.07959,0.369507,up
250982,1.75,7.125,6.609375,0.019531,0.033203,0.009766,0.835083,0.399536,0.079773,0.369629,up
250987,1.75,7.050781,6.683594,0.054687,0.009766,-0.001953,0.835083,0.399536,0.079773,0.369629,up
250992,1.75,7.085937,6.683594,0.054687,0.009766,-0.001953,0.835022,0.399658,0.079895,0.369629,up
250997,1.75,7.050781,6.683594,0.041016,0.021484,-0.015625,0.835022,0.399658,0.079895,0.369629,up
251003,1.75,7.085937,6.609375,0.041016,0.021484,-0.015625,0.8349,0.399841,0.080139,0.369629,up
251008,1.789063,7.007812,6.644531,0.003906,0.009766,-0.029297,0.8349,0.399902,0.080261,0.369629,up
251013,1.789063,7.050781,6.644531,-0.005859,0.017578,-0.039063,0.8349,0.399841,0.080322,0.369568,up
251018,1.789063,7.125,6.609375,-0.005859,0.017578,-0.039063,0.834961,0.399841,0.080383,0.369507,up
251023,1.789063,7.085937,6.609375,-0.005859,0.017578,-0.039063,0.834961,0.39978,0.080444,0.369507,up
251028,1.75,7.125,6.644531,-0.001953,0.019531,-0.039063,0.835022,0.39978,0.080505,0.369446,up
251033,1.789063,7.167969,6.570312,-0.001953,0.019531,-0.039063,0.835022,0.399719,0.080566,0.369385,up
251038,1.75,7.203125,6.53125,-0.009766,0.027344,-0.027344,0.835022,0.399719,0.080627,0.369385,up
251044,1.710938,7.28125,6.53125,-0.009766,0.027344,-0.027344,0.835022,0.399658,0.080688,0.369385,up
251049,1.75,7.28125,6.53125,-0.001953,0.0,-0.007813,0.835022,0.399658,0.080688,0.369385,up
251054,1.75,7.28125,6.53125,0.0,-0.005859,-0.005859,0.835022,0.399658,0.080688,0.369385,up
251060,1.75,7.3125,6.453125,0.0,-0.005859,-0.005859,0.835083,0.399658,0.08075,0.369385,up
251065,1.75,7.351562,6.492187,0.005859,-0.017578,-0.001953,0.835083,0.399658,0.08075,0.369385,up
251071,1.789063,7.3125,6.492187,0.017578,-0.027344,0.003906,0.835083,0.399658,0.08075,0.369385,up
251077,1.75,7.316406,6.570312,0.019531,-0.019531,-0.009766,0.835083,0.399658,0.08075,0.369385,up
251082,1.789063,7.316406,6.570312,0.035156,-0.027344,-0.007813,0.835083,0.399658,0.08075,0.369385,up
251087,1.789063,7.3125,6.53125,0.011719,-0.021484,-0.025391,0.835083,0.399658,0.08075,0.369385,up
251093,1.75,7.285156,6.570312,0.011719,-0.021484,-0.025391,0.834961,0.400024,0.080566,0.369202,up
251098,1.75,7.285156,6.570312,-0.017578,-0.037109,-0.03125,0.835022,0.400024,0.080505,0.369141,up
251103,1.75,7.246094,6.570312,-0.027344,-0.027344,-0.039063,0.835083,0.399963,0.080444,0.369019,up
251108,1.75,7.3125,6.53125,-0.027344,-0.027344,-0.039063,0.835144,0.399963,0.080383,0.368958,up
251113,1.75,7.28125,6.492187,-0.027344,-0.027344,-0.039063,0.835205,0.399902,0.080383,0.368896,up
251118,1.75,7.3125,6.492187,-0.027344,-0.027344,-0.039063,0.835205,0.399902,0.080383,0.368896,up
251123,1.75,7.28125,6.453125,0.003906,0.005859,-0.025391,0.835205,0.399902,0.080383,0.368896,up
251128,1.75,7.316406,6.417969,0.003906,0.005859,-0.025391,0.835266,0.399841,0.080383,0.368835,up
251133,1.710938,7.355469,6.417969,0.003906,0.005859,-0.025391,0.835266,0.399841,0.080383,0.368835,up
251138,1.671875,7.394531,6.378906,0.044922,0.039063,0.0,0.835205,0.399902,0.080566,0.368835,up
251143,1.597656,7.390625,6.492187,0.044922,0.039063,0.0,0.835083,0.400024,0.080688,0.368896,up
251148,1.597656,7.355469,6.453125,0.044922,0.039063,0.0,0.835022,0.400085,0.080811,0.368958,up
251153,1.519531,7.390625,6.417969,0.066406,0.044922,0.03125,0.835022,0.400085,0.080811,0.368958,up
251158,1.480469,7.394531,6.417969,0.066406,0.044922,0.03125,0.834778,0.40033,0.081055,0.369141,up
251163,1.558594,7.433594,6.53125,0.066406,0.044922,0.03125,0.834656,0.400513,0.081116,0.369263,up
251168,1.636719,7.429687,6.53125,0.066406,0.044922,0.03125,0.834473,0.400696,0.081116,0.369385,up
251173,1.671875,7.429687,6.453125,0.074219,0.0,0.074219,0.834473,0.400696,0.081116,0.369385,up
251178,1.710938,7.433594,6.453125,0.074219,0.0,0.074219,0.834167,0.401062,0.081116,0.36969,up
251183,1.710938,7.351562,6.53125,0.074219,0.0,0.074219,0.834045,0.401245,0.081177,0.369873,up
251188,1.710938,7.3125,6.492187,0.074219,0.0,0.074219,0.834045,0.401245,0.081177,0.369873,up
251193,1.671875,7.285156,6.492187,0.125,0.029297,0.066406,0.834045,0.401245,0.081177,0.369873,up
251198,1.671875,7.285156,6.492187,0.125,0.029297,0.066406,0.833435,0.401978,0.081482,0.370361,up
251203,1.671875,7.285156,6.492187,0.125,0.029297,0.066406,0.833252,0.402161,0.081543,0.370483,up
251208,1.671875,7.246094,6.492187,0.125,0.029297,0.066406,0.833252,0.402161,0.081543,0.370483,up
251213,1.636719,7.246094,6.53125,0.041016,0.015625,0.046875,0.833252,0.402161,0.081543,0.370483,up
251218,1.671875,7.246094,6.53125,0.041016,0.015625,0.046875,0.832886,0.402527,0.081665,0.37085,up
251224,1.710938,7.242187,6.53125,0.041016,0.015625,0.046875,0.832825,0.402649,0.081665,0.370972,up
251229,1.710938,7.203125,6.492187,0.064453,0.0,0.041016,0.832703,0.402771,0.081665,0.371094,up
251234,1.710938,7.203125,6.492187,0.080078,0.001953,0.037109,0.832581,0.402893,0.081726,0.371155,up
251240,1.671875,7.164062,6.570312,0.080078,0.001953,0.037109,0.832458,0.403076,0.081726,0.371216,up
251245,1.636719,7.167969,6.644531,0.107422,0.007813,0.033203,0.832458,0.403076,0.081726,0.371216,up
251250,1.597656,7.128906,6.492187,0.09375,0.015625,0.017578,0.832153,0.403503,0.081909,0.371399,up
251255,1.558594,7.125,6.53125,0.09375,0.015625,0.017578,0.832092,0.403687,0.082031,0.371399,up
251260,1.597656,7.164062,6.570312,0.066406,-0.017578,0.007813,0.83197,0.40387,0.082031,0.37146,up
251266,1.597656,7.125,6.570312,0.0625,-0.033203,0.003906,0.83197,0.40387,0.082031,0.37146,up
251271,1.671875,7.203125,6.570312,0.066406,-0.056641,0.009766,0.83197,0.40387,0.082031,0.37146,up
251276,1.710938,7.207031,6.570312,0.064453,-0.054687,0.017578,0.831726,0.404419,0.08197,0.371399,up
251282,1.710938,7.207031,6.570312,0.070312,-0.054687,0.015625,0.831726,0.404419,0.08197,0.371399,up
251288,1.671875,7.246094,6.492187,0.105469,-0.042969,0.013672,0.831726,0.404419,0.08197,0.371399,up
251293,1.636719,7.203125,6.570312,0.148437,-0.048828,0.017578,0.831421,0.405151,0.081848,0.371338,up
251298,1.636719,7.167969,6.53125,0.146484,-0.042969,0.021484,0.831238,0.405518,0.081909,0.371277,up
251303,1.597656,7.167969,6.453125,0.146484,-0.042969,0.021484,0.831116,0.405884,0.081909,0.371277,up
251308,1.597656,7.246094,6.492187,0.15625,-0.068359,0.007813,0.830933,0.40625,0.08197,0.371277,up
251314,1.671875,7.246094,6.53125,0.15625,-0.068359,0.007813,0.830627,0.406982,0.081909,0.371155,up
251319,1.671875,7.246094,6.53125,0.154297,-0.078125,0.007813,0.830444,0.40741,0.081909,0.371094,up
251324,1.671875,7.246094,6.453125,0.154297,-0.078125,0.007813,0.830261,0.407837,0.081848,0.370972,up
251330,1.710938,7.246094,6.417969,0.154297,-0.078125,0.007813,0.830078,0.408264,0.081848,0.370911,up
251336,1.710938,7.246094,6.339844,0.220703,-0.085937,0.005859,0.830078,0.408264,0.081848,0.370911,up
251341,1.710938,7.28125,6.300781,0.244141,-0.083984,0.005859,0.830078,0.408264,0.081848,0.370911,up
251346,1.710938,7.316406,6.261719,0.244141,-0.083984,0.005859,0.829407,0.409912,0.081909,0.370544,up
251352,1.710938,7.355469,6.339844,0.244141,-0.083984,0.005859,0.829407,0.409912,0.081909,0.370544,up
251357,1.710938,7.394531,6.300781,0.212891,-0.054687,-0.007813,0.829407,0.409912,0.081909,0.370544,up
251362,1.710938,7.394531,6.300781,0.210937,-0.054687,-0.007813,0.828735,0.411499,0.082153,0.370239,up
251367,1.671875,7.433594,6.226562,0.210937,-0.054687,-0.007813,0.828735,0.411499,0.082153,0.370239,up
251372,1.710938,7.433594,6.300781,0.207031,-0.060547,-0.001953,0.828308,0.412476,0.082336,0.370056,up
251377,1.710938,7.433594,6.300781,0.207031,-0.060547,-0.001953,0.828308,0.412476,0.082336,0.370056,up
251382,1.710938,7.355469,6.261719,0.164062,-0.074219,0.005859,0.828308,0.412476,0.082336,0.370056,up
251388,1.710938,7.355469,6.261719,0.167969,-0.068359,-0.011719,0.828308,0.412476,0.082336,0.370056,up
251393,1.710938,7.355469,6.226562,0.167969,-0.068359,-0.011719,0.827637,0.414124,0.082397,0.36969,up
251398,1.710938,7.316406,6.261719,0.164062,-0.076172,-0.021484,0.827637,0.414124,0.082397,0.36969,up
251403,1.710938,7.316406,6.226562,0.173828,-0.083984,-0.019531,0.827209,0.415466,0.082458,0.369263,up
251408,1.710938,7.316406,6.226562,0.173828,-0.083984,-0.019531,0.827209,0.415466,0.082458,0.369263,up
251413,1.75,7.390625,6.226562,0.199219,-0.113281,-0.015625,0.826843,0.416504,0.082397,0.368896,up
251418,1.75,7.394531,6.109375,0.199219,-0.113281,-0.015625,0.826843,0.416504,0.082397,0.368896,up
251424,1.75,7.433594,6.148437,0.244141,-0.119141,-0.005859,0.826843,0.416504,0.082397,0.368896,up
251429,1.789063,7.511719,6.1875,0.244141,-0.119141,-0.005859,0.826172,0.418335,0.082397,0.368347,up
251434,1.789063,7.550781,6.109375,0.244141,-0.119141,-0.005859,0.825928,0.418945,0.082458,0.368164,up
251439,1.75,7.507812,6.109375,0.244141,-0.119141,-0.005859,0.825684,0.419434,0.08252,0.368042,up
251444,1.789063,7.546875,6.070312,0.230469,-0.089844,-0.009766,0.825439,0.420105,0.082581,0.367859,up
251449,1.75,7.546875,6.035156,0.224609,-0.089844,-0.015625,0.825256,0.420654,0.082581,0.367737,up
251455,1.789063,7.550781,6.109375,0.224609,-0.089844,-0.015625,0.825073,0.421082,0.082642,0.367615,up
251460,1.789063,7.589844,6.070312,0.205078,-0.078125,-0.007813,0.824829,0.421631,0.082642,0.367493,up
251466,1.789063,7.589844,6.070312,0.201172,-0.074219,-0.009766,0.824829,0.421631,0.082642,0.367493,up
251471,1.75,7.550781,6.109375,0.181641,-0.074219,-0.009766,0.824829,0.421631,0.082642,0.367493,up
251477,1.75,7.546875,6.070312,0.197266,-0.072266,-0.007813,0.824829,0.421631,0.082642,0.367493,up
251482,1.789063,7.550781,6.109375,0.207031,-0.078125,-0.005859,0.824829,0.421631,0.082642,0.367493,up
251488,1.75,7.46875,6.148437,0.203125,-0.080078,-0.003906,0.824829,0.421631,0.082642,0.367493,up
251493,1.75,7.429687,6.1875,0.203125,-0.080078,-0.003906,0.823425,0.42511,0.082947,0.366577,up
251498,1.75,7.433594,6.109375,0.212891,-0.109375,0.003906,0.823425,0.42511,0.082947,0.366577,up
251503,1.75,7.394531,6.109375,0.212891,-0.109375,0.003906,0.823242,0.425598,0.082886,0.366455,up
251508,1.75,7.351562,6.109375,0.214844,-0.128906,0.011719,0.823242,0.425598,0.082886,0.366455,up
251513,1.75,7.390625,6.035156,0.214844,-0.128906,0.011719,0.822815,0.426697,0.082764,0.366211,up
251518,1.789063,7.390625,5.996094,0.201172,-0.126953,0.011719,0.822815,0.426697,0.082764,0.366211,up
251523,1.828125,7.390625,5.996094,0.197266,-0.117188,0.019531,0.822815,0.426697,0.082764,0.366211,up
251528,1.828125,7.390625,5.957031,0.197266,-0.117188,0.019531,0.822144,0.428345,0.08252,0.365784,up
251534,1.828125,7.390625,5.917969,0.248047,-0.089844,0.007813,0.822144,0.428345,0.08252,0.365784,up
251539,1.828125,7.390625,5.957031,0.248047,-0.089844,0.007813,0.821411,0.430054,0.08252,0.365479,up
251545,1.789063,7.355469,5.917969,0.248047,-0.089844,0.007813,0.821106,0.430664,0.082642,0.365356,up
251550,1.789063,7.316406,5.957031,0.298828,-0.060547,-0.005859,0.820801,0.431396,0.082764,0.365234,up
251555,1.789063,7.390625,5.957031,0.300781,-0.048828,-0.017578,0.820801,0.431396,0.082764,0.365234,up
251560,1.75,7.390625,5.996094,0.287109,-0.058594,-0.03125,0.820801,0.431396,0.082764,0.365234,up
251565,1.710938,7.390625,5.996094,0.287109,-0.058594,-0.03125,0.820801,0.431396,0.082764,0.365234,up
251570,1.710938,7.390625,5.996094,0.277344,-0.082031,-0.046875,0.820801,0.431396,0.082764,0.365234,up
251575,1.710938,7.355469,5.996094,0.277344,-0.082031,-0.046875,0.820801,0.431396,0.082764,0.365234,up
251580,1.710938,7.355469,5.996094,0.273438,-0.119141,-0.074219,0.820801,0.431396,0.082764,0.365234,up
251586,1.75,7.390625,5.917969,0.273438,-0.119141,-0.074219,0.81897,0.435974,0.083801,0.363586,up
251592,1.75,7.355469,5.839844,0.296875,-0.150391,-0.087891,0.81897,0.435974,0.083801,0.363586,up
251597,1.75,7.390625,5.839844,0.306641,-0.150391,-0.089844,0.81897,0.435974,0.083801,0.363586,up
251603,1.75,7.46875,5.765625,0.306641,-0.150391,-0.089844,0.81897,0.435974,0.083801,0.363586,up
251609,1.789063,7.351562,5.765625,0.341797,-0.128906,-0.109375,0.817749,0.439758,0.084351,0.361633,up
251614,1.75,7.550781,5.765625,0.341797,-0.128906,-0.109375,0.817505,0.440613,0.084534,0.361145,up
251619,1.75,7.507812,5.765625,0.341797,-0.128906,-0.109375,0.8172,0.441406,0.084778,0.360779,up
251624,1.710938,7.546875,5.6875,0.402344,-0.103516,-0.123047,0.8172,0.441406,0.084778,0.360779,up
251629,1.710938,7.625,5.648437,0.402344,-0.103516,-0.123047,0.816528,0.443237,0.085327,0.359863,up
251634,1.710938,7.667969,5.613281,0.402344,-0.103516,-0.123047,0.816223,0.444031,0.085632,0.359436,up
251639,1.671875,7.738281,5.613281,0.390625,-0.078125,-0.128906,0.815918,0.444946,0.085999,0.359009,up
251645,1.671875,7.777344,5.613281,0.390625,-0.078125,-0.128906,0.815613,0.44574,0.086304,0.358643,up
251650,1.671875,7.773437,5.574219,0.390625,-0.078125,-0.128906,0.815308,0.446655,0.08667,0.358154,up
251655,1.636719,7.777344,5.535156,0.390625,-0.078125,-0.128906,0.815308,0.446655,0.08667,0.358154,up
251660,1.636719,7.777344,5.535156,0.382813,-0.085937,-0.150391,0.815308,0.446655,0.08667,0.358154,up
251665,1.671875,7.777344,5.496094,0.382813,-0.085937,-0.150391,0.814453,0.449158,0.087708,0.35675,up
251670,1.710938,7.773437,5.496094,0.382813,-0.085937,-0.150391,0.814148,0.449951,0.088013,0.356323,up
251675,1.710938,7.773437,5.457031,0.382813,-0.085937,-0.150391,0.814148,0.449951,0.088013,0.356323,up
251680,1.710938,7.773437,5.457031,0.365234,-0.080078,-0.152344,0.814148,0.449951,0.088013,0.356323,up
251686,1.75,7.734375,5.496094,0.365234,-0.080078,-0.152344,0.813354,0.452271,0.088989,0.354919,up
251691,1.710938,7.707031,5.496094,0.365234,-0.080078,-0.152344,0.81311,0.453064,0.089355,0.354431,up
251696,1.710938,7.734375,5.496094,0.339844,-0.091797,-0.160156,0.81311,0.453064,0.089355,0.354431,up
251702,1.75,7.734375,5.535156,0.347656,-0.091797,-0.175781,0.81311,0.453064,0.089355,0.354431,up
251707,1.671875,7.738281,5.496094,0.355469,-0.085937,-0.183594,0.81311,0.453064,0.089355,0.354431,up
251713,1.671875,7.777344,5.457031,0.355469,-0.085937,-0.183594,0.812195,0.456055,0.090698,0.352356,up
251718,1.671875,7.777344,5.457031,0.396484,-0.082031,-0.195312,0.812195,0.456055,0.090698,0.352356,up
251723,1.671875,7.855469,5.421875,0.396484,-0.082031,-0.195312,0.811646,0.457703,0.091492,0.351196,up
251729,1.671875,7.851562,5.382812,0.396484,-0.082031,-0.195312,0.811096,0.459412,0.092346,0.350037,up
251734,1.671875,7.894531,5.34375,0.423828,-0.060547,-0.191406,0.811096,0.459412,0.092346,0.350037,up
251739,1.671875,7.894531,5.382812,0.423828,-0.060547,-0.191406,0.810486,0.461182,0.093323,0.348999,up
251744,1.636719,7.890625,5.304687,0.423828,-0.060547,-0.191406,0.81012,0.462036,0.09375,0.34845,up
251749,1.636719,7.929687,5.265625,0.423828,-0.060547,-0.191406,0.81012,0.462036,0.09375,0.34845,up
251754,1.597656,7.972656,5.265625,0.443359,-0.048828,-0.195312,0.81012,0.462036,0.09375,0.34845,up
251759,1.597656,7.972656,5.265625,0.443359,-0.048828,-0.195312,0.809143,0.464722,0.095337,0.346802,up
251764,1.597656,7.972656,5.230469,0.443359,-0.048828,-0.195312,0.808777,0.465576,0.095886,0.346252,up
251769,1.558594,7.929687,5.152344,0.443359,-0.048828,-0.195312,0.808777,0.465576,0.095886,0.346252,up
251774,1.558594,7.933594,5.191406,0.425781,-0.058594,-0.212891,0.808777,0.465576,0.095886,0.346252,up
251779,1.558594,7.929687,5.152344,0.425781,-0.058594,-0.212891,0.807861,0.46814,0.097351,0.344543,up
251784,1.558594,7.855469,5.152344,0.425781,-0.058594,-0.212891,0.807861,0.46814,0.097351,0.344543,up
251789,1.558594,7.816406,5.152344,0.460937,-0.048828,-0.220703,0.807495,0.469177,0.097961,0.343872,up
251795,1.480469,7.8125,5.113281,0.460937,-0.048828,-0.220703,0.806824,0.471008,0.09906,0.342712,up
251801,1.519531,7.816406,5.113281,0.460937,-0.048828,-0.220703,0.806519,0.471802,0.099548,0.342102,up
251808,1.480469,7.8125,5.039062,0.453125,-0.042969,-0.244141,0.806519,0.471802,0.099548,0.342102,up
251814,1.480469,7.738281,5.0,0.457031,-0.050781,-0.246094,0.806519,0.471802,0.099548,0.342102,up
251819,1.519531,7.777344,5.074219,0.457031,-0.050781,-0.246094,0.805176,0.475464,0.101929,0.339478,up
251824,1.558594,7.816406,5.0,0.457031,-0.050781,-0.246094,0.805176,0.475464,0.101929,0.339478,up
251829,1.519531,7.734375,4.960937,0.513672,-0.056641,-0.265625,0.804443,0.477478,0.10321,0.338013,up
251834,1.480469,7.734375,4.847656,0.513672,-0.056641,-0.265625,0.804016,0.478516,0.103882,0.33728,up
251839,1.480469,7.773437,4.847656,0.513672,-0.056641,-0.265625,0.803589,0.479675,0.104614,0.336487,up
251844,1.445313,7.773437,4.847656,0.513672,-0.056641,-0.265625,0.803589,0.479675,0.104614,0.336487,up
251849,1.445313,7.816406,4.847656,0.625,-0.056641,-0.298828,0.802612,0.482117,0.106201,0.334839,up
251855,1.480469,7.851562,4.769531,0.625,-0.056641,-0.298828,0.802002,0.483521,0.107117,0.333923,up
251860,1.445313,7.894531,4.769531,0.625,-0.056641,-0.298828,0.802002,0.483521,0.107117,0.333923,up
251866,1.445313,7.929687,4.691406,0.714844,-0.058594,-0.310547,0.800903,0.486206,0.108765,0.332275,up
251871,1.40625,7.929687,4.617187,0.714844,-0.058594,-0.310547,0.800903,0.486206,0.108765,0.332275,up
251876,1.40625,7.929687,4.617187,0.816406,-0.089844,-0.324219,0.799561,0.489258,0.110535,0.330383,up
251881,1.328125,7.929687,4.5,0.816406,-0.089844,-0.324219,0.799561,0.489258,0.110535,0.330383,up
251886,1.214844,7.972656,4.386719,0.880859,-0.113281,-0.324219,0.799561,0.489258,0.110535,0.330383,up
251891,1.214844,7.972656,4.386719,0.919922,-0.144531,-0.318359,0.799561,0.489258,0.110535,0.330383,up
251896,1.214844,7.96875,4.308594,0.941406,-0.158203,-0.322266,0.799561,0.489258,0.110535,0.330383,up
251902,1.214844,8.011719,4.269531,0.955078,-0.181641,-0.314453,0.799561,0.489258,0.110535,0.330383,up
251907,1.289063,8.007813,4.234375,0.955078,-0.181641,-0.314453,0.799561,0.489258,0.110535,0.330383,up
251913,1.328125,8.007813,4.234375,0.955078,-0.181641,-0.314453,0.793701,0.502258,0.116333,0.322876,up
251919,1.328125,7.96875,4.195312,0.955078,-0.253906,-0.306641,0.793701,0.502258,0.116333,0.322876,up
251924,1.289063,7.972656,4.078125,0.964844,-0.248047,-0.306641,0.793701,0.502258,0.116333,0.322876,up
251929,1.289063,8.011719,4.003906,0.996094,-0.234375,-0.314453,0.790955,0.508362,0.118408,0.319275,up
251934,1.253906,7.929687,3.964844,0.996094,-0.234375,-0.314453,0.789917,0.510559,0.119141,0.317993,up
251939,1.214844,8.007813,3.886719,1.0625,-0.275391,-0.316406,0.78894,0.512634,0.119873,0.316772,up
251945,1.214844,8.007813,3.851563,1.0625,-0.275391,-0.316406,0.786926,0.516907,0.121216,0.314331,up
251950,1.175781,8.046875,3.8125,1.132813,-0.308594,-0.3125,0.785706,0.519531,0.122009,0.312866,up
251955,1.175781,8.117188,3.8125,1.179688,-0.339844,-0.3125,0.784546,0.521973,0.122681,0.311462,up
251961,1.175781,8.238281,3.773438,1.179688,-0.339844,-0.3125,0.783447,0.524231,0.123291,0.310181,up
251966,1.136719,8.316406,3.734375,1.179688,-0.339844,-0.3125,0.782166,0.526794,0.123962,0.308716,up
251973,1.097656,8.351563,3.621094,1.304688,-0.345703,-0.335938,0.782166,0.526794,0.123962,0.308716,up
251978,1.023438,8.355469,3.542969,1.330078,-0.335938,-0.351563,0.782166,0.526794,0.123962,0.308716,up
251984,0.871094,8.542969,3.351563,1.367188,-0.347656,-0.349609,0.782166,0.526794,0.123962,0.308716,up
251989,0.90625,8.65625,3.3125,1.398438,-0.431641,-0.359375,0.782166,0.526794,0.123962,0.308716,up
251994,0.90625,8.734375,3.3125,1.398438,-0.431641,-0.359375,0.775024,0.540771,0.12793,0.300842,up
251999,0.871094,8.734375,3.273438,1.398438,-0.431641,-0.359375,0.773376,0.544006,0.128723,0.29895,up
252004,0.90625,8.890625,3.160156,1.398438,-0.431641,-0.359375,0.772034,0.546692,0.129333,0.297302,up
252010,0.945312,9.003906,3.121094,1.359375,-0.490234,-0.373047,0.769104,0.55249,0.130493,0.293579,up
252015,0.90625,9.234375,3.121094,1.359375,-0.490234,-0.373047,0.767822,0.555115,0.130981,0.291748,up
252021,0.871094,9.273438,3.046875,1.359375,-0.490234,-0.373047,0.766724,0.557556,0.131348,0.289917,up
252026,0.945312,9.238281,2.96875,0.990234,-0.548828,-0.408203,0.766724,0.557556,0.131348,0.289917,up
252031,0.90625,9.160156,2.929688,0.900391,-0.541016,-0.412109,0.766724,0.557556,0.131348,0.289917,up
252036,0.832031,9.078125,2.816406,0.900391,-0.541016,-0.412109,0.766724,0.557556,0.131348,0.289917,up
252041,0.832031,9.078125,2.816406,0.763672,-0.542969,-0.431641,0.766724,0.557556,0.131348,0.289917,up
252046,0.832031,9.078125,2.816406,0.763672,-0.542969,-0.431641,0.763428,0.565552,0.132202,0.282471,up
252051,0.714844,9.082031,2.777344,0.714844,-0.541016,-0.441406,0.763428,0.565552,0.132202,0.282471,up
252056,0.714844,9.082031,2.777344,0.724609,-0.554687,-0.445312,0.762329,0.568787,0.132385,0.27887,up
252061,0.714844,9.003906,2.777344,0.724609,-0.554687,-0.445312,0.761841,0.570435,0.132507,0.276978,up
252066,0.714844,9.042969,2.777344,0.810547,-0.664062,-0.462891,0.760681,0.573914,0.132507,0.272888,up
252071,0.753906,9.042969,2.777344,0.810547,-0.664062,-0.462891,0.76001,0.575806,0.132446,0.270813,up
252077,0.792969,9.117188,2.855469,0.810547,-0.664062,-0.462891,0.759277,0.57782,0.132385,0.268494,up
252082,0.832031,9.15625,2.816406,0.949219,-0.742187,-0.490234,0.759277,0.57782,0.132385,0.268494,up
252087,0.832031,9.117188,2.816406,0.998047,-0.744141,-0.494141,0.759277,0.57782,0.132385,0.268494,up
252093,0.832031,9.15625,2.816406,1.039063,-0.744141,-0.498047,0.759277,0.57782,0.132385,0.268494,up
252098,0.753906,9.160156,2.738281,1.058594,-0.724609,-0.521484,0.759277,0.57782,0.132385,0.268494,up
252103,0.792969,9.195313,2.664063,1.058594,-0.71875,-0.515625,0.759277,0.57782,0.132385,0.268494,up
252109,0.714844,9.121094,2.664063,1.058594,-0.71875,-0.515625,0.752808,0.593445,0.132507,0.252075,up
252114,0.753906,9.082031,2.664063,1.058594,-0.71875,-0.515625,0.752808,0.593445,0.132507,0.252075,up
252119,0.714844,9.121094,2.625,0.949219,-0.777344,-0.513672,0.752808,0.593445,0.132507,0.252075,up
252124,0.675781,9.117188,2.625,0.949219,-0.777344,-0.513672,0.750977,0.597778,0.132446,0.247192,up
252129,0.640625,9.15625,2.585938,0.949219,-0.777344,-0.513672,0.750183,0.599854,0.132324,0.244812,up
252135,0.640625,9.160156,2.546875,0.869141,-0.8125,-0.496094,0.748657,0.603882,0.131836,0.239807,up
252140,0.675781,9.238281,2.546875,0.816406,-0.863281,-0.5,0.747986,0.605713,0.131531,0.237366,up
252145,0.640625,9.273438,2.46875,0.816406,-0.863281,-0.5,0.747375,0.607483,0.131165,0.234985,up
252150,0.5625,9.308594,2.355469,0.783203,-0.824219,-0.533203,0.747375,0.607483,0.131165,0.234985,up
252155,0.5625,9.304688,2.203125,0.769531,-0.828125,-0.558594,0.746643,0.609436,0.130859,0.232178,up
252160,0.5625,9.238281,2.164063,0.769531,-0.828125,-0.558594,0.745483,0.612854,0.130371,0.227234,up
252165,0.523437,9.15625,2.085938,0.769531,-0.828125,-0.558594,0.744934,0.614502,0.130127,0.224731,up
252170,0.5625,9.082031,2.050781,0.785156,-0.861328,-0.587891,0.744934,0.614502,0.130127,0.224731,up
252175,0.484375,9.082031,1.972656,0.785156,-0.861328,-0.587891,0.744263,0.616394,0.129883,0.221863,up
252180,0.449219,9.121094,2.011719,0.785156,-0.861328,-0.587891,0.742981,0.619934,0.129395,0.216614,up
252185,0.449219,9.117188,2.050781,0.785156,-0.861328,-0.587891,0.742981,0.619934,0.129395,0.216614,up
252190,0.410156,9.238281,2.085938,0.902344,-0.939453,-0.582031,0.741394,0.623962,0.128662,0.210937,up
252195,0.371094,9.347656,2.203125,0.902344,-0.939453,-0.582031,0.74054,0.626038,0.128235,0.208069,up
252200,0.257813,9.464844,2.164063,0.902344,-0.939453,-0.582031,0.74054,0.626038,0.128235,0.208069,up
252205,0.257813,9.464844,2.164063,0.925781,-1.033203,-0.552734,0.739685,0.628052,0.127747,0.205139,up
252210,0.292969,9.464844,2.125,0.912109,-1.054688,-0.5625,0.739685,0.628052,0.127747,0.205139,up
252215,0.21875,9.308594,1.972656,0.900391,-1.078125,-0.548828,0.739685,0.628052,0.127747,0.205139,up
252220,0.21875,9.308594,1.972656,0.865234,-1.117188,-0.542969,0.737244,0.634155,0.125793,0.196167,up
252226,0.257813,9.347656,1.78125,0.832031,-1.167969,-0.53125,0.73584,0.638,0.124023,0.190125,up
252232,0.332031,9.304688,1.742188,0.832031,-1.167969,-0.53125,0.735168,0.639893,0.122986,0.18689,up
252237,0.371094,9.277344,1.742188,0.773437,-1.246094,-0.507812,0.735168,0.639893,0.122986,0.18689,up
252242,0.371094,9.277344,1.703125,0.757812,-1.230469,-0.513672,0.735168,0.639893,0.122986,0.18689,up
252248,0.332031,9.273438,1.667969,0.738281,-1.236328,-0.519531,0.735168,0.639893,0.122986,0.18689,up
252253,0.21875,9.199219,1.511719,0.738281,-1.236328,-0.519531,0.732666,0.647095,0.118652,0.174316,up
252258,0.257813,9.238281,1.398438,0.707031,-1.236328,-0.515625,0.732666,0.647095,0.118652,0.174316,up
252264,0.257813,9.238281,1.28125,0.734375,-1.257813,-0.515625,0.731506,0.650452,0.116394,0.16803,up
252270,0.257813,9.15625,1.167969,0.783203,-1.291016,-0.527344,0.730103,0.654114,0.114014,0.161438,up
252275,0.332031,9.15625,1.089844,0.783203,-1.291016,-0.527344,0.730103,0.654114,0.114014,0.161438,up
252280,0.332031,9.273438,1.089844,1.001953,-1.429688,-0.505859,0.730103,0.654114,0.114014,0.161438,up
252285,0.257813,9.386719,1.015625,1.001953,-1.429688,-0.505859,0.728271,0.658325,0.111389,0.154541,up
252290,0.257813,9.425781,0.976562,1.087891,-1.496094,-0.490234,0.727051,0.660706,0.109924,0.150757,up
252295,0.292969,9.460938,0.863281,1.087891,-1.496094,-0.490234,0.725769,0.663269,0.108398,0.146912,up
252300,0.292969,9.503906,0.824219,1.087891,-1.496094,-0.490234,0.724609,0.665588,0.106873,0.14325,up
252305,0.21875,9.578125,0.785156,1.03125,-1.523438,-0.451172,0.724609,0.665588,0.106873,0.14325,up
252310,0.140625,9.582031,0.59375,1.03125,-1.523438,-0.451172,0.72229,0.669983,0.103882,0.136414,up
252315,0.101563,9.578125,0.59375,0.943359,-1.578125,-0.414062,0.721008,0.672424,0.102112,0.132446,up
252320,0.140625,9.660156,0.59375,0.943359,-1.578125,-0.414062,0.71991,0.674622,0.100281,0.128723,up
252325,0.179687,9.925781,0.671875,0.943359,-1.578125,-0.414062,0.718933,0.676636,0.09845,0.125122,up
252330,0.179687,9.925781,0.671875,0.771484,-1.613281,-0.410156,0.71814,0.678345,0.09668,0.121826,up
252335,0.179687,10.039063,0.671875,0.771484,-1.613281,-0.410156,0.717346,0.680054,0.094666,0.118103,up
252340,0.101563,10.078125,0.59375,0.595703,-1.505859,-0.449219,0.717346,0.680054,0.094666,0.118103,up
252345,0.101563,10.078125,0.59375,0.519531,-1.451172,-0.460937,0.716309,0.6828,0.091187,0.111206,up
252351,-0.089844,10.148438,0.09375,0.519531,-1.451172,-0.460937,0.715515,0.685242,0.087708,0.103882,up
252357,-0.125,10.460938,0.019531,0.519531,-1.451172,-0.460937,0.71521,0.686157,0.086365,0.101013,up
252362,-0.203125,10.691406,-0.097656,0.519531,-1.451172,-0.460937,0.714844,0.687256,0.084778,0.097595,up
252369,-0.242187,10.847656,-0.171875,0.572266,-1.373047,-0.472656,0.714844,0.687256,0.084778,0.097595,up
252374,-0.355469,11.226563,-0.171875,0.632812,-1.376953,-0.445312,0.714844,0.687256,0.084778,0.097595,up
252379,-0.394531,11.339844,-0.132812,0.632812,-1.376953,-0.445312,0.712891,0.691162,0.0802,0.087708,up
252385,-0.394531,11.453125,-0.097656,0.689453,-1.388672,-0.408203,0.712891,0.691162,0.0802,0.087708,up
252390,-0.28125,11.535156,-0.058594,0.669922,-1.398438,-0.382813,0.710388,0.695374,0.075256,0.078003,up
252395,-0.28125,11.679688,-0.019531,0.669922,-1.398438,-0.382813,0.709656,0.696655,0.073608,0.07489,up
252400,-0.203125,11.679688,-0.132812,0.669922,-1.398438,-0.382813,0.709045,0.697754,0.072021,0.071838,up
252405,-0.164062,11.683594,-0.171875,0.669922,-1.398438,-0.382813,0.709045,0.697754,0.072021,0.071838,up
252410,-0.203125,11.722656,-0.210937,0.400391,-1.253906,-0.322266,0.708191,0.699524,0.068848,0.066162,up
252415,-0.242187,11.835938,-0.171875,0.400391,-1.253906,-0.322266,0.708191,0.699524,0.068848,0.066162,up
252420,-0.28125,11.796875,-0.132812,0.400391,-1.253906,-0.322266,0.708008,0.700134,0.067139,0.063354,up
252425,-0.28125,11.761719,-0.289063,0.078125,-1.0625,-0.240234,0.708191,0.700623,0.06427,0.058777,up
252430,-0.394531,11.652344,-0.132812,0.078125,-1.0625,-0.240234,0.708191,0.700623,0.06427,0.058777,up
252435,-0.433594,11.679688,-0.132812,-0.091797,-0.910156,-0.183594,0.708435,0.700623,0.062927,0.056763,up
252440,-0.511719,11.757813,-0.210937,-0.091797,-0.910156,-0.183594,0.708801,0.700562,0.061584,0.054749,up
252445,-0.625,11.796875,-0.289063,-0.091797,-0.910156,-0.183594,0.709106,0.700562,0.060303,0.052917,up
252450,-0.625,11.839844,-0.363281,-0.091797,-0.910156,-0.183594,0.70929,0.700562,0.059021,0.051086,up
252455,-0.585937,11.878906,-0.363281,-0.091797,-0.910156,-0.183594,0.709351,0.700684,0.057922,0.049438,up
252460,-0.585937,11.996094,-0.402344,0.197266,-0.900391,-0.148437,0.709351,0.700684,0.057922,0.049438,up
252465,-0.585937,11.996094,-0.402344,0.302734,-0.916016,-0.136719,0.708984,0.701538,0.055298,0.045715,up
252470,-0.433594,11.953125,-0.480469,0.302734,-0.916016,-0.136719,0.708984,0.701538,0.055298,0.045715,up
252475,-0.394531,11.953125,-0.515625,0.408203,-0.941406,-0.119141,0.707825,0.703125,0.05249,0.041992,up
252480,-0.394531,11.953125,-0.515625,0.408203,-0.941406,-0.119141,0.707825,0.703125,0.05249,0.041992,up
252485,-0.320313,11.875,-0.632812,0.609375,-0.957031,-0.019531,0.705139,0.706543,0.047729,0.036438,up
252490,-0.242187,11.757813,-0.671875,0.609375,-0.957031,-0.019531,0.705139,0.706543,0.047729,0.036438,up
252495,-0.203125,11.761719,-0.632812,0.609375,-0.957031,-0.019531,0.704102,0.707764,0.045898,0.034668,up
252501,-0.125,11.652344,-0.59375,0.412109,-0.914062,0.152344,0.704102,0.707764,0.045898,0.034668,up
252506,0.101563,11.53125,-0.554687,0.412109,-0.914062,0.152344,0.701965,0.710388,0.04071,0.030518,up
252511,0.21875,11.378906,-0.632812,0.205078,-0.839844,0.179687,0.701538,0.710937,0.038757,0.029175,up
252517,0.410156,11.230469,-0.671875,0.205078,-0.839844,0.179687,0.701355,0.711304,0.036987,0.028015,up
252522,0.449219,10.875,-0.746094,0.205078,-0.839844,0.179687,0.701233,0.711548,0.035522,0.0271,up
252528,0.449219,10.730469,-0.746094,0.060547,-0.689453,0.167969,0.701233,0.711548,0.035522,0.0271,up
252534,0.410156,10.609375,-0.824219,0.085937,-0.640625,0.175781,0.70105,0.711914,0.032532,0.025269,up
252540,0.257813,10.382813,-0.863281,0.085937,-0.640625,0.175781,0.700928,0.712158,0.031006,0.024353,up
252545,0.140625,10.304688,-0.863281,0.085937,-0.640625,0.175781,0.700684,0.712463,0.029846,0.023682,up
252551,0.027344,10.347656,-0.824219,0.208984,-0.541016,0.201172,0.699951,0.713318,0.027161,0.0224,up
252556,-0.089844,10.347656,-0.707031,0.208984,-0.541016,0.201172,0.699463,0.713867,0.025696,0.021851,up
252561,-0.089844,10.382813,-0.554687,0.208984,-0.541016,0.201172,0.698853,0.714478,0.024353,0.021362,up
252566,-0.011719,10.460938,-0.554687,0.414062,-0.625,0.341797,0.698853,0.714478,0.024353,0.021362,up
252571,0.066406,10.535156,-0.480469,0.414062,-0.625,0.341797,0.697388,0.716064,0.020935,0.020264,up
252576,0.140625,10.609375,-0.402344,0.414062,-0.625,0.341797,0.696777,0.716736,0.019287,0.019775,up
252581,0.257813,10.769531,-0.402344,0.337891,-0.671875,0.382813,0.696106,0.717468,0.017334,0.019226,up
252586,0.332031,10.730469,-0.480469,0.310547,-0.650391,0.371094,0.695557,0.718079,0.015625,0.018677,up
252591,0.371094,10.652344,-0.632812,0.310547,-0.650391,0.371094,0.695557,0.718079,0.015625,0.018677,up
252596,0.410156,10.613281,-0.632812,0.310547,-0.650391,0.371094,0.694519,0.719177,0.012085,0.017639,up
252601,0.449219,10.609375,-0.59375,0.259766,-0.613281,0.353516,0.694519,0.719177,0.012085,0.017639,up
252606,0.449219,10.613281,-0.554687,0.222656,-0.59375,0.359375,0.69397,0.719727,0.010315,0.017151,up
252612,0.371094,10.574219,-0.480469,0.222656,-0.59375,0.359375,0.693176,0.720581,0.006958,0.016235,up
252618,0.292969,10.691406,-0.554687,0.222656,-0.59375,0.359375,0.692871,0.720886,0.005432,0.01593,up
252623,0.292969,10.691406,-0.480469,0.166016,-0.535156,0.443359,0.692505,0.721191,0.003723,0.015747,up
252629,0.257813,10.847656,-0.441406,0.166016,-0.535156,0.443359,0.6922,0.721558,0.001709,0.015564,up
252634,0.21875,10.992188,-0.480469,0.167969,-0.529297,0.539062,0.6922,0.721558,0.001709,0.015564,up
252640,0.140625,11.113281,-0.480469,0.181641,-0.533203,0.570312,0.6922,0.721558,0.001709,0.015564,up
252646,0.179687,11.113281,-0.515625,0.175781,-0.544922,0.59375,0.6922,0.721558,0.001709,0.015564,up
252651,0.257813,11.074219,-0.480469,0.175781,-0.544922,0.59375,0.690552,0.723083,-0.007996,0.015686,up
252656,0.292969,11.074219,-0.441406,0.117188,-0.589844,0.580078,0.690552,0.723083,-0.007996,0.015686,up
252661,0.449219,11.070313,-0.480469,0.117188,-0.589844,0.580078,0.690247,0.723328,-0.010071,0.015625,up
252666,0.675781,11.070313,-0.441406,0.101563,-0.603516,0.572266,0.690247,0.723328,-0.010071,0.015625,up
252671,0.792969,10.996094,-0.402344,0.064453,-0.595703,0.517578,0.689819,0.723633,-0.013916,0.015442,up
252676,0.871094,11.070313,-0.402344,0.064453,-0.595703,0.517578,0.689514,0.723877,-0.017944,0.015137,up
252681,0.871094,11.074219,-0.480469,0.015625,-0.537109,0.480469,0.689514,0.723877,-0.017944,0.015137,up
252686,1.023438,10.914063,-0.363281,0.015625,-0.537109,0.480469,0.689331,0.723938,-0.021423,0.014893,up
252691,1.023438,10.84375,-0.324219,0.015625,-0.537109,0.480469,0.689331,0.723938,-0.021423,0.014893,up
252696,1.023438,10.808594,-0.324219,0.009766,-0.457031,0.472656,0.689331,0.723938,-0.021423,0.014893,up
252701,1.023438,10.730469,-0.289063,0.009766,-0.457031,0.472656,0.689148,0.723999,-0.026428,0.014771,up
252706,1.097656,10.53125,-0.324219,0.009766,-0.457031,0.472656,0.689148,0.723999,-0.026428,0.014771,up
252711,1.097656,10.53125,-0.324219,0.101563,-0.457031,0.503906,0.688965,0.72406,-0.028076,0.014832,up
252716,1.136719,10.460938,-0.402344,0.101563,-0.457031,0.503906,0.68866,0.724304,-0.029724,0.014893,up
252721,1.097656,10.386719,-0.480469,0.302734,-0.443359,0.568359,0.688171,0.724731,-0.031494,0.015076,up
252726,1.097656,10.386719,-0.480469,0.425781,-0.4375,0.609375,0.687439,0.725281,-0.033325,0.01532,up
252733,1.175781,10.570313,-0.441406,0.605469,-0.449219,0.722656,0.687439,0.725281,-0.033325,0.01532,up
252738,1.367188,10.84375,-0.480469,0.628906,-0.458984,0.765625,0.687439,0.725281,-0.033325,0.01532,up
252743,1.40625,10.914063,-0.402344,0.597656,-0.474609,0.808594,0.687439,0.725281,-0.033325,0.01532,up
252748,1.445313,10.953125,-0.441406,0.527344,-0.482422,0.820312,0.687439,0.725281,-0.033325,0.01532,up
252754,1.519531,10.878906,-0.441406,0.431641,-0.492187,0.824219,0.687439,0.725281,-0.033325,0.01532,up
252760,1.597656,10.875,-0.480469,0.431641,-0.492187,0.824219,0.680115,0.731262,-0.048401,0.018921,up
252765,1.636719,10.730469,-0.480469,0.162109,-0.462891,0.791016,0.680115,0.731262,-0.048401,0.018921,up
252771,1.636719,10.648438,-0.441406,0.027344,-0.433594,0.773437,0.67926,0.731567,-0.054932,0.020569,up
252776,1.671875,10.492188,-0.441406,0.027344,-0.433594,0.773437,0.679382,0.731262,-0.056946,0.021057,up
252781,1.710938,10.421875,-0.363281,-0.236328,-0.378906,0.734375,0.679382,0.731262,-0.056946,0.021057,up
252786,1.710938,10.304688,-0.289063,-0.283203,-0.369141,0.730469,0.679687,0.730774,-0.059021,0.021606,up
252791,1.671875,10.078125,-0.25,-0.283203,-0.369141,0.730469,0.680115,0.730225,-0.061096,0.022217,up
252796,1.671875,10.078125,-0.25,-0.283203,-0.369141,0.730469,0.680969,0.729065,-0.06488,0.023254,up
252801,1.636719,10.003906,-0.324219,-0.283203,-0.369141,0.730469,0.680969,0.729065,-0.06488,0.023254,up
252806,1.558594,10.0,-0.324219,-0.300781,-0.355469,0.726562,0.681885,0.727783,-0.068848,0.024353,up
252811,1.480469,9.925781,-0.25,-0.300781,-0.355469,0.726562,0.681885,0.727783,-0.068848,0.024353,up
252816,1.519531,9.921875,-0.210937,-0.189453,-0.378906,0.710937,0.68219,0.727295,-0.070679,0.024902,up
252822,1.519531,9.921875,-0.210937,-0.189453,-0.378906,0.710937,0.682434,0.726868,-0.072754,0.025452,up
252827,1.636719,9.925781,-0.25,-0.171875,-0.402344,0.691406,0.682861,0.726013,-0.07666,0.026306,up
252832,1.671875,9.882813,-0.210937,-0.171875,-0.402344,0.691406,0.683105,0.725647,-0.078369,0.026611,up
252838,1.636719,9.808594,-0.132812,-0.171875,-0.402344,0.691406,0.68335,0.725159,-0.0802,0.026855,up
252843,1.636719,9.804688,-0.097656,-0.244141,-0.408203,0.566406,0.683655,0.72467,-0.08197,0.027039,up
252848,1.636719,9.769531,-0.019531,-0.244141,-0.408203,0.566406,0.684021,0.724121,-0.083862,0.027222,up
252855,1.636719,9.65625,0.058594,-0.244141,-0.408203,0.566406,0.684021,0.724121,-0.083862,0.027222,up
252861,1.636719,9.65625,0.09375,-0.224609,-0.392578,0.492187,0.684021,0.724121,-0.083862,0.027222,up
252866,1.558594,9.464844,0.132812,-0.1875,-0.40625,0.478516,0.684021,0.724121,-0.083862,0.027222,up
252871,1.558594,9.304688,0.132812,-0.101563,-0.443359,0.447266,0.684998,0.722412,-0.090027,0.027588,up
252876,1.519531,9.195313,0.09375,-0.101563,-0.443359,0.447266,0.68512,0.722107,-0.091736,0.027588,up
252881,1.519531,9.082031,0.019531,0.083984,-0.472656,0.445312,0.685059,0.721985,-0.093262,0.027527,up
252886,1.558594,9.003906,-0.019531,0.083984,-0.472656,0.445312,0.684875,0.721924,-0.094849,0.027466,up
252892,1.558594,9.003906,-0.019531,0.251953,-0.515625,0.441406,0.684509,0.722107,-0.096375,0.027344,up
252897,1.519531,8.921875,0.019531,0.251953,-0.515625,0.441406,0.683228,0.722839,-0.099792,0.027161,up
252903,1.597656,8.890625,-0.019531,0.332031,-0.544922,0.421875,0.682556,0.723267,-0.101379,0.026978,up
252908,1.75,8.773438,-0.171875,0.332031,-0.544922,0.421875,0.681763,0.723755,-0.103027,0.026794,up
252913,1.710938,8.777344,-0.289063,0.337891,-0.535156,0.394531,0.681763,0.723755,-0.103027,0.026794,up
252918,1.75,8.660156,-0.289063,0.333984,-0.535156,0.390625,0.681763,0.723755,-0.103027,0.026794,up
252923,1.75,8.621094,-0.289063,0.333984,-0.535156,0.390625,0.679443,0.725281,-0.107788,0.026184,up
252929,1.789063,8.65625,-0.480469,0.333984,-0.535156,0.390625,0.678772,0.725708,-0.109314,0.026001,up
252935,1.863281,8.617188,-0.441406,0.246094,-0.462891,0.359375,0.678772,0.725708,-0.109314,0.026001,up
252940,1.902344,8.542969,-0.402344,0.246094,-0.462891,0.359375,0.677551,0.72644,-0.112183,0.025696,up
252945,1.902344,8.539063,-0.515625,0.177734,-0.400391,0.328125,0.677551,0.72644,-0.112183,0.025696,up
252950,1.863281,8.472656,-0.480469,0.169922,-0.388672,0.306641,0.677551,0.72644,-0.112183,0.025696,up
252955,1.863281,8.503906,-0.59375,0.169922,-0.388672,0.306641,0.676147,0.727173,-0.115906,0.02533,up
252960,1.902344,8.542969,-0.632812,0.169922,-0.388672,0.306641,0.675659,0.727417,-0.117065,0.025146,up
252966,1.902344,8.542969,-0.632812,0.232422,-0.394531,0.246094,0.675171,0.727722,-0.118103,0.024963,up
252971,1.863281,8.65625,-0.671875,0.273438,-0.404297,0.224609,0.674561,0.728088,-0.119202,0.024719,up
252976,1.863281,8.65625,-0.671875,0.3125,-0.412109,0.197266,0.673889,0.728577,-0.120239,0.024414,up
252981,1.902344,9.238281,-0.9375,0.3125,-0.412109,0.197266,0.673157,0.729065,-0.121277,0.024048,up
252986,1.902344,9.238281,-0.9375,0.351563,-0.410156,0.111328,0.672424,0.729614,-0.122131,0.023621,up
252992,1.941406,9.726563,-0.976562,0.367188,-0.394531,0.074219,0.670837,0.730896,-0.123718,0.022705,up
252997,1.941406,9.84375,-0.976562,0.367188,-0.394531,0.074219,0.669983,0.731567,-0.124329,0.022156,up
253002,1.941406,9.925781,-0.976562,0.296875,-0.283203,-0.019531,0.669983,0.731567,-0.124329,0.022156,up
253007,1.902344,10.148438,-0.863281,0.296875,-0.283203,-0.019531,0.669312,0.732117,-0.124756,0.021667,up
253013,1.789063,10.191406,-0.976562,0.296875,-0.283203,-0.019531,0.668396,0.732849,-0.125488,0.020874,up
253018,1.710938,10.308594,-1.015625,0.046875,-0.167969,-0.003906,0.668213,0.732971,-0.125732,0.020569,up
253024,1.636719,10.308594,-1.09375,-0.013672,-0.144531,0.021484,0.668213,0.732971,-0.125732,0.020569,up
253029,1.480469,10.460938,-0.976562,-0.013672,-0.144531,0.021484,0.668152,0.732971,-0.126343,0.020081,up
253035,1.40625,10.570313,-1.015625,-0.0625,-0.15625,0.074219,0.668152,0.732971,-0.126343,0.020081,up
253040,1.40625,10.648438,-1.09375,-0.019531,-0.183594,0.107422,0.668152,0.732971,-0.126343,0.020081,up
253045,1.480469,10.730469,-1.015625,0.035156,-0.220703,0.121094,0.668152,0.732971,-0.126343,0.020081,up
253050,1.480469,10.730469,-1.015625,0.085937,-0.240234,0.134766,0.668152,0.732971,-0.126343,0.020081,up
253056,1.519531,10.726563,-1.054688,0.130859,-0.263672,0.15625,0.668152,0.732971,-0.126343,0.020081,up
253061,1.519531,10.691406,-1.09375,0.171875,-0.285156,0.166016,0.668152,0.732971,-0.126343,0.020081,up
253066,1.558594,10.769531,-1.054688,0.171875,-0.285156,0.166016,0.66687,0.733398,-0.130432,0.01886,up
253071,1.558594,10.808594,-1.015625,0.171875,-0.285156,0.166016,0.666443,0.733643,-0.131226,0.018677,up
253077,1.558594,10.769531,-1.054688,0.121094,-0.298828,0.189453,0.666443,0.733643,-0.131226,0.018677,up
253082,1.558594,10.726563,-1.015625,0.121094,-0.298828,0.189453,0.665405,0.734192,-0.133728,0.018127,up
253087,1.558594,10.730469,-0.976562,0.121094,-0.298828,0.189453,0.665283,0.734131,-0.134583,0.017883,up
253092,1.480469,10.84375,-0.976562,-0.166016,-0.353516,0.193359,0.665283,0.734131,-0.134583,0.017883,up
253097,1.40625,10.847656,-0.976562,-0.296875,-0.380859,0.166016,0.665344,0.733887,-0.13562,0.017456,up
253102,1.328125,10.613281,-1.015625,-0.296875,-0.380859,0.166016,0.666077,0.73291,-0.13739,0.016541,up
253107,1.367188,10.460938,-1.015625,-0.296875,-0.380859,0.166016,0.666077,0.73291,-0.13739,0.016541,up
253112,1.445313,10.382813,-1.09375,-0.486328,-0.429687,0.119141,0.667542,0.731262,-0.139343,0.014954,up
253117,1.597656,10.0,-1.128906,-0.486328,-0.429687,0.119141,0.668335,0.730347,-0.14032,0.014099,up
253122,1.636719,10.039063,-1.09375,-0.486328,-0.429687,0.119141,0.669006,0.729614,-0.141235,0.013245,up
253127,1.597656,9.925781,-1.09375,-0.486328,-0.429687,0.119141,0.669006,0.729614,-0.141235,0.013245,up
253132,1.519531,9.964844,-1.128906,-0.388672,-0.488281,0.083984,0.670105,0.728271,-0.143188,0.011475,up
253137,1.480469,10.0,-1.246094,-0.388672,-0.488281,0.083984,0.67041,0.727783,-0.144165,0.010742,up
253142,1.519531,10.082031,-1.320313,-0.388672,-0.488281,0.083984,0.670532,0.727478,-0.145203,0.010071,up
253147,1.519531,10.191406,-1.320313,-0.388672,-0.488281,0.083984,0.670532,0.727478,-0.145203,0.010071,up
253152,1.519531,10.191406,-1.207031,-0.054687,-0.498047,0.15625,0.67041,0.727173,-0.147461,0.008667,up
253157,1.636719,10.1875,-1.167969,-0.054687,-0.498047,0.15625,0.670105,0.727173,-0.148804,0.007874,up
253162,1.597656,10.152344,-1.207031,-0.054687,-0.498047,0.15625,0.669861,0.727173,-0.149902,0.007202,up
253167,1.597656,10.1875,-1.285156,-0.054687,-0.498047,0.15625,0.669861,0.727173,-0.149902,0.007202,up
253172,1.710938,9.964844,-1.320313,0.123047,-0.619141,0.171875,0.669861,0.727173,-0.149902,0.007202,up
253177,1.75,9.886719,-1.285156,0.123047,-0.619141,0.171875,0.668274,0.727783,-0.154175,0.004639,up
253182,1.789063,9.921875,-1.320313,0.205078,-0.722656,0.150391,0.668274,0.727783,-0.154175,0.004639,up
253187,1.789063,9.964844,-1.285156,0.166016,-0.744141,0.138672,0.667664,0.728027,-0.155457,0.003784,up
253192,1.75,9.964844,-1.320313,0.166016,-0.744141,0.138672,0.666504,0.728455,-0.158447,0.001709,up
253197,1.710938,9.960938,-1.359375,0.166016,-0.744141,0.138672,0.666016,0.728577,-0.160034,0.000427,up
253202,1.710938,9.882813,-1.398438,0.166016,-0.744141,0.138672,0.666016,0.728577,-0.160034,0.000427,up
253207,1.636719,9.882813,-1.4375,-0.019531,-0.791016,0.103516,0.665466,0.728455,-0.162964,-0.002014,up
253212,1.636719,9.808594,-1.4375,-0.019531,-0.791016,0.103516,0.665466,0.728455,-0.162964,-0.002014,up
253217,1.636719,9.691406,-1.398438,-0.117188,-0.876953,0.048828,0.665222,0.728271,-0.164612,-0.00354,up
253222,1.671875,9.460938,-1.4375,-0.117188,-0.876953,0.048828,0.665039,0.728088,-0.166138,-0.005066,up
253228,1.789063,9.195313,-1.4375,-0.117188,-0.876953,0.048828,0.664795,0.727539,-0.169189,-0.008179,up
253234,1.828125,9.199219,-1.398438,-0.117188,-0.876953,0.048828,0.664612,0.727356,-0.170593,-0.009644,up
253241,1.828125,9.117188,-1.398438,0.001953,-0.775391,0.083984,0.664612,0.727356,-0.170593,-0.009644,up
253246,1.789063,9.160156,-1.320313,0.105469,-0.746094,0.126953,0.664612,0.727356,-0.170593,-0.009644,up
253252,1.828125,9.273438,-1.359375,0.267578,-0.765625,0.21875,0.664612,0.727356,-0.170593,-0.009644,up
253257,1.828125,9.386719,-1.320313,0.267578,-0.765625,0.21875,0.662598,0.727722,-0.176636,-0.014099,up
253262,2.019531,9.425781,-1.359375,0.296875,-0.794922,0.244141,0.662598,0.727722,-0.176636,-0.014099,up
253268,2.058594,9.425781,-1.398438,0.294922,-0.814453,0.263672,0.659912,0.72876,-0.182007,-0.016846,up
253273,2.132813,9.421875,-1.4375,0.255859,-0.802734,0.251953,0.659058,0.729065,-0.18396,-0.017822,up
253278,2.210938,9.386719,-1.511719,0.269531,-0.787109,0.246094,0.658203,0.72937,-0.18573,-0.018738,up
253284,2.210938,9.34375,-1.550781,0.283203,-0.767578,0.238281,0.65741,0.729614,-0.187317,-0.019592,up
253289,2.25,9.347656,-1.511719,0.283203,-0.767578,0.238281,0.656555,0.729919,-0.188965,-0.020447,up
253295,2.210938,9.386719,-1.511719,0.246094,-0.728516,0.205078,0.656555,0.729919,-0.188965,-0.020447,up
253300,2.210938,9.34375,-1.550781,0.183594,-0.714844,0.1875,0.656555,0.729919,-0.188965,-0.020447,up
253307,2.210938,9.121094,-1.476563,0.183594,-0.714844,0.1875,0.656555,0.729919,-0.188965,-0.020447,up
253313,2.171875,9.039063,-1.511719,0.076172,-0.703125,0.167969,0.65332,0.730591,-0.196716,-0.025208,up
253319,2.285156,8.894531,-1.511719,0.076172,-0.703125,0.167969,0.653015,0.73053,-0.197998,-0.026062,up
253324,2.285156,8.921875,-1.589844,-0.023437,-0.685547,0.144531,0.65271,0.730408,-0.199341,-0.0271,up
253329,2.324219,8.816406,-1.589844,-0.029297,-0.685547,0.138672,0.65271,0.730408,-0.199341,-0.0271,up
253334,2.363281,8.617188,-1.550781,-0.029297,-0.685547,0.138672,0.6521,0.730042,-0.202209,-0.029236,up
253339,2.363281,8.46875,-1.589844,-0.029297,-0.685547,0.138672,0.6521,0.730042,-0.202209,-0.029236,up
253344,2.363281,8.46875,-1.589844,-0.029297,-0.685547,0.138672,0.6521,0.730042,-0.202209,-0.029236,up
253349,2.324219,8.429688,-1.667969,0.042969,-0.654297,0.109375,0.651001,0.729919,-0.205933,-0.032227,up
253354,2.324219,8.429688,-1.667969,0.042969,-0.654297,0.109375,0.651001,0.729919,-0.205933,-0.032227,up
253359,2.363281,8.277344,-1.667969,0.177734,-0.640625,0.109375,0.651001,0.729919,-0.205933,-0.032227,up
253364,2.363281,8.277344,-1.667969,0.248047,-0.625,0.103516,0.648987,0.73053,-0.209656,-0.034851,up
253369,2.554688,8.277344,-1.742188,0.248047,-0.625,0.103516,0.648193,0.730835,-0.210815,-0.035706,up
253374,2.632813,8.316406,-1.742188,0.248047,-0.625,0.103516,0.647278,0.731262,-0.212036,-0.036499,up
253380,2.746094,8.238281,-1.820313,0.248047,-0.625,0.103516,0.647278,0.731262,-0.212036,-0.036499,up
253385,2.785156,8.273438,-1.859375,0.357422,-0.544922,0.025391,0.645447,0.732178,-0.21405,-0.038086,up
253391,2.824219,8.277344,-1.859375,0.355469,-0.513672,0.0,0.645447,0.732178,-0.21405,-0.038086,up
253396,2.859375,8.277344,-1.859375,0.359375,-0.476562,-0.029297,0.645447,0.732178,-0.21405,-0.038086,up
253401,2.824219,8.277344,-1.894531,0.361328,-0.4375,-0.056641,0.645447,0.732178,-0.21405,-0.038086,up
253406,2.898438,8.351563,-1.894531,0.361328,-0.412109,-0.076172,0.645447,0.732178,-0.21405,-0.038086,up
253411,2.898438,8.390625,-1.820313,0.361328,-0.412109,-0.076172,0.645447,0.732178,-0.21405,-0.038086,up
253417,2.859375,8.433594,-1.894531,0.361328,-0.412109,-0.076172,0.640076,0.735535,-0.218018,-0.042297,up
253422,2.824219,8.394531,-1.894531,0.265625,-0.273438,-0.144531,0.640076,0.735535,-0.218018,-0.042297,up
253427,2.785156,8.355469,-1.859375,0.265625,-0.273438,-0.144531,0.638672,0.736511,-0.218567,-0.043518,up
253432,2.859375,8.316406,-1.820313,0.265625,-0.273438,-0.144531,0.638062,0.736938,-0.21875,-0.044067,up
253438,2.859375,8.351563,-1.742188,0.21875,-0.212891,-0.138672,0.638062,0.736938,-0.21875,-0.044067,up
253443,2.859375,8.539063,-1.667969,0.21875,-0.212891,-0.138672,0.636414,0.738159,-0.219055,-0.045654,up
253448,2.785156,8.539063,-1.703125,0.21875,-0.212891,-0.138672,0.636047,0.738464,-0.219116,-0.046021,up
253453,2.859375,8.503906,-1.78125,0.148437,-0.134766,-0.111328,0.635681,0.73877,-0.219177,-0.046448,up
253459,2.824219,8.621094,-1.742188,0.148437,-0.134766,-0.111328,0.635315,0.739014,-0.219177,-0.046753,up
253464,2.746094,8.734375,-1.78125,0.148437,-0.134766,-0.111328,0.63501,0.739258,-0.219177,-0.046997,up
253469,2.667969,8.8125,-1.667969,0.080078,-0.083984,-0.097656,0.63501,0.739258,-0.219177,-0.046997,up
253474,2.667969,8.851563,-1.589844,0.033203,-0.080078,-0.097656,0.634644,0.739563,-0.219116,-0.047546,up
253479,2.667969,8.894531,-1.628906,-0.033203,-0.070312,-0.103516,0.634644,0.739563,-0.219116,-0.047546,up
253484,2.707031,8.960938,-1.550781,-0.033203,-0.070312,-0.103516,0.634644,0.739563,-0.219116,-0.047546,up
253489,2.632813,8.894531,-1.511719,-0.148437,-0.066406,-0.109375,0.634644,0.739563,-0.219116,-0.047546,up
253494,2.667969,9.003906,-1.589844,-0.197266,-0.046875,-0.115234,0.634644,0.739563,-0.219116,-0.047546,up
253499,2.554688,9.003906,-1.550781,-0.197266,-0.046875,-0.115234,0.635437,0.738953,-0.218506,-0.049316,up
253504,2.554688,9.042969,-1.550781,-0.197266,-0.046875,-0.115234,0.635803,0.738647,-0.218323,-0.049683,up
253511,2.363281,9.238281,-1.476563,-0.197266,-0.046875,-0.115234,0.635803,0.738647,-0.218323,-0.049683,up
253517,2.363281,9.386719,-1.4375,-0.224609,-0.029297,-0.132812,0.635803,0.738647,-0.218323,-0.049683,up
253522,2.363281,9.464844,-1.4375,-0.224609,-0.029297,-0.132812,0.636902,0.737793,-0.217651,-0.050842,up
253528,2.285156,9.460938,-1.359375,-0.224609,-0.048828,-0.126953,0.636902,0.737793,-0.217651,-0.050842,up
253533,2.210938,9.539063,-1.398438,-0.207031,-0.052734,-0.130859,0.637695,0.737183,-0.217285,-0.051697,up
253539,2.210938,9.660156,-1.320313,-0.207031,-0.052734,-0.130859,0.638367,0.736694,-0.216919,-0.05249,up
253544,2.210938,9.660156,-1.320313,-0.166016,-0.091797,-0.111328,0.638611,0.73645,-0.216797,-0.052917,up
253550,2.171875,9.765625,-1.359375,-0.166016,-0.091797,-0.111328,0.638855,0.736267,-0.216736,-0.053345,up
253557,2.09375,9.882813,-1.359375,-0.166016,-0.091797,-0.111328,0.638855,0.736267,-0.216736,-0.053345,up
253562,2.058594,9.925781,-1.359375,-0.148437,-0.103516,-0.087891,0.638855,0.736267,-0.216736,-0.053345,up
253568,2.019531,9.960938,-1.359375,-0.148437,-0.109375,-0.083984,0.639709,0.735413,-0.216614,-0.055054,up
253573,1.980469,10.0,-1.4375,-0.148437,-0.109375,-0.083984,0.639893,0.735168,-0.216675,-0.055481,up
253578,1.941406,10.0,-1.4375,-0.130859,-0.158203,-0.072266,0.639893,0.735168,-0.216675,-0.055481,up
253583,1.980469,10.0,-1.476563,-0.138672,-0.160156,-0.058594,0.640076,0.734985,-0.216736,-0.055969,up
253588,1.941406,10.0,-1.511719,-0.146484,-0.162109,-0.058594,0.640198,0.734802,-0.216858,-0.056396,up
253593,1.941406,10.0,-1.511719,-0.146484,-0.162109,-0.058594,0.640564,0.734314,-0.217102,-0.057373,up
253598,1.941406,9.847656,-1.550781,-0.146484,-0.162109,-0.058594,0.640564,0.734314,-0.217102,-0.057373,up
253603,1.980469,9.804688,-1.550781,-0.130859,-0.162109,-0.052734,0.640564,0.734314,-0.217102,-0.057373,up
253608,1.902344,9.84375,-1.550781,-0.130859,-0.162109,-0.052734,0.640869,0.733887,-0.217407,-0.058289,up
253613,1.789063,9.886719,-1.511719,-0.107422,-0.144531,-0.046875,0.641052,0.733704,-0.21759,-0.058777,up
253618,1.789063,9.886719,-1.511719,-0.107422,-0.144531,-0.046875,0.641174,0.733521,-0.217712,-0.059204,up
253623,1.789063,9.925781,-1.550781,-0.130859,-0.148437,-0.054687,0.641296,0.733337,-0.217834,-0.059631,up
253629,1.789063,9.925781,-1.550781,-0.125,-0.162109,-0.056641,0.641541,0.732971,-0.218079,-0.060425,up
253634,1.75,9.847656,-1.511719,-0.128906,-0.171875,-0.048828,0.641663,0.732727,-0.218262,-0.060974,up
253640,1.75,9.804688,-1.589844,-0.128906,-0.171875,-0.048828,0.641785,0.732544,-0.218384,-0.06134,up
253645,1.75,9.808594,-1.550781,-0.128906,-0.171875,-0.048828,0.641907,0.732361,-0.218628,-0.061829,up
253651,1.789063,9.769531,-1.550781,-0.103516,-0.210937,-0.03125,0.641907,0.732361,-0.218628,-0.061829,up
253656,1.828125,9.6875,-1.550781,-0.117188,-0.212891,-0.021484,0.641907,0.732361,-0.218628,-0.061829,up
253661,1.828125,9.691406,-1.589844,-0.136719,-0.205078,-0.023437,0.641907,0.732361,-0.218628,-0.061829,up
253667,1.828125,9.621094,-1.667969,-0.136719,-0.205078,-0.023437,0.641907,0.732361,-0.218628,-0.061829,up
253673,1.789063,9.582031,-1.667969,-0.167969,-0.15625,-0.019531,0.641907,0.732361,-0.218628,-0.061829,up
253678,1.789063,9.503906,-1.628906,-0.167969,-0.15625,-0.019531,0.642761,0.730896,-0.220093,-0.064636,up
253683,1.789063,9.421875,-1.589844,-0.167969,-0.15625,-0.019531,0.643005,0.730591,-0.220337,-0.065063,up
253688,1.789063,9.425781,-1.550781,-0.199219,-0.152344,0.005859,0.64325,0.730286,-0.22052,-0.06543,up
253693,1.789063,9.34375,-1.550781,-0.199219,-0.152344,0.005859,0.643555,0.729919,-0.220764,-0.065857,up
253698,1.789063,9.238281,-1.628906,-0.199219,-0.152344,0.005859,0.644043,0.729248,-0.221191,-0.06665,up
253703,1.789063,9.234375,-1.550781,-0.199219,-0.152344,0.005859,0.644287,0.728943,-0.221375,-0.067017,up
253708,1.789063,9.238281,-1.628906,-0.199219,-0.152344,0.005859,0.644287,0.728943,-0.221375,-0.067017,up
253713,1.828125,9.238281,-1.628906,-0.152344,-0.146484,-0.005859,0.644714,0.728394,-0.221802,-0.067749,up
253718,1.789063,9.277344,-1.628906,-0.152344,-0.146484,-0.005859,0.644897,0.728149,-0.221924,-0.068115,up
253723,1.789063,9.273438,-1.550781,-0.152344,-0.146484,-0.005859,0.645142,0.727844,-0.222107,-0.068481,up
253728,1.828125,9.347656,-1.511719,-0.152344,-0.146484,-0.005859,0.645142,0.727844,-0.222107,-0.068481,up
253733,1.828125,9.421875,-1.511719,-0.166016,-0.130859,-0.029297,0.645142,0.727844,-0.222107,-0.068481,up
253738,1.828125,9.382813,-1.550781,-0.166016,-0.130859,-0.029297,0.645813,0.727051,-0.222534,-0.069641,up
253743,1.828125,9.460938,-1.550781,-0.166016,-0.130859,-0.029297,0.645813,0.727051,-0.222534,-0.069641,up
253748,1.863281,9.425781,-1.550781,-0.146484,-0.136719,-0.021484,0.646179,0.726562,-0.222778,-0.070374,up
253753,1.828125,9.425781,-1.550781,-0.146484,-0.136719,-0.021484,0.646179,0.726562,-0.222778,-0.070374,up
253758,1.789063,9.421875,-1.589844,-0.173828,-0.123047,-0.058594,0.646362,0.726318,-0.2229,-0.07074,up
253763,1.828125,9.386719,-1.511719,-0.173828,-0.123047,-0.058594,0.646606,0.726013,-0.222961,-0.071167,up
253768,1.828125,9.382813,-1.550781,-0.173828,-0.123047,-0.058594,0.646851,0.725769,-0.223022,-0.071594,up
253774,1.863281,9.34375,-1.550781,-0.173828,-0.128906,-0.078125,0.647339,0.72522,-0.223083,-0.072571,up
253779,1.902344,9.34375,-1.550781,-0.171875,-0.126953,-0.105469,0.647583,0.724976,-0.223083,-0.073059,up
253785,1.941406,9.273438,-1.667969,-0.171875,-0.126953,-0.105469,0.647766,0.724731,-0.223083,-0.073486,up
253790,1.980469,9.234375,-1.628906,-0.171875,-0.126953,-0.105469,0.647949,0.724487,-0.223022,-0.074036,up
253795,1.902344,9.277344,-1.667969,-0.166016,-0.109375,-0.15625,0.647949,0.724487,-0.223022,-0.074036,up
253800,1.902344,9.273438,-1.703125,-0.154297,-0.099609,-0.164062,0.647949,0.724487,-0.223022,-0.074036,up
253805,1.863281,9.308594,-1.703125,-0.140625,-0.09375,-0.175781,0.64856,0.723938,-0.222595,-0.075684,up
253810,1.828125,9.386719,-1.667969,-0.140625,-0.09375,-0.175781,0.64856,0.723938,-0.222595,-0.075684,up
253815,1.789063,9.421875,-1.667969,-0.123047,-0.068359,-0.199219,0.64856,0.723938,-0.222595,-0.075684,up
253822,1.75,9.460938,-1.703125,-0.099609,-0.068359,-0.203125,0.64856,0.723938,-0.222595,-0.075684,up
253827,1.710938,9.582031,-1.628906,-0.082031,-0.085937,-0.201172,0.64856,0.723938,-0.222595,-0.075684,up
253833,1.710938,9.621094,-1.628906,-0.083984,-0.085937,-0.203125,0.64856,0.723938,-0.222595,-0.075684,up
253838,1.75,9.621094,-1.667969,-0.076172,-0.117188,-0.1875,0.64856,0.723938,-0.222595,-0.075684,up
253843,1.75,9.730469,-1.628906,-0.076172,-0.117188,-0.1875,0.649231,0.72345,-0.221008,-0.079407,up
253848,1.75,9.730469,-1.628906,-0.076172,-0.117188,-0.1875,0.649292,0.723328,-0.220703,-0.080505,up
253853,1.789063,9.660156,-1.667969,-0.076172,-0.117188,-0.1875,0.649292,0.723328,-0.220703,-0.080505,up
253858,1.828125,9.691406,-1.667969,-0.09375,-0.115234,-0.164062,0.649414,0.723206,-0.22052,-0.081543,up
253869,1.789063,9.808594,-1.742188,-0.076172,-0.070312,-0.105469,0.649414,0.723206,-0.22052,-0.081543,up
253874,1.828125,9.808594,-1.742188,-0.076172,-0.070312,-0.105469,0.649597,0.722961,-0.220215,-0.082703,up
253879,1.789063,9.882813,-1.703125,-0.076172,-0.070312,-0.105469,0.649719,0.7229,-0.220154,-0.082947,up
253884,1.789063,9.964844,-1.628906,-0.078125,-0.048828,-0.082031,0.64978,0.722778,-0.220032,-0.083252,up
253889,1.789063,9.960938,-1.703125,-0.078125,-0.048828,-0.082031,0.649902,0.722717,-0.219971,-0.083496,up
253894,1.789063,9.960938,-1.742188,-0.105469,-0.037109,-0.076172,0.649902,0.722717,-0.219971,-0.083496,up
253899,1.789063,10.0,-1.703125,-0.105469,-0.037109,-0.076172,0.650208,0.722412,-0.219788,-0.083984,up
253904,1.789063,10.0,-1.703125,-0.125,-0.027344,-0.064453,0.650208,0.722412,-0.219788,-0.083984,up
253909,1.75,10.003906,-1.667969,-0.125,-0.027344,-0.064453,0.650391,0.722229,-0.219666,-0.084229,up
253914,1.710938,10.003906,-1.628906,-0.138672,-0.023437,-0.0625,0.650391,0.722229,-0.219666,-0.084229,up
253920,1.671875,10.0,-1.628906,-0.138672,-0.023437,-0.0625,0.651123,0.721619,-0.219421,-0.0849,up
253925,1.671875,10.0,-1.628906,-0.179687,-0.033203,-0.027344,0.651428,0.721313,-0.21936,-0.085083,up
253931,1.671875,9.925781,-1.628906,-0.179687,-0.033203,-0.027344,0.651672,0.721008,-0.21936,-0.085266,up
253936,1.710938,9.921875,-1.589844,-0.179687,-0.033203,-0.027344,0.651978,0.720764,-0.21936,-0.08551,up
253942,1.75,9.921875,-1.628906,-0.169922,-0.042969,-0.001953,0.651978,0.720764,-0.21936,-0.08551,up
253947,1.710938,9.921875,-1.628906,-0.150391,-0.042969,0.0,0.651978,0.720764,-0.21936,-0.08551,up
253953,1.710938,9.925781,-1.550781,-0.134766,-0.042969,0.005859,0.651978,0.720764,-0.21936,-0.08551,up
253958,1.710938,9.886719,-1.589844,-0.134766,-0.042969,0.005859,0.652954,0.719727,-0.219543,-0.086121,up
253964,1.671875,9.882813,-1.628906,-0.070312,-0.025391,-0.003906,0.652954,0.719727,-0.219543,-0.086121,up
253969,1.636719,9.925781,-1.511719,-0.070312,-0.025391,-0.003906,0.653259,0.719421,-0.219604,-0.086304,up
253975,1.597656,9.925781,-1.511719,-0.070312,-0.025391,-0.003906,0.653503,0.719177,-0.219666,-0.086548,up
253980,1.519531,9.886719,-1.476563,-0.070312,-0.033203,-0.019531,0.653564,0.719055,-0.219666,-0.086609,up
253985,1.519531,9.886719,-1.476563,-0.068359,-0.035156,-0.015625,0.653687,0.718933,-0.219666,-0.086792,up
253991,1.480469,9.84375,-1.476563,-0.068359,-0.035156,-0.015625,0.653809,0.718872,-0.219666,-0.086914,up
253997,1.480469,9.886719,-1.398438,-0.052734,-0.027344,-0.001953,0.653809,0.718872,-0.219666,-0.086914,up
254002,1.445313,9.886719,-1.398438,-0.03125,-0.033203,0.007813,0.653809,0.718872,-0.219666,-0.086914,up
254007,1.367188,9.886719,-1.476563,-0.013672,-0.03125,0.007813,0.653809,0.718872,-0.219666,-0.086914,up
254012,1.367188,9.847656,-1.4375,-0.011719,-0.025391,-0.001953,0.653809,0.718872,-0.219666,-0.086914,up
254017,1.367188,9.804688,-1.4375,-0.011719,-0.037109,0.005859,0.653809,0.718872,-0.219666,-0.086914,up
254023,1.367188,9.769531,-1.398438,-0.011719,-0.037109,0.005859,0.653931,0.718567,-0.220032,-0.087341,up
254029,1.40625,9.691406,-1.476563,0.003906,-0.054687,0.005859,0.65387,0.718506,-0.220215,-0.087463,up
254034,1.445313,9.617188,-1.476563,0.003906,-0.054687,0.005859,0.65387,0.718506,-0.220215,-0.087463,up
254039,1.480469,9.578125,-1.4375,0.003906,-0.058594,-0.003906,0.653809,0.718506,-0.220398,-0.087708,up
254044,1.519531,9.503906,-1.476563,0.003906,-0.058594,-0.003906,0.653809,0.718506,-0.220398,-0.087708,up
254049,1.480469,9.460938,-1.476563,0.015625,-0.048828,-0.021484,0.653809,0.718506,-0.220398,-0.087708,up
254055,1.519531,9.386719,-1.4375,0.015625,-0.048828,-0.021484,0.653625,0.718567,-0.220581,-0.088074,up
254060,1.480469,9.382813,-1.476563,0.015625,-0.048828,-0.021484,0.653564,0.718628,-0.220642,-0.088196,up
254066,1.519531,9.386719,-1.476563,0.015625,-0.048828,-0.021484,0.653503,0.718689,-0.220642,-0.088257,up
254071,1.558594,9.425781,-1.550781,0.058594,-0.044922,-0.037109,0.653503,0.718689,-0.220642,-0.088257,up
254076,1.558594,9.421875,-1.476563,0.070312,-0.035156,-0.046875,0.653503,0.718689,-0.220642,-0.088257,up
254081,1.558594,9.382813,-1.550781,0.070312,-0.035156,-0.046875,0.653503,0.718689,-0.220642,-0.088257,up
254086,1.558594,9.421875,-1.511719,0.097656,-0.027344,-0.058594,0.653503,0.718689,-0.220642,-0.088257,up
254093,1.558594,9.421875,-1.511719,0.113281,-0.021484,-0.058594,0.653503,0.718689,-0.220642,-0.088257,up
254098,1.597656,9.5,-1.476563,0.113281,-0.021484,-0.058594,0.653503,0.718689,-0.220642,-0.088257,up
254103,1.636719,9.539063,-1.476563,0.113281,-0.021484,-0.058594,0.6521,0.71991,-0.220459,-0.088928,up
254109,1.671875,9.578125,-1.511719,0.099609,0.003906,-0.078125,0.6521,0.71991,-0.220459,-0.088928,up
254114,1.710938,9.621094,-1.476563,0.099609,0.003906,-0.078125,0.651733,0.720276,-0.220276,-0.08905,up
254119,1.75,9.582031,-1.511719,0.068359,0.03125,-0.087891,0.651489,0.72052,-0.220154,-0.089111,up
254124,1.75,9.542969,-1.511719,0.068359,0.03125,-0.087891,0.651367,0.720703,-0.219971,-0.089172,up
254130,1.789063,9.582031,-1.476563,0.064453,0.041016,-0.097656,0.651367,0.720703,-0.219971,-0.089172,up
254136,1.75,9.539063,-1.398438,0.064453,0.041016,-0.097656,0.651001,0.721191,-0.219299,-0.089294,up
254142,1.75,9.542969,-1.476563,0.054687,0.076172,-0.125,0.651001,0.721191,-0.219299,-0.089294,up
254148,1.75,9.578125,-1.359375,0.054687,0.082031,-0.126953,0.651001,0.721191,-0.219299,-0.089294,up
254153,1.75,9.578125,-1.359375,0.052734,0.099609,-0.140625,0.650757,0.721741,-0.218201,-0.089417,up
254158,1.75,9.578125,-1.359375,0.052734,0.099609,-0.140625,0.650696,0.721924,-0.217834,-0.089417,up
254164,1.710938,9.578125,-1.398438,0.070312,0.103516,-0.148437,0.650696,0.721924,-0.217834,-0.089417,up
254169,1.75,9.65625,-1.359375,0.070312,0.103516,-0.148437,0.650391,0.722534,-0.216614,-0.089478,up
254174,1.710938,9.6875,-1.398438,0.070312,0.103516,-0.148437,0.65033,0.722778,-0.216125,-0.089539,up
254179,1.75,9.726563,-1.359375,0.070312,0.103516,-0.148437,0.65033,0.722778,-0.216125,-0.089539,up
254184,1.710938,9.730469,-1.246094,0.078125,0.103516,-0.164062,0.65033,0.722778,-0.216125,-0.089539,up
254190,1.75,9.804688,-1.320313,0.078125,0.103516,-0.164062,0.649963,0.72345,-0.214783,-0.0896,up
254195,1.75,9.804688,-1.285156,0.078125,0.123047,-0.166016,0.649841,0.723694,-0.214294,-0.089661,up
254200,1.75,9.847656,-1.285156,0.087891,0.126953,-0.167969,0.649719,0.723938,-0.213806,-0.089661,up
275949,3.730469,8.460938,4.925781,-0.076172,0.199219,0.009766,0.785828,0.505249,0.005371,0.356689,up
275954,3.769531,8.460938,4.964844,-0.076172,0.199219,0.009766,0.785889,0.504883,0.005676,0.356995,up
275960,3.695313,8.425781,5.039062,-0.082031,0.220703,0.03125,0.785889,0.504883,0.005676,0.356995,up
275966,3.65625,8.421875,5.039062,-0.076172,0.226562,0.050781,0.785889,0.504883,0.005676,0.356995,up
275971,3.695313,8.382813,5.078125,-0.058594,0.216797,0.066406,0.785889,0.504883,0.005676,0.356995,up
275976,3.730469,8.34375,5.078125,-0.058594,0.216797,0.066406,0.786011,0.503601,0.006897,0.358521,up
275982,3.730469,8.273438,5.15625,-0.037109,0.216797,0.103516,0.785889,0.503052,0.007446,0.359558,up
275987,3.730469,8.15625,5.078125,-0.037109,0.216797,0.103516,0.785767,0.502808,0.007751,0.360107,up
275992,3.769531,8.160156,5.078125,-0.037109,0.216797,0.103516,0.785645,0.502563,0.007996,0.360657,up
275997,3.847656,8.117188,5.078125,0.011719,0.228516,0.15625,0.785645,0.502563,0.007996,0.360657,up
276002,3.847656,8.078125,5.078125,0.027344,0.234375,0.150391,0.785522,0.50238,0.00824,0.361267,up
276007,3.921875,8.039063,5.039062,0.027344,0.234375,0.150391,0.785156,0.502075,0.00885,0.362427,up
276012,3.921875,8.0,5.039062,0.046875,0.261719,0.146484,0.785156,0.502075,0.00885,0.362427,up
276017,3.886719,8.0,5.039062,0.046875,0.261719,0.146484,0.784912,0.501953,0.009216,0.363098,up
276022,3.886719,7.964844,5.078125,0.052734,0.279297,0.144531,0.784912,0.501953,0.009216,0.363098,up
276028,3.808594,7.960937,5.039062,0.052734,0.279297,0.144531,0.784302,0.501465,0.010559,0.365112,up
276033,3.769531,7.929687,5.078125,0.025391,0.345703,0.132812,0.784119,0.501282,0.011047,0.365723,up
276038,3.695313,7.933594,5.117187,0.003906,0.353516,0.123047,0.783997,0.500916,0.011658,0.366455,up
276044,3.617188,7.855469,5.269531,0.003906,0.353516,0.123047,0.783875,0.500671,0.012146,0.367065,up
276049,3.578125,7.855469,5.308594,-0.035156,0.378906,0.125,0.783875,0.500671,0.012146,0.367065,up
276054,3.539063,7.816406,5.382812,-0.046875,0.378906,0.134766,0.783691,0.499878,0.013245,0.36853,up
276059,3.464844,7.816406,5.421875,-0.046875,0.378906,0.134766,0.783569,0.499329,0.013794,0.369385,up
276064,3.464844,7.695312,5.5,-0.046875,0.378906,0.134766,0.783569,0.499329,0.013794,0.369385,up
276070,3.425781,7.699219,5.539062,-0.119141,0.392578,0.138672,0.783569,0.499329,0.013794,0.369385,up
276076,3.425781,7.65625,5.539062,-0.152344,0.408203,0.136719,0.783569,0.499329,0.013794,0.369385,up
276081,3.464844,7.695312,5.539062,-0.152344,0.408203,0.136719,0.783569,0.499329,0.013794,0.369385,up
276086,3.425781,7.773437,5.578125,-0.152344,0.408203,0.136719,0.783691,0.496277,0.016235,0.37323,up
276092,3.386719,7.738281,5.539062,-0.224609,0.412109,0.097656,0.783691,0.496277,0.016235,0.37323,up
276098,3.386719,7.777344,5.539062,-0.224609,0.412109,0.097656,0.784119,0.493896,0.017639,0.375366,up
276103,3.425781,7.855469,5.578125,-0.224609,0.412109,0.097656,0.784363,0.492859,0.018127,0.376099,up
276108,3.425781,7.855469,5.578125,-0.302734,0.412109,0.039063,0.784668,0.492004,0.018555,0.376709,up
276113,3.347656,7.851562,5.539062,-0.3125,0.421875,0.03125,0.784973,0.490967,0.019043,0.377319,up
276118,3.347656,7.894531,5.539062,-0.3125,0.421875,0.03125,0.785278,0.48999,0.019531,0.377869,up
276124,3.273438,7.816406,5.5,-0.3125,0.421875,0.03125,0.785706,0.488892,0.020081,0.378479,up
276129,3.234375,7.8125,5.421875,-0.408203,0.474609,-0.019531,0.785706,0.488892,0.020081,0.378479,up
276135,3.195313,7.777344,5.460937,-0.408203,0.474609,-0.019531,0.786682,0.486328,0.02124,0.379639,up
276141,3.15625,7.773437,5.5,-0.488281,0.509766,-0.046875,0.786682,0.486328,0.02124,0.379639,up
276146,3.117188,7.773437,5.460937,-0.505859,0.517578,-0.056641,0.786682,0.486328,0.02124,0.379639,up
276151,3.117188,7.699219,5.5,-0.529297,0.535156,-0.066406,0.786682,0.486328,0.02124,0.379639,up
276157,3.117188,7.578125,5.539062,-0.529297,0.535156,-0.066406,0.786682,0.486328,0.02124,0.379639,up
276162,3.082031,7.507812,5.613281,-0.527344,0.564453,-0.080078,0.786682,0.486328,0.02124,0.379639,up
276167,3.082031,7.621094,5.652344,-0.527344,0.564453,-0.080078,0.790588,0.477234,0.025024,0.382935,up
276172,3.042969,7.617187,5.691406,-0.527344,0.564453,-0.080078,0.79126,0.475525,0.025879,0.383545,up
276177,3.042969,7.660156,5.769531,-0.449219,0.554687,-0.076172,0.791809,0.474121,0.02655,0.384094,up
276182,3.082031,7.699219,5.804687,-0.449219,0.554687,-0.076172,0.792419,0.472534,0.027405,0.384705,up
276188,3.042969,7.738281,5.84375,-0.449219,0.554687,-0.076172,0.793518,0.469788,0.02887,0.385742,up
276193,3.003906,7.738281,5.84375,-0.455078,0.578125,-0.082031,0.794128,0.468201,0.029785,0.386353,up
276199,3.003906,7.695312,5.882812,-0.455078,0.578125,-0.082031,0.794617,0.466919,0.030457,0.386841,up
276204,3.003906,7.699219,5.921875,-0.462891,0.578125,-0.109375,0.794617,0.466919,0.030457,0.386841,up
276210,3.042969,7.550781,6.035156,-0.462891,0.578125,-0.109375,0.795837,0.463928,0.032166,0.387878,up
276215,2.964844,7.507812,6.035156,-0.478516,0.597656,-0.136719,0.796448,0.462341,0.03302,0.388367,up
276221,2.925781,7.429687,6.152344,-0.492187,0.601562,-0.166016,0.796448,0.462341,0.03302,0.388367,up
276227,2.925781,7.472656,6.152344,-0.544922,0.615234,-0.216797,0.796448,0.462341,0.03302,0.388367,up
276232,2.925781,7.511719,6.152344,-0.544922,0.615234,-0.216797,0.798523,0.45752,0.035767,0.389526,up
276237,2.925781,7.511719,6.113281,-0.556641,0.611328,-0.236328,0.800171,0.454041,0.037659,0.390076,up
276242,2.964844,7.507812,6.152344,-0.556641,0.611328,-0.236328,0.800171,0.454041,0.037659,0.390076,up
276247,2.925781,7.472656,6.152344,-0.599609,0.613281,-0.304688,0.801025,0.452209,0.038635,0.39032,up
276252,2.925781,7.472656,6.152344,-0.599609,0.613281,-0.304688,0.802002,0.450317,0.039673,0.390442,up
276257,2.925781,7.472656,6.152344,-0.595703,0.621094,-0.316406,0.802795,0.448669,0.040588,0.390625,up
276262,2.851563,7.507812,6.035156,-0.59375,0.630859,-0.324219,0.802795,0.448669,0.040588,0.390625,up
276267,2.851563,7.507812,6.035156,-0.601562,0.648437,-0.326172,0.804626,0.444946,0.042725,0.390869,up
276272,2.8125,7.507812,6.035156,-0.601562,0.648437,-0.326172,0.805542,0.443054,0.043762,0.390991,up
276277,2.773438,7.429687,5.960937,-0.601562,0.648437,-0.326172,0.806519,0.44104,0.044861,0.391113,up
276282,2.734375,7.316406,5.882812,-0.601562,0.648437,-0.326172,0.807495,0.438904,0.046021,0.391357,up
276288,2.734375,7.195312,5.921875,-0.728516,0.701172,-0.304688,0.807495,0.438904,0.046021,0.391357,up
276293,2.734375,7.160156,5.921875,-0.728516,0.701172,-0.304688,0.810486,0.432495,0.049072,0.392029,up
276299,2.890625,7.128906,6.152344,-0.728516,0.701172,-0.304688,0.811401,0.43042,0.050049,0.392212,up
276304,2.851563,7.125,6.113281,-0.720703,0.699219,-0.335938,0.811401,0.43042,0.050049,0.392212,up
276310,2.890625,7.15625,6.035156,-0.71875,0.730469,-0.365234,0.811401,0.43042,0.050049,0.392212,up
276315,2.773438,7.195312,5.921875,-0.71875,0.730469,-0.365234,0.814453,0.423828,0.053345,0.3927,up
276321,2.773438,7.316406,5.960937,-0.691406,0.71875,-0.40625,0.814453,0.423828,0.053345,0.3927,up
276326,2.699219,7.46875,6.074219,-0.673828,0.716797,-0.423828,0.814453,0.423828,0.053345,0.3927,up
276332,2.542969,7.933594,6.035156,-0.628906,0.728516,-0.458984,0.814453,0.423828,0.053345,0.3927,up
276338,2.429688,8.082031,5.996094,-0.623047,0.751953,-0.505859,0.814453,0.423828,0.053345,0.3927,up
276343,2.351563,8.199219,5.996094,-0.623047,0.751953,-0.505859,0.820679,0.410828,0.061462,0.392273,up
276348,2.3125,8.425781,6.226562,-0.623047,0.751953,-0.505859,0.820679,0.410828,0.061462,0.392273,up
276353,2.238281,8.460938,6.378906,-0.847656,0.630859,-0.486328,0.821838,0.408508,0.062744,0.392029,up
276358,2.199219,8.386719,6.496094,-0.847656,0.630859,-0.486328,0.824341,0.403564,0.064697,0.391663,up
276363,2.238281,8.234375,6.535156,-0.847656,0.630859,-0.486328,0.825562,0.401184,0.065308,0.391541,up
276368,2.160156,8.003906,6.609375,-0.847656,0.630859,-0.486328,0.827026,0.398071,0.065796,0.391479,up
276373,2.160156,7.8125,6.6875,-0.847656,0.630859,-0.486328,0.828552,0.394836,0.065979,0.391479,up
276378,2.199219,7.617187,6.726562,-1.486328,0.449219,-0.275391,0.828552,0.394836,0.065979,0.391479,up
276383,2.238281,7.15625,6.800781,-1.486328,0.449219,-0.275391,0.830261,0.391174,0.065857,0.391602,up
276389,2.351563,6.742187,6.996094,-1.486328,0.449219,-0.275391,0.833435,0.384277,0.064941,0.391846,up
276394,2.277344,6.585937,7.035156,-1.453125,0.242187,-0.199219,0.835022,0.380737,0.064209,0.391907,up
276400,2.3125,6.511719,7.074219,-1.322266,0.191406,-0.199219,0.835022,0.380737,0.064209,0.391907,up
276405,2.351563,6.550781,7.179687,-1.322266,0.191406,-0.199219,0.838013,0.374451,0.062744,0.391846,up
276411,2.3125,6.585937,7.179687,-1.03125,0.138672,-0.220703,0.838013,0.374451,0.062744,0.391846,up
276416,2.277344,6.664062,7.152344,-0.902344,0.140625,-0.232422,0.838013,0.374451,0.062744,0.391846,up
276422,2.238281,6.703125,7.222656,-0.902344,0.140625,-0.232422,0.841187,0.368103,0.061462,0.391296,up
276428,2.199219,6.816406,7.261719,-0.496094,0.052734,-0.201172,0.841187,0.368103,0.061462,0.391296,up
276433,2.121094,6.96875,7.378906,-0.496094,0.052734,-0.201172,0.842712,0.365234,0.061035,0.390747,up
276438,2.121094,6.96875,7.378906,-0.400391,0.025391,-0.160156,0.843323,0.364197,0.060852,0.390503,up
276443,2.007813,7.199219,7.492187,-0.337891,0.005859,-0.125,0.843323,0.364197,0.060852,0.390503,up
276448,2.007813,7.199219,7.492187,-0.337891,0.001953,-0.089844,0.844177,0.362671,0.060425,0.390076,up
276453,2.046875,7.46875,7.683594,-0.337891,0.001953,-0.089844,0.845032,0.360901,0.059753,0.389954,up
276458,2.007813,7.582031,7.640625,-0.337891,0.001953,-0.089844,0.845581,0.35968,0.059265,0.390015,up
276463,1.929688,7.621094,7.644531,-0.6875,0.0,-0.019531,0.845581,0.35968,0.059265,0.390015,up
276468,1.929688,7.582031,7.644531,-0.6875,0.0,-0.019531,0.846252,0.358154,0.058655,0.390076,up
276473,1.929688,7.582031,7.644531,-0.806641,-0.089844,0.013672,0.846252,0.358154,0.058655,0.390076,up
276478,1.929688,7.429687,7.566406,-0.806641,-0.089844,0.013672,0.848206,0.353638,0.05603,0.39032,up
276483,1.929688,7.316406,7.535156,-0.900391,-0.132812,0.089844,0.848206,0.353638,0.05603,0.39032,up
276488,1.96875,7.238281,7.496094,-0.943359,-0.158203,0.121094,0.848999,0.351746,0.054749,0.390503,up
276493,1.929688,7.160156,7.53125,-0.943359,-0.158203,0.121094,0.850403,0.348206,0.052124,0.390991,up
276498,1.929688,7.085937,7.53125,-0.943359,-0.158203,0.121094,0.851074,0.346497,0.050781,0.391235,up
276503,1.929688,6.855469,7.417969,-0.943359,-0.158203,0.121094,0.851074,0.346497,0.050781,0.391235,up
276508,1.96875,6.585937,7.296875,-0.933594,-0.191406,0.134766,0.851074,0.346497,0.050781,0.391235,up
276513,2.046875,6.320312,7.296875,-0.933594,-0.191406,0.134766,0.852478,0.342773,0.047852,0.391785,up
276518,2.046875,6.320312,7.296875,-0.933594,-0.191406,0.134766,0.853821,0.339294,0.044983,0.392151,up
276523,2.121094,6.394531,7.417969,-0.933594,-0.191406,0.134766,0.853821,0.339294,0.044983,0.392151,up
276528,2.160156,6.433594,7.457031,-0.894531,-0.179687,0.078125,0.855225,0.335876,0.042358,0.392456,up
276533,2.085938,6.359375,7.152344,-0.894531,-0.179687,0.078125,0.855225,0.335876,0.042358,0.392456,up
276538,2.085938,6.394531,7.222656,-0.878906,-0.162109,0.048828,0.855225,0.335876,0.042358,0.392456,up
276543,2.121094,6.394531,7.261719,-0.878906,-0.162109,0.048828,0.856689,0.332153,0.039795,0.392639,up
276548,2.121094,6.394531,7.378906,-0.863281,-0.140625,0.064453,0.857361,0.330444,0.038513,0.3927,up
276553,2.046875,6.433594,7.375,-0.863281,-0.140625,0.064453,0.858032,0.328796,0.037354,0.392761,up
276559,2.085938,6.433594,7.339844,-0.884766,-0.119141,0.085937,0.858032,0.328796,0.037354,0.392761,up
276564,2.046875,6.320312,7.378906,-0.884766,-0.119141,0.085937,0.859985,0.323425,0.03363,0.39325,up
276569,1.96875,6.128906,7.453125,-0.884766,-0.119141,0.085937,0.860596,0.321716,0.032471,0.393433,up
276574,1.929688,6.011719,7.535156,-0.884766,-0.119141,0.085937,0.861267,0.319702,0.031067,0.393738,up
276579,1.929688,5.859375,7.53125,-1.03125,-0.171875,0.162109,0.862061,0.317383,0.029419,0.394043,up
276584,1.894531,5.589844,7.683594,-1.03125,-0.171875,0.162109,0.862732,0.315369,0.027832,0.394348,up
276589,1.894531,5.476562,7.644531,-1.03125,-0.171875,0.162109,0.86322,0.31366,0.026489,0.394592,up
276594,1.855469,5.515625,7.53125,-0.982422,-0.210937,0.173828,0.863953,0.311523,0.024719,0.394958,up
276599,1.816406,5.515625,7.335937,-0.982422,-0.210937,0.173828,0.864441,0.309875,0.023315,0.395142,up
276604,1.816406,5.363281,7.378906,-0.982422,-0.210937,0.173828,0.865112,0.307983,0.021545,0.395386,up
276610,1.855469,5.246094,7.496094,-0.982422,-0.210937,0.173828,0.865662,0.306396,0.019897,0.395508,up
276615,1.855469,5.246094,7.496094,-0.890625,-0.371094,0.144531,0.866211,0.304749,0.018066,0.395569,up
276620,1.894531,5.09375,7.300781,-0.890625,-0.371094,0.144531,0.866699,0.303284,0.016296,0.39563,up
276626,1.894531,4.785156,7.601562,-0.890625,-0.371094,0.144531,0.867187,0.302002,0.014587,0.395752,up
276632,1.894531,4.710937,7.644531,-0.720703,-0.404297,0.193359,0.867187,0.302002,0.014587,0.395752,up
276637,1.894531,4.632812,7.601562,-0.609375,-0.390625,0.197266,0.867187,0.302002,0.014587,0.395752,up
276643,1.894531,4.59375,7.492187,-0.609375,-0.390625,0.197266,0.867187,0.302002,0.014587,0.395752,up
276648,1.894531,4.402344,7.53125,-0.460937,-0.330078,0.222656,0.867187,0.302002,0.014587,0.395752,up
276653,1.894531,4.289062,7.492187,-0.460937,-0.330078,0.222656,0.868408,0.297485,0.006775,0.396606,up
276658,1.96875,4.402344,7.300781,-0.355469,-0.304688,0.21875,0.86853,0.296875,0.005432,0.396912,up
276663,2.007813,4.441406,7.417969,-0.21875,-0.310547,0.205078,0.86853,0.29657,0.004395,0.397095,up
276668,2.007813,4.441406,7.417969,-0.21875,-0.310547,0.205078,0.86853,0.29657,0.004395,0.397095,up
276673,2.121094,4.519531,7.492187,0.080078,-0.355469,0.164062,0.86853,0.29657,0.004395,0.397095,up
276678,2.3125,4.710937,7.414062,0.080078,-0.355469,0.164062,0.868103,0.29718,0.001587,0.397583,up
276684,2.351563,4.824219,7.339844,0.105469,-0.341797,0.125,0.867859,0.297729,0.000793,0.397644,up
276689,2.46875,4.863281,7.109375,0.105469,-0.341797,0.125,0.867432,0.29895,-0.000732,0.397705,up
276694,2.351563,5.015625,7.070312,0.105469,-0.341797,0.125,0.86731,0.299438,-0.001343,0.397705,up
276699,2.390625,5.171875,7.109375,0.105469,-0.341797,0.125,0.867126,0.299927,-0.001953,0.397583,up
276704,2.277344,5.171875,7.152344,-0.021484,-0.361328,0.048828,0.867065,0.300354,-0.002808,0.397461,up
276709,2.46875,4.785156,7.21875,-0.021484,-0.361328,0.048828,0.867126,0.300476,-0.003662,0.397217,up
276714,2.542969,4.863281,6.953125,-0.021484,-0.361328,0.048828,0.86731,0.300232,-0.004456,0.396973,up
276719,2.507813,5.246094,6.835937,-0.458984,-0.236328,-0.091797,0.86731,0.300232,-0.004456,0.396973,up
276724,2.46875,5.246094,6.992187,-0.458984,-0.236328,-0.091797,0.868164,0.298706,-0.006409,0.396179,up
276729,2.46875,5.171875,7.566406,-0.458984,-0.236328,-0.091797,0.868774,0.297729,-0.007446,0.395691,up
276734,2.507813,5.09375,7.835937,-0.458984,-0.236328,-0.091797,0.869263,0.296875,-0.008423,0.395264,up
276739,2.46875,5.171875,7.839844,-0.605469,-0.298828,-0.126953,0.869873,0.295715,-0.009705,0.394714,up
276744,2.351563,4.941406,7.917969,-0.605469,-0.298828,-0.126953,0.869873,0.295715,-0.009705,0.394714,up
276749,2.351563,5.132812,7.988281,-0.605469,-0.298828,-0.126953,0.870911,0.293945,-0.012085,0.393616,up
276754,2.390625,5.171875,7.914062,-0.515625,-0.455078,-0.148437,0.87146,0.293152,-0.01355,0.392944,up
276759,2.351563,5.246094,7.988281,-0.515625,-0.455078,-0.148437,0.871948,0.292603,-0.014832,0.392273,up
276764,2.429688,5.4375,7.722656,-0.515625,-0.455078,-0.148437,0.872437,0.292114,-0.016479,0.391479,up
276769,2.46875,5.363281,7.644531,-0.515625,-0.455078,-0.148437,0.872864,0.291626,-0.017883,0.390747,up
276774,2.507813,5.285156,7.601562,-0.625,-0.59375,-0.160156,0.872864,0.291626,-0.017883,0.390747,up
276779,2.660156,5.207031,7.644531,-0.625,-0.59375,-0.160156,0.874084,0.290039,-0.021606,0.389099,up
276784,2.773438,4.976562,7.679687,-0.625,-0.59375,-0.160156,0.874634,0.289246,-0.023315,0.388367,up
276789,3.003906,4.671875,7.761719,-0.699219,-0.583984,-0.134766,0.875305,0.288208,-0.02533,0.387512,up
276794,2.964844,4.671875,7.679687,-0.699219,-0.583984,-0.134766,0.875793,0.287354,-0.027039,0.386841,up
276799,3.003906,4.480469,7.679687,-0.689453,-0.560547,-0.113281,0.875793,0.287354,-0.027039,0.386841,up
276804,3.117188,4.25,7.839844,-0.689453,-0.560547,-0.113281,0.876892,0.285461,-0.03064,0.385498,up
276809,3.195313,4.25,7.800781,-0.53125,-0.484375,-0.078125,0.876892,0.285461,-0.03064,0.385498,up
276814,3.195313,4.25,7.71875,-0.53125,-0.484375,-0.078125,0.877747,0.284058,-0.033752,0.384399,up
276819,3.117188,4.136719,7.757812,-0.316406,-0.394531,-0.052734,0.877991,0.28363,-0.034973,0.383911,up
276824,3.117188,4.558594,7.679687,-0.316406,-0.394531,-0.052734,0.878235,0.283447,-0.036133,0.383484,up
276829,3.082031,4.75,7.835937,0.001953,-0.367188,-0.0625,0.878235,0.283447,-0.036133,0.383484,up
276834,3.117188,5.015625,7.953125,0.001953,-0.367188,-0.0625,0.878296,0.284119,-0.037659,0.38269,up
276839,3.082031,5.171875,7.878906,0.001953,-0.367188,-0.0625,0.878296,0.284729,-0.03833,0.382202,up
276844,3.117188,5.054687,7.53125,0.023437,-0.410156,-0.150391,0.878357,0.285278,-0.039124,0.381592,up
276849,3.117188,5.054687,7.414062,-0.095703,-0.417969,-0.183594,0.878357,0.285278,-0.039124,0.381592,up
276854,3.117188,5.015625,7.53125,-0.095703,-0.417969,-0.183594,0.878723,0.285706,-0.040833,0.380188,up
276859,3.234375,4.976562,7.566406,-0.095703,-0.417969,-0.183594,0.87915,0.2854,-0.04187,0.379395,up
276864,3.273438,4.902344,7.640625,-0.095703,-0.417969,-0.183594,0.87915,0.2854,-0.04187,0.379395,up
276869,3.347656,4.863281,7.71875,-0.78125,-0.490234,-0.328125,0.87915,0.2854,-0.04187,0.379395,up
276874,3.425781,4.824219,7.757812,-0.78125,-0.490234,-0.328125,0.881287,0.282288,-0.046326,0.376099,up
276879,3.464844,4.785156,7.71875,-0.78125,-0.490234,-0.328125,0.882263,0.280701,-0.048157,0.374817,up
276884,3.539063,4.367187,8.0625,-0.78125,-0.490234,-0.328125,0.882263,0.280701,-0.048157,0.374817,up
276889,3.578125,4.480469,8.023438,-1.066406,-0.589844,-0.345703,0.884277,0.277161,-0.052307,0.372192,up
276894,3.539063,4.367187,7.761719,-1.064453,-0.517578,-0.271484,0.885132,0.275452,-0.054199,0.371094,up
276899,3.464844,4.136719,7.878906,-1.064453,-0.517578,-0.271484,0.886108,0.273438,-0.056396,0.369934,up
276904,3.578125,3.984375,8.21875,-0.878906,-0.433594,-0.171875,0.886108,0.273438,-0.056396,0.369934,up
276909,3.539063,3.867188,8.0625,-0.703125,-0.3125,-0.158203,0.886902,0.271851,-0.058167,0.369019,up
276914,3.5,3.828125,7.957031,-0.703125,-0.3125,-0.158203,0.887939,0.269531,-0.060547,0.367737,up
276919,3.425781,3.828125,8.0625,-0.320313,-0.195312,-0.173828,0.887939,0.269531,-0.060547,0.367737,up
276924,3.5,3.984375,8.144531,-0.320313,-0.195312,-0.173828,0.888672,0.268494,-0.061829,0.366516,up
276929,3.5,4.441406,8.296875,-0.320313,-0.195312,-0.173828,0.888855,0.268555,-0.062012,0.365967,up
276934,3.425781,4.75,8.21875,-0.320313,-0.195312,-0.173828,0.889038,0.268921,-0.062073,0.365234,up
276939,3.425781,4.941406,8.179688,-0.320313,-0.195312,-0.173828,0.889038,0.268921,-0.062073,0.365234,up
276944,3.464844,5.171875,8.183594,0.095703,-0.134766,-0.369141,0.889587,0.269653,-0.062012,0.363403,up
276949,3.464844,5.476562,7.875,0.095703,-0.134766,-0.369141,0.889587,0.269653,-0.062012,0.363403,up
276954,3.5,5.554687,7.953125,-0.267578,-0.101563,-0.539062,0.890076,0.269714,-0.06189,0.362244,up
276959,3.539063,5.589844,8.144531,-0.267578,-0.101563,-0.539062,0.891296,0.268799,-0.062134,0.359802,up
276964,3.464844,5.324219,8.183594,-0.267578,-0.101563,-0.539062,0.891296,0.268799,-0.062134,0.359802,up
276969,3.425781,5.09375,8.21875,-0.267578,-0.101563,-0.539062,0.893372,0.265503,-0.063538,0.356934,up
276974,3.425781,4.75,8.410156,-0.267578,-0.101563,-0.539062,0.893372,0.265503,-0.063538,0.356934,up
276979,3.425781,4.75,8.410156,-1.263672,-0.265625,-0.425781,0.89447,0.263184,-0.064758,0.355591,up
276984,3.5,4.019531,8.988281,-1.361328,-0.359375,-0.351563,0.895569,0.260742,-0.066284,0.35437,up
276989,3.5,4.019531,8.988281,-1.388672,-0.404297,-0.28125,0.896667,0.258057,-0.068176,0.35321,up
276994,3.617188,3.828125,9.0625,-1.193359,-0.445312,-0.1875,0.897705,0.255493,-0.070129,0.352112,up
276999,4.078125,3.371094,9.25,-1.193359,-0.445312,-0.1875,0.898621,0.252991,-0.072144,0.351135,up
277004,4.078125,3.371094,9.25,-0.619141,-0.322266,-0.177734,0.899414,0.250916,-0.074036,0.35022,up
277010,4.382812,3.523438,9.171875,-0.619141,-0.322266,-0.177734,0.900391,0.248718,-0.076294,0.348816,up
277015,4.460937,3.828125,9.0625,0.03125,-0.019531,-0.226562,0.900635,0.248596,-0.076477,0.348206,up
277021,4.382812,4.824219,8.261719,0.03125,-0.019531,-0.226562,0.900757,0.248901,-0.07605,0.347778,up
277026,4.269531,5.207031,8.300781,0.455078,0.296875,-0.277344,0.900757,0.248901,-0.07605,0.347778,up
277031,4.191406,5.324219,8.335938,0.503906,0.396484,-0.326172,0.900757,0.248901,-0.07605,0.347778,up
277037,4.113281,5.363281,8.257813,0.476562,0.521484,-0.382813,0.900757,0.248901,-0.07605,0.347778,up
277043,3.730469,5.4375,8.222656,0.476562,0.521484,-0.382813,0.900757,0.248901,-0.07605,0.347778,up
277049,3.5,5.4375,8.335938,-0.076172,0.599609,-0.439453,0.900757,0.248901,-0.07605,0.347778,up
277054,3.195313,5.207031,8.722656,-0.076172,0.599609,-0.439453,0.901855,0.251465,-0.066467,0.344971,up
277060,3.15625,4.863281,8.945313,-0.337891,0.484375,-0.376953,0.903076,0.249268,-0.064453,0.34375,up
277065,3.117188,4.59375,9.171875,-0.857422,0.207031,-0.205078,0.90387,0.247192,-0.064331,0.343201,up
277070,3.082031,4.367187,9.25,-0.970703,0.064453,-0.123047,0.904602,0.245056,-0.064697,0.342773,up
277076,3.003906,4.25,9.40625,-0.960937,-0.105469,-0.042969,0.905212,0.243103,-0.06543,0.342468,up
277081,3.308594,4.058594,9.832031,-0.960937,-0.105469,-0.042969,0.905701,0.24115,-0.066589,0.342163,up
277086,3.425781,3.984375,9.832031,-0.59375,-0.263672,0.050781,0.905701,0.24115,-0.066589,0.342163,up
277091,3.5,3.945313,9.75,-0.275391,-0.271484,0.054687,0.905701,0.24115,-0.066589,0.342163,up
277097,3.808594,4.210937,9.753906,-0.275391,-0.271484,0.054687,0.90625,0.238953,-0.069519,0.341797,up
277103,3.808594,4.441406,9.523438,0.361328,-0.199219,0.033203,0.90625,0.238953,-0.069519,0.341797,up
277108,3.886719,4.75,9.140625,0.617187,-0.130859,0.007813,0.90625,0.238953,-0.069519,0.341797,up
277114,3.808594,4.863281,9.027344,0.818359,0.015625,-0.015625,0.90625,0.238953,-0.069519,0.341797,up
277119,3.808594,4.902344,8.871094,0.818359,0.015625,-0.015625,0.904785,0.244263,-0.068909,0.34198,up
277124,3.808594,4.976562,8.644531,0.832031,0.087891,-0.029297,0.903809,0.247925,-0.067017,0.342224,up
277129,3.730469,5.171875,8.5625,0.832031,0.087891,-0.029297,0.903442,0.249329,-0.06604,0.342346,up
277134,3.617188,5.207031,8.601563,0.832031,0.087891,-0.029297,0.903442,0.249329,-0.06604,0.342346,up
277139,3.539063,5.132812,8.644531,0.417969,0.1875,-0.021484,0.903442,0.249329,-0.06604,0.342346,up
277144,3.386719,4.902344,8.722656,0.201172,0.177734,-0.013672,0.903442,0.249329,-0.06604,0.342346,up
277149,3.386719,4.902344,8.722656,-0.060547,0.087891,-0.027344,0.903015,0.251099,-0.064026,0.342712,up
277154,3.386719,4.863281,8.828125,-0.060547,0.087891,-0.027344,0.903015,0.250977,-0.063782,0.342712,up
277160,3.347656,4.902344,8.75,-0.074219,0.013672,-0.021484,0.903137,0.250671,-0.063782,0.342651,up
277165,3.347656,4.710937,8.679688,-0.074219,0.013672,-0.021484,0.903137,0.250732,-0.063904,0.34259,up
277170,3.425781,4.671875,8.679688,0.179687,-0.171875,0.025391,0.903015,0.25116,-0.064148,0.342529,up
277175,3.539063,4.671875,8.722656,0.179687,-0.171875,0.025391,0.902832,0.251831,-0.064392,0.342529,up
277180,3.847656,4.824219,8.753906,0.179687,-0.171875,0.025391,0.902466,0.252991,-0.064514,0.34259,up
277186,3.921875,5.015625,8.832031,0.179687,-0.171875,0.025391,0.9021,0.254211,-0.064453,0.342712,up
277191,3.921875,4.976562,8.75,0.685547,-0.09375,0.041016,0.9021,0.254211,-0.064453,0.342712,up
277197,3.960938,4.976562,8.71875,0.699219,-0.019531,0.037109,0.9021,0.254211,-0.064453,0.342712,up
277202,3.769531,5.285156,8.644531,0.699219,-0.019531,0.037109,0.900696,0.258911,-0.06311,0.343201,up
277207,3.769531,5.285156,8.71875,0.599609,0.115234,0.03125,0.900696,0.258911,-0.06311,0.343201,up
277212,3.730469,5.246094,8.679688,0.507812,0.175781,0.050781,0.900696,0.258911,-0.06311,0.343201,up
277217,3.578125,5.285156,8.753906,0.425781,0.230469,0.078125,0.900696,0.258911,-0.06311,0.343201,up
277222,3.386719,5.015625,8.988281,0.425781,0.230469,0.078125,0.900696,0.258911,-0.06311,0.343201,up
277228,3.273438,4.976562,9.027344,0.371094,0.25,0.15625,0.900696,0.258911,-0.06311,0.343201,up
277233,3.195313,4.941406,9.101563,0.396484,0.201172,0.195312,0.900696,0.258911,-0.06311,0.343201,up
277239,3.195313,4.941406,9.027344,0.460937,0.142578,0.25,0.897461,0.266052,-0.057373,0.347046,up
277244,3.308594,5.015625,9.066406,0.460937,0.142578,0.25,0.897461,0.266052,-0.057373,0.347046,up
277250,3.464844,5.054687,9.0625,0.679687,-0.007813,0.335938,0.895935,0.269165,-0.05658,0.348755,up
277255,3.578125,5.09375,8.945313,0.941406,-0.054687,0.376953,0.895081,0.270996,-0.056152,0.349609,up
277260,3.886719,5.398437,8.71875,0.941406,-0.054687,0.376953,0.893982,0.273499,-0.055664,0.350647,up
277265,3.960938,5.628906,8.5625,1.125,-0.050781,0.380859,0.893982,0.273499,-0.055664,0.350647,up
277270,4.039062,6.089844,8.335938,1.167969,-0.001953,0.382813,0.892883,0.275879,-0.055115,0.351624,up
277275,4.0,6.242187,8.222656,1.167969,-0.001953,0.382813,0.890747,0.28064,-0.053711,0.353516,up
277280,4.0,6.359375,8.222656,1.132813,0.132812,0.408203,0.890747,0.28064,-0.053711,0.353516,up
277285,3.847656,6.585937,8.21875,1.035156,0.212891,0.429687,0.889465,0.283325,-0.052673,0.354736,up
277290,3.578125,6.664062,8.605469,1.035156,0.212891,0.429687,0.887329,0.287354,-0.050537,0.357117,up
277295,3.347656,6.585937,8.644531,1.035156,0.212891,0.429687,0.886414,0.288757,-0.049561,0.358459,up
277300,3.117188,6.359375,8.679688,1.035156,0.212891,0.429687,0.886414,0.288757,-0.049561,0.358459,up
277305,2.964844,6.089844,8.828125,0.521484,0.347656,0.523437,0.884705,0.290405,-0.047791,0.361389,up
277310,2.890625,5.707031,8.988281,0.521484,0.347656,0.523437,0.884033,0.29071,-0.047363,0.362915,up
277315,2.890625,5.554687,9.023438,0.521484,0.347656,0.523437,0.883423,0.290649,-0.04718,0.364502,up
277320,2.925781,5.4375,9.144531,-0.052734,0.128906,0.658203,0.883423,0.290649,-0.04718,0.364502,up
277325,2.964844,4.976562,9.066406,-0.052734,0.128906,0.658203,0.882812,0.290405,-0.047302,0.36615,up
277331,3.117188,4.632812,8.988281,-0.052734,0.128906,0.658203,0.881714,0.289856,-0.048035,0.36908,up
277336,3.117188,4.632812,8.988281,0.105469,-0.033203,0.632812,0.881104,0.289856,-0.048523,0.370483,up
277341,3.117188,4.59375,8.910156,0.28125,-0.044922,0.601562,0.88031,0.290283,-0.048889,0.371948,up
277347,3.347656,4.558594,8.789063,0.28125,-0.044922,0.601562,0.879578,0.291016,-0.049072,0.373169,up
277353,3.464844,4.558594,8.640625,0.527344,0.001953,0.541016,0.879578,0.291016,-0.049072,0.373169,up
277358,3.464844,4.632812,8.679688,0.597656,0.033203,0.517578,0.879578,0.291016,-0.049072,0.373169,up
277364,3.539063,4.785156,8.527344,0.617187,0.076172,0.490234,0.879578,0.291016,-0.049072,0.373169,up
277369,3.539063,4.785156,8.488281,0.572266,0.138672,0.460937,0.879578,0.291016,-0.049072,0.373169,up
277374,3.539063,4.710937,8.410156,0.451172,0.1875,0.427734,0.879578,0.291016,-0.049072,0.373169,up
277380,3.308594,4.671875,8.40625,0.287109,0.246094,0.398438,0.879578,0.291016,-0.049072,0.373169,up
277385,3.234375,4.519531,8.488281,0.287109,0.246094,0.398438,0.873718,0.296997,-0.046204,0.382446,up
277390,3.082031,4.402344,8.75,0.287109,0.246094,0.398438,0.873718,0.296997,-0.046204,0.382446,up
277395,2.890625,4.289062,8.753906,-0.123047,0.214844,0.349609,0.873718,0.296997,-0.046204,0.382446,up
277400,2.660156,4.175781,8.867188,-0.123047,0.214844,0.349609,0.872986,0.295715,-0.045715,0.385193,up
277405,2.699219,4.210937,8.945313,-0.123047,0.214844,0.349609,0.87262,0.29541,-0.045959,0.386169,up
277410,2.734375,4.289062,9.027344,-0.123047,0.214844,0.349609,0.87262,0.29541,-0.045959,0.386169,up
277415,2.851563,4.289062,8.949219,0.111328,-0.058594,0.476562,0.87262,0.29541,-0.045959,0.386169,up
277420,3.082031,4.25,8.867188,0.111328,-0.058594,0.476562,0.871155,0.295898,-0.047058,0.389038,up
277425,3.234375,4.25,8.871094,0.111328,-0.058594,0.476562,0.871155,0.295898,-0.047058,0.389038,up
277430,3.273438,4.25,8.683594,0.501953,-0.013672,0.472656,0.871155,0.295898,-0.047058,0.389038,up
277435,3.308594,4.25,8.527344,0.501953,-0.013672,0.472656,0.868774,0.298645,-0.047058,0.392273,up
277440,3.386719,4.289062,8.449219,0.501953,-0.013672,0.472656,0.867859,0.299866,-0.046692,0.393372,up
277445,3.5,4.289062,8.21875,0.501953,-0.013672,0.472656,0.867859,0.299866,-0.046692,0.393372,up
277450,3.5,4.289062,8.027344,0.623047,0.189453,0.431641,0.866089,0.302124,-0.045349,0.395691,up
277455,3.5,4.25,8.144531,0.623047,0.189453,0.431641,0.866089,0.302124,-0.045349,0.395691,up
277460,3.386719,4.289062,8.105469,0.501953,0.378906,0.410156,0.866089,0.302124,-0.045349,0.395691,up
277465,3.273438,4.25,8.0625,0.501953,0.378906,0.410156,0.86438,0.303894,-0.043457,0.398254,up
277471,3.082031,4.367187,8.140625,0.501953,0.378906,0.410156,0.863037,0.304993,-0.041382,0.400574,up
277477,2.964844,4.519531,8.261719,0.501953,0.378906,0.410156,0.862488,0.30542,-0.040466,0.40155,up
277482,2.773438,4.941406,8.449219,0.375,0.326172,0.289063,0.861877,0.305908,-0.03949,0.402527,up
277488,2.621094,5.015625,8.410156,0.361328,0.271484,0.246094,0.861877,0.305908,-0.03949,0.402527,up
277494,2.699219,5.09375,8.445313,0.361328,0.271484,0.246094,0.861877,0.305908,-0.03949,0.402527,up
277500,2.773438,5.246094,8.371094,0.365234,0.144531,0.15625,0.861877,0.305908,-0.03949,0.402527,up
277505,2.851563,5.515625,8.371094,0.365234,0.144531,0.15625,0.859985,0.308228,-0.036926,0.40509,up
277510,2.851563,5.515625,8.371094,0.220703,0.207031,0.15625,0.859497,0.308838,-0.036316,0.40564,up
277515,2.964844,5.4375,8.140625,0.220703,0.207031,0.15625,0.859192,0.309204,-0.035828,0.406067,up
277520,2.890625,5.324219,8.140625,-0.078125,0.28125,0.181641,0.859192,0.309204,-0.035828,0.406067,up
277525,2.890625,5.054687,8.105469,-0.078125,0.28125,0.181641,0.858826,0.309021,-0.034851,0.407166,up
277530,2.890625,4.902344,8.027344,-0.078125,0.28125,0.181641,0.858704,0.30835,-0.034485,0.407837,up
277535,2.925781,4.863281,7.957031,-0.238281,0.390625,0.207031,0.858704,0.30835,-0.034485,0.407837,up
277541,2.925781,4.785156,7.878906,-0.283203,0.458984,0.207031,0.858765,0.305359,-0.032959,0.410095,up
277547,2.964844,4.75,7.835937,-0.283203,0.458984,0.207031,0.858826,0.30426,-0.032227,0.410889,up
277553,2.925781,4.75,7.796875,-0.222656,0.708984,0.199219,0.858826,0.30426,-0.032227,0.410889,up
277558,2.773438,4.710937,8.0625,-0.146484,0.779297,0.1875,0.858826,0.30426,-0.032227,0.410889,up
277563,2.429688,4.902344,8.488281,-0.033203,0.8125,0.171875,0.858826,0.30426,-0.032227,0.410889,up
277569,2.238281,5.015625,8.871094,0.115234,0.794922,0.171875,0.858826,0.30426,-0.032227,0.410889,up
277575,2.085938,5.09375,8.984375,0.267578,0.697266,0.181641,0.858826,0.30426,-0.032227,0.410889,up
277580,2.085938,5.09375,8.984375,0.388672,0.585937,0.191406,0.857971,0.299744,-0.023621,0.416565,up
277585,2.007813,5.363281,8.984375,0.388672,0.585937,0.191406,0.857971,0.299744,-0.023621,0.416565,up
277590,2.046875,5.667969,9.027344,0.458984,0.275391,0.191406,0.857971,0.299744,-0.023621,0.416565,up
277596,2.277344,6.28125,8.527344,0.458984,0.275391,0.191406,0.855896,0.302002,-0.019104,0.419434,up
277602,2.429688,6.28125,8.523438,0.458984,0.275391,0.191406,0.85553,0.302063,-0.018372,0.420044,up
277607,2.390625,6.089844,8.71875,-0.09375,0.408203,0.197266,0.85553,0.302063,-0.018372,0.420044,up
277613,2.390625,5.820312,8.832031,-0.273438,0.470703,0.195312,0.85553,0.302063,-0.018372,0.420044,up
277618,2.390625,5.398437,8.867188,-0.273438,0.470703,0.195312,0.855347,0.299622,-0.016541,0.422241,up
277623,2.46875,5.207031,8.984375,-0.498047,0.513672,0.201172,0.855347,0.299622,-0.016541,0.422241,up
277629,2.621094,5.015625,9.027344,-0.525391,0.484375,0.214844,0.855347,0.299622,-0.016541,0.422241,up
277634,2.660156,4.976562,8.984375,-0.519531,0.460937,0.232422,0.855347,0.299622,-0.016541,0.422241,up
277639,2.699219,4.785156,9.101563,-0.519531,0.460937,0.232422,0.855347,0.299622,-0.016541,0.422241,up
277644,2.773438,4.710937,9.144531,-0.363281,0.384766,0.296875,0.855347,0.299622,-0.016541,0.422241,up
277650,2.851563,4.671875,9.0625,-0.054687,0.326172,0.341797,0.855347,0.299622,-0.016541,0.422241,up
277655,2.890625,4.710937,9.027344,0.103516,0.3125,0.371094,0.855652,0.290283,-0.014526,0.428223,up
277660,2.925781,4.863281,8.988281,0.103516,0.3125,0.371094,0.855286,0.289978,-0.014038,0.429199,up
277666,2.925781,4.941406,8.949219,0.240234,0.292969,0.396484,0.854065,0.290344,-0.012878,0.431335,up
277671,2.925781,5.054687,9.023438,0.240234,0.292969,0.396484,0.853333,0.290955,-0.012268,0.432434,up
277677,2.8125,5.363281,8.90625,0.240234,0.292969,0.396484,0.8526,0.291748,-0.011719,0.433472,up
277682,2.773438,5.476562,8.871094,0.46875,0.126953,0.431641,0.851746,0.292603,-0.011169,0.434509,up
277687,2.8125,5.515625,9.027344,0.414062,0.085937,0.414062,0.850952,0.293396,-0.010803,0.435486,up
277693,2.8125,5.628906,8.75,0.414062,0.085937,0.414062,0.85022,0.294128,-0.010559,0.436401,up
277698,2.851563,5.554687,8.683594,0.177734,0.019531,0.376953,0.849609,0.294617,-0.010498,0.437256,up
277705,2.851563,5.398437,8.527344,0.015625,0.021484,0.349609,0.849609,0.294617,-0.010498,0.437256,up
277711,2.964844,5.246094,8.566406,-0.158203,0.033203,0.328125,0.848633,0.294128,-0.011292,0.439514,up
277716,3.003906,5.132812,8.566406,-0.396484,0.054687,0.296875,0.848633,0.294128,-0.011292,0.439514,up
277721,3.117188,4.863281,8.683594,-0.396484,0.054687,0.296875,0.848572,0.293335,-0.011841,0.440186,up
277727,3.15625,4.441406,8.75,-0.396484,0.054687,0.296875,0.848572,0.291321,-0.013,0.441406,up
277733,3.195313,4.402344,8.789063,-0.46875,0.033203,0.287109,0.848572,0.291321,-0.013,0.441406,up
277739,3.195313,4.367187,8.75,-0.351563,-0.009766,0.296875,0.848633,0.289368,-0.014282,0.442627,up
277745,3.195313,4.328125,8.722656,-0.351563,-0.009766,0.296875,0.848267,0.288452,-0.01532,0.443848,up
277750,3.15625,4.441406,8.75,-0.351563,-0.009766,0.296875,0.848267,0.288452,-0.01532,0.443848,up
277755,3.195313,4.480469,8.753906,0.302734,-0.064453,0.34375,0.848267,0.288452,-0.01532,0.443848,up
277761,3.117188,4.59375,8.5625,0.302734,-0.064453,0.34375,0.847351,0.289124,-0.015686,0.44519,up
277766,3.117188,4.824219,8.523438,0.599609,-0.074219,0.408203,0.846619,0.290039,-0.015686,0.445923,up
277771,3.117188,5.015625,8.449219,0.599609,-0.074219,0.408203,0.844788,0.292725,-0.01532,0.447632,up
277776,3.117188,5.207031,8.410156,0.707031,-0.039063,0.435547,0.844788,0.292725,-0.01532,0.447632,up
277781,3.117188,5.324219,8.179688,0.707031,-0.039063,0.435547,0.842896,0.295593,-0.014587,0.449341,up
277786,3.117188,5.363281,8.144531,0.621094,0.068359,0.427734,0.842896,0.295593,-0.014587,0.449341,up
277791,3.15625,5.324219,8.222656,0.621094,0.068359,0.427734,0.841858,0.296997,-0.014038,0.450378,up
277796,3.15625,5.324219,8.140625,0.480469,0.167969,0.382813,0.841858,0.296997,-0.014038,0.450378,up
277801,3.195313,5.476562,8.140625,0.480469,0.167969,0.382813,0.839478,0.299683,-0.012329,0.453125,up
277806,3.195313,5.554687,8.144531,0.318359,0.234375,0.353516,0.839478,0.299683,-0.012329,0.453125,up
277811,3.15625,5.628906,8.183594,0.318359,0.234375,0.353516,0.838745,0.300232,-0.011719,0.454163,up
277816,3.082031,5.667969,8.296875,0.238281,0.230469,0.367188,0.838745,0.300232,-0.011719,0.454163,up
277821,3.003906,5.667969,8.367188,0.134766,0.166016,0.408203,0.838745,0.300232,-0.011719,0.454163,up
277826,2.964844,5.667969,8.40625,0.134766,0.166016,0.408203,0.837036,0.300781,-0.010559,0.456909,up
277831,2.925781,5.667969,8.488281,0.169922,0.044922,0.494141,0.836365,0.300964,-0.010437,0.458008,up
277836,2.925781,5.667969,8.488281,0.207031,-0.019531,0.558594,0.835754,0.301208,-0.010437,0.459045,up
277841,2.8125,5.707031,8.449219,0.207031,-0.019531,0.558594,0.834167,0.302063,-0.010925,0.461304,up
277846,2.851563,5.707031,8.449219,0.283203,-0.142578,0.693359,0.834167,0.302063,-0.010925,0.461304,up
277851,2.890625,5.554687,8.339844,0.287109,-0.185547,0.744141,0.833191,0.302734,-0.011353,0.462585,up
277856,2.925781,5.363281,8.335938,0.277344,-0.185547,0.789062,0.832153,0.303528,-0.011902,0.463928,up
277861,2.925781,5.171875,8.296875,0.277344,-0.185547,0.789062,0.829895,0.305054,-0.013245,0.466919,up
277866,3.117188,4.902344,8.410156,0.277344,-0.185547,0.789062,0.829895,0.305054,-0.013245,0.466919,up
277871,3.195313,4.863281,8.339844,0.277344,-0.185547,0.789062,0.827637,0.306519,-0.014404,0.46991,up
277876,3.347656,4.902344,8.261719,0.306641,-0.054687,0.757812,0.827637,0.306519,-0.014404,0.46991,up
277881,3.347656,4.941406,8.183594,0.306641,-0.054687,0.757812,0.826416,0.307251,-0.014893,0.471558,up
277886,3.5,5.132812,8.257813,0.294922,0.009766,0.740234,0.826416,0.307251,-0.014893,0.471558,up
277891,3.5,5.132812,8.257813,0.294922,0.009766,0.740234,0.823242,0.308838,-0.015259,0.476135,up
277896,3.386719,5.054687,8.144531,0.294922,0.009766,0.740234,0.823242,0.308838,-0.015259,0.476135,up
277901,3.386719,5.015625,8.257813,0.253906,0.193359,0.712891,0.821106,0.309387,-0.015015,0.47937,up
277906,3.273438,4.941406,8.339844,0.253906,0.193359,0.712891,0.820068,0.309631,-0.014709,0.481018,up
277911,3.195313,4.902344,8.40625,0.292969,0.248047,0.714844,0.820068,0.309631,-0.014709,0.481018,up
277916,3.117188,4.863281,8.527344,0.330078,0.224609,0.734375,0.818909,0.309875,-0.014404,0.482849,up
277922,3.117188,4.863281,8.527344,0.376953,0.175781,0.753906,0.816772,0.310608,-0.013916,0.485962,up
277928,3.042969,5.285156,8.449219,0.376953,0.175781,0.753906,0.815552,0.311218,-0.013733,0.487671,up
277934,3.042969,5.398437,8.371094,0.394531,0.060547,0.783203,0.815552,0.311218,-0.013733,0.487671,up
277940,3.082031,5.4375,8.261719,0.367188,0.005859,0.794922,0.815552,0.311218,-0.013733,0.487671,up
277945,3.15625,5.398437,8.222656,0.265625,-0.078125,0.798828,0.815552,0.311218,-0.013733,0.487671,up
277950,3.234375,5.4375,8.183594,0.265625,-0.078125,0.798828,0.810608,0.313965,-0.014404,0.494141,up
277956,3.308594,5.4375,8.144531,0.126953,-0.150391,0.783203,0.810608,0.313965,-0.014404,0.494141,up
277961,3.347656,5.398437,8.101563,0.126953,-0.150391,0.783203,0.808289,0.315002,-0.015625,0.497131,up
277966,3.578125,5.4375,7.878906,0.015625,-0.167969,0.765625,0.807251,0.315369,-0.016479,0.498596,up
277971,3.578125,5.4375,7.878906,0.015625,-0.167969,0.765625,0.807251,0.315369,-0.016479,0.498596,up
277976,3.730469,5.324219,7.839844,-0.382813,-0.144531,0.724609,0.807251,0.315369,-0.016479,0.498596,up
277982,3.808594,5.015625,7.757812,-0.457031,-0.126953,0.712891,0.804871,0.314758,-0.02002,0.502686,up
277987,3.847656,4.863281,7.800781,-0.457031,-0.126953,0.712891,0.803711,0.31311,-0.022949,0.505432,up
277992,3.847656,4.710937,7.835937,-0.492187,-0.097656,0.699219,0.803162,0.312195,-0.024353,0.506775,up
277997,3.847656,4.710937,7.914062,-0.478516,-0.082031,0.703125,0.803162,0.312195,-0.024353,0.506775,up
278002,3.847656,4.441406,7.917969,-0.478516,-0.082031,0.703125,0.802124,0.310486,-0.026978,0.509338,up
278008,3.921875,4.25,7.988281,-0.478516,-0.082031,0.703125,0.801636,0.309814,-0.028076,0.510498,up
278013,3.886719,4.175781,7.953125,-0.296875,-0.078125,0.697266,0.801636,0.309814,-0.028076,0.510498,up
278018,3.921875,4.136719,7.878906,-0.296875,-0.078125,0.697266,0.800293,0.308777,-0.030212,0.513123,up
278023,4.078125,4.25,7.957031,-0.296875,-0.078125,0.697266,0.800293,0.308777,-0.030212,0.513123,up
278029,4.191406,4.289062,7.835937,-0.029297,-0.054687,0.673828,0.800293,0.308777,-0.030212,0.513123,up
278034,4.269531,4.402344,7.722656,-0.029297,-0.054687,0.673828,0.800293,0.308777,-0.030212,0.513123,up
278040,4.304687,4.480469,7.679687,0.09375,-0.025391,0.65625,0.800293,0.308777,-0.030212,0.513123,up
278046,4.34375,4.558594,7.640625,0.125,-0.001953,0.646484,0.795044,0.30896,-0.033691,0.520813,up
278051,4.304687,4.710937,7.5625,0.125,-0.001953,0.646484,0.795044,0.30896,-0.033691,0.520813,up
278056,4.269531,4.75,7.535156,0.125,-0.001953,0.646484,0.794067,0.309204,-0.033936,0.522217,up
278061,4.269531,4.785156,7.605469,0.128906,0.089844,0.654297,0.794067,0.309204,-0.033936,0.522217,up
278066,4.191406,4.824219,7.605469,0.128906,0.089844,0.654297,0.792114,0.30957,-0.034302,0.524902,up
278071,4.191406,4.824219,7.605469,0.128906,0.089844,0.654297,0.790283,0.30957,-0.034668,0.527649,up
278076,4.113281,4.785156,7.640625,0.128906,0.089844,0.654297,0.790283,0.30957,-0.034668,0.527649,up
278081,4.039062,4.75,7.640625,0.039063,0.115234,0.673828,0.790283,0.30957,-0.034668,0.527649,up
278086,4.0,4.75,7.796875,0.025391,0.109375,0.679687,0.790283,0.30957,-0.034668,0.527649,up
278091,3.960938,4.75,7.761719,0.025391,0.109375,0.679687,0.787598,0.309204,-0.035461,0.53186,up
278096,3.921875,4.824219,7.839844,0.005859,0.070312,0.701172,0.787598,0.309204,-0.035461,0.53186,up
278102,3.921875,4.863281,7.757812,-0.001953,0.037109,0.712891,0.787598,0.309204,-0.035461,0.53186,up
278108,3.960938,4.863281,7.722656,-0.001953,0.037109,0.712891,0.783813,0.308716,-0.037415,0.537537,up
278113,4.0,4.902344,7.722656,-0.048828,-0.056641,0.736328,0.783813,0.308716,-0.037415,0.537537,up
278118,3.960938,4.902344,7.640625,-0.056641,-0.083984,0.732422,0.78186,0.308533,-0.03894,0.540283,up
278125,4.078125,5.015625,7.5625,-0.056641,-0.083984,0.732422,0.780945,0.308472,-0.039795,0.541626,up
278130,4.152344,5.015625,7.5625,-0.105469,-0.107422,0.728516,0.780945,0.308472,-0.039795,0.541626,up
278135,4.152344,4.863281,7.566406,-0.167969,-0.097656,0.712891,0.780945,0.308472,-0.039795,0.541626,up
278140,4.113281,4.75,7.535156,-0.232422,-0.091797,0.701172,0.780945,0.308472,-0.039795,0.541626,up
278145,4.078125,4.519531,7.640625,-0.232422,-0.091797,0.701172,0.780945,0.308472,-0.039795,0.541626,up
278151,4.113281,4.402344,7.640625,-0.232422,-0.091797,0.701172,0.776855,0.306885,-0.0448,0.547974,up
278156,4.113281,4.25,7.605469,-0.361328,-0.033203,0.630859,0.776855,0.306885,-0.0448,0.547974,up
278161,4.191406,4.136719,7.722656,-0.361328,-0.033203,0.630859,0.775635,0.305542,-0.046936,0.550354,up
278166,4.230469,4.058594,7.757812,-0.361328,-0.033203,0.630859,0.775024,0.30481,-0.048035,0.551514,up
278172,4.230469,3.984375,7.757812,-0.345703,0.035156,0.609375,0.775024,0.30481,-0.048035,0.551514,up
278177,4.269531,3.945313,7.644531,-0.345703,0.035156,0.609375,0.773254,0.302429,-0.050781,0.554993,up
278183,4.191406,3.90625,7.757812,-0.345703,0.035156,0.609375,0.772644,0.301758,-0.051575,0.556152,up
278188,4.230469,3.828125,7.835937,-0.189453,0.033203,0.666016,0.772644,0.301758,-0.051575,0.556152,up
278193,4.191406,3.867188,7.835937,-0.095703,0.013672,0.677734,0.772644,0.301758,-0.051575,0.556152,up
278199,4.152344,3.984375,7.839844,-0.095703,0.013672,0.677734,0.770142,0.300659,-0.053589,0.560059,up
278205,4.269531,4.210937,7.796875,-0.095703,0.013672,0.677734,0.770142,0.300659,-0.053589,0.560059,up
278210,4.269531,4.25,7.761719,0.128906,-0.023437,0.736328,0.770142,0.300659,-0.053589,0.560059,up
278216,4.304687,4.289062,7.757812,0.183594,-0.019531,0.742187,0.770142,0.300659,-0.053589,0.560059,up
278221,4.304687,4.289062,7.757812,0.228516,0.005859,0.75,0.765686,0.301331,-0.055298,0.565613,up
278226,4.304687,4.289062,7.757812,0.259766,0.041016,0.751953,0.764465,0.301636,-0.055481,0.567078,up
278231,4.230469,4.441406,7.722656,0.259766,0.041016,0.751953,0.763184,0.302002,-0.055542,0.568604,up
278236,4.191406,4.519531,7.800781,0.259766,0.041016,0.751953,0.761902,0.302246,-0.055603,0.570129,up
278241,4.230469,4.480469,7.839844,0.259766,0.041016,0.751953,0.761902,0.302246,-0.055603,0.570129,up
278247,4.230469,4.441406,7.917969,0.15625,0.136719,0.75,0.758362,0.302429,-0.055786,0.574768,up
278252,4.269531,4.367187,8.027344,0.15625,0.136719,0.75,0.757202,0.302307,-0.05603,0.576294,up
278258,4.304687,4.402344,8.179688,0.15625,0.136719,0.75,0.756104,0.302124,-0.056335,0.577759,up
278263,4.304687,4.402344,8.179688,0.058594,0.087891,0.773437,0.755005,0.302002,-0.056641,0.579285,up
278268,4.382812,4.441406,8.105469,0.058594,0.087891,0.773437,0.753723,0.30188,-0.057068,0.580933,up
278273,4.460937,4.402344,7.984375,0.058594,0.087891,0.773437,0.752625,0.30188,-0.057434,0.582336,up
278278,4.460937,4.402344,7.984375,0.087891,0.029297,0.802734,0.751404,0.30188,-0.057861,0.583862,up
278284,4.496094,4.289062,7.878906,0.087891,0.029297,0.802734,0.750183,0.30188,-0.058289,0.585388,up
278289,4.613281,4.25,7.878906,0.087891,0.029297,0.802734,0.748901,0.301941,-0.058655,0.586975,up
278295,4.613281,4.210937,7.839844,0.128906,0.0625,0.84375,0.748901,0.301941,-0.058655,0.586975,up
278300,4.613281,4.175781,7.839844,0.097656,0.087891,0.851562,0.748901,0.301941,-0.058655,0.586975,up
278305,4.6875,4.058594,7.917969,0.052734,0.107422,0.867187,0.748901,0.301941,-0.058655,0.586975,up
278310,4.726562,3.984375,7.957031,0.021484,0.125,0.869141,0.748901,0.301941,-0.058655,0.586975,up
278315,4.6875,3.945313,7.988281,0.011719,0.128906,0.876953,0.748901,0.301941,-0.058655,0.586975,up
278320,4.765625,3.945313,8.027344,0.003906,0.152344,0.855469,0.748901,0.301941,-0.058655,0.586975,up
278325,4.726562,4.019531,7.957031,0.003906,0.152344,0.855469,0.748901,0.301941,-0.058655,0.586975,up
278331,4.6875,3.984375,7.984375,0.003906,0.152344,0.855469,0.738647,0.300171,-0.061646,0.600403,up
278337,4.652344,3.945313,7.988281,0.005859,0.179687,0.804687,0.738647,0.300171,-0.061646,0.600403,up
278342,4.613281,3.867188,7.984375,0.005859,0.179687,0.804687,0.735046,0.299011,-0.0625,0.605286,up
278347,4.613281,3.789063,8.101563,0.005859,0.179687,0.804687,0.733765,0.298706,-0.062744,0.606995,up
278352,4.652344,3.714844,8.105469,0.097656,0.132812,0.775391,0.733765,0.298706,-0.062744,0.606995,up
278357,4.613281,3.714844,8.140625,0.126953,0.126953,0.767578,0.732544,0.298523,-0.062988,0.608521,up
278362,4.574219,3.636719,8.300781,0.126953,0.126953,0.767578,0.730225,0.298401,-0.063293,0.611328,up
278367,4.613281,3.5625,8.296875,0.126953,0.126953,0.767578,0.730225,0.298401,-0.063293,0.611328,up
278372,4.613281,3.523438,8.371094,0.181641,0.099609,0.765625,0.7276,0.298523,-0.063538,0.61438,up
278377,4.613281,3.523438,8.410156,0.203125,0.115234,0.78125,0.7276,0.298523,-0.063538,0.61438,up
278382,4.652344,3.484375,8.371094,0.193359,0.130859,0.783203,0.726318,0.298584,-0.06366,0.615845,up
278387,4.6875,3.484375,8.488281,0.193359,0.130859,0.783203,0.724854,0.298645,-0.063721,0.617493,up
278392,4.6875,3.484375,8.488281,0.193359,0.130859,0.783203,0.723572,0.298645,-0.063782,0.619019,up
278397,4.652344,3.484375,8.5625,0.193359,0.130859,0.783203,0.72229,0.298523,-0.063843,0.620544,up
278402,4.652344,3.597656,8.566406,0.099609,0.183594,0.759766,0.72229,0.298523,-0.063843,0.620544,up
278407,4.613281,3.597656,8.484375,0.099609,0.183594,0.759766,0.719788,0.298218,-0.063965,0.623596,up
278412,4.535156,3.675781,8.445313,0.099609,0.183594,0.759766,0.717529,0.297668,-0.064209,0.626465,up
278417,4.460937,3.753906,8.449219,0.015625,0.158203,0.744141,0.717529,0.297668,-0.064209,0.626465,up
278422,4.421875,3.753906,8.445313,0.015625,0.158203,0.744141,0.71637,0.297302,-0.064453,0.62793,up
278427,4.382812,3.789063,8.410156,-0.017578,0.130859,0.748047,0.71405,0.29657,-0.065186,0.630798,up
278432,4.382812,3.789063,8.527344,-0.017578,0.130859,0.748047,0.713013,0.296265,-0.065674,0.632141,up
278437,4.34375,3.714844,8.40625,-0.115234,0.035156,0.746094,0.713013,0.296265,-0.065674,0.632141,up
278442,4.382812,3.636719,8.40625,-0.115234,0.035156,0.746094,0.711853,0.295837,-0.066345,0.633484,up
278447,4.421875,3.484375,8.339844,-0.154297,0.001953,0.736328,0.711853,0.295837,-0.066345,0.633484,up
278452,4.460937,3.371094,8.296875,-0.154297,0.001953,0.736328,0.709778,0.295044,-0.067932,0.636047,up
278457,4.496094,3.292969,8.296875,-0.154297,0.001953,0.736328,0.70874,0.294556,-0.068909,0.637329,up
278462,4.496094,3.292969,8.296875,-0.234375,-0.052734,0.707031,0.707825,0.294189,-0.069763,0.638367,up
278467,4.726562,3.101563,8.296875,-0.236328,-0.066406,0.695312,0.706909,0.293762,-0.070801,0.639526,up
278472,4.726562,3.101563,8.296875,-0.232422,-0.083984,0.695312,0.705994,0.293335,-0.071777,0.640625,up
278477,4.804687,3.023438,8.179688,-0.224609,-0.085937,0.689453,0.705994,0.293335,-0.071777,0.640625,up
278482,4.84375,2.910156,8.105469,-0.224609,-0.085937,0.689453,0.704041,0.292542,-0.073853,0.642822,up
278487,4.84375,2.832031,8.066406,-0.224609,-0.085937,0.689453,0.703003,0.292175,-0.074951,0.644043,up
278493,4.804687,2.832031,8.027344,-0.164062,-0.048828,0.666016,0.702026,0.29187,-0.075928,0.645142,up
278498,4.804687,2.871094,7.984375,-0.164062,-0.048828,0.666016,0.700195,0.291199,-0.077576,0.647278,up
278504,4.726562,2.910156,7.953125,-0.164062,-0.048828,0.666016,0.699341,0.290894,-0.078247,0.648254,up
278509,4.652344,2.949219,7.917969,-0.164062,-0.048828,0.666016,0.698425,0.290466,-0.078918,0.649292,up
278514,4.6875,2.871094,7.988281,-0.164062,0.052734,0.623047,0.698425,0.290466,-0.078918,0.649292,up
278519,4.726562,2.910156,8.023438,-0.177734,0.072266,0.625,0.698425,0.290466,-0.078918,0.649292,up
278524,4.765625,2.757813,8.101563,-0.177734,0.072266,0.625,0.695801,0.28894,-0.080811,0.652588,up
278529,4.765625,2.71875,8.0625,-0.191406,0.09375,0.619141,0.695801,0.28894,-0.080811,0.652588,up
278534,4.804687,2.71875,8.101563,-0.199219,0.103516,0.619141,0.695801,0.28894,-0.080811,0.652588,up
278539,4.882812,2.757813,8.140625,-0.185547,0.097656,0.615234,0.695801,0.28894,-0.080811,0.652588,up
278544,4.957031,2.757813,8.222656,-0.185547,0.097656,0.615234,0.695801,0.28894,-0.080811,0.652588,up
278549,4.996094,2.757813,8.179688,-0.128906,0.095703,0.626953,0.695801,0.28894,-0.080811,0.652588,up
278554,4.996094,2.757813,8.222656,-0.099609,0.105469,0.623047,0.695801,0.28894,-0.080811,0.652588,up
278559,5.074219,2.71875,8.21875,-0.099609,0.105469,0.623047,0.689636,0.285034,-0.084656,0.660278,up
278565,5.148437,2.601563,8.144531,-0.099609,0.105469,0.623047,0.688721,0.284607,-0.085022,0.661377,up
278570,5.1875,2.488281,8.179688,-0.009766,0.134766,0.638672,0.688721,0.284607,-0.085022,0.661377,up
278575,5.1875,2.410156,8.140625,0.037109,0.148437,0.654297,0.688721,0.284607,-0.085022,0.661377,up
278582,5.300781,2.335938,8.257813,0.037109,0.148437,0.654297,0.688721,0.284607,-0.085022,0.661377,up
278588,5.300781,2.375,8.21875,0.113281,0.195312,0.648437,0.68335,0.28302,-0.08551,0.667542,up
278593,5.300781,2.488281,8.257813,0.113281,0.195312,0.648437,0.68219,0.282837,-0.085327,0.668823,up
278598,5.226562,2.488281,8.179688,0.113281,0.195312,0.648437,0.68219,0.282837,-0.085327,0.668823,up
278603,5.226562,2.566406,8.183594,0.263672,0.257813,0.628906,0.68219,0.282837,-0.085327,0.668823,up
278608,5.226562,2.679688,8.183594,0.263672,0.257813,0.628906,0.67865,0.282471,-0.084167,0.672729,up
278613,5.226562,2.796875,8.21875,0.263672,0.257813,0.628906,0.677551,0.28241,-0.083679,0.673889,up
278618,5.1875,2.910156,8.261719,0.324219,0.291016,0.611328,0.67627,0.282349,-0.083069,0.675293,up
278624,5.148437,2.988281,8.300781,0.324219,0.291016,0.611328,0.675171,0.282288,-0.08252,0.676514,up
278629,5.148437,3.023438,8.339844,0.324219,0.285156,0.617187,0.675171,0.282288,-0.08252,0.676514,up
278634,4.996094,3.023438,8.445313,0.324219,0.285156,0.617187,0.675171,0.282288,-0.08252,0.676514,up
278639,4.996094,3.0625,8.449219,0.246094,0.275391,0.621094,0.675171,0.282288,-0.08252,0.676514,up
278644,4.882812,3.023438,8.488281,0.199219,0.253906,0.623047,0.675171,0.282288,-0.08252,0.676514,up
278650,4.804687,2.949219,8.566406,0.199219,0.253906,0.623047,0.669373,0.281555,-0.080261,0.6828,up
278655,4.804687,2.910156,8.5625,0.123047,0.201172,0.623047,0.669373,0.281555,-0.080261,0.6828,up
278661,4.804687,2.910156,8.527344,0.087891,0.173828,0.625,0.669373,0.281555,-0.080261,0.6828,up
278666,4.804687,2.871094,8.527344,0.087891,0.173828,0.625,0.665955,0.280762,-0.080139,0.686462,up
278671,4.84375,2.832031,8.484375,0.087891,0.173828,0.625,0.665955,0.280762,-0.080139,0.686462,up
278676,4.882812,2.832031,8.40625,0.087891,0.173828,0.625,0.664001,0.280212,-0.080444,0.688599,up
278682,4.917969,2.757813,8.40625,-0.015625,0.109375,0.589844,0.664001,0.280212,-0.080444,0.688599,up
278687,4.917969,2.71875,8.40625,-0.064453,0.09375,0.576172,0.664001,0.280212,-0.080444,0.688599,up
278692,4.917969,2.679688,8.410156,-0.064453,0.09375,0.576172,0.661072,0.279175,-0.08136,0.69165,up
278698,4.882812,2.601563,8.484375,-0.109375,0.076172,0.585937,0.661072,0.279175,-0.08136,0.69165,up
278703,4.917969,2.335938,8.523438,-0.109375,0.076172,0.585937,0.658325,0.277954,-0.082764,0.69458,up
278708,4.917969,2.183594,8.640625,-0.109375,0.076172,0.585937,0.657349,0.277527,-0.083252,0.695618,up
278713,4.917969,1.992188,8.605469,-0.087891,0.074219,0.599609,0.657349,0.277527,-0.083252,0.695618,up
278718,4.882812,1.875,8.566406,-0.087891,0.074219,0.599609,0.655518,0.276733,-0.084167,0.697571,up
278723,4.917969,1.835938,8.605469,-0.087891,0.074219,0.599609,0.654541,0.276428,-0.084473,0.698608,up
278728,4.917969,1.875,8.484375,-0.087891,0.074219,0.599609,0.654541,0.276428,-0.084473,0.698608,up
278733,4.882812,1.914063,8.40625,0.107422,0.197266,0.607422,0.654541,0.276428,-0.084473,0.698608,up
278738,4.917969,1.992188,8.339844,0.107422,0.197266,0.607422,0.651367,0.275452,-0.084473,0.701965,up
278743,4.917969,1.992188,8.367188,0.107422,0.197266,0.607422,0.65033,0.275146,-0.084167,0.703064,up
278748,4.917969,2.144531,8.367188,0.107422,0.197266,0.607422,0.65033,0.275146,-0.084167,0.703064,up
278753,4.957031,2.21875,8.40625,0.271484,0.333984,0.630859,0.65033,0.275146,-0.084167,0.703064,up
278758,4.84375,2.375,8.523438,0.271484,0.333984,0.630859,0.647949,0.274536,-0.083252,0.705627,up
278763,4.84375,2.375,8.523438,0.287109,0.34375,0.644531,0.646729,0.274292,-0.082642,0.706909,up
278768,4.765625,2.410156,8.601563,0.287109,0.34375,0.644531,0.645447,0.274048,-0.082031,0.708252,up
278773,4.613281,2.410156,8.789063,0.28125,0.335938,0.679687,0.644104,0.273743,-0.081482,0.709595,up
278779,4.613281,2.410156,8.789063,0.271484,0.310547,0.705078,0.642822,0.273499,-0.080933,0.710937,up
278784,4.574219,2.296875,8.867188,0.271484,0.310547,0.705078,0.639771,0.272888,-0.080078,0.713989,up
278789,4.496094,2.144531,8.828125,0.271484,0.310547,0.705078,0.638367,0.272644,-0.079773,0.715393,up
278796,4.6875,1.875,8.867188,0.271484,0.310547,0.705078,0.637146,0.2724,-0.079529,0.716614,up
278801,4.84375,1.722656,8.910156,0.181641,0.251953,0.755859,0.637146,0.2724,-0.079529,0.716614,up
278807,4.957031,1.644531,8.90625,0.189453,0.25,0.75,0.637146,0.2724,-0.079529,0.716614,up
278813,5.074219,1.53125,8.832031,0.230469,0.259766,0.724609,0.631531,0.271362,-0.078491,0.722046,up
278818,5.109375,1.570313,8.75,0.351563,0.275391,0.662109,0.631531,0.271362,-0.078491,0.722046,up
278823,5.109375,1.644531,8.71875,0.351563,0.275391,0.662109,0.630127,0.27124,-0.077942,0.723389,up
278828,5.265625,1.953125,8.5625,0.417969,0.28125,0.636719,0.630127,0.27124,-0.077942,0.723389,up
278833,5.265625,2.066406,8.484375,0.417969,0.28125,0.636719,0.62738,0.27124,-0.076416,0.725952,up
278838,5.378906,2.183594,8.484375,0.417969,0.28125,0.636719,0.625916,0.271301,-0.075378,0.727234,up
278843,5.378906,2.257813,8.40625,0.519531,0.341797,0.587891,0.623352,0.271484,-0.073364,0.729614,up
278848,5.339844,2.335938,8.339844,0.519531,0.341797,0.587891,0.62207,0.271484,-0.072327,0.730835,up
278853,5.265625,2.335938,8.371094,0.519531,0.341797,0.587891,0.62207,0.271484,-0.072327,0.730835,up
278858,5.226562,2.296875,8.300781,0.501953,0.369141,0.582031,0.62207,0.271484,-0.072327,0.730835,up
278863,5.1875,2.335938,8.367188,0.486328,0.335938,0.585937,0.62207,0.271484,-0.072327,0.730835,up
278868,5.148437,2.335938,8.335938,0.486328,0.335938,0.585937,0.618103,0.271545,-0.069153,0.734436,up
278873,5.148437,2.375,8.300781,0.441406,0.253906,0.589844,0.616699,0.271606,-0.068176,0.735718,up
278878,5.148437,2.375,8.257813,0.441406,0.253906,0.589844,0.615417,0.271729,-0.067383,0.736816,up
278883,5.1875,2.375,8.296875,0.441406,0.253906,0.589844,0.614136,0.271851,-0.06665,0.737915,up
278888,5.226562,2.375,8.261719,0.398438,0.214844,0.585937,0.614136,0.271851,-0.06665,0.737915,up
278893,5.265625,2.296875,8.179688,0.398438,0.214844,0.585937,0.611511,0.272095,-0.065308,0.740112,up
278898,5.300781,2.21875,8.183594,0.398438,0.214844,0.585937,0.610229,0.272217,-0.064636,0.74115,up
278903,5.417969,2.21875,8.140625,0.392578,0.21875,0.554687,0.60791,0.2724,-0.063354,0.743164,up
278908,5.457031,2.21875,8.179688,0.392578,0.21875,0.554687,0.60791,0.2724,-0.063354,0.743164,up
278913,5.457031,2.183594,8.023438,0.419922,0.267578,0.513672,0.60791,0.2724,-0.063354,0.743164,up
278918,5.457031,2.257813,8.105469,0.419922,0.267578,0.513672,0.60553,0.272522,-0.061829,0.745178,up
278923,5.417969,2.296875,8.183594,0.429687,0.275391,0.513672,0.603149,0.272644,-0.06012,0.747192,up
278928,5.300781,2.335938,8.21875,0.429687,0.275391,0.513672,0.603149,0.272644,-0.06012,0.747192,up
278933,5.265625,2.335938,8.21875,0.453125,0.28125,0.523437,0.603149,0.272644,-0.06012,0.747192,up
278938,5.1875,2.335938,8.261719,0.453125,0.28125,0.523437,0.600708,0.272705,-0.05835,0.749207,up
278944,5.148437,2.410156,8.257813,0.503906,0.236328,0.535156,0.600708,0.272705,-0.05835,0.749207,up
278949,5.074219,2.375,8.300781,0.503906,0.236328,0.535156,0.596741,0.273376,-0.055481,0.75238,up
278954,5.109375,2.375,8.371094,0.503906,0.236328,0.535156,0.595581,0.273682,-0.054687,0.753235,up
278959,5.148437,2.527344,8.300781,0.503906,0.236328,0.535156,0.594116,0.274109,-0.05365,0.754333,up
278965,5.148437,2.601563,8.257813,0.503906,0.236328,0.535156,0.592957,0.274475,-0.052856,0.755188,up
278970,5.148437,2.640625,8.261719,0.539062,0.158203,0.548828,0.592957,0.274475,-0.052856,0.755188,up
278976,5.109375,2.640625,8.222656,0.539062,0.158203,0.548828,0.590271,0.275269,-0.051147,0.75708,up
278982,5.074219,2.640625,8.179688,0.498047,0.152344,0.554687,0.590271,0.275269,-0.051147,0.75708,up
278987,5.074219,2.640625,8.179688,0.474609,0.136719,0.564453,0.590271,0.275269,-0.051147,0.75708,up
278993,5.035156,2.566406,8.21875,0.431641,0.125,0.564453,0.590271,0.275269,-0.051147,0.75708,up
278998,5.035156,2.527344,8.179688,0.40625,0.119141,0.574219,0.590271,0.275269,-0.051147,0.75708,up
279003,5.035156,2.566406,8.144531,0.367188,0.107422,0.566406,0.590271,0.275269,-0.051147,0.75708,up
279008,5.109375,2.527344,8.144531,0.367188,0.107422,0.566406,0.582275,0.277283,-0.047424,0.762756,up
279013,5.074219,2.527344,8.144531,0.367188,0.107422,0.566406,0.580872,0.277588,-0.046936,0.763733,up
279019,5.109375,2.449219,8.179688,0.341797,0.101563,0.552734,0.580872,0.277588,-0.046936,0.763733,up
279024,5.109375,2.449219,8.179688,0.332031,0.111328,0.539062,0.57843,0.278015,-0.046143,0.765503,up
279029,5.1875,2.335938,8.222656,0.34375,0.111328,0.535156,0.577271,0.278259,-0.045776,0.766296,up
279034,5.1875,2.335938,8.222656,0.341797,0.132812,0.519531,0.57605,0.278442,-0.045288,0.767212,up
279039,5.1875,2.335938,8.222656,0.341797,0.132812,0.519531,0.573608,0.27887,-0.04425,0.768921,up
279044,5.265625,2.410156,8.257813,0.341797,0.132812,0.519531,0.572266,0.279114,-0.043579,0.769897,up
279049,5.265625,2.488281,8.257813,0.341797,0.132812,0.519531,0.571228,0.279358,-0.043091,0.770569,up
279054,5.265625,2.566406,8.261719,0.386719,0.111328,0.490234,0.571228,0.279358,-0.043091,0.770569,up
279059,5.265625,2.566406,8.179688,0.386719,0.111328,0.490234,0.568909,0.279907,-0.041992,0.772156,up
279064,5.1875,2.679688,8.257813,0.386719,0.111328,0.490234,0.567688,0.280334,-0.041443,0.772949,up
279069,5.109375,2.679688,8.179688,0.417969,0.052734,0.464844,0.566467,0.280762,-0.040894,0.773743,up
279074,5.148437,2.71875,8.257813,0.414062,0.048828,0.445312,0.566467,0.280762,-0.040894,0.773743,up
279079,5.074219,2.757813,8.21875,0.414062,0.048828,0.445312,0.56427,0.281616,-0.039856,0.775024,up
279084,5.035156,2.832031,8.179688,0.414062,0.048828,0.445312,0.563293,0.282043,-0.039368,0.775635,up
279089,4.917969,2.871094,8.105469,0.414062,0.048828,0.445312,0.562195,0.282532,-0.03894,0.776306,up
279094,4.957031,2.910156,8.140625,0.259766,0.015625,0.376953,0.561279,0.282837,-0.038635,0.776855,up
279099,4.917969,2.949219,8.101563,0.259766,0.015625,0.376953,0.561279,0.282837,-0.038635,0.776855,up
279104,4.957031,2.949219,8.101563,0.259766,0.015625,0.376953,0.559631,0.283264,-0.038452,0.777893,up
279109,4.957031,2.949219,8.144531,0.015625,-0.005859,0.34375,0.559631,0.283264,-0.038452,0.777893,up
279114,4.882812,2.949219,8.144531,-0.054687,-0.03125,0.349609,0.55896,0.283325,-0.038574,0.77832,up
279119,4.917969,2.796875,8.21875,-0.054687,-0.03125,0.349609,0.557739,0.283203,-0.039429,0.779175,up
279124,4.882812,2.679688,8.183594,-0.054687,-0.03125,0.349609,0.55719,0.283142,-0.040039,0.779602,up
279129,4.917969,2.488281,8.339844,-0.173828,-0.125,0.386719,0.55719,0.283142,-0.040039,0.779602,up
279134,4.882812,2.335938,8.449219,-0.173828,-0.125,0.386719,0.55658,0.28302,-0.040833,0.780029,up
279139,4.882812,2.257813,8.605469,-0.173828,-0.125,0.386719,0.555298,0.283081,-0.04248,0.780823,up
279144,4.917969,2.105469,8.601563,-0.173828,-0.125,0.386719,0.555298,0.283081,-0.04248,0.780823,up
279149,4.882812,2.066406,8.644531,-0.09375,-0.183594,0.439453,0.553711,0.283447,-0.044067,0.781738,up
279154,4.996094,1.992188,8.722656,-0.09375,-0.183594,0.439453,0.552856,0.283813,-0.044556,0.782166,up
279159,5.035156,2.066406,8.644531,-0.09375,-0.183594,0.439453,0.552002,0.284241,-0.044922,0.782593,up
279164,5.148437,2.105469,8.679688,-0.09375,-0.183594,0.439453,0.552002,0.284241,-0.044922,0.782593,up
279169,5.1875,2.144531,8.566406,0.191406,-0.150391,0.404297,0.55011,0.285278,-0.045227,0.783569,up
279174,5.265625,2.257813,8.488281,0.191406,-0.150391,0.404297,0.549255,0.285828,-0.045227,0.783936,up
279179,5.300781,2.335938,8.488281,0.248047,-0.089844,0.347656,0.549255,0.285828,-0.045227,0.783936,up
279184,5.339844,2.410156,8.40625,0.248047,-0.089844,0.347656,0.548401,0.286316,-0.045105,0.784363,up
279189,5.378906,2.488281,8.261719,0.21875,-0.074219,0.330078,0.548401,0.286316,-0.045105,0.784363,up
279195,5.378906,2.527344,8.261719,0.21875,-0.074219,0.330078,0.546021,0.287476,-0.044983,0.785645,up
279200,5.300781,2.488281,8.335938,0.21875,-0.074219,0.330078,0.545471,0.287598,-0.045105,0.78595,up
279205,5.226562,2.488281,8.367188,0.013672,-0.041016,0.314453,0.545471,0.287598,-0.045105,0.78595,up
279211,5.109375,2.335938,8.527344,0.013672,-0.041016,0.314453,0.545471,0.287598,-0.045105,0.78595,up
279217,5.074219,2.296875,8.640625,-0.042969,-0.033203,0.335938,0.545471,0.287598,-0.045105,0.78595,up
279222,4.996094,2.21875,8.75,-0.050781,-0.035156,0.353516,0.545471,0.287598,-0.045105,0.78595,up
279227,5.035156,2.144531,8.828125,-0.050781,-0.035156,0.353516,0.542358,0.28772,-0.046814,0.787964,up
279233,5.074219,2.105469,8.90625,-0.050781,-0.035156,0.353516,0.542358,0.28772,-0.046814,0.787964,up
279238,5.074219,2.027344,8.945313,-0.009766,-0.046875,0.396484,0.542358,0.28772,-0.046814,0.787964,up
279244,5.148437,1.992188,8.871094,0.015625,-0.044922,0.417969,0.542358,0.28772,-0.046814,0.787964,up
279249,5.1875,1.992188,8.789063,0.015625,-0.044922,0.417969,0.538391,0.287964,-0.048645,0.790466,up
279254,5.148437,2.027344,8.792969,0.015625,-0.044922,0.417969,0.538391,0.287964,-0.048645,0.790466,up
279259,5.226562,2.066406,8.753906,0.123047,-0.035156,0.480469,0.538391,0.287964,-0.048645,0.790466,up
279264,5.226562,2.183594,8.640625,0.123047,-0.035156,0.480469,0.535522,0.288452,-0.049133,0.792236,up
279269,5.1875,2.257813,8.605469,0.105469,0.023437,0.523437,0.535522,0.288452,-0.049133,0.792236,up
279274,5.148437,2.257813,8.5625,0.105469,0.023437,0.523437,0.534302,0.288513,-0.049316,0.792969,up
279279,5.074219,2.257813,8.601563,0.087891,0.064453,0.529297,0.534302,0.288513,-0.049316,0.792969,up
279284,4.84375,2.375,8.75,0.087891,0.064453,0.529297,0.531189,0.288391,-0.049744,0.795105,up
279289,4.765625,2.488281,8.753906,0.087891,0.064453,0.529297,0.531189,0.288391,-0.049744,0.795105,up
279294,4.6875,2.640625,8.910156,0.001953,0.005859,0.513672,0.531189,0.288391,-0.049744,0.795105,up
279299,4.613281,2.71875,8.90625,0.001953,0.005859,0.513672,0.528198,0.288086,-0.050781,0.79718,up
279304,4.574219,2.679688,8.984375,0.001953,0.005859,0.513672,0.527344,0.287964,-0.051392,0.797729,up
279309,4.574219,2.679688,8.867188,0.001953,0.005859,0.513672,0.527344,0.287964,-0.051392,0.797729,up
279314,4.6875,2.679688,8.910156,-0.232422,-0.111328,0.451172,0.525879,0.287659,-0.053284,0.798645,up
279319,4.613281,2.488281,8.949219,-0.232422,-0.111328,0.451172,0.52533,0.287476,-0.054626,0.799011,up
279324,4.765625,2.488281,8.871094,-0.232422,-0.111328,0.451172,0.524902,0.287354,-0.056152,0.799194,up
279329,4.882812,2.335938,8.867188,-0.232422,-0.111328,0.451172,0.524902,0.287354,-0.056152,0.799194,up
279334,5.035156,2.144531,8.949219,-0.550781,-0.367188,0.324219,0.524902,0.287354,-0.056152,0.799194,up
279339,5.148437,2.105469,8.984375,-0.550781,-0.367188,0.324219,0.52417,0.287292,-0.06189,0.799255,up
279344,5.226562,2.105469,8.910156,-0.550781,-0.367188,0.324219,0.524048,0.287354,-0.063782,0.799194,up
279349,5.265625,2.105469,8.828125,-0.550781,-0.367188,0.324219,0.524048,0.287354,-0.063782,0.799194,up
279354,5.339844,2.027344,8.828125,-0.548828,-0.478516,0.287109,0.524048,0.287354,-0.063782,0.799194,up
279359,5.300781,1.953125,8.71875,-0.396484,-0.515625,0.34375,0.523621,0.287781,-0.067627,0.799011,up
279364,5.378906,1.914063,8.722656,-0.396484,-0.515625,0.34375,0.522705,0.288696,-0.071106,0.799011,up
279369,5.53125,1.835938,8.644531,-0.396484,-0.515625,0.34375,0.522705,0.288696,-0.071106,0.799011,up
279374,5.609375,1.800781,8.601563,-0.396484,-0.515625,0.34375,0.521973,0.289429,-0.072693,0.799072,up
279379,5.648437,1.800781,8.527344,-0.396484,-0.515625,0.34375,0.52124,0.290222,-0.073975,0.799133,up
279385,5.648437,1.761719,8.449219,-0.013672,-0.474609,0.410156,0.519531,0.291931,-0.075867,0.799438,up
279390,5.683594,1.722656,8.339844,-0.013672,-0.474609,0.410156,0.518616,0.292786,-0.076477,0.799622,up
279395,5.609375,1.835938,8.300781,0.173828,-0.394531,0.386719,0.517639,0.293823,-0.077087,0.799866,up
279400,5.683594,1.875,8.21875,0.173828,-0.394531,0.386719,0.516785,0.294617,-0.077454,0.800049,up
279405,5.722656,1.875,8.140625,0.21875,-0.34375,0.355469,0.515808,0.295654,-0.077759,0.800293,up
279411,5.570312,2.105469,7.917969,0.21875,-0.34375,0.355469,0.515015,0.296448,-0.078003,0.800537,up
279416,5.53125,2.105469,7.875,0.189453,-0.310547,0.341797,0.515015,0.296448,-0.078003,0.800537,up
279421,5.53125,2.105469,7.875,0.160156,-0.320313,0.349609,0.513245,0.298035,-0.078613,0.800964,up
279426,5.417969,2.066406,7.839844,0.160156,-0.320313,0.349609,0.513245,0.298035,-0.078613,0.800964,up
279431,5.417969,2.066406,7.839844,0.111328,-0.394531,0.353516,0.512451,0.298828,-0.079041,0.801147,up
279436,5.492187,2.066406,7.953125,0.111328,-0.394531,0.353516,0.511536,0.299744,-0.079529,0.801331,up
279442,5.492187,2.027344,8.0625,0.072266,-0.476562,0.371094,0.509827,0.301575,-0.080872,0.801636,up
279447,5.648437,1.953125,8.027344,0.044922,-0.507812,0.375,0.509827,0.301575,-0.080872,0.801636,up
279453,5.648437,1.835938,7.984375,0.03125,-0.544922,0.384766,0.509827,0.301575,-0.080872,0.801636,up
279458,5.722656,1.761719,7.957031,0.001953,-0.583984,0.394531,0.509827,0.301575,-0.080872,0.801636,up
279464,5.722656,1.722656,7.761719,-0.017578,-0.611328,0.398438,0.505432,0.306885,-0.085876,0.801819,up
279469,5.800781,1.683594,7.722656,-0.017578,-0.611328,0.398438,0.505432,0.306885,-0.085876,0.801819,up
279474,5.761719,1.644531,7.644531,-0.019531,-0.708984,0.416016,0.505432,0.306885,-0.085876,0.801819,up
279479,5.839844,1.609375,7.5625,-0.019531,-0.708984,0.416016,0.503601,0.309448,-0.088379,0.801758,up
279485,5.914062,1.414063,7.339844,-0.011719,-0.703125,0.419922,0.501709,0.312012,-0.090881,0.801697,up
279490,5.992187,1.378906,7.257812,0.003906,-0.701172,0.416016,0.501709,0.312012,-0.090881,0.801697,up
279495,6.070312,1.378906,7.261719,0.003906,-0.701172,0.416016,0.499634,0.314758,-0.093384,0.801575,up
279501,6.144531,1.339844,7.257812,0.095703,-0.642578,0.382813,0.498779,0.315979,-0.09436,0.801514,up
279506,6.070312,1.378906,7.152344,0.095703,-0.642578,0.382813,0.497803,0.317322,-0.095154,0.801514,up
279511,6.105469,1.453125,7.109375,0.242187,-0.611328,0.369141,0.497803,0.317322,-0.095154,0.801514,up
279517,6.144531,1.414063,7.179687,0.242187,-0.611328,0.369141,0.497803,0.317322,-0.095154,0.801514,up
279522,6.105469,1.453125,7.109375,0.335938,-0.628906,0.333984,0.497803,0.317322,-0.095154,0.801514,up
279528,6.105469,1.570313,7.070312,0.375,-0.623047,0.332031,0.497803,0.317322,-0.095154,0.801514,up
279534,6.144531,1.683594,7.035156,0.404297,-0.611328,0.320313,0.497803,0.317322,-0.095154,0.801514,up
279539,6.183594,1.683594,6.996094,0.501953,-0.669922,0.314453,0.491455,0.326721,-0.097595,0.801392,up
279544,6.222656,1.761719,6.957031,0.501953,-0.669922,0.314453,0.490234,0.328613,-0.097778,0.801331,up
279550,6.222656,1.835938,6.953125,0.544922,-0.685547,0.306641,0.487854,0.33252,-0.097778,0.801147,up
279555,6.222656,2.027344,6.730469,0.544922,-0.685547,0.306641,0.486389,0.334839,-0.097717,0.801086,up
279560,6.144531,2.144531,6.613281,0.544922,-0.685547,0.306641,0.485229,0.336792,-0.097656,0.801025,up
279565,6.183594,2.183594,6.535156,0.6875,-0.857422,0.337891,0.485229,0.336792,-0.097656,0.801025,up
279570,6.296875,2.335938,6.648437,0.726562,-0.908203,0.347656,0.483643,0.339417,-0.097595,0.800842,up
279575,6.335937,2.335938,6.726562,0.726562,-0.908203,0.347656,0.480652,0.344666,-0.097473,0.800415,up
279580,6.414062,2.375,6.769531,0.726562,-0.908203,0.347656,0.479248,0.347046,-0.097412,0.800232,up
279585,6.527344,2.449219,6.800781,0.810547,-0.919922,0.353516,0.479248,0.347046,-0.097412,0.800232,up
279590,6.527344,2.601563,6.878906,0.810547,-0.919922,0.353516,0.476013,0.352539,-0.097046,0.799805,up
279595,6.527344,2.601563,6.839844,0.835937,-0.947266,0.361328,0.476013,0.352539,-0.097046,0.799805,up
279600,6.527344,2.640625,6.835937,0.804687,-0.951172,0.375,0.474182,0.355591,-0.096802,0.799561,up
279605,6.527344,2.71875,6.726562,0.724609,-0.951172,0.40625,0.472656,0.358154,-0.09668,0.799316,up
279611,6.414062,2.566406,6.574219,0.724609,-0.951172,0.40625,0.469421,0.363403,-0.096741,0.798889,up
279616,6.375,2.449219,6.53125,0.496094,-0.894531,0.447266,0.467834,0.365784,-0.097168,0.798706,up
279621,6.375,2.449219,6.53125,0.40625,-0.902344,0.458984,0.46637,0.367981,-0.097717,0.798462,up
279626,6.375,2.375,6.6875,0.40625,-0.902344,0.458984,0.46637,0.367981,-0.097717,0.798462,up
279631,6.375,2.375,6.6875,0.371094,-0.929687,0.472656,0.464905,0.370117,-0.09845,0.798279,up
279636,6.414062,2.144531,6.957031,0.371094,-0.929687,0.472656,0.463318,0.372314,-0.099304,0.798035,up
279641,6.414062,2.144531,6.957031,0.361328,-0.943359,0.476562,0.460266,0.376709,-0.100952,0.797485,up
279646,6.835937,1.953125,7.261719,0.361328,-0.943359,0.476562,0.458801,0.378906,-0.101685,0.797241,up
279651,6.949219,1.875,7.300781,0.404297,-0.892578,0.435547,0.457153,0.381348,-0.102478,0.796936,up
279657,7.101562,1.683594,7.222656,0.404297,-0.892578,0.435547,0.455872,0.383179,-0.103027,0.796692,up
279663,7.140625,1.492188,7.148437,0.425781,-0.859375,0.384766,0.455872,0.383179,-0.103027,0.796692,up
279668,7.144531,1.339844,7.109375,0.439453,-0.855469,0.359375,0.455872,0.383179,-0.103027,0.796692,up
279673,7.066406,1.300781,7.03125,0.488281,-0.880859,0.335938,0.455872,0.383179,-0.103027,0.796692,up
279678,6.988281,1.261719,7.03125,0.519531,-0.914062,0.310547,0.455872,0.383179,-0.103027,0.796692,up
279683,6.988281,1.109375,7.070312,0.519531,-0.914062,0.310547,0.455872,0.383179,-0.103027,0.796692,up
279688,6.949219,1.03125,7.109375,0.519531,-0.914062,0.310547,0.447632,0.39679,-0.105347,0.794373,up
279693,6.949219,0.996094,7.152344,0.705078,-1.068359,0.310547,0.447632,0.39679,-0.105347,0.794373,up
279698,6.910156,1.070313,7.21875,0.705078,-1.068359,0.310547,0.444397,0.402588,-0.105591,0.793274,up
279703,7.027344,1.109375,7.222656,0.705078,-1.068359,0.310547,0.442688,0.405701,-0.105408,0.792725,up
279708,7.257812,1.261719,7.148437,0.705078,-1.068359,0.310547,0.442688,0.405701,-0.105408,0.792725,up
279714,7.410156,1.53125,6.957031,0.705078,-1.068359,0.310547,0.438232,0.413269,-0.104187,0.791382,up
279719,7.410156,1.683594,6.878906,0.705078,-1.068359,0.310547,0.435974,0.417114,-0.10321,0.79071,up
279724,7.449219,1.835938,6.765625,0.705078,-1.068359,0.310547,0.433472,0.421448,-0.101868,0.790039,up
279729,7.410156,1.992188,6.496094,1.671875,-1.349609,0.263672,0.433472,0.421448,-0.101868,0.790039,up
279734,7.289062,2.601563,5.921875,1.671875,-1.349609,0.263672,0.428345,0.430054,-0.098877,0.788513,up
279740,7.289062,2.796875,5.769531,1.646484,-1.339844,0.257813,0.428345,0.430054,-0.098877,0.788513,up
279745,7.21875,2.871094,5.769531,1.408203,-1.443359,0.236328,0.428345,0.430054,-0.098877,0.788513,up
279750,7.21875,2.71875,5.769531,1.408203,-1.443359,0.236328,0.420776,0.442993,-0.094849,0.78595,up
279755,7.21875,2.71875,5.769531,1.408203,-1.443359,0.236328,0.416321,0.451294,-0.093323,0.783752,up
279760,7.144531,2.71875,5.613281,1.408203,-1.443359,0.236328,0.416321,0.451294,-0.093323,0.783752,up
279765,7.144531,2.71875,5.613281,1.195313,-1.433594,0.257813,0.414062,0.455505,-0.092712,0.782593,up
279770,7.179687,2.640625,5.5,1.144531,-1.447266,0.279297,0.411987,0.45929,-0.092285,0.781555,up
279775,7.179687,2.640625,5.5,1.070313,-1.478516,0.314453,0.411987,0.45929,-0.092285,0.781555,up
279781,7.527344,2.832031,5.5,1.070313,-1.478516,0.314453,0.409851,0.463135,-0.09198,0.780396,up
279786,7.527344,2.832031,5.5,0.736328,-1.529297,0.380859,0.403564,0.474487,-0.092529,0.776794,up
279792,7.867187,2.488281,5.421875,0.736328,-1.529297,0.380859,0.401672,0.47821,-0.093262,0.775452,up
279798,7.792969,2.335938,5.539062,0.591797,-1.568359,0.40625,0.401672,0.47821,-0.093262,0.775452,up
279804,7.871094,2.027344,5.539062,0.560547,-1.566406,0.419922,0.401672,0.47821,-0.093262,0.775452,up
279810,7.949219,1.875,5.421875,0.568359,-1.519531,0.470703,0.401672,0.47821,-0.093262,0.775452,up
279815,8.054688,1.835938,5.421875,0.568359,-1.519531,0.470703,0.394226,0.492065,-0.097168,0.770081,up
279820,8.09375,1.800781,5.460937,0.623047,-1.554688,0.507812,0.394226,0.492065,-0.097168,0.770081,up
279825,8.476563,1.609375,5.539062,0.654297,-1.541016,0.511719,0.390198,0.49884,-0.099121,0.767517,up
279830,8.671875,1.644531,5.421875,0.654297,-1.541016,0.511719,0.388,0.50238,-0.100098,0.766174,up
279835,8.832031,1.570313,5.382812,0.767578,-1.484375,0.458984,0.385681,0.506104,-0.101013,0.764771,up
279840,8.9375,1.53125,5.269531,0.767578,-1.484375,0.458984,0.383484,0.509583,-0.101685,0.763489,up
279846,9.058594,1.53125,5.0,0.767578,-1.484375,0.458984,0.379272,0.516235,-0.102234,0.761047,up
279851,9.054688,1.53125,4.847656,0.990234,-1.371094,0.318359,0.376892,0.519958,-0.102173,0.759705,up
279857,9.058594,1.53125,4.65625,0.990234,-1.371094,0.318359,0.374878,0.523132,-0.10199,0.758606,up
279862,9.015625,1.609375,4.464844,0.990234,-1.371094,0.318359,0.372681,0.526489,-0.101501,0.757385,up
279870,8.980469,1.761719,4.234375,0.990234,-1.371094,0.318359,0.372681,0.526489,-0.101501,0.757385,up
279875,8.941406,1.875,4.160156,1.009766,-1.111328,0.140625,0.366882,0.535706,-0.09967,0.753967,up
279880,8.941406,2.027344,4.195312,1.009766,-1.111328,0.140625,0.366882,0.535706,-0.09967,0.753967,up
279886,8.941406,2.027344,4.195312,0.982422,-1.101563,0.070312,0.365173,0.538635,-0.098938,0.752808,up
279891,8.941406,2.027344,4.195312,0.982422,-1.101563,0.070312,0.363525,0.541504,-0.098206,0.751648,up
279896,9.136719,2.183594,4.121094,0.949219,-1.017578,0.037109,0.361877,0.544434,-0.097412,0.750427,up
279901,9.175781,2.296875,4.003906,0.955078,-0.951172,0.029297,0.360352,0.547058,-0.096619,0.749329,up
279906,9.285156,2.488281,3.890625,0.955078,-0.951172,0.029297,0.3573,0.552063,-0.094666,0.747375,up
279911,9.398438,2.488281,3.738281,0.955078,-0.951172,0.029297,0.355957,0.554199,-0.093628,0.746582,up
279917,9.636719,2.601563,3.238281,0.955078,-0.951172,0.029297,0.354797,0.556152,-0.092468,0.74585,up
279922,9.597656,2.601563,3.164063,0.705078,-0.4375,-0.117188,0.353882,0.557739,-0.091431,0.745239,up
279927,9.558594,2.679688,3.203125,0.621094,-0.347656,-0.140625,0.353882,0.557739,-0.091431,0.745239,up
279932,9.664063,2.601563,3.238281,0.568359,-0.292969,-0.175781,0.353882,0.557739,-0.091431,0.745239,up
279937,9.664063,2.527344,3.277344,0.568359,-0.292969,-0.175781,0.353882,0.557739,-0.091431,0.745239,up
279942,9.636719,2.488281,3.277344,0.416016,-0.21875,-0.199219,0.353882,0.557739,-0.091431,0.745239,up
279947,9.632813,2.449219,3.203125,0.34375,-0.173828,-0.207031,0.353882,0.557739,-0.091431,0.745239,up
279952,9.597656,2.527344,3.238281,0.34375,-0.173828,-0.207031,0.351501,0.563538,-0.085937,0.742615,up
279959,9.554688,2.527344,3.277344,0.34375,-0.173828,-0.207031,0.351501,0.563538,-0.085937,0.742615,up
279964,9.515625,2.449219,3.316406,0.261719,-0.146484,-0.171875,0.351501,0.563538,-0.085937,0.742615,up
279970,9.402344,2.296875,3.238281,0.261719,-0.146484,-0.171875,0.351196,0.565674,-0.083496,0.741394,up
279975,9.359375,2.335938,3.203125,0.261719,-0.146484,-0.171875,0.351196,0.565674,-0.083496,0.741394,up
279980,9.324219,2.335938,3.203125,0.455078,-0.085937,-0.123047,0.351196,0.565674,-0.083496,0.741394,up
279986,9.285156,2.449219,3.238281,0.455078,-0.085937,-0.123047,0.350708,0.566711,-0.08197,0.741028,up
279991,9.285156,2.566406,3.238281,0.632812,-0.076172,-0.130859,0.350159,0.567383,-0.080872,0.740906,up
279996,9.324219,2.71875,3.277344,0.632812,-0.076172,-0.130859,0.348938,0.568787,-0.078369,0.740662,up
280001,9.402344,2.796875,3.238281,0.632812,-0.076172,-0.130859,0.348938,0.568787,-0.078369,0.740662,up
280006,9.4375,3.023438,3.164063,0.714844,-0.035156,-0.138672,0.347534,0.570129,-0.075623,0.74054,up
280012,9.4375,3.253906,3.046875,0.714844,-0.035156,-0.138672,0.346741,0.570923,-0.074036,0.740479,up
280017,9.476563,3.371094,3.046875,0.699219,-0.044922,-0.148437,0.346069,0.571594,-0.072571,0.740417,up
280022,9.480469,3.371094,3.085938,0.630859,-0.056641,-0.144531,0.345398,0.572327,-0.071228,0.740356,up
280028,9.363281,3.484375,3.203125,0.630859,-0.056641,-0.144531,0.344788,0.572937,-0.069946,0.740234,up
280034,9.359375,3.445313,3.238281,0.478516,-0.037109,-0.117188,0.344788,0.572937,-0.069946,0.740234,up
280039,9.363281,3.484375,3.203125,0.398438,-0.021484,-0.121094,0.344788,0.572937,-0.069946,0.740234,up
280044,9.285156,3.371094,3.046875,0.398438,-0.021484,-0.121094,0.343628,0.57428,-0.067139,0.73999,up
280050,9.246094,3.332031,3.046875,0.216797,0.021484,-0.109375,0.343628,0.57428,-0.067139,0.73999,up
280056,9.214844,3.292969,3.007813,0.148437,0.044922,-0.107422,0.343567,0.574646,-0.065674,0.739929,up
280061,9.171875,3.214844,3.125,0.148437,0.044922,-0.107422,0.343567,0.574646,-0.065674,0.739929,up
280066,9.09375,3.179688,3.164063,0.017578,0.068359,-0.113281,0.343567,0.574646,-0.065674,0.739929,up
280071,9.175781,3.179688,3.238281,0.017578,0.068359,-0.113281,0.344177,0.574402,-0.06488,0.739868,up
280076,9.210938,3.253906,3.429688,0.017578,0.068359,-0.113281,0.344177,0.574402,-0.06488,0.739868,up
280081,9.210938,3.214844,3.429688,0.017578,0.068359,-0.113281,0.344666,0.574158,-0.064453,0.739868,up
280086,9.214844,3.140625,3.355469,-0.011719,0.089844,-0.160156,0.344666,0.574158,-0.064453,0.739868,up
280091,9.246094,3.0625,3.316406,-0.011719,0.089844,-0.160156,0.345032,0.573975,-0.064148,0.739807,up
280096,9.054688,3.0625,3.394531,-0.029297,0.091797,-0.171875,0.345032,0.573975,-0.064148,0.739807,up
280101,9.054688,3.140625,3.316406,-0.023437,0.070312,-0.212891,0.345825,0.573669,-0.06366,0.739746,up
280106,9.019531,3.140625,3.394531,-0.023437,0.070312,-0.212891,0.346741,0.573425,-0.06311,0.739563,up
280111,8.980469,3.140625,3.316406,-0.023437,0.070312,-0.212891,0.346741,0.573425,-0.06311,0.739563,up
280116,9.019531,3.0625,3.316406,-0.023437,0.070312,-0.212891,0.347839,0.573242,-0.062561,0.739258,up
280121,9.015625,3.101563,3.238281,-0.023437,0.070312,-0.212891,0.347839,0.573242,-0.062561,0.739258,up
280126,9.054688,3.0625,3.277344,-0.064453,0.011719,-0.285156,0.347839,0.573242,-0.062561,0.739258,up
280132,9.175781,3.101563,3.546875,-0.064453,0.011719,-0.285156,0.349731,0.573059,-0.061707,0.738525,up
280137,9.214844,3.140625,3.546875,-0.064453,0.011719,-0.285156,0.350403,0.573059,-0.06134,0.738281,up
280142,9.246094,3.140625,3.621094,0.029297,0.039063,-0.291016,0.350891,0.573059,-0.060913,0.738098,up
280147,9.246094,3.179688,3.777344,0.029297,0.039063,-0.291016,0.35144,0.573059,-0.060364,0.737854,up
280153,9.242188,3.214844,3.851563,0.029297,0.039063,-0.291016,0.351868,0.573059,-0.059875,0.737732,up
280158,9.214844,3.253906,3.777344,0.058594,0.087891,-0.240234,0.351868,0.573059,-0.059875,0.737732,up
280163,9.097656,3.253906,3.8125,0.035156,0.107422,-0.228516,0.352661,0.572876,-0.058899,0.737488,up
280169,9.015625,3.214844,3.777344,0.003906,0.123047,-0.199219,0.352661,0.572876,-0.058899,0.737488,up
280175,8.941406,3.332031,3.738281,0.003906,0.123047,-0.199219,0.352661,0.572876,-0.058899,0.737488,up
280180,8.980469,3.332031,3.660156,-0.025391,0.115234,-0.167969,0.352661,0.572876,-0.058899,0.737488,up
280186,8.976563,3.523438,3.621094,-0.03125,0.107422,-0.158203,0.352661,0.572876,-0.058899,0.737488,up
280191,9.015625,3.636719,3.621094,-0.013672,0.085937,-0.179687,0.354675,0.571899,-0.057312,0.737488,up
280196,9.054688,3.753906,3.660156,-0.013672,0.085937,-0.179687,0.355469,0.571594,-0.056763,0.737366,up
280201,9.058594,3.753906,3.699219,0.017578,0.091797,-0.21875,0.355469,0.571594,-0.056763,0.737366,up
280206,8.902344,3.753906,3.546875,0.017578,0.091797,-0.21875,0.356262,0.57135,-0.05603,0.737183,up
280211,8.863281,3.753906,3.546875,0.017578,0.091797,-0.21875,0.356262,0.57135,-0.05603,0.737183,up
280216,8.828125,3.789063,3.585938,0.011719,0.064453,-0.253906,0.356262,0.57135,-0.05603,0.737183,up
280221,8.75,3.789063,3.621094,0.011719,0.064453,-0.253906,0.357666,0.571106,-0.05481,0.736816,up
280226,8.789063,3.828125,3.738281,0.011719,0.064453,-0.253906,0.358215,0.571045,-0.054504,0.736633,up
280231,8.828125,3.867188,3.777344,0.011719,0.064453,-0.253906,0.358215,0.571045,-0.054504,0.736633,up
280236,8.902344,3.867188,3.777344,-0.158203,-0.023437,-0.21875,0.358215,0.571045,-0.054504,0.736633,up
280241,8.9375,3.867188,3.777344,-0.158203,-0.023437,-0.21875,0.359375,0.570984,-0.05426,0.736145,up
280246,8.9375,3.867188,3.777344,-0.158203,-0.023437,-0.21875,0.360779,0.570801,-0.054504,0.735596,up
280251,9.019531,3.789063,3.738281,-0.158203,-0.023437,-0.21875,0.360779,0.570801,-0.054504,0.735596,up
280256,9.054688,3.753906,3.738281,-0.283203,-0.03125,-0.181641,0.362244,0.570435,-0.055115,0.735046,up
280261,9.09375,3.675781,3.777344,-0.283203,-0.03125,-0.181641,0.362244,0.570435,-0.055115,0.735046,up
280266,9.136719,3.636719,3.851563,-0.283203,-0.03125,-0.181641,0.363098,0.57019,-0.055542,0.734802,up
280271,9.054688,3.597656,3.8125,-0.337891,0.023437,-0.164062,0.364746,0.569519,-0.056335,0.734497,up
280276,8.9375,3.40625,3.738281,-0.337891,0.023437,-0.164062,0.364746,0.569519,-0.056335,0.734497,up
280281,8.902344,3.371094,3.699219,-0.349609,0.085937,-0.175781,0.365601,0.569092,-0.056702,0.734375,up
280286,8.859375,3.371094,3.738281,-0.349609,0.085937,-0.175781,0.367249,0.568176,-0.057373,0.734131,up
280291,8.832031,3.445313,3.777344,-0.349609,0.085937,-0.175781,0.367249,0.568176,-0.057373,0.734131,up
280296,8.828125,3.484375,3.8125,-0.349609,0.085937,-0.175781,0.368164,0.567749,-0.057617,0.734009,up
280301,8.863281,3.484375,3.777344,-0.349609,0.085937,-0.175781,0.368896,0.567383,-0.0578,0.733948,up
280307,8.832031,3.523438,3.699219,-0.208984,0.054687,-0.189453,0.3703,0.566833,-0.057983,0.733643,up
280312,8.863281,3.523438,3.660156,-0.208984,0.054687,-0.189453,0.370911,0.56665,-0.057983,0.733459,up
280318,8.789063,3.484375,3.585938,-0.208984,0.054687,-0.189453,0.37146,0.566528,-0.057983,0.733276,up
280323,8.789063,3.484375,3.585938,-0.09375,0.001953,-0.193359,0.372009,0.566467,-0.057922,0.733093,up
280328,8.792969,3.5625,3.660156,-0.09375,0.001953,-0.193359,0.372498,0.566406,-0.0578,0.732849,up
280334,8.828125,3.675781,3.8125,-0.09375,0.001953,-0.193359,0.372925,0.566406,-0.057739,0.732666,up
280339,8.828125,3.675781,3.738281,-0.078125,-0.019531,-0.150391,0.372925,0.566406,-0.057739,0.732666,up
280344,8.898438,3.753906,3.738281,-0.125,-0.007813,-0.15625,0.372925,0.566406,-0.057739,0.732666,up
280349,8.902344,3.675781,3.738281,-0.162109,-0.011719,-0.140625,0.372925,0.566406,-0.057739,0.732666,up
280355,8.902344,3.675781,3.660156,-0.210937,-0.017578,-0.138672,0.372925,0.566406,-0.057739,0.732666,up
280361,8.9375,3.675781,3.621094,-0.271484,-0.003906,-0.148437,0.372925,0.566406,-0.057739,0.732666,up
280366,8.941406,3.597656,3.507813,-0.271484,-0.003906,-0.148437,0.376038,0.565735,-0.058472,0.731506,up
280371,8.941406,3.597656,3.507813,-0.271484,-0.003906,-0.148437,0.37677,0.565491,-0.058838,0.731262,up
280377,8.902344,3.523438,3.507813,-0.302734,0.025391,-0.177734,0.37677,0.565491,-0.058838,0.731262,up
280382,8.863281,3.523438,3.507813,-0.302734,0.025391,-0.177734,0.379089,0.564636,-0.059753,0.730652,up
280387,8.832031,3.484375,3.429688,-0.302734,0.025391,-0.177734,0.379822,0.564392,-0.059937,0.73053,up
280392,8.792969,3.484375,3.546875,-0.199219,0.042969,-0.1875,0.380554,0.564087,-0.060059,0.730347,up
280397,8.789063,3.523438,3.585938,-0.171875,0.041016,-0.189453,0.381165,0.563843,-0.06012,0.730164,up
280402,8.75,3.523438,3.660156,-0.171875,0.041016,-0.189453,0.381714,0.56366,-0.06012,0.730042,up
280407,8.710938,3.523438,3.585938,-0.171875,0.041016,-0.189453,0.382324,0.563477,-0.060059,0.729858,up
280412,8.710938,3.5625,3.546875,-0.119141,0.033203,-0.175781,0.382874,0.563293,-0.059998,0.729736,up
280417,8.753906,3.5625,3.660156,-0.119141,0.033203,-0.175781,0.383423,0.563171,-0.059998,0.729553,up
280422,8.792969,3.597656,3.660156,-0.125,0.015625,-0.167969,0.38385,0.563049,-0.059998,0.729431,up
280428,8.792969,3.636719,3.621094,-0.125,0.015625,-0.167969,0.384338,0.562866,-0.059998,0.729248,up
280433,8.832031,3.636719,3.585938,-0.15625,0.013672,-0.152344,0.384338,0.562866,-0.059998,0.729248,up
280438,8.75,3.636719,3.546875,-0.189453,0.013672,-0.144531,0.384338,0.562866,-0.059998,0.729248,up
280443,8.792969,3.597656,3.507813,-0.189453,0.013672,-0.144531,0.385986,0.562378,-0.060303,0.72876,up
280450,8.789063,3.636719,3.546875,-0.189453,0.013672,-0.144531,0.385986,0.562378,-0.060303,0.72876,up
280456,8.75,3.636719,3.699219,-0.191406,0.025391,-0.111328,0.385986,0.562378,-0.060303,0.72876,up
280462,8.753906,3.597656,3.660156,-0.169922,0.041016,-0.105469,0.385986,0.562378,-0.060303,0.72876,up
280467,8.714844,3.5625,3.621094,-0.126953,0.039063,-0.101563,0.385986,0.562378,-0.060303,0.72876,up
280472,8.710938,3.5625,3.699219,-0.126953,0.039063,-0.101563,0.388733,0.561096,-0.061157,0.72821,up
280477,8.753906,3.636719,3.777344,-0.126953,0.039063,-0.101563,0.389099,0.560974,-0.061218,0.728149,up
280483,8.753906,3.597656,3.738281,-0.126953,0.039063,-0.101563,0.389526,0.560791,-0.061279,0.728027,up
280488,8.753906,3.597656,3.738281,-0.126953,0.039063,-0.101563,0.389526,0.560791,-0.061279,0.728027,up
280493,8.710938,3.636719,3.699219,-0.119141,0.0,-0.105469,0.389526,0.560791,-0.061279,0.728027,up
280498,8.828125,3.675781,3.660156,-0.119141,0.001953,-0.111328,0.390259,0.560608,-0.061462,0.727783,up
280503,8.828125,3.675781,3.660156,-0.136719,0.0,-0.121094,0.391113,0.560364,-0.061646,0.727478,up
280509,8.75,3.675781,3.621094,-0.136719,0.0,-0.121094,0.391113,0.560364,-0.061646,0.727478,up
280514,8.714844,3.597656,3.660156,-0.136719,0.0,-0.121094,0.392029,0.560059,-0.062012,0.727173,up
280520,8.714844,3.523438,3.699219,-0.173828,0.007813,-0.103516,0.392029,0.560059,-0.062012,0.727173,up
