timestamp,ax,ay,az,gx,gy,gz,qw,qx,qy,qz,label
426132,4.019531,5.421875,7.164062,0.177734,-0.128906,-0.095703,0.898987,0.336426,-0.109558,0.258179,up
426137,4.019531,5.460937,7.089844,0.177734,-0.128906,-0.095703,0.898865,0.337036,-0.109558,0.257874,up
426142,4.019531,5.496094,7.167969,0.228516,-0.072266,-0.109375,0.898865,0.337036,-0.109558,0.257874,up
426148,3.867188,5.574219,7.050781,0.253906,-0.058594,-0.117188,0.898865,0.337036,-0.109558,0.257874,up
426154,3.789063,5.613281,7.019531,0.253906,-0.058594,-0.117188,0.898193,0.339539,-0.10907,0.256958,up
426160,3.789063,5.613281,7.046875,0.257813,-0.056641,-0.109375,0.898193,0.339539,-0.10907,0.256958,up
426166,3.828125,5.652344,7.089844,0.236328,-0.068359,-0.109375,0.897888,0.34082,-0.108765,0.256531,up
426171,3.867188,5.652344,7.128906,0.236328,-0.068359,-0.109375,0.897888,0.34082,-0.108765,0.256531,up
426177,3.867188,5.6875,7.207031,0.1875,-0.082031,-0.089844,0.897888,0.34082,-0.108765,0.256531,up
426182,3.90625,5.6875,7.167969,0.164062,-0.072266,-0.080078,0.897888,0.34082,-0.108765,0.256531,up
426187,3.941406,5.6875,7.125,0.152344,-0.070312,-0.074219,0.897888,0.34082,-0.108765,0.256531,up
426192,3.941406,5.6875,7.164062,0.152344,-0.070312,-0.074219,0.897278,0.343201,-0.108582,0.255554,up
426198,3.980469,5.652344,7.164062,0.095703,-0.048828,-0.039063,0.897278,0.343201,-0.108582,0.255554,up
426203,3.941406,5.652344,7.164062,0.095703,-0.048828,-0.039063,0.897034,0.344116,-0.108521,0.255249,up
426209,3.867188,5.574219,7.203125,0.095703,-0.048828,-0.039063,0.896973,0.344299,-0.108521,0.255127,up
426214,3.941406,5.496094,7.203125,0.097656,-0.023437,-0.056641,0.896973,0.344299,-0.108521,0.255127,up
426221,3.90625,5.496094,7.246094,0.111328,-0.021484,-0.068359,0.896973,0.344299,-0.108521,0.255127,up
426226,3.90625,5.535156,7.246094,0.148437,-0.025391,-0.082031,0.896973,0.344299,-0.108521,0.255127,up
426232,3.867188,5.535156,7.285156,0.183594,-0.019531,-0.099609,0.896973,0.344299,-0.108521,0.255127,up
426237,3.90625,5.574219,7.242187,0.25,-0.021484,-0.126953,0.896973,0.344299,-0.108521,0.255127,up
426242,3.90625,5.6875,7.246094,0.25,-0.021484,-0.126953,0.896423,0.34668,-0.107727,0.25415,up
426248,3.90625,5.726562,7.207031,0.285156,-0.009766,-0.138672,0.896118,0.348022,-0.107178,0.253723,up
426253,3.90625,5.765625,7.164062,0.324219,0.017578,-0.150391,0.895935,0.348877,-0.10675,0.253418,up
426259,3.867188,5.84375,7.167969,0.324219,0.017578,-0.150391,0.895752,0.349609,-0.106384,0.253235,up
426264,3.75,5.917969,7.089844,0.324219,0.017578,-0.150391,0.895569,0.350342,-0.105957,0.253052,up
426270,3.75,5.917969,7.128906,0.34375,0.041016,-0.128906,0.895569,0.350342,-0.105957,0.253052,up
426275,3.714844,5.957031,7.085937,0.341797,0.044922,-0.119141,0.895142,0.351868,-0.105103,0.252686,up
426280,3.714844,6.035156,7.125,0.341797,0.044922,-0.119141,0.894897,0.352661,-0.104675,0.252625,up
426286,3.675781,6.035156,7.207031,0.316406,0.037109,-0.082031,0.894897,0.352661,-0.104675,0.252625,up
426292,3.597656,6.074219,7.207031,0.294922,0.033203,-0.056641,0.894897,0.352661,-0.104675,0.252625,up
426297,3.558594,6.148437,7.164062,0.289063,0.021484,-0.041016,0.894226,0.354736,-0.103577,0.252441,up
426302,3.523438,6.109375,7.164062,0.289063,0.021484,-0.041016,0.894043,0.355408,-0.103333,0.252441,up
426307,3.484375,6.148437,7.125,0.263672,-0.007813,-0.023437,0.894043,0.355408,-0.103333,0.252441,up
426312,3.558594,6.1875,7.128906,0.263672,-0.007813,-0.023437,0.893555,0.356689,-0.102844,0.252502,up
426318,3.597656,6.1875,7.125,0.220703,-0.029297,-0.009766,0.893555,0.356689,-0.102844,0.252502,up
426323,3.636719,6.1875,7.050781,0.195312,-0.017578,-0.003906,0.893066,0.35791,-0.1026,0.252502,up
426329,3.636719,6.074219,7.089844,0.195312,-0.017578,-0.003906,0.892761,0.358765,-0.102417,0.252563,up
426334,3.675781,6.035156,7.046875,0.195312,-0.017578,-0.003906,0.892578,0.359192,-0.102295,0.252625,up
426340,3.675781,5.957031,7.089844,0.195312,-0.017578,-0.003906,0.892456,0.359558,-0.102173,0.252625,up
426346,3.636719,5.917969,7.085937,0.146484,0.019531,-0.021484,0.892456,0.359558,-0.102173,0.252625,up
426351,3.558594,5.917969,7.046875,0.142578,0.03125,-0.019531,0.892456,0.359558,-0.102173,0.252625,up
426356,3.523438,5.917969,7.046875,0.160156,0.035156,-0.041016,0.892456,0.359558,-0.102173,0.252625,up
426361,3.523438,5.957031,7.046875,0.166016,0.037109,-0.054687,0.892456,0.359558,-0.102173,0.252625,up
426366,3.523438,5.957031,7.019531,0.203125,0.03125,-0.0625,0.892456,0.359558,-0.102173,0.252625,up
426371,3.558594,5.996094,7.046875,0.203125,0.03125,-0.0625,0.892456,0.359558,-0.102173,0.252625,up
426377,3.558594,6.074219,7.050781,0.203125,0.03125,-0.0625,0.891479,0.362488,-0.100586,0.252441,up
426383,3.523438,6.074219,6.980469,0.390625,0.037109,-0.128906,0.891479,0.362488,-0.100586,0.252441,up
426388,3.523438,6.148437,6.898437,0.390625,0.037109,-0.128906,0.890747,0.364929,-0.099365,0.252014,up
426393,3.484375,6.226562,6.9375,0.390625,0.037109,-0.128906,0.890747,0.364929,-0.099365,0.252014,up
426398,3.484375,6.1875,6.902344,0.429687,0.046875,-0.160156,0.890747,0.364929,-0.099365,0.252014,up
426403,3.445313,6.1875,6.898437,0.429687,0.046875,-0.160156,0.889893,0.367798,-0.097778,0.251465,up
426408,3.523438,6.226562,6.863281,0.404297,0.070312,-0.171875,0.889893,0.367798,-0.097778,0.251465,up
426413,3.484375,6.226562,6.820312,0.404297,0.070312,-0.171875,0.889343,0.36969,-0.096619,0.251038,up
426418,3.484375,6.226562,6.902344,0.365234,0.085937,-0.185547,0.889343,0.36969,-0.096619,0.251038,up
426423,3.484375,6.265625,6.898437,0.365234,0.085937,-0.185547,0.888977,0.371277,-0.095398,0.25061,up
426428,3.484375,6.226562,6.863281,0.365234,0.085937,-0.185547,0.888794,0.37207,-0.094788,0.250366,up
426433,3.367188,6.265625,6.742187,0.365234,0.085937,-0.185547,0.888794,0.37207,-0.094788,0.250366,up
426438,3.367188,6.265625,6.703125,0.341797,0.138672,-0.210937,0.888794,0.37207,-0.094788,0.250366,up
426443,3.445313,6.300781,6.707031,0.341797,0.138672,-0.210937,0.888428,0.373596,-0.093323,0.249878,up
426448,3.445313,6.300781,6.707031,0.355469,0.136719,-0.220703,0.888062,0.375122,-0.091858,0.249329,up
426453,3.40625,6.300781,6.742187,0.355469,0.136719,-0.220703,0.888062,0.375122,-0.091858,0.249329,up
426458,3.484375,6.265625,6.703125,0.380859,0.148437,-0.234375,0.888062,0.375122,-0.091858,0.249329,up
426463,3.523438,6.265625,6.597656,0.380859,0.148437,-0.234375,0.887512,0.377563,-0.089294,0.248474,up
426468,3.558594,6.265625,6.515625,0.464844,0.234375,-0.277344,0.887512,0.377563,-0.089294,0.248474,up
426473,3.558594,6.300781,6.480469,0.464844,0.234375,-0.277344,0.887329,0.378601,-0.088135,0.248169,up
426479,3.558594,6.300781,6.480469,0.464844,0.287109,-0.302734,0.886902,0.380432,-0.085937,0.24762,up
426484,3.636719,6.300781,6.476562,0.445312,0.347656,-0.316406,0.886719,0.381409,-0.084534,0.247314,up
426490,3.675781,6.300781,6.324219,0.445312,0.347656,-0.316406,0.886597,0.382141,-0.083191,0.247009,up
426495,3.714844,6.300781,6.285156,0.445312,0.347656,-0.316406,0.886475,0.382874,-0.081604,0.246765,up
426501,3.75,6.265625,6.324219,0.416016,0.541016,-0.392578,0.886475,0.382874,-0.081604,0.246765,up
426506,3.75,6.226562,6.246094,0.404297,0.615234,-0.431641,0.886475,0.382874,-0.081604,0.246765,up
426511,3.828125,6.148437,6.28125,0.398438,0.689453,-0.445312,0.886475,0.382874,-0.081604,0.246765,up
426517,3.828125,6.148437,6.242187,0.404297,0.78125,-0.466797,0.886475,0.382874,-0.081604,0.246765,up
426522,3.828125,6.148437,6.171875,0.396484,0.888672,-0.490234,0.886475,0.382874,-0.081604,0.246765,up
426528,3.789063,6.035156,6.058594,0.388672,0.984375,-0.507812,0.886658,0.386536,-0.065002,0.245361,up
426533,3.675781,6.074219,6.054687,0.388672,0.984375,-0.507812,0.88678,0.38678,-0.061768,0.245361,up
426538,3.558594,6.074219,5.941406,0.388672,0.984375,-0.507812,0.88678,0.38678,-0.061768,0.245361,up
426543,3.328125,6.070312,5.863281,0.376953,1.394531,-0.535156,0.88678,0.38678,-0.061768,0.245361,up
426548,2.871094,6.265625,5.558594,0.376953,1.394531,-0.535156,0.887085,0.387024,-0.054504,0.245605,up
426553,2.679688,6.269531,5.519531,0.376953,1.394531,-0.535156,0.887268,0.387085,-0.050354,0.24585,up
426558,2.527344,6.265625,5.519531,0.433594,1.429688,-0.505859,0.887268,0.387085,-0.050354,0.24585,up
426563,2.449219,6.269531,5.558594,0.433594,1.429688,-0.505859,0.88739,0.387268,-0.042358,0.24646,up
426569,2.296875,6.378906,5.789062,0.433594,1.429688,-0.505859,0.887451,0.387451,-0.038269,0.246826,up
426574,2.296875,6.378906,5.789062,0.511719,1.443359,-0.492187,0.88739,0.387634,-0.034668,0.247131,up
426579,2.257813,6.492187,5.902344,0.511719,1.443359,-0.492187,0.887268,0.388,-0.03064,0.247498,up
426584,2.296875,6.761719,6.246094,0.650391,1.509766,-0.466797,0.887085,0.388489,-0.026367,0.247986,up
426589,2.296875,6.761719,6.246094,0.742187,1.5625,-0.460937,0.88678,0.389099,-0.022156,0.248474,up
426594,2.296875,6.761719,6.246094,0.742187,1.5625,-0.460937,0.885925,0.390686,-0.012817,0.249756,up
426600,2.179688,7.070312,6.285156,0.742187,1.5625,-0.460937,0.885376,0.391479,-0.007935,0.250549,up
426605,1.949219,7.222656,6.4375,0.742187,1.5625,-0.460937,0.884827,0.392212,-0.002808,0.251465,up
426610,1.835938,7.261719,6.515625,0.875,1.992188,-0.417969,0.884827,0.392212,-0.002808,0.251465,up
426615,1.722656,7.257812,6.515625,0.867187,2.0625,-0.404297,0.884827,0.392212,-0.002808,0.251465,up
426620,1.566406,7.261719,6.476562,0.847656,2.144531,-0.398438,0.884827,0.392212,-0.002808,0.251465,up
426626,1.261719,7.257812,6.324219,0.847656,2.144531,-0.398438,0.882263,0.394592,0.019348,0.255981,up
426631,1.144531,7.300781,6.285156,0.789062,2.195313,-0.357422,0.882263,0.394592,0.019348,0.255981,up
426637,0.953125,7.339844,6.324219,0.742187,2.166016,-0.314453,0.882263,0.394592,0.019348,0.255981,up
426642,0.761719,7.566406,6.476562,0.742187,2.166016,-0.314453,0.880188,0.395386,0.036194,0.260071,up
426647,0.6875,7.640625,6.59375,0.607422,2.074219,-0.220703,0.880188,0.395386,0.036194,0.260071,up
426653,0.648437,7.683594,6.628906,0.484375,1.917969,-0.154297,0.880188,0.395386,0.036194,0.260071,up
426659,0.535156,7.761719,6.785156,0.484375,1.917969,-0.154297,0.877563,0.394897,0.056091,0.266113,up
426665,0.496094,7.761719,6.785156,0.484375,1.917969,-0.154297,0.876892,0.394653,0.060364,0.267639,up
426671,0.457031,7.800781,6.824219,0.380859,1.695313,-0.0625,0.876221,0.394348,0.065063,0.269348,up
426677,0.496094,7.800781,6.824219,0.408203,1.634766,-0.064453,0.876221,0.394348,0.065063,0.269348,up
426683,0.378906,7.839844,6.746094,0.408203,1.634766,-0.064453,0.876221,0.394348,0.065063,0.269348,up
426688,0.378906,7.839844,6.746094,0.482422,1.46875,-0.076172,0.874268,0.393982,0.076233,0.273193,up
426694,0.457031,7.761719,6.9375,0.550781,1.382813,-0.091797,0.873535,0.394104,0.079712,0.274353,up
426699,0.457031,7.761719,6.9375,0.619141,1.322266,-0.115234,0.872742,0.394409,0.08313,0.27533,up
426704,0.535156,7.71875,6.859375,0.619141,1.322266,-0.115234,0.871948,0.394958,0.086548,0.276184,up
426709,0.535156,7.71875,6.859375,0.740234,1.228516,-0.177734,0.870178,0.396362,0.093323,0.277527,up
426715,0.535156,7.867187,6.707031,0.740234,1.228516,-0.177734,0.869263,0.397095,0.09668,0.278137,up
426722,0.570312,7.867187,6.667969,0.673828,1.123047,-0.224609,0.869263,0.397095,0.09668,0.278137,up
426727,0.609375,7.910156,6.667969,0.595703,1.087891,-0.230469,0.869263,0.397095,0.09668,0.278137,up
426733,0.570312,7.945312,6.515625,0.595703,1.087891,-0.230469,0.869263,0.397095,0.09668,0.278137,up
426738,0.535156,8.101563,6.476562,0.490234,1.054688,-0.240234,0.869263,0.397095,0.09668,0.278137,up
426743,0.535156,8.140625,6.515625,0.408203,1.019531,-0.232422,0.869263,0.397095,0.09668,0.278137,up
426748,0.417969,8.222656,6.515625,0.408203,1.019531,-0.232422,0.865173,0.399414,0.114441,0.280701,up
426753,0.417969,8.261719,6.515625,0.408203,1.019531,-0.232422,0.864685,0.399536,0.117065,0.281128,up
426759,0.378906,8.257813,6.476562,0.333984,1.015625,-0.210937,0.864685,0.399536,0.117065,0.281128,up
426764,0.378906,8.289063,6.554687,0.333984,1.015625,-0.210937,0.863098,0.399414,0.125305,0.282532,up
426769,0.265625,8.367188,6.4375,0.333984,1.015625,-0.210937,0.863098,0.399414,0.125305,0.282532,up
426774,0.265625,8.328125,6.4375,0.333984,1.015625,-0.210937,0.86261,0.399292,0.127869,0.28302,up
426779,0.1875,8.367188,6.515625,0.255859,1.0625,-0.199219,0.86261,0.399292,0.127869,0.28302,up
426784,0.152344,8.328125,6.554687,0.255859,1.0625,-0.199219,0.861145,0.398621,0.135986,0.284668,up
426789,0.074219,8.292969,6.515625,0.255859,1.0625,-0.199219,0.860718,0.398315,0.138489,0.285217,up
426794,0.035156,8.222656,6.554687,0.255859,1.0625,-0.199219,0.860718,0.398315,0.138489,0.285217,up
426799,-0.042969,8.183594,6.554687,0.138672,1.066406,-0.169922,0.859863,0.397278,0.143738,0.28656,up
426804,-0.117188,8.066406,6.554687,0.138672,1.066406,-0.169922,0.859558,0.396667,0.146118,0.287231,up
426809,-0.195312,8.027344,6.515625,0.138672,1.066406,-0.169922,0.859558,0.396667,0.146118,0.287231,up
426814,-0.195312,7.910156,6.59375,-0.041016,1.013672,-0.117188,0.859558,0.396667,0.146118,0.287231,up
426820,-0.234375,7.867187,6.59375,-0.041016,1.013672,-0.117188,0.858704,0.394165,0.153137,0.289612,up
426825,-0.308594,7.761719,6.628906,-0.041016,1.013672,-0.117188,0.858459,0.393311,0.155212,0.290283,up
426831,-0.347656,7.71875,6.59375,-0.058594,0.957031,-0.117188,0.858215,0.392456,0.157349,0.291016,up
426838,-0.460937,7.761719,6.59375,-0.048828,0.931641,-0.115234,0.858215,0.392456,0.157349,0.291016,up
426844,-0.5,7.722656,6.628906,-0.025391,0.917969,-0.113281,0.858215,0.392456,0.157349,0.291016,up
426849,-0.539062,7.679687,6.59375,0.0,0.865234,-0.111328,0.858215,0.392456,0.157349,0.291016,up
426855,-0.578125,7.566406,6.746094,0.0,0.865234,-0.111328,0.856812,0.388672,0.167725,0.294373,up
426861,-0.617187,7.523437,6.667969,0.0,0.865234,-0.111328,0.856506,0.388184,0.169495,0.294922,up
426866,-0.617187,7.523437,6.667969,0.050781,0.810547,-0.115234,0.85614,0.387573,0.171631,0.295532,up
426871,-0.691406,7.488281,6.667969,0.058594,0.787109,-0.117188,0.855896,0.387085,0.173279,0.295959,up
426876,-0.730469,7.488281,6.667969,0.058594,0.787109,-0.117188,0.855896,0.387085,0.173279,0.295959,up
426881,-0.730469,7.488281,6.667969,0.046875,0.771484,-0.117188,0.855286,0.386047,0.17688,0.296936,up
426887,-0.769531,7.484375,6.667969,0.046875,0.771484,-0.117188,0.855042,0.385498,0.17865,0.297363,up
426892,-0.769531,7.484375,6.667969,0.021484,0.712891,-0.152344,0.854797,0.384949,0.180298,0.297729,up
426898,-0.882812,7.484375,6.707031,0.021484,0.712891,-0.152344,0.854553,0.384399,0.182068,0.298096,up
426903,-0.960937,7.523437,6.667969,0.042969,0.699219,-0.1875,0.854553,0.384399,0.182068,0.298096,up
426908,-1.0,7.566406,6.628906,0.054687,0.691406,-0.203125,0.854553,0.384399,0.182068,0.298096,up
426913,-1.074219,7.5625,6.628906,0.054687,0.691406,-0.203125,0.853821,0.382935,0.187256,0.298767,up
426919,-1.113281,7.566406,6.667969,0.044922,0.658203,-0.255859,0.853821,0.382935,0.187256,0.298767,up
426924,-1.113281,7.605469,6.628906,0.044922,0.658203,-0.255859,0.853271,0.381409,0.192383,0.299072,up
426929,-1.113281,7.605469,6.628906,0.044922,0.658203,-0.255859,0.853088,0.38092,0.194031,0.299072,up
426934,-1.230469,7.601562,6.59375,0.044922,0.658203,-0.255859,0.853088,0.38092,0.194031,0.299072,up
426939,-1.230469,7.644531,6.628906,0.042969,0.625,-0.285156,0.853088,0.38092,0.194031,0.299072,up
426944,-1.304688,7.71875,6.59375,0.017578,0.587891,-0.294922,0.853088,0.38092,0.194031,0.299072,up
426949,-1.382813,7.722656,6.628906,0.017578,0.587891,-0.294922,0.8526,0.378784,0.200439,0.298889,up
426954,-1.34375,7.796875,6.59375,0.017578,0.587891,-0.294922,0.8526,0.378784,0.200439,0.298889,up
426959,-1.382813,7.722656,6.667969,-0.046875,0.527344,-0.300781,0.8526,0.378784,0.200439,0.298889,up
426964,-1.421875,7.71875,6.707031,-0.046875,0.527344,-0.300781,0.852539,0.376892,0.204712,0.298584,up
426969,-1.457031,7.679687,6.667969,-0.046875,0.527344,-0.300781,0.852539,0.376343,0.205933,0.298462,up
426974,-1.496094,7.679687,6.667969,-0.046875,0.527344,-0.300781,0.852539,0.376343,0.205933,0.298462,up
426979,-1.496094,7.640625,6.628906,-0.072266,0.449219,-0.296875,0.852661,0.375061,0.208374,0.298157,up
426984,-1.574219,7.683594,6.59375,-0.072266,0.449219,-0.296875,0.852661,0.375061,0.208374,0.298157,up
426989,-1.613281,7.640625,6.628906,-0.085937,0.390625,-0.292969,0.852661,0.375061,0.208374,0.298157,up
426994,-1.574219,7.644531,6.59375,-0.078125,0.333984,-0.304688,0.852661,0.375061,0.208374,0.298157,up
426999,-1.613281,7.605469,6.59375,-0.078125,0.333984,-0.304688,0.852966,0.373108,0.211548,0.297485,up
427004,-1.648438,7.601562,6.667969,-0.078125,0.333984,-0.304688,0.85321,0.37207,0.213257,0.296875,up
427009,-1.648438,7.5625,6.667969,-0.078125,0.333984,-0.304688,0.85321,0.37207,0.213257,0.296875,up
427014,-1.648438,7.527344,6.667969,-0.064453,0.251953,-0.306641,0.853455,0.371094,0.214844,0.296143,up
427019,-1.648438,7.453125,6.667969,-0.064453,0.251953,-0.306641,0.853455,0.371094,0.214844,0.296143,up
427024,-1.648438,7.453125,6.59375,-0.003906,0.181641,-0.300781,0.853638,0.370667,0.215576,0.295715,up
427029,-1.648438,7.414062,6.628906,-0.003906,0.181641,-0.300781,0.85376,0.370361,0.216248,0.295288,up
427035,-1.648438,7.375,6.59375,0.025391,0.15625,-0.287109,0.85376,0.370361,0.216248,0.295288,up
427041,-1.613281,7.339844,6.59375,0.025391,0.15625,-0.287109,0.854004,0.369751,0.218079,0.293884,up
427047,-1.648438,7.417969,6.554687,0.117188,0.103516,-0.269531,0.854065,0.369751,0.218689,0.293335,up
427052,-1.613281,7.414062,6.554687,0.15625,0.091797,-0.271484,0.854065,0.369751,0.218689,0.293335,up
427058,-1.613281,7.414062,6.515625,0.15625,0.091797,-0.271484,0.854065,0.369751,0.218689,0.293335,up
427064,-1.6875,7.453125,6.515625,0.232422,0.070312,-0.257813,0.854065,0.369751,0.218689,0.293335,up
427069,-1.648438,7.484375,6.554687,0.291016,0.0625,-0.240234,0.854065,0.369751,0.218689,0.293335,up
427075,-1.726563,7.484375,6.59375,0.291016,0.0625,-0.240234,0.853577,0.371521,0.222168,0.289856,up
427080,-1.726563,7.523437,6.628906,0.34375,0.058594,-0.21875,0.853394,0.37207,0.222778,0.289246,up
427086,-1.765625,7.527344,6.667969,0.34375,0.058594,-0.21875,0.85321,0.37262,0.223328,0.288696,up
427091,-1.765625,7.5625,6.667969,0.398438,0.078125,-0.210937,0.852905,0.373291,0.223999,0.288086,up
427096,-1.839844,7.605469,6.746094,0.398438,0.078125,-0.210937,0.852661,0.373962,0.224609,0.287537,up
427101,-1.839844,7.640625,6.746094,0.423828,0.080078,-0.189453,0.852661,0.373962,0.224609,0.287537,up
427107,-1.878906,7.722656,6.746094,0.427734,0.09375,-0.185547,0.852661,0.373962,0.224609,0.287537,up
427112,-1.917969,7.839844,6.746094,0.427734,0.09375,-0.185547,0.851685,0.37616,0.226685,0.285889,up
427119,-1.957031,7.867187,6.746094,0.455078,0.097656,-0.183594,0.851685,0.37616,0.226685,0.285889,up
427124,-2.03125,7.945312,6.785156,0.462891,0.103516,-0.185547,0.851685,0.37616,0.226685,0.285889,up
427129,-2.109375,8.144531,6.824219,0.453125,0.101563,-0.175781,0.85022,0.379395,0.229553,0.283752,up
427134,-2.1875,8.179688,6.824219,0.453125,0.101563,-0.175781,0.85022,0.379395,0.229553,0.283752,up
427139,-2.1875,8.222656,6.824219,0.412109,0.076172,-0.162109,0.85022,0.379395,0.229553,0.283752,up
427144,-2.1875,8.261719,6.824219,0.412109,0.076172,-0.162109,0.849487,0.38092,0.230896,0.282776,up
427149,-2.222656,8.179688,6.859375,0.380859,0.066406,-0.144531,0.848877,0.382263,0.231995,0.28186,up
427154,-2.1875,8.179688,6.824219,0.380859,0.066406,-0.144531,0.848877,0.382263,0.231995,0.28186,up
427159,-2.148438,8.140625,6.785156,0.294922,0.023437,-0.085937,0.848877,0.382263,0.231995,0.28186,up
427164,-2.03125,8.0625,6.824219,0.294922,0.023437,-0.085937,0.848328,0.383484,0.232849,0.281189,up
427169,-1.917969,7.867187,6.707031,0.294922,0.023437,-0.085937,0.847839,0.384644,0.233337,0.28064,up
427174,-1.878906,7.796875,6.628906,0.294922,0.023437,-0.085937,0.847839,0.384644,0.233337,0.28064,up
427179,-1.839844,7.679687,6.628906,0.273438,-0.035156,0.007813,0.84729,0.385925,0.233582,0.280334,up
427184,-1.726563,7.566406,6.59375,0.273438,-0.035156,0.007813,0.84729,0.385925,0.233582,0.280334,up
427190,-1.6875,7.527344,6.554687,0.353516,-0.078125,0.097656,0.846985,0.386597,0.233643,0.280212,up
427195,-1.613281,7.566406,6.4375,0.353516,-0.078125,0.097656,0.846252,0.388428,0.233643,0.28009,up
427200,-1.574219,7.5625,6.4375,0.353516,-0.078125,0.097656,0.845764,0.389343,0.233704,0.280029,up
427205,-1.457031,7.601562,6.324219,0.472656,-0.054687,0.158203,0.845215,0.390503,0.233765,0.28009,up
427211,-1.382813,7.605469,6.246094,0.472656,-0.054687,0.158203,0.844666,0.391602,0.233826,0.280151,up
427216,-1.382813,7.679687,6.210937,0.492187,-0.025391,0.208984,0.844666,0.391602,0.233826,0.280151,up
427221,-1.265625,7.644531,6.09375,0.492187,-0.025391,0.208984,0.843445,0.393921,0.23407,0.280457,up
427227,-1.230469,7.605469,6.054687,0.455078,0.025391,0.242187,0.842773,0.395081,0.234192,0.280701,up
427232,-1.230469,7.605469,5.980469,0.419922,0.054687,0.261719,0.842773,0.395081,0.234192,0.280701,up
427238,-1.191406,7.605469,5.980469,0.419922,0.054687,0.261719,0.841492,0.397034,0.234497,0.281433,up
427244,-1.152344,7.605469,6.019531,0.34375,0.099609,0.289063,0.841492,0.397034,0.234497,0.281433,up
427249,-1.152344,7.566406,6.019531,0.292969,0.169922,0.302734,0.841492,0.397034,0.234497,0.281433,up
427254,-1.113281,7.527344,5.941406,0.292969,0.169922,0.302734,0.839661,0.399353,0.235107,0.283142,up
427259,-1.152344,7.5625,6.054687,0.292969,0.169922,0.302734,0.83905,0.400024,0.235413,0.283813,up
427265,-1.152344,7.527344,5.980469,0.259766,0.21875,0.324219,0.83905,0.400024,0.235413,0.283813,up
427270,-1.191406,7.484375,5.980469,0.251953,0.238281,0.339844,0.83905,0.400024,0.235413,0.283813,up
427276,-1.230469,7.453125,6.019531,0.251953,0.238281,0.339844,0.836426,0.402283,0.236816,0.287109,up
427281,-1.152344,7.453125,5.980469,0.248047,0.291016,0.359375,0.835754,0.402832,0.237244,0.287964,up
427286,-1.152344,7.488281,5.980469,0.242187,0.308594,0.363281,0.835022,0.403381,0.237671,0.28894,up
427291,-1.191406,7.523437,5.980469,0.242187,0.308594,0.363281,0.83429,0.40387,0.23822,0.289978,up
427297,-1.230469,7.722656,6.054687,0.242187,0.308594,0.363281,0.833679,0.404297,0.238647,0.290833,up
427303,-1.265625,7.761719,6.054687,0.199219,0.357422,0.351563,0.833679,0.404297,0.238647,0.290833,up
427308,-1.265625,7.761719,6.054687,0.1875,0.378906,0.351563,0.832275,0.405029,0.239746,0.292847,up
427313,-1.230469,7.949219,6.054687,0.1875,0.378906,0.351563,0.832275,0.405029,0.239746,0.292847,up
427318,-1.191406,8.066406,6.09375,0.128906,0.416016,0.339844,0.830933,0.405518,0.240967,0.294983,up
427323,-1.191406,8.066406,6.09375,0.128906,0.416016,0.339844,0.830933,0.405518,0.240967,0.294983,up
427329,-1.230469,8.640625,6.09375,0.056641,0.462891,0.328125,0.830933,0.405518,0.240967,0.294983,up
427335,-1.382813,8.867188,6.171875,-0.019531,0.544922,0.271484,0.830933,0.405518,0.240967,0.294983,up
427340,-1.574219,9.058594,6.246094,-0.019531,0.544922,0.271484,0.828552,0.405396,0.243774,0.2995,up
427345,-1.726563,9.253906,6.363281,-0.148437,0.638672,0.191406,0.828552,0.405396,0.243774,0.2995,up
427350,-2.070313,9.519531,6.515625,-0.148437,0.638672,0.191406,0.827637,0.40448,0.245667,0.301758,up
427355,-2.261719,9.597656,6.59375,-0.238281,0.689453,0.148437,0.827026,0.402588,0.247925,0.304199,up
427360,-2.492188,9.476563,6.707031,-0.238281,0.689453,0.148437,0.827026,0.402588,0.247925,0.304199,up
427365,-2.609375,9.289063,6.746094,-0.238281,0.689453,0.148437,0.826843,0.401245,0.249023,0.30542,up
427370,-2.609375,9.027344,6.824219,-0.591797,0.746094,0.099609,0.826965,0.397888,0.250916,0.308044,up
427375,-2.644531,8.792969,6.859375,-0.591797,0.746094,0.099609,0.826965,0.397888,0.250916,0.308044,up
427380,-2.570313,8.140625,6.824219,-0.773437,0.689453,0.140625,0.826965,0.397888,0.250916,0.308044,up
427385,-2.492188,7.839844,6.859375,-0.773437,0.689453,0.140625,0.827576,0.391785,0.252808,0.312561,up
427390,-2.417969,7.488281,6.824219,-0.773437,0.689453,0.140625,0.827576,0.391785,0.252808,0.312561,up
427395,-2.261719,7.21875,6.824219,-0.769531,0.498047,0.261719,0.828003,0.388184,0.253174,0.315613,up
427400,-2.03125,6.800781,6.667969,-0.769531,0.498047,0.261719,0.828064,0.386841,0.253296,0.317078,up
427405,-1.917969,6.71875,6.554687,-0.287109,0.3125,0.367188,0.828064,0.386841,0.253296,0.317078,up
427410,-1.765625,6.648437,6.4375,-0.287109,0.3125,0.367188,0.827942,0.386047,0.253357,0.318359,up
427415,-1.535156,6.679687,6.246094,-0.052734,0.279297,0.384766,0.827942,0.386047,0.253357,0.318359,up
427420,-1.535156,6.679687,6.246094,-0.052734,0.279297,0.384766,0.826233,0.386475,0.254028,0.321594,up
427425,-1.382813,6.917969,6.019531,-0.052734,0.279297,0.384766,0.826233,0.386475,0.254028,0.321594,up
427430,-1.34375,7.070312,5.863281,0.607422,0.253906,0.417969,0.824036,0.389038,0.25531,0.32312,up
427435,-1.191406,7.375,5.632812,0.607422,0.253906,0.417969,0.824036,0.389038,0.25531,0.32312,up
427440,-1.191406,7.488281,5.632812,0.607422,0.253906,0.417969,0.822754,0.390686,0.256104,0.323792,up
427445,-1.152344,7.605469,5.519531,0.847656,0.322266,0.427734,0.822754,0.390686,0.256104,0.323792,up
427451,-1.152344,7.839844,5.519531,0.816406,0.351563,0.429687,0.822754,0.390686,0.256104,0.323792,up
427457,-1.230469,7.984375,5.480469,0.816406,0.351563,0.429687,0.817322,0.397095,0.259888,0.326721,up
427462,-1.265625,7.984375,5.480469,0.556641,0.408203,0.402344,0.816162,0.398254,0.260803,0.327576,up
427467,-1.34375,8.027344,5.519531,0.443359,0.398438,0.388672,0.815002,0.399231,0.261658,0.328552,up
427472,-1.304688,8.066406,5.519531,0.443359,0.398438,0.388672,0.813904,0.400024,0.262512,0.329529,up
427479,-1.421875,8.101563,5.597656,0.443359,0.398438,0.388672,0.813904,0.400024,0.262512,0.329529,up
427484,-1.457031,8.105469,5.597656,0.208984,0.34375,0.279297,0.813904,0.400024,0.262512,0.329529,up
427489,-1.535156,8.105469,5.597656,0.162109,0.306641,0.242187,0.813904,0.400024,0.262512,0.329529,up
427495,-1.496094,8.105469,5.597656,0.060547,0.210937,0.150391,0.813904,0.400024,0.262512,0.329529,up
427500,-1.535156,8.101563,5.558594,0.060547,0.210937,0.150391,0.810852,0.401428,0.265198,0.333191,up
427505,-1.574219,8.101563,5.597656,-0.009766,0.087891,0.068359,0.810852,0.401428,0.265198,0.333191,up
427511,-1.535156,8.105469,5.597656,-0.009766,0.087891,0.068359,0.810364,0.401306,0.265747,0.334167,up
427516,-1.613281,8.0625,5.558594,-0.095703,-0.033203,0.001953,0.810425,0.401184,0.265686,0.33429,up
427522,-1.535156,8.023438,5.480469,-0.095703,-0.033203,0.001953,0.810547,0.401001,0.265503,0.33429,up
427527,-1.574219,8.027344,5.441406,-0.185547,-0.138672,-0.060547,0.810547,0.401001,0.265503,0.33429,up
427533,-1.496094,7.984375,5.40625,-0.185547,-0.138672,-0.060547,0.810547,0.401001,0.265503,0.33429,up
427538,-1.535156,7.988281,5.441406,-0.222656,-0.21875,-0.097656,0.810547,0.401001,0.265503,0.33429,up
427543,-1.496094,7.949219,5.367187,-0.224609,-0.244141,-0.117188,0.810547,0.401001,0.265503,0.33429,up
427549,-1.496094,7.984375,5.289062,-0.224609,-0.244141,-0.117188,0.8125,0.399414,0.263184,0.333252,up
427555,-1.457031,7.984375,5.289062,-0.179687,-0.265625,-0.146484,0.8125,0.399414,0.263184,0.333252,up
427560,-1.535156,8.105469,5.214844,-0.140625,-0.267578,-0.152344,0.8125,0.399414,0.263184,0.333252,up
427565,-1.496094,8.101563,5.175781,-0.140625,-0.267578,-0.152344,0.813843,0.398804,0.261658,0.33197,up
427570,-1.535156,8.144531,5.175781,-0.035156,-0.263672,-0.179687,0.813843,0.398804,0.261658,0.33197,up
427575,-1.535156,8.222656,5.136719,0.015625,-0.25,-0.175781,0.814758,0.398987,0.26062,0.330261,up
427580,-1.535156,8.183594,5.023437,0.015625,-0.25,-0.175781,0.814758,0.398987,0.26062,0.330261,up
427585,-1.496094,8.183594,5.023437,0.111328,-0.251953,-0.160156,0.815002,0.399231,0.260376,0.32959,up
427590,-1.496094,8.261719,4.945312,0.111328,-0.251953,-0.160156,0.815186,0.399536,0.260132,0.328979,up
427596,-1.421875,8.261719,4.90625,0.123047,-0.261719,-0.150391,0.815186,0.399536,0.260132,0.328979,up
427601,-1.382813,8.21875,4.867187,0.150391,-0.267578,-0.117188,0.815491,0.400269,0.259583,0.327698,up
427606,-1.382813,8.222656,4.753906,0.150391,-0.267578,-0.117188,0.815674,0.401123,0.259033,0.326599,up
427611,-1.304688,8.21875,4.753906,0.183594,-0.285156,-0.089844,0.815674,0.401123,0.259033,0.326599,up
427616,-1.265625,8.261719,4.640625,0.183594,-0.285156,-0.089844,0.815796,0.402222,0.258362,0.325439,up
427621,-1.230469,8.292969,4.601562,0.183594,-0.285156,-0.089844,0.815796,0.402832,0.257996,0.324951,up
427626,-1.191406,8.292969,4.5625,0.244141,-0.287109,-0.029297,0.815796,0.402832,0.257996,0.324951,up
427631,-1.113281,8.332031,4.484375,0.265625,-0.285156,-0.009766,0.815796,0.403564,0.257629,0.324463,up
427637,-1.113281,8.328125,4.410156,0.265625,-0.285156,-0.009766,0.815613,0.405029,0.256958,0.323547,up
427642,-1.074219,8.371094,4.410156,0.287109,-0.263672,0.007813,0.815491,0.405823,0.256653,0.323181,up
427647,-1.074219,8.332031,4.371094,0.287109,-0.259766,0.019531,0.815308,0.406616,0.256348,0.322754,up
427652,-1.074219,8.332031,4.332031,0.287109,-0.259766,0.019531,0.815125,0.407471,0.256042,0.322388,up
427657,-1.074219,8.371094,4.371094,0.287109,-0.259766,0.019531,0.815125,0.407471,0.256042,0.322388,up
427662,-1.074219,8.371094,4.371094,0.255859,-0.222656,0.027344,0.815125,0.407471,0.256042,0.322388,up
427667,-1.0,8.328125,4.332031,0.255859,-0.222656,0.027344,0.815125,0.407471,0.256042,0.322388,up
427673,-1.074219,8.332031,4.371094,0.255859,-0.222656,0.027344,0.815125,0.407471,0.256042,0.322388,up
427680,-1.035156,8.328125,4.371094,0.255859,-0.222656,0.027344,0.814392,0.410828,0.254761,0.320984,up
427685,-1.113281,8.328125,4.410156,0.216797,-0.181641,0.039063,0.814392,0.410828,0.254761,0.320984,up
427690,-1.035156,8.328125,4.410156,0.216797,-0.181641,0.039063,0.814087,0.412048,0.254333,0.320557,up
427695,-1.0,8.328125,4.445312,0.216797,-0.181641,0.039063,0.813965,0.412598,0.25415,0.320374,up
427701,-1.035156,8.367188,4.445312,0.259766,-0.177734,0.025391,0.813965,0.412598,0.25415,0.320374,up
427706,-1.0,8.40625,4.410156,0.259766,-0.177734,0.025391,0.813416,0.414612,0.253601,0.31958,up
427711,-1.0,8.484375,4.371094,0.259766,-0.177734,0.025391,0.813232,0.415344,0.253479,0.319275,up
427716,-0.921875,8.601563,4.410156,0.259766,-0.177734,0.025391,0.813232,0.415344,0.253479,0.319275,up
427721,-0.921875,8.644531,4.410156,0.333984,-0.185547,-0.007813,0.813232,0.415344,0.253479,0.319275,up
427726,-0.921875,8.714844,4.410156,0.333984,-0.185547,-0.007813,0.8125,0.417786,0.253235,0.318115,up
427732,-0.921875,8.945313,4.371094,0.333984,-0.185547,-0.007813,0.812317,0.418579,0.253113,0.317688,up
427737,-0.921875,9.027344,4.332031,0.310547,-0.183594,-0.039063,0.812317,0.418579,0.253113,0.317688,up
427743,-0.921875,9.171875,4.332031,0.294922,-0.183594,-0.056641,0.812317,0.418579,0.253113,0.317688,up
427748,-0.960937,9.210938,4.332031,0.273438,-0.175781,-0.074219,0.811768,0.420715,0.25293,0.316284,up
427754,-0.960937,9.328125,4.332031,0.230469,-0.166016,-0.091797,0.811768,0.420715,0.25293,0.316284,up
427760,-0.960937,9.40625,4.332031,0.197266,-0.154297,-0.113281,0.811768,0.420715,0.25293,0.316284,up
427765,-1.0,9.476563,4.371094,0.197266,-0.154297,-0.113281,0.811584,0.42218,0.252808,0.31488,up
427770,-1.0,9.476563,4.445312,0.125,-0.142578,-0.126953,0.811584,0.42218,0.252808,0.31488,up
427776,-1.035156,9.519531,4.410156,0.083984,-0.130859,-0.140625,0.811829,0.422852,0.252686,0.313538,up
427781,-1.035156,9.515625,4.484375,0.083984,-0.130859,-0.140625,0.811951,0.422913,0.252625,0.31311,up
427786,-1.035156,9.554688,4.523437,-0.009766,-0.136719,-0.154297,0.812134,0.422974,0.252502,0.312683,up
427791,-1.113281,9.558594,4.5625,-0.009766,-0.136719,-0.154297,0.812134,0.422974,0.252502,0.312683,up
427796,-1.152344,9.554688,4.640625,-0.035156,-0.136719,-0.144531,0.812134,0.422974,0.252502,0.312683,up
427801,-1.152344,9.558594,4.714844,-0.058594,-0.15625,-0.152344,0.812561,0.422852,0.252258,0.31189,up
427806,-1.191406,9.597656,4.714844,-0.058594,-0.15625,-0.152344,0.812866,0.422729,0.252075,0.311462,up
427811,-1.191406,9.515625,4.753906,-0.076172,-0.169922,-0.154297,0.81311,0.422607,0.251892,0.311157,up
427817,-1.230469,9.519531,4.867187,-0.076172,-0.169922,-0.154297,0.81366,0.422363,0.251404,0.310303,up
427822,-1.230469,9.449219,4.90625,-0.058594,-0.183594,-0.132812,0.813965,0.422302,0.25116,0.309875,up
427828,-1.191406,9.449219,4.90625,-0.058594,-0.183594,-0.132812,0.814209,0.422241,0.250916,0.309509,up
427833,-1.191406,9.371094,4.945312,-0.035156,-0.208984,-0.107422,0.814453,0.422241,0.25061,0.309143,up
427838,-1.191406,9.292969,4.945312,-0.035156,-0.208984,-0.107422,0.814697,0.422241,0.250244,0.308777,up
427844,-1.152344,9.253906,4.90625,0.011719,-0.222656,-0.064453,0.814697,0.422241,0.250244,0.308777,up
427849,-1.113281,9.136719,4.984375,0.039063,-0.238281,-0.03125,0.814697,0.422241,0.250244,0.308777,up
427855,-1.0,8.945313,4.90625,0.039063,-0.238281,-0.03125,0.814697,0.422241,0.250244,0.308777,up
427860,-0.921875,8.867188,4.90625,0.105469,-0.257813,0.019531,0.814697,0.422241,0.250244,0.308777,up
427866,-0.882812,8.792969,4.90625,0.201172,-0.265625,0.064453,0.814697,0.422241,0.250244,0.308777,up
427871,-0.730469,8.640625,4.867187,0.201172,-0.265625,0.064453,0.814941,0.424988,0.247314,0.306824,up
427876,-0.691406,8.601563,4.832031,0.201172,-0.265625,0.064453,0.814941,0.424988,0.247314,0.306824,up
427881,-0.617187,8.605469,4.753906,0.371094,-0.232422,0.109375,0.814941,0.424988,0.247314,0.306824,up
427886,-0.539062,8.640625,4.832031,0.371094,-0.232422,0.109375,0.813965,0.427795,0.246399,0.306152,up
427891,-0.539062,8.675781,4.753906,0.371094,-0.232422,0.109375,0.813538,0.428955,0.246216,0.305969,up
427896,-0.425781,8.75,4.714844,0.371094,-0.232422,0.109375,0.813538,0.428955,0.246216,0.305969,up
427901,-0.425781,8.792969,4.675781,0.513672,-0.154297,0.132812,0.813538,0.428955,0.246216,0.305969,up
427906,-0.425781,8.90625,4.714844,0.513672,-0.154297,0.132812,0.812439,0.431396,0.245972,0.305542,up
427911,-0.425781,8.90625,4.714844,0.515625,-0.134766,0.123047,0.812439,0.431396,0.245972,0.305542,up
427917,-0.425781,8.988281,4.675781,0.515625,-0.134766,0.123047,0.811829,0.432617,0.245972,0.30542,up
427923,-0.460937,9.058594,4.714844,0.486328,-0.109375,0.111328,0.810181,0.436035,0.246033,0.304871,up
427928,-0.460937,9.058594,4.714844,0.486328,-0.109375,0.111328,0.810181,0.436035,0.246033,0.304871,up
427934,-0.578125,9.289063,4.792969,0.384766,-0.107422,0.101563,0.809326,0.437866,0.245972,0.304626,up
427939,-0.617187,9.328125,4.832031,0.267578,-0.136719,0.080078,0.809326,0.437866,0.245972,0.304626,up
427944,-0.691406,9.367188,4.90625,0.267578,-0.136719,0.080078,0.809326,0.437866,0.245972,0.304626,up
427951,-0.652344,9.332031,4.867187,0.152344,-0.189453,0.060547,0.809326,0.437866,0.245972,0.304626,up
427956,-0.730469,9.292969,4.945312,0.095703,-0.216797,0.048828,0.808533,0.440613,0.244568,0.303894,up
427961,-0.730469,9.171875,4.945312,0.095703,-0.216797,0.048828,0.808533,0.440613,0.244568,0.303894,up
427966,-0.691406,9.136719,4.945312,0.095703,-0.216797,0.048828,0.808594,0.440857,0.24408,0.303711,up
427972,-0.691406,9.09375,4.984375,-0.035156,-0.322266,0.019531,0.808594,0.440857,0.24408,0.303711,up
427977,-0.652344,8.988281,5.023437,-0.035156,-0.322266,0.019531,0.809143,0.441467,0.242065,0.302917,up
427982,-0.617187,8.988281,4.984375,-0.035156,-0.322266,0.019531,0.809387,0.441589,0.241455,0.302673,up
427987,-0.578125,8.945313,5.023437,-0.021484,-0.333984,0.001953,0.809387,0.441589,0.241455,0.302673,up
427992,-0.652344,8.945313,5.023437,-0.021484,-0.333984,0.001953,0.809753,0.442017,0.240112,0.302063,up
427998,-0.617187,8.910156,4.984375,-0.021484,-0.333984,0.001953,0.809937,0.442261,0.239502,0.301758,up
428003,-0.617187,8.90625,4.945312,0.029297,-0.308594,-0.023437,0.81012,0.442505,0.238892,0.301392,up
428008,-0.617187,8.945313,4.90625,0.048828,-0.296875,-0.019531,0.810242,0.44281,0.238342,0.301025,up
428013,-0.617187,8.910156,4.90625,0.048828,-0.296875,-0.019531,0.810364,0.443176,0.237793,0.300598,up
428018,-0.730469,8.949219,4.984375,0.048828,-0.296875,-0.019531,0.810364,0.443176,0.237793,0.300598,up
428023,-0.730469,8.949219,4.984375,0.068359,-0.287109,-0.021484,0.810364,0.443176,0.237793,0.300598,up
428028,-0.769531,9.027344,5.023437,0.068359,-0.287109,-0.021484,0.810364,0.443176,0.237793,0.300598,up
428033,-0.808594,8.988281,4.984375,0.068359,-0.287109,-0.021484,0.810791,0.444397,0.235779,0.299194,up
428038,-0.84375,8.988281,5.058594,0.068359,-0.287109,-0.021484,0.810974,0.444641,0.235168,0.298889,up
428043,-0.921875,8.945313,5.097656,0.0,-0.371094,0.009766,0.810974,0.444641,0.235168,0.298889,up
428048,-0.921875,8.949219,5.058594,-0.007813,-0.404297,0.003906,0.810974,0.444641,0.235168,0.298889,up
428054,-0.960937,8.988281,5.175781,-0.007813,-0.404297,0.003906,0.811584,0.445496,0.232849,0.297729,up
428060,-0.960937,8.949219,5.097656,-0.015625,-0.480469,0.007813,0.811584,0.445496,0.232849,0.297729,up
428065,-0.960937,8.871094,5.175781,-0.019531,-0.525391,0.005859,0.811584,0.445496,0.232849,0.297729,up
428070,-0.921875,8.828125,5.058594,-0.019531,-0.560547,0.001953,0.811584,0.445496,0.232849,0.297729,up
428076,-0.921875,8.828125,5.023437,-0.011719,-0.619141,-0.021484,0.811584,0.445496,0.232849,0.297729,up
428081,-0.882812,8.792969,5.023437,-0.011719,-0.619141,-0.021484,0.81311,0.447327,0.227417,0.294983,up
428086,-0.84375,8.832031,5.023437,-0.001953,-0.666016,-0.044922,0.81311,0.447327,0.227417,0.294983,up
428091,-0.769531,8.867188,4.945312,-0.001953,-0.666016,-0.044922,0.813904,0.448181,0.224854,0.293518,up
428097,-0.691406,8.867188,4.867187,-0.025391,-0.685547,-0.046875,0.813904,0.448181,0.224854,0.293518,up
428102,-0.539062,8.871094,4.90625,-0.025391,-0.685547,-0.046875,0.815186,0.449463,0.220825,0.291016,up
428107,-0.5,8.867188,4.832031,-0.025391,-0.685547,-0.046875,0.815613,0.449829,0.219543,0.290222,up
428112,-0.460937,8.828125,4.792969,-0.064453,-0.642578,-0.056641,0.815613,0.449829,0.219543,0.290222,up
428117,-0.386719,8.832031,4.753906,-0.064453,-0.642578,-0.056641,0.816528,0.4505,0.216858,0.288635,up
428122,-0.308594,8.871094,4.675781,-0.064453,-0.642578,-0.056641,0.816528,0.4505,0.216858,0.288635,up
428127,-0.347656,8.988281,4.753906,-0.064453,-0.642578,-0.056641,0.817322,0.450989,0.2146,0.287292,up
428132,-0.386719,9.054688,4.832031,-0.064453,-0.642578,-0.056641,0.817322,0.450989,0.2146,0.287292,up
428137,-0.386719,9.058594,4.867187,-0.083984,-0.539062,-0.029297,0.817322,0.450989,0.2146,0.287292,up
428142,-0.5,9.09375,4.832031,-0.083984,-0.539062,-0.029297,0.818481,0.451599,0.211182,0.285522,up
428147,-0.5,9.136719,4.90625,-0.083984,-0.539062,-0.029297,0.818481,0.451599,0.211182,0.285522,up
428152,-0.539062,9.136719,4.90625,-0.103516,-0.564453,0.001953,0.818481,0.451599,0.211182,0.285522,up
428158,-0.617187,9.171875,5.023437,-0.103516,-0.564453,0.001953,0.819702,0.452209,0.207458,0.283752,up
428163,-0.691406,9.371094,5.097656,-0.103516,-0.564453,0.001953,0.820129,0.452393,0.206299,0.283264,up
428168,-0.691406,9.371094,5.097656,-0.099609,-0.689453,-0.005859,0.820557,0.452637,0.204773,0.282532,up
428175,-0.691406,9.519531,5.175781,-0.099609,-0.689453,-0.005859,0.820557,0.452637,0.204773,0.282532,up
428181,-0.691406,9.753906,5.214844,-0.099609,-0.689453,-0.005859,0.821472,0.453308,0.201721,0.281067,up
428186,-0.652344,9.789063,5.214844,-0.082031,-0.820312,-0.003906,0.821472,0.453308,0.201721,0.281067,up
428192,-0.617187,9.828125,5.214844,-0.128906,-0.888672,0.001953,0.821472,0.453308,0.201721,0.281067,up
428197,-0.617187,9.859375,5.175781,-0.128906,-0.888672,0.001953,0.823547,0.454834,0.194519,0.277527,up
428202,-0.539062,9.859375,5.175781,-0.128906,-0.888672,0.001953,0.823547,0.454834,0.194519,0.277527,up
428207,-0.460937,9.863281,5.214844,-0.222656,-0.916016,0.029297,0.823547,0.454834,0.194519,0.277527,up
428212,-0.386719,9.828125,5.175781,-0.222656,-0.916016,0.029297,0.824829,0.455322,0.190491,0.275757,up
428218,-0.269531,9.789063,5.214844,-0.222656,-0.916016,0.029297,0.826172,0.455505,0.186279,0.274231,up
428223,-0.269531,9.75,5.214844,-0.359375,-0.863281,0.080078,0.826904,0.455444,0.184204,0.273621,up
428228,-0.308594,9.671875,5.175781,-0.386719,-0.84375,0.09375,0.827637,0.455322,0.182129,0.27301,up
428235,-0.15625,9.515625,5.25,-0.386719,-0.84375,0.09375,0.828369,0.455078,0.179993,0.272522,up
428240,-0.15625,9.480469,5.25,-0.398438,-0.771484,0.123047,0.828369,0.455078,0.179993,0.272522,up
428245,-0.078125,9.410156,5.328125,-0.396484,-0.726562,0.136719,0.828369,0.455078,0.179993,0.272522,up
428250,-0.15625,9.292969,5.289062,-0.367188,-0.691406,0.154297,0.828369,0.455078,0.179993,0.272522,up
428255,-0.078125,9.136719,5.367187,-0.367188,-0.691406,0.154297,0.828369,0.455078,0.179993,0.272522,up
428261,-0.078125,9.097656,5.40625,-0.367188,-0.691406,0.154297,0.831543,0.453918,0.170593,0.270935,up
428267,-0.042969,9.023438,5.40625,-0.291016,-0.623047,0.175781,0.831543,0.453918,0.170593,0.270935,up
428272,-0.042969,9.023438,5.40625,-0.259766,-0.603516,0.181641,0.832397,0.453735,0.167236,0.27063,up
428277,-0.117188,8.945313,5.40625,-0.259766,-0.603516,0.181641,0.832825,0.453674,0.165649,0.270447,up
428282,-0.117188,8.945313,5.40625,-0.179687,-0.585937,0.195312,0.833435,0.453918,0.162537,0.270081,up
428287,-0.117188,8.984375,5.480469,-0.179687,-0.585937,0.195312,0.833435,0.453918,0.162537,0.270081,up
428292,-0.078125,8.910156,5.519531,-0.105469,-0.585937,0.208984,0.833679,0.454102,0.161011,0.269958,up
428297,-0.003906,8.828125,5.558594,-0.089844,-0.59375,0.216797,0.834045,0.454773,0.157776,0.269653,up
428302,0.074219,8.710938,5.519531,-0.089844,-0.59375,0.216797,0.834045,0.454773,0.157776,0.269653,up
428307,0.113281,8.640625,5.597656,-0.089844,-0.59375,0.216797,0.834167,0.455078,0.15625,0.269531,up
428312,0.113281,8.566406,5.597656,-0.082031,-0.59375,0.234375,0.834167,0.455078,0.15625,0.269531,up
428317,0.152344,8.566406,5.597656,-0.082031,-0.59375,0.234375,0.834412,0.455688,0.153381,0.269348,up
428322,0.152344,8.484375,5.597656,-0.082031,-0.59375,0.234375,0.834717,0.456299,0.150269,0.269165,up
428327,0.152344,8.449219,5.597656,-0.105469,-0.576172,0.228516,0.834717,0.456299,0.150269,0.269165,up
428332,0.1875,8.367188,5.597656,-0.105469,-0.576172,0.228516,0.8349,0.456543,0.148804,0.269043,up
428337,0.226562,8.332031,5.519531,-0.107422,-0.576172,0.222656,0.8349,0.456543,0.148804,0.269043,up
428342,0.226562,8.332031,5.519531,-0.107422,-0.576172,0.222656,0.835388,0.457336,0.144287,0.268677,up
428347,0.265625,8.261719,5.519531,-0.107422,-0.576172,0.222656,0.835388,0.457336,0.144287,0.268677,up
428352,0.265625,8.257813,5.441406,-0.044922,-0.558594,0.207031,0.835388,0.457336,0.144287,0.268677,up
428358,0.304688,8.261719,5.367187,-0.044922,-0.558594,0.207031,0.835693,0.458374,0.139954,0.26825,up
428363,0.304688,8.261719,5.40625,-0.03125,-0.544922,0.203125,0.835754,0.45874,0.138428,0.268066,up
428369,0.304688,8.289063,5.289062,-0.03125,-0.544922,0.203125,0.835815,0.459045,0.137268,0.268005,up
428374,0.34375,8.257813,5.328125,-0.037109,-0.535156,0.210937,0.835815,0.459045,0.137268,0.268005,up
428379,0.378906,8.21875,5.328125,-0.037109,-0.535156,0.210937,0.835937,0.459778,0.134521,0.267761,up
428385,0.378906,8.183594,5.289062,-0.056641,-0.503906,0.199219,0.835937,0.459778,0.134521,0.267761,up
428390,0.378906,8.144531,5.289062,-0.076172,-0.496094,0.203125,0.836121,0.460327,0.131897,0.267517,up
428395,0.378906,8.105469,5.214844,-0.099609,-0.486328,0.199219,0.836121,0.460327,0.131897,0.267517,up
428401,0.378906,8.0625,5.25,-0.126953,-0.470703,0.195312,0.836121,0.460327,0.131897,0.267517,up
428407,0.457031,7.988281,5.214844,-0.167969,-0.462891,0.193359,0.836121,0.460327,0.131897,0.267517,up
428413,0.417969,8.027344,5.25,-0.167969,-0.462891,0.193359,0.836914,0.460815,0.125488,0.267334,up
428418,0.457031,7.984375,5.289062,-0.1875,-0.457031,0.193359,0.837158,0.460815,0.124023,0.267273,up
428423,0.457031,7.949219,5.328125,-0.189453,-0.453125,0.185547,0.837158,0.460815,0.124023,0.267273,up
428428,0.417969,7.949219,5.328125,-0.189453,-0.453125,0.185547,0.837585,0.460754,0.121521,0.267212,up
428433,0.417969,7.835937,5.214844,-0.189453,-0.453125,0.185547,0.837769,0.460693,0.120361,0.267212,up
428438,0.457031,7.796875,5.289062,-0.189453,-0.453125,0.185547,0.838013,0.460632,0.119141,0.267212,up
428443,0.496094,7.796875,5.289062,-0.193359,-0.443359,0.183594,0.838196,0.460571,0.117737,0.267212,up
428448,0.535156,7.640625,5.328125,-0.193359,-0.443359,0.183594,0.83844,0.46051,0.116638,0.267151,up
428453,0.535156,7.679687,5.289062,-0.193359,-0.443359,0.183594,0.838623,0.460449,0.115356,0.267151,up
428458,0.570312,7.640625,5.328125,-0.179687,-0.439453,0.15625,0.838867,0.460388,0.114014,0.267029,up
428463,0.570312,7.605469,5.328125,-0.179687,-0.439453,0.15625,0.839111,0.460388,0.112854,0.266968,up
428468,0.570312,7.679687,5.328125,-0.179687,-0.439453,0.15625,0.839294,0.460388,0.111816,0.266846,up
428473,0.570312,7.679687,5.328125,-0.119141,-0.419922,0.107422,0.839478,0.460388,0.110657,0.266602,up
428478,0.570312,7.761719,5.25,-0.111328,-0.414062,0.087891,0.839478,0.460388,0.110657,0.266602,up
428483,0.535156,7.871094,5.214844,-0.111328,-0.414062,0.087891,0.839783,0.460571,0.108582,0.266174,up
428488,0.570312,7.910156,5.214844,-0.111328,-0.414062,0.087891,0.839966,0.460632,0.107666,0.265991,up
428493,0.570312,7.910156,5.214844,-0.103516,-0.404297,0.060547,0.840088,0.460693,0.106628,0.265686,up
428499,0.570312,7.984375,5.175781,-0.119141,-0.394531,0.056641,0.840332,0.460754,0.105591,0.265381,up
428504,0.570312,8.027344,5.175781,-0.119141,-0.394531,0.056641,0.840454,0.460754,0.104797,0.265198,up
428509,0.570312,8.027344,5.175781,-0.166016,-0.369141,0.060547,0.840698,0.460693,0.103699,0.264954,up
428515,0.570312,8.023438,5.136719,-0.166016,-0.369141,0.060547,0.840942,0.460571,0.102905,0.264771,up
428521,0.570312,7.988281,5.214844,-0.216797,-0.333984,0.060547,0.840942,0.460571,0.102905,0.264771,up
428526,0.535156,8.023438,5.214844,-0.259766,-0.3125,0.052734,0.840942,0.460571,0.102905,0.264771,up
428531,0.535156,7.949219,5.175781,-0.300781,-0.296875,0.039063,0.840942,0.460571,0.102905,0.264771,up
428536,0.496094,7.984375,5.175781,-0.318359,-0.289063,0.042969,0.840942,0.460571,0.102905,0.264771,up
428541,0.496094,8.027344,5.328125,-0.318359,-0.289063,0.042969,0.840942,0.460571,0.102905,0.264771,up
428546,0.535156,8.027344,5.328125,-0.318359,-0.289063,0.042969,0.843079,0.458313,0.097717,0.263855,up
428552,0.496094,8.0625,5.367187,-0.300781,-0.240234,0.007813,0.843079,0.458313,0.097717,0.263855,up
428557,0.570312,8.027344,5.367187,-0.300781,-0.240234,0.007813,0.843811,0.457397,0.096252,0.263611,up
428562,0.535156,7.984375,5.367187,-0.300781,-0.240234,0.007813,0.844177,0.45697,0.095581,0.263489,up
428567,0.496094,8.027344,5.367187,-0.263672,-0.226562,0.003906,0.844177,0.45697,0.095581,0.263489,up
428572,0.535156,8.027344,5.367187,-0.212891,-0.21875,0.001953,0.844177,0.45697,0.095581,0.263489,up
428577,0.570312,8.0625,5.40625,-0.212891,-0.21875,0.001953,0.845154,0.455811,0.093689,0.263,up
428582,0.570312,8.027344,5.367187,-0.212891,-0.21875,0.001953,0.845398,0.455505,0.093079,0.262878,up
428588,0.609375,8.023438,5.367187,-0.193359,-0.197266,0.021484,0.845398,0.455505,0.093079,0.262878,up
428593,0.648437,8.023438,5.328125,-0.193359,-0.197266,0.021484,0.84613,0.454712,0.091431,0.262512,up
428598,0.6875,8.027344,5.328125,-0.154297,-0.167969,0.03125,0.846313,0.454468,0.090881,0.262512,up
428603,0.648437,8.066406,5.328125,-0.126953,-0.164062,0.041016,0.846313,0.454468,0.090881,0.262512,up
428608,0.6875,8.0625,5.289062,-0.126953,-0.164062,0.041016,0.846619,0.454163,0.090027,0.262451,up
428614,0.648437,8.140625,5.25,-0.126953,-0.164062,0.041016,0.846741,0.454041,0.089661,0.262451,up
428619,0.609375,8.183594,5.214844,-0.083984,-0.117188,0.064453,0.846741,0.454041,0.089661,0.262451,up
428625,0.648437,8.21875,5.214844,-0.064453,-0.107422,0.070312,0.846863,0.453918,0.088928,0.262573,up
428631,0.648437,8.222656,5.25,-0.046875,-0.091797,0.082031,0.846863,0.453918,0.088928,0.262573,up
428637,0.6875,8.21875,5.289062,-0.046875,-0.091797,0.082031,0.846863,0.453918,0.088928,0.262573,up
428642,0.6875,8.183594,5.289062,-0.042969,-0.044922,0.128906,0.846863,0.453918,0.088928,0.262573,up
428647,0.6875,8.183594,5.289062,-0.042969,-0.044922,0.128906,0.846802,0.453857,0.087769,0.263245,up
428653,0.726562,8.144531,5.328125,-0.042969,-0.044922,0.128906,0.84668,0.453796,0.08728,0.263855,up
428658,0.726562,8.144531,5.40625,-0.03125,-0.021484,0.173828,0.84668,0.453796,0.08728,0.263855,up
428663,0.761719,8.101563,5.519531,-0.021484,-0.017578,0.181641,0.846619,0.453735,0.086975,0.264282,up
428668,0.761719,8.183594,5.558594,-0.021484,-0.017578,0.181641,0.846375,0.453796,0.086548,0.265015,up
428673,0.761719,8.183594,5.558594,-0.021484,-0.017578,0.181641,0.846191,0.453857,0.086304,0.265503,up
428678,0.761719,8.144531,5.558594,-0.021484,-0.017578,0.181641,0.846191,0.453857,0.086304,0.265503,up
428683,0.878906,8.105469,5.671875,0.074219,-0.003906,0.203125,0.846191,0.453857,0.086304,0.265503,up
428688,0.878906,8.0625,5.632812,0.074219,-0.003906,0.203125,0.845764,0.454285,0.085999,0.266357,up
428693,0.917969,8.066406,5.597656,0.160156,-0.013672,0.195312,0.845093,0.455017,0.085754,0.267151,up
428698,0.953125,8.066406,5.632812,0.160156,-0.013672,0.195312,0.845093,0.455017,0.085754,0.267151,up
428703,1.070313,7.988281,5.671875,0.25,-0.037109,0.193359,0.845093,0.455017,0.085754,0.267151,up
428708,1.109375,8.023438,5.632812,0.326172,-0.046875,0.183594,0.844299,0.456238,0.08551,0.267883,up
428713,1.183594,8.066406,5.632812,0.326172,-0.046875,0.183594,0.843262,0.457764,0.085388,0.268433,up
428718,1.261719,8.105469,5.597656,0.382813,-0.0625,0.169922,0.843262,0.457764,0.085388,0.268433,up
428723,1.261719,8.105469,5.597656,0.382813,-0.0625,0.169922,0.842163,0.459534,0.085266,0.268982,up
428728,1.339844,8.144531,5.558594,0.382813,-0.0625,0.169922,0.842163,0.459534,0.085266,0.268982,up
428733,1.339844,8.144531,5.519531,0.433594,-0.035156,0.125,0.842163,0.459534,0.085266,0.268982,up
428739,1.261719,8.371094,5.558594,0.433594,-0.035156,0.125,0.840393,0.462402,0.085449,0.269531,up
428744,1.261719,8.445313,5.558594,0.427734,-0.015625,0.080078,0.839722,0.463501,0.085632,0.269653,up
428750,1.183594,8.605469,5.519531,0.427734,-0.015625,0.080078,0.839233,0.464233,0.085815,0.269775,up
428755,1.144531,8.644531,5.597656,0.427734,-0.015625,0.080078,0.838684,0.465271,0.08606,0.269775,up
428761,0.953125,8.828125,5.519531,0.427734,-0.015625,0.080078,0.838684,0.465271,0.08606,0.269775,up
428766,0.953125,8.910156,5.597656,0.3125,-0.021484,0.009766,0.838684,0.465271,0.08606,0.269775,up
428771,0.917969,8.90625,5.597656,0.253906,-0.027344,0.003906,0.838684,0.465271,0.08606,0.269775,up
428777,0.878906,8.945313,5.632812,0.253906,-0.027344,0.003906,0.838684,0.465271,0.08606,0.269775,up
428783,0.839844,8.871094,5.710937,0.041016,-0.076172,-0.029297,0.838684,0.465271,0.08606,0.269775,up
428788,0.839844,8.871094,5.632812,0.041016,-0.076172,-0.029297,0.836975,0.468384,0.086487,0.269348,up
428793,0.839844,8.789063,5.671875,-0.054687,-0.09375,-0.035156,0.836975,0.468384,0.086487,0.269348,up
428798,0.839844,8.640625,5.671875,-0.054687,-0.09375,-0.035156,0.837097,0.468384,0.086365,0.269226,up
428803,0.878906,8.527344,5.632812,-0.125,-0.126953,-0.029297,0.837097,0.468384,0.086365,0.269226,up
428808,0.917969,8.410156,5.632812,-0.125,-0.126953,-0.029297,0.837341,0.468079,0.085876,0.268921,up
428813,0.917969,8.257813,5.632812,-0.125,-0.126953,-0.029297,0.837708,0.467773,0.085266,0.268616,up
428818,0.953125,8.21875,5.597656,-0.125,-0.126953,-0.029297,0.837708,0.467773,0.085266,0.268616,up
428823,0.992187,8.101563,5.597656,-0.052734,-0.144531,-0.023437,0.837708,0.467773,0.085266,0.268616,up
428828,1.070313,8.027344,5.558594,-0.052734,-0.144531,-0.023437,0.838074,0.46759,0.084351,0.268127,up
428833,1.109375,7.988281,5.558594,-0.052734,-0.144531,-0.023437,0.838074,0.467712,0.084167,0.267944,up
428838,1.183594,7.949219,5.441406,-0.052734,-0.144531,-0.023437,0.838074,0.467712,0.084167,0.267944,up
428843,1.183594,7.910156,5.40625,0.082031,-0.119141,-0.001953,0.837891,0.468262,0.083801,0.2677,up
428848,1.261719,7.90625,5.40625,0.082031,-0.119141,-0.001953,0.837891,0.468262,0.083801,0.2677,up
428854,1.300781,7.988281,5.328125,0.171875,-0.083984,0.015625,0.837891,0.468262,0.083801,0.2677,up
428859,1.339844,7.984375,5.328125,0.230469,-0.052734,0.029297,0.837891,0.468262,0.083801,0.2677,up
428864,1.339844,8.0625,5.289062,0.230469,-0.052734,0.029297,0.836853,0.470154,0.08374,0.267517,up
428870,1.339844,8.101563,5.289062,0.230469,-0.052734,0.029297,0.836548,0.470642,0.083801,0.267578,up
428875,1.339844,8.144531,5.25,0.228516,0.023437,0.050781,0.836243,0.471191,0.083984,0.2677,up
428880,1.339844,8.144531,5.25,0.207031,0.033203,0.054687,0.836243,0.471191,0.083984,0.2677,up
428885,1.339844,8.105469,5.214844,0.207031,0.033203,0.054687,0.836243,0.471191,0.083984,0.2677,up
428890,1.339844,8.105469,5.214844,0.160156,0.060547,0.068359,0.835388,0.472351,0.084473,0.268188,up
428895,1.339844,8.144531,5.25,0.160156,0.060547,0.068359,0.835144,0.472595,0.084656,0.268372,up
428901,1.375,8.179688,5.289062,0.089844,0.076172,0.064453,0.835144,0.472595,0.084656,0.268372,up
428907,1.375,8.222656,5.25,0.068359,0.082031,0.052734,0.835144,0.472595,0.084656,0.268372,up
428912,1.375,8.222656,5.328125,0.039063,0.087891,0.048828,0.835144,0.472595,0.084656,0.268372,up
428918,1.375,8.179688,5.289062,0.029297,0.083984,0.050781,0.835144,0.472595,0.084656,0.268372,up
428923,1.375,8.261719,5.328125,0.029297,0.083984,0.050781,0.834473,0.473022,0.085449,0.269531,up
428928,1.375,8.261719,5.328125,0.013672,0.103516,0.027344,0.834473,0.473022,0.085449,0.269531,up
428933,1.375,8.261719,5.328125,0.001953,0.123047,0.017578,0.834473,0.473022,0.085449,0.269531,up
428938,1.339844,8.371094,5.367187,0.001953,0.123047,0.017578,0.834229,0.4729,0.086121,0.270203,up
428943,1.300781,8.40625,5.367187,0.001953,0.123047,0.017578,0.834167,0.472839,0.086365,0.270386,up
428948,1.300781,8.484375,5.328125,-0.007813,0.130859,0.025391,0.834167,0.472839,0.086365,0.270386,up
428953,1.261719,8.5625,5.367187,-0.007813,0.130859,0.025391,0.834106,0.472656,0.086853,0.270813,up
428958,1.300781,8.710938,5.40625,-0.007813,0.130859,0.025391,0.833984,0.472412,0.087341,0.271362,up
428963,1.261719,8.753906,5.367187,-0.007813,0.130859,0.025391,0.833984,0.472412,0.087341,0.271362,up
428968,1.222656,8.753906,5.367187,-0.037109,0.152344,0.033203,0.833984,0.472412,0.087341,0.271362,up
428973,1.183594,8.867188,5.367187,-0.042969,0.162109,0.044922,0.833984,0.472412,0.087341,0.271362,up
428978,1.144531,8.867188,5.40625,-0.042969,0.162109,0.044922,0.833923,0.471924,0.088196,0.272278,up
428984,1.144531,8.910156,5.480469,-0.080078,0.205078,0.087891,0.833923,0.471924,0.088196,0.272278,up
428989,1.144531,8.910156,5.480469,-0.080078,0.205078,0.087891,0.833801,0.47113,0.08905,0.273621,up
428994,1.109375,8.867188,5.519531,-0.080078,0.205078,0.087891,0.833801,0.470764,0.089294,0.274109,up
428999,1.03125,8.753906,5.597656,-0.152344,0.242187,0.132812,0.833801,0.470764,0.089294,0.274109,up
429004,0.992187,8.710938,5.519531,-0.173828,0.25,0.150391,0.833801,0.470337,0.0896,0.27478,up
429009,0.953125,8.644531,5.480469,-0.173828,0.25,0.150391,0.833862,0.469421,0.090027,0.276062,up
429014,0.917969,8.5625,5.558594,-0.173828,0.25,0.150391,0.833862,0.468994,0.090149,0.276733,up
429019,1.03125,8.605469,5.75,-0.099609,0.175781,0.193359,0.833862,0.468994,0.090149,0.276733,up
429024,0.992187,8.640625,5.710937,-0.099609,0.175781,0.193359,0.833801,0.468628,0.090271,0.277466,up
429029,0.992187,8.671875,5.597656,-0.099609,0.175781,0.193359,0.833618,0.468323,0.090332,0.278625,up
429035,1.03125,8.753906,5.597656,-0.099609,0.175781,0.193359,0.833374,0.468323,0.090332,0.279175,up
429040,0.992187,8.789063,5.558594,0.113281,0.078125,0.193359,0.833374,0.468323,0.090332,0.279175,up
429045,1.070313,8.792969,5.519531,0.113281,0.078125,0.193359,0.832825,0.46875,0.090393,0.280151,up
429050,1.070313,8.867188,5.441406,0.113281,0.078125,0.193359,0.832458,0.469116,0.090454,0.28064,up
429055,1.070313,8.871094,5.367187,0.1875,0.041016,0.181641,0.832092,0.469543,0.090454,0.281067,up
429060,1.070313,8.871094,5.367187,0.15625,0.025391,0.185547,0.832092,0.469543,0.090454,0.281067,up
429066,1.144531,8.828125,5.367187,0.15625,0.025391,0.185547,0.831421,0.470215,0.090393,0.28186,up
429072,1.183594,8.789063,5.367187,0.072266,0.013672,0.193359,0.831421,0.470215,0.090393,0.28186,up
429078,1.222656,8.671875,5.328125,0.027344,0.019531,0.197266,0.831421,0.470215,0.090393,0.28186,up
429084,1.222656,8.644531,5.328125,-0.007813,0.011719,0.197266,0.830627,0.470642,0.089783,0.28363,up
429089,1.300781,8.605469,5.367187,-0.007813,0.011719,0.197266,0.830627,0.470642,0.089783,0.28363,up
429094,1.300781,8.566406,5.367187,-0.054687,0.03125,0.197266,0.830627,0.470642,0.089783,0.28363,up
429100,1.414063,8.523438,5.367187,-0.054687,0.03125,0.197266,0.830322,0.470459,0.089172,0.285156,up
429106,1.414063,8.40625,5.367187,-0.054687,0.03125,0.197266,0.8302,0.470337,0.08905,0.285583,up
429111,1.414063,8.40625,5.328125,-0.005859,0.048828,0.183594,0.830078,0.470337,0.088928,0.286072,up
429116,1.453125,8.367188,5.328125,0.021484,0.052734,0.179687,0.830078,0.470337,0.088928,0.286072,up
429122,1.453125,8.328125,5.367187,0.021484,0.052734,0.179687,0.829712,0.470459,0.088745,0.286987,up
429127,1.453125,8.328125,5.328125,0.082031,0.048828,0.183594,0.829712,0.470459,0.088745,0.286987,up
429132,1.453125,8.40625,5.289062,0.089844,0.042969,0.179687,0.829712,0.470459,0.088745,0.286987,up
429138,1.414063,8.40625,5.328125,0.089844,0.042969,0.179687,0.829712,0.470459,0.088745,0.286987,up
429143,1.414063,8.40625,5.367187,0.089844,0.042969,0.179687,0.828674,0.471252,0.088562,0.288757,up
429149,1.375,8.449219,5.367187,0.058594,0.001953,0.1875,0.828674,0.471252,0.088562,0.288757,up
429154,1.375,8.449219,5.367187,0.058594,0.001953,0.1875,0.828003,0.471741,0.088135,0.289978,up
429159,1.375,8.445313,5.441406,0.042969,-0.017578,0.175781,0.828003,0.471741,0.088135,0.289978,up
429164,1.414063,8.449219,5.40625,0.042969,-0.017578,0.175781,0.827759,0.471924,0.087891,0.290405,up
429169,1.414063,8.449219,5.40625,0.015625,-0.058594,0.171875,0.827759,0.471924,0.087891,0.290405,up
429174,1.492188,8.449219,5.367187,0.015625,-0.058594,0.171875,0.827332,0.47229,0.087158,0.291321,up
429179,1.53125,8.449219,5.40625,0.015625,-0.058594,0.171875,0.827332,0.47229,0.087158,0.291321,up
429184,1.566406,8.410156,5.40625,0.021484,-0.107422,0.144531,0.827332,0.47229,0.087158,0.291321,up
429189,1.644531,8.367188,5.40625,0.021484,-0.107422,0.144531,0.826965,0.472717,0.085999,0.291992,up
429194,1.644531,8.289063,5.367187,0.021484,-0.107422,0.144531,0.826843,0.4729,0.085693,0.292175,up
429199,1.683594,8.292969,5.214844,0.021484,-0.107422,0.144531,0.826843,0.4729,0.085693,0.292175,up
429204,1.683594,8.332031,5.214844,0.058594,-0.085937,0.130859,0.826843,0.4729,0.085693,0.292175,up
429209,1.722656,8.292969,5.175781,0.058594,-0.085937,0.130859,0.826538,0.473328,0.085083,0.29248,up
429215,1.722656,8.292969,5.175781,0.076172,-0.064453,0.138672,0.826355,0.473572,0.084839,0.292725,up
429220,1.722656,8.257813,5.175781,0.076172,-0.064453,0.138672,0.826172,0.473755,0.084595,0.292908,up
429226,1.722656,8.328125,5.097656,0.095703,-0.033203,0.150391,0.825745,0.474304,0.084229,0.293457,up
429231,1.722656,8.328125,5.097656,0.095703,-0.033203,0.150391,0.825745,0.474304,0.084229,0.293457,up
429236,1.722656,8.367188,5.136719,0.125,0.023437,0.191406,0.825439,0.474548,0.084106,0.293762,up
429241,1.683594,8.449219,5.175781,0.134766,0.037109,0.210937,0.825439,0.474548,0.084106,0.293762,up
429246,1.644531,8.484375,5.25,0.134766,0.037109,0.210937,0.825439,0.474548,0.084106,0.293762,up
429251,1.644531,8.484375,5.328125,0.144531,0.056641,0.226562,0.825439,0.474548,0.084106,0.293762,up
429256,1.644531,8.484375,5.367187,0.148437,0.056641,0.228516,0.825439,0.474548,0.084106,0.293762,up
429261,1.644531,8.527344,5.480469,0.142578,0.048828,0.230469,0.825439,0.474548,0.084106,0.293762,up
429267,1.683594,8.5625,5.480469,0.142578,0.048828,0.230469,0.823059,0.476685,0.08374,0.29718,up
429272,1.683594,8.605469,5.519531,0.140625,0.009766,0.226562,0.823059,0.476685,0.08374,0.29718,up
429278,1.757813,8.640625,5.519531,0.123047,-0.013672,0.232422,0.823059,0.476685,0.08374,0.29718,up
429283,1.757813,8.601563,5.597656,0.123047,-0.013672,0.232422,0.823059,0.476685,0.08374,0.29718,up
429289,1.757813,8.640625,5.558594,0.095703,-0.082031,0.232422,0.823059,0.476685,0.08374,0.29718,up
429294,1.757813,8.640625,5.558594,0.099609,-0.117188,0.232422,0.823059,0.476685,0.08374,0.29718,up
429300,1.796875,8.671875,5.632812,0.099609,-0.117188,0.232422,0.820923,0.478943,0.081665,0.300049,up
429305,1.757813,8.640625,5.519531,0.117188,-0.142578,0.228516,0.820618,0.47937,0.081116,0.300415,up
429310,1.757813,8.640625,5.558594,0.119141,-0.152344,0.230469,0.820312,0.479736,0.080688,0.300659,up
429315,1.796875,8.792969,5.519531,0.119141,-0.152344,0.230469,0.820007,0.480225,0.080139,0.300964,up
429320,1.796875,8.832031,5.558594,0.119141,-0.152344,0.230469,0.819702,0.480591,0.079651,0.30127,up
429325,1.835938,8.910156,5.597656,0.101563,-0.179687,0.253906,0.819397,0.481018,0.078979,0.301575,up
429331,1.835938,8.949219,5.519531,0.101563,-0.179687,0.253906,0.819153,0.481323,0.07843,0.30188,up
429336,1.914063,8.90625,5.558594,0.101563,-0.179687,0.253906,0.818848,0.48175,0.077881,0.302307,up
429341,1.875,8.90625,5.558594,0.089844,-0.121094,0.308594,0.818848,0.48175,0.077881,0.302307,up
429347,1.914063,8.945313,5.480469,0.09375,-0.070312,0.332031,0.818848,0.48175,0.077881,0.302307,up
429352,1.875,8.949219,5.40625,0.099609,-0.015625,0.353516,0.818848,0.48175,0.077881,0.302307,up
429357,1.949219,8.984375,5.441406,0.09375,0.033203,0.386719,0.818848,0.48175,0.077881,0.302307,up
429363,1.914063,8.90625,5.519531,0.068359,0.076172,0.417969,0.818848,0.48175,0.077881,0.302307,up
429369,1.914063,8.710938,5.519531,0.033203,0.128906,0.431641,0.818848,0.48175,0.077881,0.302307,up
429375,1.875,8.605469,5.558594,0.009766,0.148437,0.457031,0.818848,0.48175,0.077881,0.302307,up
429380,1.875,8.527344,5.671875,0.009766,0.148437,0.457031,0.815308,0.483276,0.074768,0.310059,up
429385,1.875,8.367188,5.75,0.009766,0.148437,0.457031,0.81488,0.483337,0.074524,0.311096,up
429390,1.875,8.367188,5.828125,0.009766,0.148437,0.457031,0.814514,0.483459,0.074219,0.31189,up
429395,1.875,8.328125,5.863281,0.140625,-0.021484,0.378906,0.814026,0.483826,0.073853,0.312744,up
429400,1.949219,8.410156,5.828125,0.185547,-0.074219,0.353516,0.813538,0.484253,0.073486,0.313477,up
429405,2.027344,8.449219,5.632812,0.185547,-0.074219,0.353516,0.812988,0.484863,0.072998,0.314026,up
429410,2.105469,8.449219,5.597656,0.185547,-0.074219,0.353516,0.812561,0.485413,0.072571,0.314453,up
429415,2.066406,8.488281,5.519531,0.185547,-0.074219,0.353516,0.812561,0.485413,0.072571,0.314453,up
429420,2.105469,8.523438,5.441406,0.308594,-0.179687,0.337891,0.812561,0.485413,0.072571,0.314453,up
429425,2.179688,8.601563,5.25,0.308594,-0.179687,0.337891,0.81073,0.487793,0.070923,0.315796,up
429430,2.140625,8.605469,5.214844,0.308594,-0.179687,0.337891,0.81012,0.488586,0.070435,0.316284,up
429435,2.179688,8.605469,5.136719,0.222656,-0.117188,0.390625,0.81012,0.488586,0.070435,0.316284,up
429440,2.179688,8.601563,5.175781,0.222656,-0.117188,0.390625,0.80896,0.489807,0.069275,0.317566,up
429445,2.179688,8.566406,5.136719,0.222656,-0.117188,0.390625,0.808533,0.490173,0.068787,0.318298,up
429450,2.21875,8.484375,5.175781,0.025391,-0.013672,0.447266,0.808105,0.490417,0.068176,0.319214,up
429456,2.179688,8.292969,5.25,0.025391,-0.013672,0.447266,0.807739,0.490479,0.067688,0.320068,up
429461,2.21875,8.222656,5.25,0.025391,-0.013672,0.447266,0.807373,0.490417,0.067261,0.321045,up
429466,2.179688,8.105469,5.214844,-0.078125,0.130859,0.435547,0.807068,0.490295,0.066833,0.322205,up
429471,2.105469,8.027344,5.175781,-0.083984,0.152344,0.439453,0.806763,0.490112,0.066589,0.323242,up
429476,2.066406,7.867187,5.25,-0.083984,0.152344,0.439453,0.806458,0.489868,0.066223,0.324463,up
429482,2.066406,7.679687,5.328125,-0.083984,0.152344,0.439453,0.806213,0.489685,0.06604,0.325439,up
429488,1.988281,7.683594,5.328125,-0.078125,0.173828,0.412109,0.806213,0.489685,0.06604,0.325439,up
429494,1.988281,7.644531,5.289062,-0.054687,0.173828,0.408203,0.805603,0.489258,0.065613,0.327576,up
429499,2.027344,7.5625,5.328125,-0.037109,0.148437,0.402344,0.804993,0.489014,0.065186,0.329651,up
429504,1.988281,7.644531,5.289062,-0.037109,0.148437,0.402344,0.804993,0.489014,0.065186,0.329651,up
429509,1.988281,7.683594,5.328125,0.046875,0.115234,0.392578,0.804993,0.489014,0.065186,0.329651,up
429515,2.105469,7.761719,5.328125,0.097656,0.107422,0.384766,0.804993,0.489014,0.065186,0.329651,up
429520,2.105469,7.761719,5.289062,0.146484,0.109375,0.386719,0.80365,0.489319,0.064636,0.332458,up
429525,2.140625,7.761719,5.289062,0.146484,0.109375,0.386719,0.802551,0.489868,0.064392,0.334351,up
429530,2.140625,7.839844,5.25,0.111328,0.152344,0.373047,0.802551,0.489868,0.064392,0.334351,up
429535,2.066406,7.988281,5.136719,0.111328,0.152344,0.373047,0.801636,0.490173,0.06427,0.336121,up
429540,2.066406,7.984375,5.058594,0.111328,0.152344,0.373047,0.801636,0.490173,0.06427,0.336121,up
429545,1.988281,7.988281,4.984375,-0.035156,0.232422,0.341797,0.801636,0.490173,0.06427,0.336121,up
429550,2.027344,7.949219,4.945312,-0.035156,0.232422,0.341797,0.800598,0.489807,0.06427,0.339111,up
429555,2.027344,7.988281,4.984375,-0.035156,0.232422,0.341797,0.800476,0.48938,0.06427,0.340088,up
429560,1.949219,7.984375,5.023437,-0.035156,0.232422,0.341797,0.800476,0.48938,0.06427,0.340088,up
429565,1.988281,7.871094,4.984375,-0.302734,0.273438,0.298828,0.800476,0.48938,0.06427,0.340088,up
429570,1.949219,7.796875,4.984375,-0.302734,0.273438,0.298828,0.800476,0.487244,0.064148,0.34314,up
429576,1.949219,7.601562,4.714844,-0.400391,0.337891,0.289063,0.800476,0.487244,0.064148,0.34314,up
429581,2.066406,7.21875,4.445312,-0.400391,0.337891,0.289063,0.800842,0.485168,0.064148,0.345215,up
429586,1.988281,7.179687,4.253906,-0.484375,0.462891,0.244141,0.800842,0.485168,0.064148,0.345215,up
429591,1.988281,7.105469,4.445312,-0.484375,0.462891,0.244141,0.801392,0.482605,0.064453,0.347412,up
429596,2.296875,7.035156,4.984375,-0.484375,0.462891,0.244141,0.801392,0.482605,0.064453,0.347412,up
429601,2.332031,6.917969,4.945312,-0.402344,0.472656,0.152344,0.801392,0.482605,0.064453,0.347412,up
429606,2.21875,6.839844,4.832031,-0.402344,0.472656,0.152344,0.801392,0.482605,0.064453,0.347412,up
429611,2.179688,6.957031,4.640625,-0.402344,0.472656,0.152344,0.802368,0.477905,0.066345,0.351318,up
429617,2.179688,7.339844,4.523437,-0.402344,0.472656,0.152344,0.802368,0.477905,0.066345,0.351318,up
429622,2.066406,7.375,4.714844,-0.109375,0.648437,-0.017578,0.80249,0.476135,0.068542,0.352966,up
429627,2.21875,7.640625,4.714844,-0.109375,0.648437,-0.017578,0.802551,0.475342,0.069824,0.353699,up
429633,2.066406,7.601562,4.714844,-0.089844,0.685547,-0.042969,0.802551,0.475342,0.069824,0.353699,up
429639,2.027344,7.722656,4.714844,-0.15625,0.71875,-0.056641,0.802551,0.475342,0.069824,0.353699,up
429644,1.988281,8.066406,4.867187,-0.248047,0.730469,-0.058594,0.802551,0.475342,0.069824,0.353699,up
429650,1.949219,8.027344,4.984375,-0.367188,0.75,-0.050781,0.802551,0.475342,0.069824,0.353699,up
429655,2.027344,8.101563,4.945312,-0.621094,0.835937,-0.041016,0.802551,0.475342,0.069824,0.353699,up
429660,1.875,8.101563,4.945312,-0.621094,0.835937,-0.041016,0.803955,0.467896,0.077515,0.358765,up
429665,1.835938,8.023438,5.023437,-0.833984,0.914062,-0.039063,0.804626,0.465759,0.078735,0.359863,up
429670,1.796875,7.984375,5.023437,-0.833984,0.914062,-0.039063,0.80542,0.463135,0.079956,0.361084,up
429675,1.796875,7.984375,5.023437,-0.917969,0.947266,-0.042969,0.806152,0.460815,0.080994,0.362122,up
429680,1.757813,7.871094,5.023437,-0.982422,0.982422,-0.050781,0.806152,0.460815,0.080994,0.362122,up
429685,1.757813,7.871094,5.023437,-1.007813,0.996094,-0.050781,0.808105,0.455078,0.083313,0.364624,up
429690,1.722656,7.683594,5.097656,-1.007813,0.996094,-0.050781,0.809082,0.452148,0.084412,0.365845,up
429695,1.722656,7.683594,5.097656,-1.027344,0.970703,-0.066406,0.810059,0.449097,0.085571,0.367065,up
429700,1.722656,7.566406,5.367187,-1.027344,0.970703,-0.066406,0.811096,0.446167,0.08667,0.368225,up
429705,1.683594,7.523437,5.480469,-1.001953,0.882812,-0.148437,0.812073,0.443237,0.087708,0.369324,up
429710,1.644531,7.644531,5.519531,-1.001953,0.882812,-0.148437,0.814148,0.437439,0.089844,0.371155,up
429715,1.566406,7.722656,5.863281,-1.001953,0.882812,-0.148437,0.814148,0.437439,0.089844,0.371155,up
429720,1.566406,7.949219,5.863281,-0.833984,0.755859,-0.271484,0.815186,0.434692,0.090881,0.371826,up
429725,1.414063,8.0625,5.941406,-0.833984,0.755859,-0.271484,0.816223,0.432007,0.09198,0.372375,up
429730,1.414063,8.179688,6.019531,-0.78125,0.689453,-0.316406,0.8172,0.429626,0.093079,0.372742,up
429736,1.261719,8.484375,6.054687,-0.78125,0.689453,-0.316406,0.819031,0.42511,0.095032,0.373352,up
429741,1.222656,8.523438,6.054687,-0.880859,0.673828,-0.289063,0.820129,0.422424,0.096069,0.373718,up
429746,1.144531,8.566406,6.019531,-0.986328,0.650391,-0.255859,0.821228,0.4198,0.096863,0.374084,up
429751,1.222656,8.601563,6.246094,-0.986328,0.650391,-0.255859,0.822266,0.417297,0.097351,0.374451,up
429756,1.183594,8.523438,6.246094,-0.986328,0.650391,-0.255859,0.823547,0.414185,0.097778,0.375061,up
429761,1.144531,8.328125,6.285156,-1.404297,0.628906,-0.140625,0.825012,0.410461,0.098083,0.375793,up
429766,1.070313,8.332031,6.285156,-1.404297,0.628906,-0.140625,0.826355,0.407288,0.098083,0.376404,up
429772,1.03125,8.261719,6.4375,-1.404297,0.628906,-0.140625,0.827942,0.40332,0.097839,0.377197,up
429777,1.070313,7.523437,6.59375,-1.720703,0.535156,-0.089844,0.829712,0.398987,0.097412,0.378052,up
429783,1.109375,7.414062,6.667969,-1.722656,0.509766,-0.080078,0.829712,0.398987,0.097412,0.378052,up
429788,0.953125,7.074219,6.628906,-1.722656,0.509766,-0.080078,0.832886,0.391113,0.096558,0.379517,up
429793,0.953125,6.875,6.667969,-1.617188,0.503906,-0.107422,0.832886,0.391113,0.096558,0.379517,up
429798,0.878906,6.835937,6.824219,-1.501953,0.460937,-0.109375,0.832886,0.391113,0.096558,0.379517,up
429804,0.992187,6.839844,7.125,-1.357422,0.394531,-0.113281,0.832886,0.391113,0.096558,0.379517,up
429810,0.917969,6.914062,7.050781,-1.210938,0.351563,-0.117188,0.832886,0.391113,0.096558,0.379517,up
429815,0.917969,6.914062,7.050781,-1.107422,0.320313,-0.128906,0.839661,0.374146,0.094727,0.382141,up
429820,0.878906,6.914062,7.050781,-1.052734,0.255859,-0.148437,0.839661,0.374146,0.094727,0.382141,up
429825,0.953125,7.183594,7.167969,-1.023438,0.181641,-0.173828,0.841736,0.369202,0.094055,0.382507,up
429830,0.953125,7.183594,7.167969,-1.023438,0.181641,-0.173828,0.841736,0.369202,0.094055,0.382507,up
429836,0.878906,7.300781,7.242187,-1.007813,0.113281,-0.207031,0.845093,0.362244,0.092285,0.382202,up
429841,1.03125,7.375,7.167969,-1.007813,0.113281,-0.207031,0.846497,0.359558,0.091309,0.381958,up
429846,1.070313,7.296875,7.167969,-1.007813,0.113281,-0.207031,0.847839,0.356873,0.090271,0.381714,up
429851,1.109375,7.183594,7.167969,-1.554688,-0.027344,-0.240234,0.847839,0.356873,0.090271,0.381714,up
429856,1.109375,7.070312,7.085937,-1.554688,-0.027344,-0.240234,0.851135,0.349915,0.087524,0.381348,up
429861,1.109375,6.914062,7.046875,-1.554688,-0.027344,-0.240234,0.852783,0.346436,0.086182,0.381287,up
429866,1.070313,6.609375,7.242187,-1.941406,0.078125,-0.238281,0.854797,0.341858,0.084534,0.381226,up
429872,1.03125,6.300781,7.363281,-1.941406,0.078125,-0.238281,0.856506,0.337891,0.083191,0.381226,up
429877,0.992187,6.226562,7.507812,-1.941406,0.078125,-0.238281,0.858459,0.333252,0.081787,0.381226,up
429882,0.917969,6.074219,7.851562,-1.941406,0.078125,-0.238281,0.860291,0.328857,0.080505,0.381165,up
429887,0.878906,5.957031,7.890625,-1.898438,0.175781,-0.330078,0.860291,0.328857,0.080505,0.381165,up
429892,0.878906,5.957031,7.890625,-1.804688,0.179687,-0.341797,0.863831,0.320313,0.078247,0.380798,up
429898,0.6875,5.460937,7.746094,-1.804688,0.179687,-0.341797,0.865601,0.316223,0.077209,0.380554,up
429904,0.609375,5.269531,7.851562,-1.578125,0.179687,-0.339844,0.865601,0.316223,0.077209,0.380554,up
429910,0.570312,5.152344,7.972656,-1.412109,0.175781,-0.328125,0.865601,0.316223,0.077209,0.380554,up
429915,0.304688,5.269531,8.316406,-1.228516,0.105469,-0.314453,0.865601,0.316223,0.077209,0.380554,up
429920,0.226562,5.382812,8.550781,-1.228516,0.105469,-0.314453,0.871033,0.303284,0.074036,0.379272,up
429926,0.1875,5.652344,8.621094,-0.828125,-0.410156,-0.167969,0.871033,0.303284,0.074036,0.379272,up
429931,0.34375,5.882812,8.695313,-0.828125,-0.410156,-0.167969,0.873779,0.298096,0.069885,0.377808,up
429937,0.839844,5.652344,9.003906,-0.828125,-0.410156,-0.167969,0.874512,0.297058,0.06781,0.377258,up
429942,1.144531,5.726562,9.039063,-0.697266,-0.869141,-0.011719,0.875244,0.296265,0.065369,0.37677,up
429947,1.375,5.765625,8.894531,-0.636719,-0.880859,-0.007813,0.875244,0.296265,0.065369,0.37677,up
429952,1.53125,5.652344,8.855469,-0.636719,-0.880859,-0.007813,0.876465,0.295105,0.060303,0.37561,up
429958,1.757813,5.574219,8.394531,-0.636719,-0.880859,-0.007813,0.877075,0.294556,0.057922,0.375,up
429964,1.796875,5.496094,8.277344,-0.683594,-0.736328,-0.080078,0.877075,0.294556,0.057922,0.375,up
429969,1.875,5.613281,7.8125,-0.798828,-0.625,-0.132812,0.877075,0.294556,0.057922,0.375,up
429974,1.875,5.535156,7.78125,-0.947266,-0.492187,-0.1875,0.877075,0.294556,0.057922,0.375,up
429979,1.914063,5.535156,7.625,-1.089844,-0.361328,-0.263672,0.877075,0.294556,0.057922,0.375,up
429984,1.796875,5.382812,7.546875,-1.089844,-0.361328,-0.263672,0.88147,0.287231,0.048279,0.371765,up
429989,1.683594,4.921875,7.546875,-1.089844,-0.361328,-0.263672,0.88147,0.287231,0.048279,0.371765,up
429994,1.683594,4.921875,7.546875,-1.478516,-0.029297,-0.431641,0.884094,0.281372,0.045837,0.3703,up
429999,1.683594,4.921875,7.546875,-1.505859,0.023437,-0.5,0.885559,0.278015,0.044739,0.369507,up
430004,1.683594,4.730469,7.667969,-1.470703,0.066406,-0.548828,0.887085,0.274597,0.043823,0.368469,up
430009,1.414063,4.386719,7.890625,-1.470703,0.066406,-0.548828,0.887085,0.274597,0.043823,0.368469,up
430014,1.414063,4.386719,7.890625,-1.263672,0.052734,-0.611328,0.890015,0.268127,0.042358,0.366272,up
430019,1.109375,4.425781,8.699219,-1.111328,-0.041016,-0.603516,0.890015,0.268127,0.042358,0.366272,up
430025,1.070313,4.5,8.777344,-1.111328,-0.041016,-0.603516,0.890015,0.268127,0.042358,0.366272,up
430030,1.070313,4.464844,8.855469,-0.783203,-0.248047,-0.560547,0.890015,0.268127,0.042358,0.366272,up
430036,1.070313,4.617187,8.933594,-0.605469,-0.435547,-0.501953,0.890015,0.268127,0.042358,0.366272,up
430041,1.070313,4.808594,8.96875,-0.605469,-0.435547,-0.501953,0.896423,0.257996,0.036743,0.358459,up
430046,1.109375,4.769531,8.855469,-0.498047,-0.548828,-0.427734,0.896423,0.257996,0.036743,0.358459,up
430051,1.109375,4.65625,8.855469,-0.464844,-0.603516,-0.402344,0.897278,0.257202,0.035339,0.357117,up
430056,1.300781,4.578125,8.929688,-0.464844,-0.603516,-0.402344,0.897949,0.256653,0.033997,0.355957,up
430062,1.300781,4.578125,8.929688,-0.449219,-0.611328,-0.345703,0.899292,0.255615,0.030823,0.353577,up
430067,1.414063,4.578125,8.699219,-0.453125,-0.587891,-0.318359,0.899963,0.255066,0.029175,0.352356,up
430072,1.414063,4.808594,8.773438,-0.453125,-0.587891,-0.318359,0.900513,0.254639,0.027893,0.35144,up
430077,1.453125,4.808594,8.734375,-0.453125,-0.587891,-0.318359,0.901062,0.254089,0.026428,0.350403,up
430083,1.492188,4.886719,8.550781,-0.453125,-0.587891,-0.318359,0.901672,0.253601,0.025208,0.349365,up
430088,1.453125,4.808594,8.429688,-0.361328,-0.435547,-0.347656,0.901672,0.253601,0.025208,0.349365,up
430093,1.492188,4.808594,8.355469,-0.361328,-0.392578,-0.376953,0.902771,0.252686,0.02301,0.34729,up
430098,1.566406,4.730469,8.167969,-0.361328,-0.392578,-0.376953,0.902771,0.252686,0.02301,0.34729,up
430103,1.566406,4.695312,8.234375,-0.326172,-0.289063,-0.410156,0.902771,0.252686,0.02301,0.34729,up
430109,1.683594,4.578125,7.894531,-0.351563,-0.224609,-0.427734,0.902771,0.252686,0.02301,0.34729,up
430114,1.757813,4.578125,7.933594,-0.351563,-0.224609,-0.427734,0.90509,0.250366,0.020325,0.343018,up
430119,1.796875,4.464844,7.96875,-0.449219,-0.095703,-0.453125,0.90509,0.250366,0.020325,0.343018,up
430125,1.757813,4.347656,7.816406,-0.513672,-0.03125,-0.476562,0.90509,0.250366,0.020325,0.343018,up
430130,1.757813,4.347656,7.816406,-0.566406,0.033203,-0.490234,0.90509,0.250366,0.020325,0.343018,up
430136,1.722656,4.386719,7.851562,-0.566406,0.033203,-0.490234,0.908813,0.244385,0.019348,0.337646,up
430141,1.683594,4.425781,7.894531,-0.566406,0.033203,-0.490234,0.908813,0.244385,0.019348,0.337646,up
430146,1.566406,4.5,8.007813,-0.617187,0.072266,-0.529297,0.908813,0.244385,0.019348,0.337646,up
430151,1.492188,4.386719,8.238281,-0.617187,0.072266,-0.529297,0.911255,0.239868,0.019287,0.33429,up
430156,1.375,4.386719,8.3125,-0.617187,0.072266,-0.529297,0.911255,0.239868,0.019287,0.33429,up
430161,1.339844,4.425781,8.433594,-0.576172,0.009766,-0.509766,0.912781,0.237122,0.018982,0.33197,up
430166,1.261719,4.464844,8.65625,-0.488281,-0.083984,-0.46875,0.912781,0.237122,0.018982,0.33197,up
430171,1.261719,4.5,8.660156,-0.488281,-0.083984,-0.46875,0.913513,0.235962,0.018677,0.330872,up
430176,1.339844,4.578125,8.660156,-0.488281,-0.083984,-0.46875,0.914124,0.235046,0.018311,0.329834,up
430181,1.375,4.65625,8.617188,-0.376953,-0.199219,-0.439453,0.914124,0.235046,0.018311,0.329834,up
430186,1.375,4.65625,8.617188,-0.371094,-0.189453,-0.445312,0.915405,0.233398,0.017334,0.327515,up
430191,1.453125,4.960937,8.355469,-0.371094,-0.189453,-0.445312,0.915955,0.232727,0.016846,0.326538,up
430196,1.492188,5.0,8.429688,-0.435547,-0.144531,-0.46875,0.915955,0.232727,0.016846,0.326538,up
430201,1.492188,4.960937,8.273438,-0.435547,-0.144531,-0.46875,0.917175,0.231079,0.01593,0.324219,up
430206,1.53125,4.960937,8.207031,-0.435547,-0.144531,-0.46875,0.917847,0.230164,0.015564,0.323059,up
430211,1.566406,4.921875,8.234375,-0.541016,-0.066406,-0.486328,0.917847,0.230164,0.015564,0.323059,up
430217,1.566406,4.921875,8.273438,-0.607422,-0.029297,-0.482422,0.919983,0.226196,0.014648,0.319702,up
430223,1.644531,4.847656,8.164063,-0.607422,-0.029297,-0.482422,0.920715,0.22467,0.014404,0.318726,up
430228,1.683594,4.769531,8.234375,-0.828125,0.091797,-0.5,0.92157,0.222839,0.014221,0.317627,up
430233,1.683594,4.769531,8.234375,-0.910156,0.099609,-0.484375,0.922424,0.220703,0.014038,0.316528,up
430238,1.683594,4.769531,8.234375,-0.947266,0.105469,-0.484375,0.92334,0.218506,0.013794,0.315552,up
430243,1.644531,4.578125,8.355469,-0.947266,0.105469,-0.484375,0.92334,0.218506,0.013794,0.315552,up
430248,1.644531,4.578125,8.355469,-0.933594,0.076172,-0.453125,0.924194,0.216248,0.01355,0.314575,up
430253,1.683594,4.273437,8.617188,-0.933594,0.076172,-0.453125,0.924194,0.216248,0.01355,0.314575,up
430258,1.566406,4.082031,9.0,-0.863281,0.046875,-0.427734,0.925903,0.211792,0.012939,0.312622,up
430263,1.53125,3.964844,9.121094,-0.755859,0.011719,-0.396484,0.927307,0.208252,0.012207,0.310852,up
430269,1.53125,3.773438,9.355469,-0.755859,0.011719,-0.396484,0.927856,0.207092,0.011841,0.309998,up
430275,1.492188,3.851563,9.351563,-0.298828,-0.132812,-0.326172,0.927856,0.207092,0.011841,0.309998,up
430281,1.605469,4.15625,9.351563,-0.298828,-0.132812,-0.326172,0.927856,0.207092,0.011841,0.309998,up
430286,1.722656,4.273437,9.195313,0.15625,-0.289063,-0.333984,0.927856,0.207092,0.011841,0.309998,up
430291,1.722656,4.347656,9.0,0.15625,-0.289063,-0.333984,0.929138,0.206421,0.010254,0.30658,up
430296,1.796875,4.730469,8.929688,0.248047,-0.3125,-0.337891,0.929382,0.208008,0.009583,0.304688,up
430301,1.796875,4.921875,8.890625,0.248047,-0.3125,-0.337891,0.929382,0.208008,0.009583,0.304688,up
430306,1.796875,5.039062,8.738281,0.357422,-0.283203,-0.390625,0.929382,0.208008,0.009583,0.304688,up
430311,1.796875,5.269531,8.660156,0.302734,-0.267578,-0.416016,0.929626,0.210083,0.009033,0.302673,up
430316,1.796875,5.6875,8.660156,0.302734,-0.267578,-0.416016,0.929749,0.21106,0.00885,0.301575,up
430322,1.757813,5.804687,8.738281,0.056641,-0.271484,-0.441406,0.929749,0.21106,0.00885,0.301575,up
430327,1.605469,5.957031,8.96875,0.056641,-0.271484,-0.441406,0.930542,0.212585,0.007874,0.298035,up
430332,1.605469,5.804687,9.199219,0.056641,-0.271484,-0.441406,0.930908,0.212524,0.007263,0.296997,up
430337,1.492188,5.6875,9.355469,-0.316406,-0.392578,-0.339844,0.931335,0.212158,0.006348,0.295898,up
430342,1.453125,5.460937,9.460938,-0.404297,-0.417969,-0.28125,0.931335,0.212158,0.006348,0.295898,up
430347,1.375,5.113281,9.84375,-0.404297,-0.417969,-0.28125,0.93219,0.210999,0.004089,0.294128,up
430352,1.375,4.921875,10.042969,-0.404297,-0.417969,-0.28125,0.932495,0.210388,0.00293,0.293518,up
430357,1.375,4.730469,10.191406,-0.341797,-0.537109,-0.132812,0.932495,0.210388,0.00293,0.293518,up
430362,1.414063,4.617187,10.308594,-0.341797,-0.537109,-0.132812,0.933105,0.209595,-0.000122,0.292297,up
430367,1.566406,4.578125,10.386719,-0.341797,-0.537109,-0.132812,0.933228,0.209717,-0.001404,0.291748,up
430372,1.757813,4.5,10.269531,0.167969,-0.591797,-0.087891,0.933228,0.210388,-0.002747,0.291199,up
430377,1.875,4.539062,10.117188,0.167969,-0.591797,-0.087891,0.933167,0.211365,-0.003784,0.290771,up
430382,2.140625,4.539062,9.847656,0.613281,-0.529297,-0.095703,0.933167,0.211365,-0.003784,0.290771,up
430388,2.257813,4.921875,9.464844,0.613281,-0.529297,-0.095703,0.932617,0.214966,-0.005249,0.289734,up
430393,2.257813,4.921875,9.464844,0.947266,-0.429687,-0.09375,0.93219,0.217346,-0.005676,0.289307,up
430398,2.296875,5.113281,9.3125,1.007813,-0.361328,-0.089844,0.931702,0.220215,-0.005859,0.288818,up
430404,2.332031,5.613281,8.929688,1.007813,-0.361328,-0.089844,0.931213,0.222473,-0.005859,0.288513,up
430410,2.296875,5.726562,8.894531,0.912109,-0.248047,-0.068359,0.931213,0.222473,-0.005859,0.288513,up
430415,2.179688,5.84375,8.894531,0.806641,-0.207031,-0.0625,0.931213,0.222473,-0.005859,0.288513,up
430420,2.066406,6.074219,8.699219,0.675781,-0.154297,-0.060547,0.931213,0.222473,-0.005859,0.288513,up
430425,2.027344,6.074219,8.777344,0.675781,-0.154297,-0.060547,0.929626,0.230408,-0.00531,0.287537,up
430431,2.066406,6.035156,8.894531,0.310547,-0.089844,-0.019531,0.929626,0.230408,-0.00531,0.287537,up
430436,1.988281,5.957031,9.0,0.117188,-0.041016,-0.005859,0.92926,0.232117,-0.005249,0.287354,up
430441,1.949219,5.765625,9.390625,0.117188,-0.041016,-0.005859,0.92926,0.232117,-0.005249,0.287354,up
430446,1.949219,5.652344,9.582031,0.117188,-0.041016,-0.005859,0.929321,0.231873,-0.005188,0.287415,up
430452,1.875,5.421875,9.847656,-0.189453,0.146484,0.072266,0.929321,0.231873,-0.005188,0.287415,up
430457,1.875,5.039062,10.15625,-0.189453,0.146484,0.072266,0.929443,0.230408,-0.004822,0.288086,up
430462,1.835938,4.960937,10.15625,-0.060547,0.1875,0.107422,0.929443,0.230408,-0.004822,0.288086,up
430467,1.796875,4.921875,10.15625,-0.060547,0.1875,0.107422,0.929443,0.230042,-0.004517,0.288452,up
430472,1.796875,4.847656,10.078125,0.140625,0.195312,0.134766,0.929443,0.230042,-0.004517,0.288452,up
430477,1.796875,4.886719,10.0,0.140625,0.195312,0.134766,0.929016,0.230225,-0.003235,0.289612,up
430482,1.796875,4.886719,9.882813,0.347656,0.193359,0.126953,0.929016,0.230225,-0.003235,0.289612,up
430487,1.796875,5.0,9.777344,0.347656,0.193359,0.126953,0.928772,0.230774,-0.002625,0.290039,up
430492,1.757813,5.078125,9.773438,0.507812,0.148437,0.091797,0.928772,0.230774,-0.002625,0.290039,up
430497,1.757813,5.230469,9.621094,0.507812,0.148437,0.091797,0.927734,0.233643,-0.000671,0.291077,up
430502,1.722656,5.304687,9.460938,0.507812,0.148437,0.091797,0.927734,0.233643,-0.000671,0.291077,up
430507,1.722656,5.34375,9.394531,0.513672,0.060547,0.078125,0.927734,0.233643,-0.000671,0.291077,up
430512,1.683594,5.421875,9.351563,0.513672,0.060547,0.078125,0.926636,0.237122,0.000854,0.291809,up
430518,1.605469,5.613281,9.3125,0.398438,-0.009766,0.099609,0.926636,0.237122,0.000854,0.291809,up
430523,1.644531,5.574219,9.3125,0.398438,-0.009766,0.099609,0.925964,0.239075,0.001343,0.292297,up
430529,1.644531,5.496094,9.316406,0.398438,-0.009766,0.099609,0.925781,0.239624,0.001404,0.292542,up
430534,1.683594,5.460937,9.273438,0.398438,-0.009766,0.099609,0.925537,0.239929,0.001343,0.292847,up
430539,1.683594,5.382812,9.355469,0.037109,0.013672,0.197266,0.925537,0.239929,0.001343,0.292847,up
430544,1.683594,5.34375,9.425781,-0.009766,0.033203,0.220703,0.925537,0.239929,0.001343,0.292847,up
430550,1.683594,5.191406,9.394531,-0.009766,0.033203,0.220703,0.925049,0.240112,0.00116,0.294373,up
430556,1.605469,5.113281,9.351563,-0.013672,0.09375,0.273438,0.925049,0.240112,0.00116,0.294373,up
430562,1.644531,5.152344,9.316406,0.060547,0.183594,0.308594,0.925049,0.240112,0.00116,0.294373,up
430567,1.644531,5.152344,9.316406,0.111328,0.224609,0.324219,0.924377,0.239868,0.001526,0.29657,up
430573,1.644531,5.113281,9.316406,0.111328,0.224609,0.324219,0.923767,0.240051,0.002258,0.298279,up
430578,1.605469,5.152344,9.3125,0.207031,0.236328,0.353516,0.923401,0.240356,0.002808,0.299316,up
430583,1.492188,4.847656,9.277344,0.207031,0.236328,0.353516,0.922974,0.240723,0.003296,0.300354,up
430589,1.53125,4.695312,9.238281,0.207031,0.236328,0.353516,0.922546,0.24115,0.003723,0.301208,up
430594,1.53125,4.695312,9.238281,0.369141,0.179687,0.410156,0.921997,0.241882,0.004272,0.302429,up
430599,1.644531,4.730469,9.121094,0.369141,0.179687,0.410156,0.921509,0.242554,0.004639,0.303345,up
430604,1.796875,4.695312,8.929688,0.369141,0.179687,0.410156,0.920898,0.243408,0.005005,0.304382,up
430611,1.835938,4.695312,8.851563,0.476562,0.076172,0.441406,0.920898,0.243408,0.005005,0.304382,up
430616,1.949219,4.769531,8.738281,0.505859,0.056641,0.451172,0.920898,0.243408,0.005005,0.304382,up
430622,2.105469,4.808594,8.585938,0.505859,0.056641,0.451172,0.918274,0.247986,0.006104,0.308594,up
430627,2.179688,4.769531,8.46875,0.505859,0.056641,0.451172,0.918274,0.247986,0.006104,0.308594,up
430632,2.21875,4.769531,8.316406,0.591797,0.082031,0.435547,0.918274,0.247986,0.006104,0.308594,up
430637,2.140625,4.886719,8.355469,0.599609,0.121094,0.429687,0.918274,0.247986,0.006104,0.308594,up
430642,2.027344,4.960937,8.316406,0.599609,0.121094,0.429687,0.916138,0.251892,0.007385,0.311768,up
430647,1.988281,5.078125,8.355469,0.599609,0.121094,0.429687,0.915344,0.253296,0.008118,0.312988,up
430652,1.914063,5.191406,8.433594,0.617187,0.310547,0.462891,0.915344,0.253296,0.008118,0.312988,up
430658,1.757813,5.496094,8.511719,0.617187,0.310547,0.462891,0.913086,0.256775,0.010559,0.316528,up
430663,1.757813,5.535156,8.589844,0.582031,0.380859,0.517578,0.912231,0.257996,0.011597,0.318054,up
430668,1.757813,5.496094,8.589844,0.580078,0.410156,0.535156,0.911377,0.259033,0.012634,0.319519,up
430673,1.644531,5.613281,8.816406,0.580078,0.410156,0.535156,0.910645,0.259949,0.013611,0.320862,up
430678,1.566406,5.574219,8.929688,0.580078,0.410156,0.535156,0.909851,0.260864,0.014648,0.322388,up
430683,1.53125,5.496094,9.039063,0.572266,0.457031,0.597656,0.908875,0.261963,0.015869,0.324158,up
430689,1.339844,5.496094,9.160156,0.572266,0.457031,0.597656,0.908081,0.262878,0.016846,0.325623,up
430694,1.339844,5.535156,9.277344,0.638672,0.410156,0.623047,0.908081,0.262878,0.016846,0.325623,up
430700,1.261719,5.6875,9.238281,0.638672,0.410156,0.623047,0.906189,0.265137,0.018921,0.328918,up
430705,1.339844,5.765625,9.15625,0.6875,0.306641,0.613281,0.906189,0.265137,0.018921,0.328918,up
430710,1.414063,6.1875,9.15625,0.712891,0.238281,0.615234,0.906189,0.265137,0.018921,0.328918,up
430716,1.453125,6.300781,9.082031,0.703125,0.197266,0.605469,0.906189,0.265137,0.018921,0.328918,up
430722,1.492188,6.457031,9.0,0.628906,0.126953,0.607422,0.906189,0.265137,0.018921,0.328918,up
430727,1.644531,6.53125,9.003906,0.628906,0.126953,0.607422,0.901245,0.272156,0.022278,0.336426,up
430732,1.683594,6.53125,9.003906,0.628906,0.126953,0.607422,0.900269,0.273499,0.022644,0.337952,up
430737,1.722656,6.492187,9.078125,0.402344,0.101563,0.640625,0.900269,0.273499,0.022644,0.337952,up
430742,1.683594,6.417969,9.15625,0.402344,0.101563,0.640625,0.898499,0.275574,0.023071,0.340881,up
430748,1.722656,6.300781,9.234375,0.402344,0.101563,0.640625,0.896973,0.276917,0.023193,0.343811,up
430753,1.683594,6.265625,9.3125,0.1875,0.099609,0.697266,0.896973,0.276917,0.023193,0.343811,up
430758,1.683594,6.1875,9.355469,0.1875,0.099609,0.697266,0.895447,0.27771,0.02301,0.347107,up
430763,1.722656,6.035156,9.394531,0.1875,0.099609,0.697266,0.894653,0.278015,0.022888,0.348938,up
430769,1.683594,5.957031,9.425781,0.1875,0.099609,0.697266,0.893921,0.27832,0.022827,0.350586,up
430774,1.683594,5.957031,9.425781,0.275391,0.195312,0.783203,0.893127,0.278748,0.022888,0.352356,up
430779,1.722656,5.726562,9.542969,0.275391,0.195312,0.783203,0.892151,0.279297,0.023132,0.354248,up
430785,1.683594,5.574219,9.582031,0.275391,0.195312,0.783203,0.891113,0.280151,0.023499,0.356201,up
430791,1.722656,5.460937,9.621094,0.621094,0.287109,0.818359,0.891113,0.280151,0.023499,0.356201,up
430796,1.722656,5.460937,9.695313,0.753906,0.304688,0.835937,0.891113,0.280151,0.023499,0.356201,up
430801,1.722656,5.957031,9.660156,0.894531,0.306641,0.847656,0.891113,0.280151,0.023499,0.356201,up
430807,1.683594,6.109375,9.542969,1.017578,0.292969,0.867187,0.891113,0.280151,0.023499,0.356201,up
430812,1.683594,6.417969,9.425781,1.054688,0.253906,0.869141,0.891113,0.280151,0.023499,0.356201,up
430817,1.683594,6.417969,9.425781,1.048828,0.193359,0.880859,0.882751,0.290344,0.028198,0.368347,up
430822,1.566406,6.800781,9.15625,1.048828,0.193359,0.880859,0.882751,0.290344,0.028198,0.368347,up
430827,1.566406,6.800781,9.15625,0.921875,0.09375,0.896484,0.879639,0.294556,0.029358,0.372314,up
430832,1.453125,6.992187,8.894531,0.921875,0.09375,0.896484,0.879639,0.294556,0.029358,0.372314,up
430837,1.453125,7.105469,8.816406,0.820312,0.044922,0.908203,0.876709,0.298218,0.029724,0.376282,up
430843,1.492188,7.03125,8.8125,0.324219,-0.066406,0.949219,0.876709,0.298218,0.029724,0.376282,up
430848,1.53125,6.914062,8.851563,0.132812,-0.099609,0.96875,0.874084,0.300781,0.029114,0.38031,up
430853,1.53125,6.800781,8.851563,0.132812,-0.099609,0.96875,0.872009,0.301758,0.027527,0.384399,up
430858,1.492188,6.683594,8.851563,0.132812,-0.099609,0.96875,0.871155,0.301758,0.026489,0.386353,up
430863,1.53125,6.378906,8.972656,-0.1875,-0.109375,1.0,0.871155,0.301758,0.026489,0.386353,up
430868,1.53125,6.148437,8.96875,-0.1875,-0.101563,1.025391,0.870239,0.301636,0.025269,0.388611,up
430873,1.53125,6.035156,9.039063,-0.1875,-0.101563,1.025391,0.86853,0.301147,0.022949,0.392883,up
430878,1.605469,5.84375,9.042969,-0.1875,-0.101563,1.025391,0.867676,0.301086,0.021973,0.39502,up
430883,1.722656,5.574219,9.039063,-0.1875,-0.101563,1.025391,0.867676,0.301086,0.021973,0.39502,up
430888,1.757813,5.460937,9.078125,0.207031,0.029297,1.044922,0.867676,0.301086,0.021973,0.39502,up
430893,1.835938,5.304687,9.082031,0.207031,0.029297,1.044922,0.864258,0.302124,0.020081,0.401794,up
430898,1.949219,5.230469,9.0,0.207031,0.029297,1.044922,0.864258,0.302124,0.020081,0.401794,up
430903,2.027344,5.191406,9.082031,0.679687,0.144531,1.050781,0.864258,0.302124,0.020081,0.401794,up
430908,2.140625,5.152344,9.003906,0.835937,0.175781,1.056641,0.861267,0.30426,0.02002,0.406433,up
430914,2.140625,5.152344,9.003906,1.001953,0.214844,1.0625,0.85791,0.307556,0.020813,0.411072,up
430919,2.179688,5.421875,8.65625,1.001953,0.214844,1.0625,0.855896,0.309692,0.021606,0.413574,up
430924,2.140625,5.535156,8.550781,1.232422,0.28125,1.080078,0.853882,0.312012,0.022522,0.415955,up
430929,2.066406,5.652344,8.507813,1.232422,0.28125,1.080078,0.851685,0.314575,0.023682,0.418457,up
430935,1.875,6.226562,8.273438,1.232422,0.28125,1.080078,0.849487,0.3172,0.024841,0.420898,up
430942,1.757813,6.570312,8.207031,1.414063,0.28125,1.097656,0.849487,0.3172,0.024841,0.420898,up
430947,1.683594,7.144531,8.007813,1.371094,0.236328,1.105469,0.84259,0.325378,0.028137,0.428223,up
430952,1.605469,7.296875,7.929687,1.371094,0.236328,1.105469,0.84259,0.325378,0.028137,0.428223,up
430957,1.566406,7.453125,7.851562,1.082031,0.119141,1.09375,0.84259,0.325378,0.028137,0.428223,up
430963,1.53125,7.414062,7.816406,0.867187,0.058594,1.085938,0.84259,0.325378,0.028137,0.428223,up
430968,1.566406,7.261719,7.785156,0.355469,-0.048828,1.076172,0.83667,0.331482,0.029175,0.435059,up
430973,1.605469,7.105469,7.746094,0.355469,-0.048828,1.076172,0.8349,0.332703,0.028748,0.4375,up
430978,1.605469,7.105469,7.746094,0.087891,-0.087891,1.074219,0.833679,0.333252,0.028015,0.439453,up
430983,1.605469,6.875,7.742187,-0.162109,-0.128906,1.080078,0.833679,0.333252,0.028015,0.439453,up
430988,1.605469,6.875,7.742187,-0.382813,-0.150391,1.083984,0.831543,0.333069,0.025269,0.443787,up
430993,1.796875,6.074219,7.703125,-0.548828,-0.148437,1.095703,0.831543,0.333069,0.025269,0.443787,up
430998,1.796875,6.074219,7.703125,-0.640625,-0.140625,1.095703,0.830017,0.33136,0.021729,0.44812,up
431003,2.179688,4.539062,8.050781,-0.640625,-0.140625,1.095703,0.829285,0.3302,0.019775,0.450317,up
431008,2.332031,4.308594,8.089844,-0.345703,-0.048828,1.072266,0.828552,0.329224,0.018066,0.452515,up
431013,2.371094,4.042969,8.085938,-0.345703,-0.048828,1.072266,0.82666,0.328003,0.015259,0.45697,up
431018,2.449219,3.925781,8.125,-0.345703,-0.048828,1.072266,0.825439,0.328125,0.014465,0.459106,up
431023,2.5625,3.851563,8.125,-0.345703,-0.048828,1.072266,0.825439,0.328125,0.014465,0.459106,up
431028,2.640625,3.925781,8.164063,0.771484,0.113281,1.013672,0.825439,0.328125,0.014465,0.459106,up
431033,2.753906,3.964844,8.238281,0.771484,0.113281,1.013672,0.822327,0.329895,0.014099,0.463379,up
431038,2.832031,4.117187,8.207031,1.316406,0.246094,0.96875,0.822327,0.329895,0.014099,0.463379,up
431043,2.71875,4.539062,8.011719,1.316406,0.246094,0.96875,0.818298,0.333923,0.015625,0.467651,up
431048,2.679688,4.808594,7.929687,1.541016,0.310547,0.945312,0.813293,0.339722,0.018982,0.472046,up
431053,2.640625,5.113281,7.785156,1.541016,0.310547,0.945312,0.813293,0.339722,0.018982,0.472046,up
431058,2.488281,5.613281,7.550781,1.835938,0.453125,0.908203,0.813293,0.339722,0.018982,0.472046,up
431063,2.410156,5.882812,7.433594,1.917969,0.558594,0.875,0.813293,0.339722,0.018982,0.472046,up
431068,2.296875,6.148437,7.28125,1.917969,0.558594,0.875,0.805115,0.349487,0.026184,0.478455,up
431073,2.179688,6.378906,7.167969,1.859375,0.636719,0.837891,0.802429,0.352661,0.02887,0.48053,up
431079,2.027344,6.722656,6.980469,1.742188,0.675781,0.833984,0.799805,0.355652,0.031494,0.482544,up
431084,1.949219,6.839844,6.9375,1.742188,0.675781,0.833984,0.794189,0.361511,0.03717,0.487,up
431090,1.914063,6.800781,7.246094,1.742188,0.675781,0.833984,0.791992,0.363586,0.039307,0.488892,up
431095,2.066406,6.457031,7.207031,1.742188,0.675781,0.833984,0.789551,0.365723,0.041565,0.491089,up
431101,1.914063,6.378906,7.125,1.28125,0.669922,0.9375,0.789551,0.365723,0.041565,0.491089,up
431106,2.027344,6.339844,7.203125,1.236328,0.630859,0.990234,0.789551,0.365723,0.041565,0.491089,up
431111,2.179688,6.1875,7.246094,1.236328,0.630859,0.990234,0.782227,0.371155,0.047424,0.498108,up
431116,2.179688,6.1875,7.246094,1.236328,0.630859,0.990234,0.782227,0.371155,0.047424,0.498108,up
431121,2.332031,6.1875,7.203125,1.173828,0.595703,1.058594,0.777222,0.374573,0.05072,0.503052,up
431126,2.332031,6.1875,7.203125,1.179688,0.552734,1.074219,0.774719,0.376282,0.052246,0.505493,up
431131,2.679688,6.1875,7.019531,1.179688,0.552734,1.074219,0.774719,0.376282,0.052246,0.505493,up
431136,2.679688,6.1875,7.019531,1.240234,0.507812,1.042969,0.769531,0.379944,0.055359,0.510315,up
431141,2.832031,6.378906,6.859375,1.240234,0.507812,1.042969,0.769531,0.379944,0.055359,0.510315,up
431146,2.832031,6.457031,6.824219,1.240234,0.507812,1.042969,0.769531,0.379944,0.055359,0.510315,up
431152,2.871094,6.492187,6.707031,1.240234,0.507812,1.042969,0.761902,0.385864,0.060181,0.516785,up
431157,2.832031,6.570312,6.664062,1.189453,0.439453,0.894531,0.761902,0.385864,0.060181,0.516785,up
431163,2.984375,6.683594,6.78125,1.113281,0.417969,0.863281,0.761902,0.385864,0.060181,0.516785,up
431168,2.984375,6.722656,6.707031,0.923828,0.388672,0.818359,0.754883,0.391113,0.064453,0.522461,up
431173,2.945313,6.757812,6.707031,0.923828,0.388672,0.818359,0.752563,0.392761,0.065796,0.524414,up
431179,2.945313,6.875,6.785156,0.822266,0.390625,0.810547,0.752563,0.392761,0.065796,0.524414,up
431185,2.945313,7.035156,6.859375,0.822266,0.390625,0.810547,0.746948,0.396057,0.068604,0.529602,up
431191,2.945313,7.035156,6.898437,0.628906,0.367188,0.814453,0.746948,0.396057,0.068604,0.529602,up
431197,2.910156,6.992187,7.019531,0.609375,0.349609,0.816406,0.746948,0.396057,0.068604,0.529602,up
431203,2.984375,7.03125,7.164062,0.609375,0.349609,0.816406,0.746948,0.396057,0.068604,0.529602,up
431208,3.101563,7.070312,7.242187,0.685547,0.337891,0.861328,0.746948,0.396057,0.068604,0.529602,up
431213,3.136719,7.070312,7.242187,0.830078,0.328125,0.910156,0.746948,0.396057,0.068604,0.529602,up
431219,3.253906,7.296875,7.050781,0.830078,0.328125,0.910156,0.733582,0.403076,0.073608,0.542175,up
431224,3.253906,7.378906,7.050781,0.947266,0.337891,0.943359,0.73114,0.404602,0.074585,0.544189,up
431229,3.328125,7.484375,6.976562,0.974609,0.369141,0.941406,0.73114,0.404602,0.074585,0.544189,up
431234,3.292969,7.605469,6.898437,0.974609,0.369141,0.941406,0.726501,0.407471,0.07666,0.547974,up
431240,3.253906,7.871094,6.707031,0.974609,0.369141,0.941406,0.724243,0.408875,0.077759,0.549744,up
431245,3.136719,8.023438,6.667969,0.966797,0.443359,0.914062,0.724243,0.408875,0.077759,0.549744,up
431250,3.101563,8.140625,6.707031,0.908203,0.458984,0.908203,0.719543,0.411499,0.080139,0.553589,up
431255,3.175781,8.21875,6.667969,0.908203,0.458984,0.908203,0.719543,0.411499,0.080139,0.553589,up
431260,3.175781,8.257813,6.59375,0.814453,0.455078,0.914062,0.717346,0.412598,0.081177,0.555481,up
431265,3.175781,8.257813,6.59375,0.814453,0.455078,0.914062,0.715149,0.413574,0.082092,0.557495,up
431271,3.253906,8.257813,6.554687,0.439453,0.429687,0.957031,0.715149,0.413574,0.082092,0.557495,up
431276,3.253906,8.257813,6.554687,0.306641,0.412109,0.992187,0.70929,0.415039,0.083557,0.563599,up
431281,3.101563,7.871094,6.707031,0.306641,0.412109,0.992187,0.70929,0.415039,0.083557,0.563599,up
431287,3.101563,7.683594,6.746094,0.103516,0.384766,1.056641,0.70929,0.415039,0.083557,0.563599,up
431293,2.984375,7.453125,6.859375,0.060547,0.380859,1.121094,0.70929,0.415039,0.083557,0.563599,up
431298,3.023438,7.296875,6.9375,0.060547,0.380859,1.121094,0.702454,0.414734,0.082703,0.57251,up
431304,2.984375,7.183594,7.015625,0.099609,0.365234,1.146484,0.698669,0.41449,0.081848,0.577332,up
431309,2.910156,7.074219,6.976562,0.099609,0.365234,1.146484,0.696716,0.414612,0.081543,0.579651,up
431314,2.910156,7.03125,6.976562,0.394531,0.335938,1.216797,0.696716,0.414612,0.081543,0.579651,up
431319,2.910156,6.992187,6.9375,0.394531,0.335938,1.216797,0.692078,0.415588,0.081299,0.584534,up
431324,3.023438,7.03125,6.824219,0.394531,0.335938,1.216797,0.692078,0.415588,0.081299,0.584534,up
431329,3.0625,7.140625,6.824219,0.632812,0.341797,1.208984,0.689636,0.41626,0.081421,0.586914,up
431334,3.175781,7.140625,6.707031,0.632812,0.341797,1.208984,0.687073,0.417114,0.081604,0.589294,up
431339,3.175781,7.222656,6.59375,0.636719,0.376953,1.1875,0.687073,0.417114,0.081604,0.589294,up
431345,3.175781,7.222656,6.59375,0.609375,0.382813,1.162109,0.679871,0.419434,0.08252,0.595886,up
431350,3.214844,7.527344,6.246094,0.609375,0.382813,1.162109,0.67749,0.420105,0.082825,0.598083,up
431355,3.175781,7.484375,6.210937,0.480469,0.375,1.140625,0.675171,0.420654,0.083008,0.600281,up
431361,3.101563,7.335937,6.285156,0.386719,0.361328,1.132813,0.675171,0.420654,0.083008,0.600281,up
431366,3.101563,7.101562,6.4375,0.287109,0.353516,1.134766,0.675171,0.420654,0.083008,0.600281,up
431371,3.101563,6.796875,6.515625,0.201172,0.347656,1.126953,0.675171,0.420654,0.083008,0.600281,up
431377,3.136719,6.417969,6.664062,0.15625,0.341797,1.117188,0.666748,0.421509,0.082397,0.609131,up
431382,3.253906,6.074219,7.089844,0.15625,0.341797,1.117188,0.666748,0.421509,0.082397,0.609131,up
431388,3.328125,6.035156,7.246094,0.238281,0.300781,1.080078,0.666748,0.421509,0.082397,0.609131,up
431394,3.445313,5.996094,7.203125,0.398438,0.222656,1.035156,0.666748,0.421509,0.082397,0.609131,up
431399,3.636719,6.074219,7.089844,0.398438,0.222656,1.035156,0.656738,0.422852,0.081177,0.61908,up
431404,3.714844,6.226562,6.980469,0.548828,0.150391,0.990234,0.656738,0.422852,0.081177,0.61908,up
431409,3.75,6.378906,6.863281,0.548828,0.150391,0.990234,0.65448,0.423706,0.081177,0.620911,up
431414,3.789063,6.53125,6.703125,0.693359,0.109375,0.949219,0.65448,0.423706,0.081177,0.620911,up
431419,3.867188,6.957031,6.476562,0.693359,0.109375,0.949219,0.650208,0.425659,0.081421,0.623962,up
431424,3.867188,6.957031,6.476562,0.748047,0.109375,0.925781,0.64801,0.42688,0.081726,0.625427,up
431429,3.90625,7.140625,6.363281,0.748047,0.109375,0.925781,0.645752,0.42804,0.082092,0.626892,up
431434,3.90625,7.140625,6.363281,0.714844,0.15625,0.921875,0.643433,0.42926,0.08252,0.628418,up
431439,3.75,7.457031,6.019531,0.714844,0.15625,0.921875,0.643433,0.42926,0.08252,0.628418,up
431444,3.75,7.457031,6.019531,0.378906,0.21875,0.974609,0.639099,0.43103,0.083008,0.631531,up
431450,3.714844,7.21875,5.789062,0.378906,0.21875,0.974609,0.63501,0.432007,0.082764,0.635071,up
431456,3.789063,6.835937,5.980469,0.378906,0.21875,0.974609,0.633301,0.432129,0.082336,0.636719,up
431462,3.867188,6.722656,6.019531,0.007813,0.244141,1.0625,0.633301,0.432129,0.082336,0.636719,up
431468,3.980469,6.574219,6.132812,-0.033203,0.261719,1.097656,0.633301,0.432129,0.082336,0.636719,up
431473,4.058594,6.496094,6.210937,-0.046875,0.267578,1.125,0.627991,0.431641,0.080017,0.642578,up
431478,4.132812,6.414062,6.171875,-0.021484,0.28125,1.140625,0.627991,0.431641,0.080017,0.642578,up
431483,4.210937,6.414062,6.171875,0.025391,0.318359,1.15625,0.627991,0.431641,0.080017,0.642578,up
431488,4.25,6.265625,6.28125,0.025391,0.318359,1.15625,0.622131,0.430908,0.077637,0.649048,up
431494,4.25,6.226562,6.320312,0.273438,0.306641,1.177734,0.622131,0.430908,0.077637,0.649048,up
431499,4.171875,6.226562,6.324219,0.361328,0.277344,1.183594,0.617859,0.430908,0.076721,0.653198,up
431504,4.210937,6.296875,6.285156,0.361328,0.277344,1.183594,0.615601,0.431152,0.076416,0.655212,up
431509,4.210937,6.296875,6.285156,0.414062,0.232422,1.183594,0.613037,0.43158,0.076172,0.65741,up
431514,4.289062,6.375,6.171875,0.414062,0.232422,1.183594,0.610779,0.432007,0.075928,0.65918,up
431519,4.402344,6.335937,6.054687,0.353516,0.210937,1.175781,0.610779,0.432007,0.075928,0.65918,up
431524,4.402344,6.296875,5.902344,0.353516,0.210937,1.175781,0.605713,0.432983,0.075256,0.66333,up
431529,4.441406,6.296875,5.941406,0.353516,0.210937,1.175781,0.603394,0.43335,0.07489,0.665222,up
431534,4.441406,6.296875,5.941406,0.240234,0.185547,1.173828,0.603394,0.43335,0.07489,0.665222,up
431539,4.515625,6.300781,5.902344,0.171875,0.181641,1.181641,0.603394,0.43335,0.07489,0.665222,up
431544,4.515625,6.300781,5.902344,0.171875,0.181641,1.181641,0.594849,0.434021,0.072021,0.672729,up
431549,4.632812,6.265625,5.980469,0.171875,0.181641,1.181641,0.594849,0.434021,0.072021,0.672729,up
431554,4.59375,6.226562,6.019531,-0.076172,0.199219,1.1875,0.594849,0.434021,0.072021,0.672729,up
431559,4.59375,6.148437,6.054687,-0.175781,0.228516,1.195313,0.594849,0.434021,0.072021,0.672729,up
431564,4.746094,5.726562,6.175781,-0.175781,0.228516,1.195313,0.586975,0.432739,0.0672,0.680908,up
431569,4.785156,5.574219,6.214844,-0.175781,0.228516,1.195313,0.586975,0.432739,0.0672,0.680908,up
431574,4.746094,5.496094,6.246094,-0.175781,0.279297,1.177734,0.586975,0.432739,0.0672,0.680908,up
431579,4.746094,5.496094,6.246094,-0.150391,0.285156,1.181641,0.583374,0.431763,0.06488,0.684875,up
431584,4.671875,5.304687,6.363281,-0.150391,0.285156,1.181641,0.583374,0.431763,0.06488,0.684875,up
431589,4.671875,5.304687,6.363281,-0.066406,0.251953,1.195313,0.579407,0.430847,0.062744,0.688965,up
431594,4.515625,5.269531,6.359375,0.009766,0.224609,1.214844,0.579407,0.430847,0.062744,0.688965,up
431599,4.515625,5.269531,6.359375,0.095703,0.195312,1.21875,0.575195,0.430542,0.060791,0.692871,up
431604,4.554687,5.304687,6.285156,0.228516,0.179687,1.234375,0.575195,0.430542,0.060791,0.692871,up
431609,4.554687,5.382812,6.359375,0.228516,0.179687,1.234375,0.570557,0.430725,0.059265,0.696777,up
431614,4.554687,5.382812,6.324219,0.318359,0.166016,1.234375,0.570557,0.430725,0.059265,0.696777,up
431620,4.515625,5.574219,6.246094,0.318359,0.166016,1.234375,0.565552,0.431274,0.057983,0.700562,up
431625,4.59375,5.574219,6.171875,0.316406,0.171875,1.224609,0.565552,0.431274,0.057983,0.700562,up
431630,4.554687,5.574219,6.132812,0.316406,0.171875,1.224609,0.5578,0.432312,0.056335,0.706238,up
431635,4.671875,5.535156,6.097656,0.316406,0.171875,1.224609,0.555603,0.432434,0.055664,0.707947,up
431640,4.710937,5.460937,6.058594,0.316406,0.171875,1.224609,0.553223,0.432434,0.05481,0.709839,up
431645,4.710937,5.421875,6.054687,-0.019531,0.222656,1.199219,0.550903,0.432251,0.053711,0.711914,up
431650,4.554687,5.230469,6.09375,-0.019531,0.222656,1.199219,0.548767,0.431946,0.052612,0.713806,up
431655,4.441406,5.113281,6.171875,-0.019531,0.222656,1.199219,0.546997,0.431641,0.051575,0.715393,up
431660,4.402344,4.847656,6.214844,-0.154297,0.181641,1.175781,0.544861,0.431213,0.050171,0.717407,up
431665,4.402344,4.65625,6.320312,-0.160156,0.152344,1.179688,0.542847,0.430847,0.048828,0.719238,up
431670,4.480469,4.539062,6.398437,-0.160156,0.152344,1.179688,0.541138,0.430603,0.047607,0.720764,up
431675,4.554687,4.347656,6.4375,-0.113281,0.089844,1.181641,0.53894,0.430359,0.046082,0.722656,up
431680,4.671875,4.234375,6.554687,-0.041016,0.072266,1.175781,0.53894,0.430359,0.046082,0.722656,up
431685,4.710937,4.042969,6.554687,-0.041016,0.072266,1.175781,0.53479,0.430298,0.04364,0.725891,up
431690,4.632812,3.964844,6.625,-0.041016,0.072266,1.175781,0.532715,0.430542,0.042725,0.727295,up
431695,4.59375,3.925781,6.707031,-0.041016,0.072266,1.175781,0.530273,0.431091,0.04187,0.728821,up
431700,4.632812,3.890625,6.707031,0.476562,-0.095703,1.160156,0.527588,0.431946,0.04126,0.730286,up
431705,4.746094,4.003906,6.625,0.476562,-0.095703,1.160156,0.524902,0.432983,0.040771,0.731689,up
431710,4.785156,4.117187,6.519531,0.476562,-0.095703,1.160156,0.5224,0.434082,0.040466,0.732849,up
431715,4.746094,4.234375,6.402344,0.677734,-0.183594,1.142578,0.5224,0.434082,0.040466,0.732849,up
431720,4.710937,4.347656,6.28125,0.677734,-0.183594,1.142578,0.519531,0.435425,0.040161,0.73407,up
431725,4.902344,4.578125,5.976562,0.685547,-0.205078,1.123047,0.519531,0.435425,0.040161,0.73407,up
431730,4.9375,4.617187,5.976562,0.623047,-0.199219,1.097656,0.514038,0.43811,0.039673,0.736328,up
431735,4.976562,4.578125,5.828125,0.623047,-0.199219,1.097656,0.508667,0.440674,0.039063,0.738586,up
431740,5.015625,4.386719,5.863281,0.623047,-0.199219,1.097656,0.508667,0.440674,0.039063,0.738586,up
431745,4.976562,4.234375,6.058594,0.457031,-0.050781,1.056641,0.505859,0.441772,0.038696,0.739868,up
431750,4.976562,4.082031,6.136719,0.457031,-0.050781,1.056641,0.500977,0.443359,0.037964,0.74231,up
431755,5.015625,4.003906,6.210937,0.457031,-0.050781,1.056641,0.500977,0.443359,0.037964,0.74231,up
431760,5.128906,3.8125,6.324219,0.386719,-0.048828,1.029297,0.498596,0.444092,0.037476,0.74353,up
431765,5.167969,3.773438,6.4375,0.384766,-0.070312,1.033203,0.496643,0.444641,0.037048,0.744507,up
431770,5.167969,3.773438,6.4375,0.384766,-0.070312,1.033203,0.496643,0.444641,0.037048,0.744507,up
431775,5.167969,3.773438,6.4375,0.582031,-0.230469,1.015625,0.491882,0.44635,0.036011,0.746704,up
431780,5.320312,3.851563,6.515625,0.582031,-0.230469,1.015625,0.491882,0.44635,0.036011,0.746704,up
431785,5.359375,4.082031,6.4375,0.582031,-0.230469,1.015625,0.484131,0.450439,0.035217,0.749329,up
431790,5.4375,4.15625,6.402344,0.582031,-0.230469,1.015625,0.481201,0.452332,0.035278,0.750061,up
431795,5.476562,4.234375,6.320312,1.048828,-0.429687,1.001953,0.478271,0.454346,0.035522,0.750732,up
431801,5.511719,4.5,6.285156,1.048828,-0.429687,1.001953,0.475281,0.456543,0.035889,0.751282,up
431806,5.589844,4.617187,6.246094,1.185547,-0.501953,1.003906,0.475281,0.456543,0.035889,0.751282,up
431811,5.667969,4.65625,6.210937,1.205078,-0.523437,1.009766,0.475281,0.456543,0.035889,0.751282,up
431816,5.78125,4.65625,6.097656,1.205078,-0.523437,1.009766,0.465698,0.463867,0.037231,0.752686,up
431822,6.046875,4.65625,5.710937,1.205078,-0.523437,1.009766,0.462402,0.46637,0.037598,0.753174,up
431829,6.046875,4.617187,5.632812,1.087891,-0.466797,1.058594,0.462402,0.46637,0.037598,0.753174,up
431834,6.207031,4.769531,5.558594,1.070313,-0.4375,1.089844,0.462402,0.46637,0.037598,0.753174,up
431839,6.207031,4.769531,5.558594,1.039063,-0.396484,1.117188,0.452698,0.472961,0.03833,0.754883,up
431844,6.242187,4.730469,5.519531,1.039063,-0.396484,1.117188,0.449463,0.474976,0.038452,0.755615,up
431849,6.207031,4.695312,5.480469,1.005859,-0.333984,1.15625,0.449463,0.474976,0.038452,0.755615,up
431854,6.167969,4.695312,5.480469,1.005859,-0.333984,1.15625,0.449463,0.474976,0.038452,0.755615,up
431859,6.167969,4.695312,5.441406,1.005859,-0.333984,1.15625,0.439026,0.480774,0.039001,0.757996,up
431864,6.242187,4.65625,5.480469,1.117188,-0.367188,1.164063,0.439026,0.480774,0.039001,0.757996,up
431869,6.246094,4.617187,5.367187,1.117188,-0.367188,1.164063,0.432129,0.484802,0.039551,0.759399,up
431875,6.207031,4.539062,5.289062,1.273438,-0.474609,1.138672,0.432129,0.484802,0.039551,0.759399,up
431880,6.203125,4.539062,5.214844,1.273438,-0.474609,1.138672,0.42511,0.489197,0.040466,0.760437,up
431885,6.316406,4.578125,5.058594,1.310547,-0.556641,1.132813,0.42511,0.489197,0.040466,0.760437,up
431890,6.316406,4.578125,5.058594,1.310547,-0.556641,1.132813,0.414001,0.497009,0.04187,0.761475,up
431895,6.429687,4.539062,5.023437,1.310547,-0.556641,1.132813,0.414001,0.497009,0.04187,0.761475,up
431900,6.429687,4.539062,5.023437,1.349609,-0.742187,1.121094,0.410095,0.500061,0.042297,0.761597,up
431905,6.8125,4.578125,4.714844,1.349609,-0.785156,1.111328,0.406555,0.502869,0.042664,0.761597,up
431910,6.8125,4.578125,4.714844,1.349609,-0.785156,1.111328,0.406555,0.502869,0.042664,0.761597,up
431915,7.238281,4.695312,4.523437,1.326172,-0.816406,1.103516,0.39917,0.508911,0.043274,0.761475,up
431920,7.238281,4.695312,4.523437,1.210938,-0.810547,1.082031,0.395691,0.51178,0.043396,0.761353,up
431926,7.355469,4.464844,4.332031,1.210938,-0.810547,1.082031,0.388672,0.517273,0.043457,0.76123,up
431931,7.433594,4.425781,4.371094,1.042969,-0.716797,1.167969,0.384827,0.520081,0.043274,0.761292,up
431937,7.542969,4.425781,4.21875,1.042969,-0.716797,1.167969,0.381775,0.522217,0.042969,0.761353,up
431943,7.582031,4.234375,4.0625,1.042969,-0.716797,1.167969,0.37793,0.524719,0.042603,0.761597,up
431949,7.5,4.195312,4.027344,0.888672,-0.537109,1.279297,0.37793,0.524719,0.042603,0.761597,up
431954,7.472656,4.082031,4.027344,0.828125,-0.521484,1.296875,0.37793,0.524719,0.042603,0.761597,up
431959,7.542969,3.699219,4.101562,0.785156,-0.521484,1.320313,0.37793,0.524719,0.042603,0.761597,up
431965,7.503906,3.621094,4.179687,0.796875,-0.527344,1.322266,0.37793,0.524719,0.042603,0.761597,up
431970,7.578125,3.582031,4.253906,0.796875,-0.527344,1.322266,0.360657,0.53418,0.039368,0.76355,up
431975,7.65625,3.542969,4.253906,0.900391,-0.521484,1.251953,0.360657,0.53418,0.039368,0.76355,up
431980,7.773437,3.542969,4.332031,0.900391,-0.521484,1.251953,0.350037,0.539917,0.037781,0.764526,up
431985,7.773437,3.582031,4.332031,0.900391,-0.521484,1.251953,0.350037,0.539917,0.037781,0.764526,up
431990,7.816406,3.542969,4.371094,1.025391,-0.564453,1.107422,0.350037,0.539917,0.037781,0.764526,up
431995,7.960937,3.507813,4.292969,1.025391,-0.564453,1.107422,0.339661,0.546021,0.037476,0.764893,up
432000,8.121094,3.582031,4.253906,1.025391,-0.564453,1.107422,0.336426,0.548035,0.037537,0.764893,up
432005,8.304688,3.660156,4.0625,1.025391,-0.564453,1.107422,0.336426,0.548035,0.037537,0.764893,up
432010,8.304688,3.621094,4.0625,0.878906,-0.513672,0.927734,0.336426,0.548035,0.037537,0.764893,up
432015,8.34375,3.542969,3.949219,0.878906,-0.513672,0.927734,0.3302,0.55188,0.037659,0.764832,up
432020,8.34375,3.542969,3.949219,0.787109,-0.484375,0.90625,0.3302,0.55188,0.037659,0.764832,up
432026,8.421875,3.507813,3.871094,0.787109,-0.484375,0.90625,0.327393,0.553589,0.037537,0.764832,up
432031,8.425781,3.351563,3.796875,0.519531,-0.416016,0.880859,0.322205,0.556519,0.036804,0.764893,up
432036,8.425781,3.351563,3.796875,0.519531,-0.416016,0.880859,0.322205,0.556519,0.036804,0.764893,up
432041,8.464844,3.277344,3.757813,0.283203,-0.347656,0.851562,0.315979,0.559692,0.034302,0.76532,up
432046,8.382813,3.199219,3.835938,0.283203,-0.347656,0.851562,0.314209,0.560547,0.033325,0.765503,up
432051,8.386719,3.085938,4.027344,0.283203,-0.347656,0.851562,0.312317,0.561401,0.03241,0.765625,up
432056,8.347656,3.007813,4.027344,0.283203,-0.347656,0.851562,0.310669,0.562317,0.031738,0.765686,up
432061,8.425781,2.929688,4.101562,0.443359,-0.34375,0.669922,0.308716,0.563354,0.031189,0.765747,up
432066,8.386719,2.855469,4.179687,0.443359,-0.34375,0.669922,0.306702,0.564514,0.030884,0.765686,up
432071,8.460938,2.894531,4.179687,0.443359,-0.34375,0.669922,0.304993,0.565552,0.030823,0.765625,up
432076,8.5,2.929688,4.0625,0.677734,-0.332031,0.576172,0.302856,0.566833,0.030945,0.765564,up
432081,8.542969,2.96875,3.988281,0.677734,-0.332031,0.576172,0.301025,0.567932,0.031189,0.765442,up
432086,8.617188,3.085938,3.796875,0.677734,-0.332031,0.576172,0.298889,0.569153,0.031555,0.76532,up
432092,8.691406,3.277344,3.71875,0.677734,-0.332031,0.576172,0.297058,0.570251,0.03186,0.765198,up
432097,8.691406,3.277344,3.71875,0.638672,-0.267578,0.458984,0.295227,0.57135,0.032227,0.765076,up
432102,8.726563,3.429688,3.527344,0.638672,-0.267578,0.458984,0.29364,0.572266,0.032532,0.765015,up
432107,8.691406,3.46875,3.375,0.638672,-0.267578,0.458984,0.292114,0.573181,0.032837,0.764893,up
432112,8.726563,3.429688,3.335938,0.373047,-0.201172,0.320313,0.292114,0.573181,0.032837,0.764893,up
432117,8.726563,3.429688,3.335938,0.271484,-0.189453,0.267578,0.289917,0.574524,0.03302,0.764709,up
432122,8.621094,3.542969,3.488281,0.271484,-0.189453,0.267578,0.289185,0.575073,0.032959,0.764587,up
432128,8.578125,3.390625,3.453125,0.271484,-0.189453,0.267578,0.288635,0.575562,0.032837,0.764404,up
432134,8.539063,3.390625,3.453125,0.015625,-0.146484,0.146484,0.288635,0.575562,0.032837,0.764404,up
432140,8.539063,3.429688,3.414063,-0.064453,-0.121094,0.121094,0.288635,0.575562,0.032837,0.764404,up
432145,8.5,3.429688,3.414063,-0.064453,-0.121094,0.121094,0.288025,0.576355,0.031799,0.764099,up
432150,8.542969,3.351563,3.453125,-0.185547,-0.058594,0.089844,0.288025,0.576355,0.031799,0.764099,up
432155,8.582031,3.351563,3.414063,-0.185547,-0.058594,0.089844,0.288208,0.576416,0.030701,0.764038,up
432161,8.503906,3.351563,3.335938,-0.185547,-0.058594,0.089844,0.288391,0.576355,0.029785,0.764038,up
432166,8.503906,3.277344,3.335938,-0.105469,-0.025391,0.072266,0.288391,0.576355,0.029785,0.764038,up
432171,8.539063,3.199219,3.414063,-0.105469,-0.025391,0.072266,0.288513,0.576294,0.029114,0.764038,up
432176,8.691406,3.085938,3.375,-0.105469,-0.025391,0.072266,0.288513,0.576294,0.028992,0.764038,up
432181,8.6875,3.046875,3.527344,-0.105469,-0.025391,0.072266,0.288452,0.576355,0.028992,0.764038,up
432202,8.6875,3.46875,3.679688,0.363281,-0.066406,-0.033203,0.287231,0.577393,0.030945,0.763672,up
432207,8.660156,3.542969,3.644531,0.503906,-0.119141,-0.033203,0.286621,0.577942,0.031799,0.763428,up
432212,8.660156,3.773438,3.566406,0.542969,-0.130859,-0.03125,0.286621,0.577942,0.031799,0.763428,up
432218,8.765625,4.082031,3.414063,0.542969,-0.130859,-0.03125,0.285278,0.579163,0.033691,0.762878,up
432224,8.804688,4.195312,3.257813,0.525391,-0.15625,-0.015625,0.285278,0.579163,0.033691,0.762878,up
432229,8.804688,4.308594,3.222656,0.490234,-0.142578,-0.015625,0.285278,0.579163,0.033691,0.762878,up
432235,8.804688,4.386719,2.992188,0.490234,-0.142578,-0.015625,0.283325,0.581116,0.036255,0.762085,up
432241,8.882813,4.425781,2.953125,0.263672,-0.105469,-0.027344,0.283325,0.581116,0.036255,0.762085,up
432246,9.0,4.386719,2.839844,0.263672,-0.105469,-0.027344,0.28241,0.582031,0.037476,0.761597,up
432251,9.0,4.386719,2.839844,0.076172,-0.029297,-0.044922,0.282104,0.582581,0.038086,0.761292,up
432257,9.042969,4.273437,2.839844,-0.011719,0.015625,-0.058594,0.282227,0.582581,0.038208,0.76123,up
432262,8.882813,4.15625,2.992188,-0.011719,0.015625,-0.058594,0.28241,0.58252,0.038269,0.76123,up
432267,8.804688,4.082031,3.03125,-0.011719,0.015625,-0.058594,0.282715,0.582275,0.038269,0.761292,up
432273,8.578125,3.890625,3.144531,-0.011719,0.015625,-0.058594,0.28302,0.582031,0.038269,0.761353,up
432278,8.503906,3.890625,3.222656,-0.076172,0.083984,-0.091797,0.283386,0.581787,0.038269,0.761414,up
432283,8.386719,3.8125,3.257813,-0.076172,0.083984,-0.091797,0.283691,0.581604,0.03833,0.761475,up
432288,8.425781,3.890625,3.414063,-0.076172,0.083984,-0.091797,0.283691,0.581604,0.03833,0.761475,up
432294,8.460938,3.925781,3.414063,0.154297,-0.058594,-0.042969,0.283691,0.581604,0.03833,0.761475,up
432299,8.582031,4.082031,3.335938,0.271484,-0.105469,-0.009766,0.283691,0.581604,0.03833,0.761475,up
432305,8.691406,4.308594,3.222656,0.380859,-0.140625,0.001953,0.283691,0.581604,0.03833,0.761475,up
432311,8.765625,4.425781,3.222656,0.470703,-0.171875,0.007813,0.283691,0.581604,0.03833,0.761475,up
432316,8.765625,4.5,3.066406,0.501953,-0.179687,0.017578,0.283691,0.581604,0.03833,0.761475,up
432321,8.808594,4.578125,2.914063,0.515625,-0.160156,0.017578,0.283691,0.581604,0.03833,0.761475,up
432326,8.808594,4.578125,2.992188,0.460937,-0.144531,0.009766,0.280396,0.585144,0.042664,0.759766,up
432331,8.882813,4.539062,2.992188,0.460937,-0.144531,0.009766,0.279602,0.585815,0.043518,0.75946,up
432336,8.808594,4.5,2.992188,0.460937,-0.144531,0.009766,0.279053,0.586365,0.044189,0.759216,up
432341,8.804688,4.464844,2.992188,0.126953,-0.017578,0.001953,0.279053,0.586365,0.044189,0.759216,up
432346,8.730469,4.347656,3.03125,0.126953,-0.017578,0.001953,0.27832,0.586975,0.045105,0.758911,up
432351,8.726563,4.308594,2.992188,-0.074219,0.050781,-0.007813,0.27832,0.586975,0.045105,0.758911,up
432356,8.769531,4.273437,3.03125,-0.074219,0.050781,-0.007813,0.278564,0.58667,0.044922,0.759094,up
432361,8.769531,4.234375,3.144531,-0.150391,0.119141,-0.035156,0.278564,0.58667,0.044922,0.759094,up
432366,8.808594,4.117187,3.03125,-0.150391,0.119141,-0.035156,0.279175,0.585999,0.044617,0.759399,up
432371,8.769531,4.117187,3.03125,-0.125,0.132812,-0.0625,0.279175,0.585999,0.044617,0.759399,up
432376,8.691406,4.117187,3.105469,-0.125,0.132812,-0.0625,0.279785,0.585327,0.044495,0.759705,up
432381,8.578125,4.117187,3.183594,-0.125,0.132812,-0.0625,0.279968,0.585144,0.044556,0.759766,up
432386,8.421875,4.003906,3.183594,-0.125,0.132812,-0.0625,0.279968,0.585144,0.044556,0.759766,up
432391,8.421875,4.003906,3.183594,0.060547,0.074219,-0.066406,0.28009,0.5849,0.045044,0.759827,up
432396,8.5,4.15625,3.257813,0.060547,0.074219,-0.066406,0.28009,0.5849,0.045044,0.759827,up
432401,8.5,4.195312,3.296875,0.1875,-0.013672,-0.021484,0.28009,0.5849,0.045044,0.759827,up
432406,8.542969,4.234375,3.222656,0.1875,-0.013672,-0.021484,0.279785,0.585144,0.045837,0.759766,up
432412,8.578125,4.308594,3.144531,0.203125,-0.001953,-0.007813,0.279541,0.585327,0.046204,0.759705,up
432418,8.6875,4.308594,3.183594,0.203125,-0.001953,-0.007813,0.279114,0.585571,0.046875,0.759583,up
432423,8.730469,4.347656,3.144531,0.142578,0.013672,-0.015625,0.278931,0.585693,0.04718,0.759583,up
432430,8.691406,4.308594,3.105469,0.099609,0.052734,-0.011719,0.278931,0.585693,0.04718,0.759583,up
432435,8.691406,4.273437,3.105469,0.099609,0.052734,-0.011719,0.278931,0.585693,0.04718,0.759583,up
432440,8.691406,4.195312,3.183594,-0.005859,0.072266,-0.021484,0.278931,0.585693,0.04718,0.759583,up
432446,8.660156,4.15625,3.222656,-0.068359,0.113281,-0.033203,0.278931,0.585693,0.04718,0.759583,up
432451,8.578125,4.082031,3.222656,-0.076172,0.125,-0.037109,0.279053,0.585083,0.047791,0.759949,up
432457,8.542969,4.082031,3.257813,-0.076172,0.125,-0.037109,0.279419,0.584534,0.047729,0.760254,up
432462,8.539063,4.042969,3.296875,-0.029297,0.138672,-0.052734,0.279602,0.584167,0.047852,0.760437,up
432468,8.5,4.042969,3.296875,-0.029297,0.138672,-0.052734,0.279724,0.583923,0.047974,0.760559,up
432473,8.460938,4.117187,3.257813,0.042969,0.123047,-0.078125,0.279724,0.583923,0.047974,0.760559,up
432478,8.382813,4.117187,3.257813,0.087891,0.111328,-0.085937,0.279907,0.583496,0.048462,0.760803,up
432485,8.425781,4.117187,3.183594,0.119141,0.082031,-0.087891,0.279907,0.583496,0.048462,0.760803,up
432490,8.5,4.273437,3.257813,0.119141,0.082031,-0.087891,0.279907,0.583496,0.048462,0.760803,up
432496,8.460938,4.273437,3.257813,0.136719,0.048828,-0.070312,0.279907,0.583496,0.048462,0.760803,up
432501,8.425781,4.347656,3.222656,0.123047,0.041016,-0.070312,0.279907,0.583496,0.048462,0.760803,up
432506,8.386719,4.347656,3.257813,0.123047,0.041016,-0.070312,0.279846,0.583374,0.050293,0.760803,up
432511,8.421875,4.347656,3.335938,0.050781,0.007813,-0.044922,0.279846,0.583374,0.050598,0.760803,up
432516,8.382813,4.386719,3.296875,0.050781,0.007813,-0.044922,0.279907,0.583374,0.050781,0.760742,up
432521,8.386719,4.347656,3.335938,0.050781,0.007813,-0.044922,0.279907,0.583435,0.050842,0.760742,up
432527,8.421875,4.347656,3.335938,-0.064453,-0.001953,-0.029297,0.280029,0.583435,0.050903,0.760681,up
432532,8.382813,4.308594,3.375,-0.064453,-0.001953,-0.029297,0.280396,0.583313,0.05072,0.76062,up
432537,8.382813,4.273437,3.375,-0.097656,-0.009766,-0.039063,0.28064,0.583252,0.050537,0.76062,up
432543,8.382813,4.273437,3.335938,-0.103516,-0.015625,-0.035156,0.280823,0.583191,0.050415,0.760559,up
432548,8.425781,4.15625,3.335938,-0.103516,-0.015625,-0.035156,0.281067,0.583191,0.050232,0.760498,up
432553,8.425781,4.117187,3.257813,-0.111328,-0.023437,-0.041016,0.281067,0.583191,0.050232,0.760498,up
432558,8.5,4.003906,3.296875,-0.111328,-0.023437,-0.041016,0.281616,0.583069,0.049866,0.760376,up
432563,8.464844,3.964844,3.335938,-0.111328,-0.023437,-0.041016,0.281921,0.583069,0.049744,0.760315,up
432569,8.425781,3.925781,3.257813,-0.091797,-0.005859,-0.064453,0.281921,0.583069,0.049744,0.760315,up
432575,8.386719,3.890625,3.222656,-0.072266,0.001953,-0.083984,0.281921,0.583069,0.049744,0.760315,up
432580,8.421875,3.8125,3.257813,-0.072266,0.001953,-0.083984,0.281921,0.583069,0.049744,0.760315,up
432586,8.460938,3.851563,3.222656,-0.029297,-0.009766,-0.107422,0.281921,0.583069,0.049744,0.760315,up
432591,8.421875,3.890625,3.222656,0.023437,-0.035156,-0.123047,0.281921,0.583069,0.049744,0.760315,up
432597,8.425781,4.042969,3.222656,0.023437,-0.035156,-0.123047,0.283752,0.582947,0.050049,0.759705,up
432602,8.34375,4.117187,3.144531,0.066406,-0.042969,-0.152344,0.283752,0.582947,0.050049,0.759705,up
432607,8.34375,4.195312,3.066406,0.078125,-0.054687,-0.162109,0.283997,0.583069,0.050354,0.75946,up
432612,8.304688,4.273437,3.066406,0.078125,-0.054687,-0.162109,0.284485,0.583374,0.051025,0.759094,up
432617,8.347656,4.347656,2.992188,0.078125,-0.054687,-0.162109,0.284668,0.583496,0.051392,0.75885,up
432622,8.386719,4.386719,2.992188,0.089844,-0.056641,-0.173828,0.284668,0.583496,0.051392,0.75885,up
432627,8.308594,4.425781,2.914063,0.089844,-0.056641,-0.173828,0.285156,0.583801,0.052124,0.758362,up
432632,8.34375,4.425781,2.875,0.089844,-0.056641,-0.173828,0.285461,0.583923,0.052429,0.758179,up
432637,8.308594,4.464844,2.839844,0.023437,-0.035156,-0.173828,0.285461,0.583923,0.052429,0.758179,up
432642,8.34375,4.5,2.800781,0.023437,-0.035156,-0.173828,0.285767,0.583984,0.052734,0.757935,up
432647,8.347656,4.5,2.761719,-0.005859,-0.021484,-0.179687,0.285767,0.583984,0.052734,0.757935,up
432653,8.277344,4.464844,2.800781,-0.005859,-0.021484,-0.179687,0.286926,0.583984,0.053345,0.757507,up
432658,8.277344,4.464844,2.800781,-0.080078,0.005859,-0.167969,0.287354,0.583862,0.053406,0.757385,up
432663,8.308594,4.425781,2.914063,-0.080078,0.005859,-0.167969,0.287903,0.58374,0.053528,0.757263,up
432669,8.238281,4.386719,2.953125,-0.080078,0.005859,-0.167969,0.28833,0.583618,0.053589,0.757202,up
432674,8.273438,4.386719,3.066406,-0.085937,0.029297,-0.15625,0.28833,0.583618,0.053589,0.757202,up
432679,8.277344,4.308594,3.222656,-0.080078,0.019531,-0.148437,0.289246,0.583374,0.053711,0.75708,up
432684,8.308594,4.234375,3.375,-0.066406,0.011719,-0.132812,0.289246,0.583374,0.053711,0.75708,up
432690,8.304688,4.195312,3.414063,-0.044922,0.015625,-0.123047,0.289246,0.583374,0.053711,0.75708,up
432695,8.273438,4.15625,3.335938,-0.027344,0.007813,-0.117188,0.289246,0.583374,0.053711,0.75708,up
432700,8.273438,4.195312,3.296875,-0.015625,-0.009766,-0.117188,0.289246,0.583374,0.053711,0.75708,up
432705,8.277344,4.195312,3.257813,-0.015625,-0.009766,-0.117188,0.289246,0.583374,0.053711,0.75708,up
432711,8.347656,4.234375,3.222656,-0.015625,-0.009766,-0.117188,0.291077,0.583191,0.054382,0.75647,up
432717,8.386719,4.273437,3.222656,0.037109,-0.076172,-0.140625,0.291077,0.583191,0.054382,0.75647,up
432722,8.460938,4.308594,3.144531,0.042969,-0.087891,-0.15625,0.291809,0.583618,0.054993,0.755737,up
432727,8.464844,4.347656,3.144531,0.072266,-0.103516,-0.185547,0.291809,0.583618,0.054993,0.755737,up
432732,8.503906,4.425781,3.105469,0.076172,-0.101563,-0.193359,0.292114,0.583862,0.055359,0.755432,up
432737,8.539063,4.5,3.144531,0.076172,-0.101563,-0.193359,0.292664,0.58429,0.055969,0.754822,up
432742,8.582031,4.539062,3.222656,0.076172,-0.101563,-0.193359,0.292969,0.584473,0.056335,0.754578,up
432747,8.578125,4.65625,3.183594,0.044922,-0.070312,-0.185547,0.292969,0.584473,0.056335,0.754578,up
432752,8.617188,4.695312,3.222656,0.044922,-0.070312,-0.185547,0.293335,0.584656,0.056641,0.754272,up
432757,8.617188,4.730469,3.222656,0.025391,-0.0625,-0.185547,0.293335,0.584656,0.056641,0.754272,up
432762,8.660156,4.730469,3.257813,0.007813,-0.052734,-0.173828,0.294312,0.5849,0.057312,0.753601,up
432767,8.6875,4.769531,3.335938,0.007813,-0.052734,-0.173828,0.294312,0.5849,0.057312,0.753601,up
432772,8.6875,4.730469,3.296875,-0.046875,-0.039063,-0.117188,0.294312,0.5849,0.057312,0.753601,up
432777,8.65625,4.695312,3.296875,-0.046875,-0.039063,-0.117188,0.295349,0.585022,0.057556,0.753174,up
432782,8.660156,4.695312,3.375,-0.046875,-0.039063,-0.117188,0.295349,0.585022,0.057556,0.753174,up
432787,8.691406,4.730469,3.335938,-0.058594,-0.048828,-0.09375,0.295349,0.585022,0.057556,0.753174,up
432793,8.621094,4.695312,3.414063,-0.058594,-0.048828,-0.09375,0.296265,0.585083,0.057495,0.752747,up
432798,8.582031,4.695312,3.414063,-0.058594,-0.048828,-0.09375,0.296509,0.585083,0.057495,0.752625,up
432803,8.503906,4.695312,3.488281,-0.039063,-0.052734,-0.089844,0.296814,0.585144,0.057495,0.752502,up
432808,8.542969,4.65625,3.679688,-0.039063,-0.052734,-0.089844,0.297058,0.585205,0.057495,0.752319,up
432813,8.542969,4.617187,3.796875,-0.039063,-0.052734,-0.089844,0.297241,0.585266,0.057556,0.752197,up
432818,8.503906,4.617187,3.796875,-0.017578,-0.064453,-0.097656,0.297546,0.585388,0.057617,0.752014,up
432824,8.503906,4.695312,3.835938,-0.017578,-0.064453,-0.097656,0.297729,0.585449,0.057617,0.751831,up
432829,8.5,4.65625,3.757813,-0.048828,-0.048828,-0.091797,0.297729,0.585449,0.057617,0.751831,up
432836,8.460938,4.65625,3.835938,-0.066406,-0.058594,-0.091797,0.297729,0.585449,0.057617,0.751831,up
432841,8.539063,4.617187,3.835938,-0.095703,-0.064453,-0.089844,0.297729,0.585449,0.057617,0.751831,up
432846,8.460938,4.578125,3.757813,-0.111328,-0.060547,-0.087891,0.297729,0.585449,0.057617,0.751831,up
432851,8.460938,4.578125,3.71875,-0.111328,-0.060547,-0.087891,0.299316,0.585632,0.057312,0.751099,up
432857,8.421875,4.578125,3.605469,-0.132812,-0.058594,-0.089844,0.299316,0.585632,0.057312,0.751099,up
432862,8.386719,4.578125,3.566406,-0.119141,-0.054687,-0.089844,0.299316,0.585632,0.057312,0.751099,up
432867,8.386719,4.578125,3.566406,-0.119141,-0.054687,-0.089844,0.300842,0.585632,0.056702,0.750488,up
432872,8.308594,4.539062,3.527344,-0.119141,-0.054687,-0.089844,0.300842,0.585632,0.056702,0.750488,up
432877,8.273438,4.539062,3.488281,-0.068359,-0.070312,-0.089844,0.300842,0.585632,0.056702,0.750488,up
432882,8.234375,4.578125,3.453125,-0.029297,-0.082031,-0.089844,0.300842,0.585632,0.056702,0.750488,up
432887,8.199219,4.578125,3.453125,-0.029297,-0.082031,-0.089844,0.301697,0.585937,0.056641,0.749939,up
432892,8.199219,4.539062,3.414063,0.039063,-0.126953,-0.078125,0.301697,0.585937,0.056641,0.749939,up
432897,8.160156,4.578125,3.296875,0.039063,-0.126953,-0.078125,0.302002,0.586426,0.056763,0.749451,up
432903,8.160156,4.5,3.105469,0.039063,-0.126953,-0.078125,0.302246,0.586914,0.056885,0.748962,up
432908,8.195313,4.539062,3.105469,0.033203,-0.160156,-0.074219,0.302246,0.586914,0.056885,0.748962,up
432913,8.195313,4.539062,3.066406,0.033203,-0.160156,-0.074219,0.302551,0.587524,0.056946,0.748352,up
432918,8.199219,4.5,2.992188,-0.011719,-0.154297,-0.080078,0.302734,0.58783,0.056946,0.748047,up
432924,8.121094,4.464844,2.992188,-0.011719,-0.154297,-0.080078,0.302979,0.588074,0.056946,0.747742,up
432929,8.121094,4.464844,2.875,-0.046875,-0.160156,-0.089844,0.302979,0.588074,0.056946,0.747742,up
432934,8.15625,4.539062,2.875,-0.048828,-0.160156,-0.109375,0.302979,0.588074,0.056946,0.747742,up
432939,8.121094,4.539062,2.839844,-0.048828,-0.160156,-0.109375,0.303833,0.588806,0.056702,0.746826,up
432944,8.082031,4.539062,2.839844,-0.048828,-0.160156,-0.109375,0.303833,0.588806,0.056702,0.746826,up
432950,8.078125,4.539062,2.875,-0.03125,-0.164062,-0.136719,0.303833,0.588806,0.056702,0.746826,up
432955,8.078125,4.578125,2.914063,-0.033203,-0.167969,-0.140625,0.303833,0.588806,0.056702,0.746826,up
432960,8.117188,4.539062,2.914063,-0.033203,-0.167969,-0.140625,0.303833,0.588806,0.056702,0.746826,up
432966,8.117188,4.539062,2.953125,-0.033203,-0.167969,-0.140625,0.305603,0.590088,0.056763,0.745117,up
432972,8.078125,4.5,2.992188,-0.041016,-0.132812,-0.140625,0.305603,0.590088,0.056763,0.745117,up
432977,8.117188,4.539062,2.992188,-0.041016,-0.132812,-0.140625,0.306335,0.590454,0.056824,0.744507,up
432982,8.078125,4.539062,2.953125,-0.048828,-0.089844,-0.136719,0.306702,0.590576,0.056824,0.744263,up
432987,8.117188,4.5,2.953125,-0.048828,-0.089844,-0.136719,0.307068,0.590698,0.056885,0.744019,up
432993,8.078125,4.5,3.03125,-0.048828,-0.089844,-0.136719,0.307739,0.590942,0.056885,0.74353,up
432998,8.0,4.5,3.03125,-0.029297,-0.109375,-0.117188,0.308044,0.591064,0.056885,0.743286,up
433003,7.964844,4.5,2.992188,-0.011719,-0.142578,-0.125,0.308044,0.591064,0.056885,0.743286,up
433008,8.042969,4.539062,3.066406,-0.011719,-0.142578,-0.125,0.308655,0.591553,0.057007,0.742676,up
433013,8.039063,4.617187,3.03125,-0.011719,-0.142578,-0.125,0.308838,0.591858,0.057129,0.74231,up
433018,8.078125,4.617187,2.992188,0.082031,-0.175781,-0.134766,0.309021,0.592224,0.057312,0.741943,up
433023,8.121094,4.695312,2.953125,0.082031,-0.175781,-0.134766,0.309204,0.59259,0.057556,0.741577,up
433028,8.195313,4.695312,2.914063,0.082031,-0.175781,-0.134766,0.309448,0.592957,0.0578,0.74115,up
433033,8.238281,4.730469,2.914063,0.064453,-0.15625,-0.160156,0.309692,0.593323,0.058044,0.740784,up
433044,8.382813,4.769531,2.953125,0.013672,-0.130859,-0.162109,0.310303,0.59375,0.05835,0.740112,up
433050,8.460938,4.65625,2.992188,0.013672,-0.130859,-0.162109,0.310669,0.593811,0.05835,0.739929,up
433055,8.464844,4.65625,3.066406,-0.175781,-0.035156,-0.154297,0.310669,0.593811,0.05835,0.739929,up
433060,8.464844,4.65625,3.066406,-0.238281,-0.009766,-0.15625,0.311829,0.593628,0.058105,0.739624,up
433065,8.539063,4.539062,3.144531,-0.275391,0.007813,-0.15625,0.312561,0.593384,0.0578,0.739502,up
433070,8.539063,4.539062,3.144531,-0.275391,0.007813,-0.15625,0.312561,0.593384,0.0578,0.739502,up
433075,8.539063,4.539062,3.144531,-0.294922,0.039063,-0.177734,0.314026,0.592773,0.057251,0.73938,up
433080,8.539063,4.539062,3.144531,-0.294922,0.039063,-0.177734,0.314026,0.592773,0.057251,0.73938,up
433086,8.621094,4.386719,3.144531,-0.267578,0.044922,-0.189453,0.315552,0.592163,0.056885,0.739258,up
433092,8.621094,4.386719,3.183594,-0.267578,0.044922,-0.189453,0.315552,0.592163,0.056885,0.739258,up
433097,8.660156,4.5,3.222656,-0.052734,0.025391,-0.240234,0.315552,0.592163,0.056885,0.739258,up
433102,8.617188,4.578125,3.257813,-0.052734,0.025391,-0.240234,0.317444,0.591492,0.05719,0.738953,up
433107,8.617188,4.65625,3.335938,-0.052734,0.025391,-0.240234,0.317993,0.591431,0.057495,0.73877,up
433113,8.621094,4.730469,3.335938,0.037109,0.035156,-0.242187,0.317993,0.591431,0.057495,0.73877,up
433118,8.542969,4.808594,3.296875,0.037109,0.035156,-0.242187,0.319336,0.591187,0.058716,0.738281,up
433123,8.582031,4.921875,3.257813,0.037109,0.035156,-0.242187,0.319763,0.591064,0.059143,0.738159,up
433128,8.578125,5.0,3.335938,0.037109,0.035156,-0.242187,0.319763,0.591064,0.059143,0.738159,up
433133,8.582031,5.078125,3.296875,-0.095703,0.044922,-0.226562,0.319763,0.591064,0.059143,0.738159,up
433138,8.578125,5.152344,3.257813,-0.095703,0.044922,-0.226562,0.321411,0.590576,0.059814,0.737793,up
433144,8.578125,5.152344,3.257813,-0.095703,0.044922,-0.226562,0.322083,0.590332,0.059875,0.737671,up
433149,8.582031,5.152344,3.222656,-0.222656,0.029297,-0.222656,0.322083,0.590332,0.059875,0.737671,up
433155,8.578125,5.152344,3.183594,-0.238281,0.029297,-0.220703,0.323608,0.589783,0.059753,0.737488,up
433160,8.578125,5.152344,3.144531,-0.238281,0.029297,-0.220703,0.324402,0.589539,0.059631,0.737366,up
433166,8.542969,5.113281,3.105469,-0.255859,0.007813,-0.208984,0.324402,0.589539,0.059631,0.737366,up
433171,8.542969,5.113281,3.105469,-0.261719,0.001953,-0.210937,0.324402,0.589539,0.059631,0.737366,up
433176,8.578125,5.078125,3.144531,-0.261719,0.001953,-0.210937,0.326721,0.588745,0.059143,0.737,up
433181,8.578125,5.039062,3.144531,-0.236328,0.007813,-0.205078,0.326721,0.588745,0.059143,0.737,up
433186,8.539063,5.078125,3.144531,-0.222656,0.017578,-0.201172,0.326721,0.588745,0.059143,0.737,up
433191,8.503906,5.039062,3.105469,-0.195312,0.039063,-0.201172,0.326721,0.588745,0.059143,0.737,up
433196,8.464844,5.039062,3.066406,-0.195312,0.039063,-0.201172,0.326721,0.588745,0.059143,0.737,up
433201,8.425781,5.039062,3.03125,-0.142578,0.041016,-0.193359,0.326721,0.588745,0.059143,0.737,up
433206,8.304688,5.078125,3.105469,-0.134766,0.042969,-0.185547,0.326721,0.588745,0.059143,0.737,up
433211,8.234375,5.113281,3.144531,-0.134766,0.042969,-0.185547,0.326721,0.588745,0.059143,0.737,up
433217,8.199219,5.152344,3.144531,-0.134766,0.042969,-0.185547,0.331848,0.586792,0.05896,0.736267,up
433223,8.15625,5.230469,3.105469,-0.089844,0.023437,-0.164062,0.332703,0.586548,0.059143,0.736084,up
433228,8.160156,5.304687,3.03125,-0.089844,0.023437,-0.164062,0.332703,0.586548,0.059143,0.736084,up
433233,8.082031,5.382812,3.066406,-0.070312,-0.011719,-0.121094,0.332703,0.586548,0.059143,0.736084,up
433238,8.117188,5.382812,3.03125,-0.070312,-0.011719,-0.121094,0.333801,0.586304,0.059265,0.735718,up
433243,8.082031,5.421875,2.953125,-0.095703,-0.013672,-0.107422,0.333801,0.586304,0.059265,0.735718,up
433249,8.0,5.382812,2.992188,-0.095703,-0.013672,-0.107422,0.334534,0.586121,0.059143,0.735535,up
433254,8.042969,5.304687,2.992188,-0.164062,-0.015625,-0.089844,0.334534,0.586121,0.059143,0.735535,up
433259,8.003906,5.304687,3.03125,-0.195312,0.0,-0.074219,0.334534,0.586121,0.059143,0.735535,up
433265,8.0,5.078125,2.992188,-0.195312,0.0,-0.074219,0.335815,0.585693,0.058533,0.735352,up
433270,7.960937,5.113281,3.066406,-0.257813,0.027344,-0.0625,0.336304,0.585449,0.058167,0.735352,up
433275,7.886719,5.0,3.144531,-0.271484,0.042969,-0.058594,0.336304,0.585449,0.058167,0.735352,up
433280,7.925781,4.886719,3.144531,-0.261719,0.052734,-0.064453,0.336304,0.585449,0.058167,0.735352,up
433285,7.925781,4.886719,3.144531,-0.246094,0.060547,-0.0625,0.336304,0.585449,0.058167,0.735352,up
433292,7.964844,4.808594,3.183594,-0.21875,0.060547,-0.074219,0.336304,0.585449,0.058167,0.735352,up
433297,7.960937,4.847656,3.144531,-0.171875,0.048828,-0.076172,0.336304,0.585449,0.058167,0.735352,up
433303,7.921875,4.808594,3.144531,-0.136719,0.048828,-0.082031,0.339478,0.583435,0.056396,0.735657,up
433308,7.886719,4.808594,3.183594,-0.136719,0.048828,-0.082031,0.339478,0.583435,0.056396,0.735657,up
433313,7.925781,4.886719,3.183594,-0.003906,0.017578,-0.087891,0.339478,0.583435,0.056396,0.735657,up
433318,7.921875,4.847656,3.222656,-0.003906,0.017578,-0.087891,0.340149,0.58313,0.056702,0.735535,up
433323,7.925781,4.886719,3.144531,-0.003906,0.017578,-0.087891,0.340149,0.58313,0.056702,0.735535,up
433328,7.925781,4.921875,3.144531,-0.042969,0.023437,-0.080078,0.340149,0.58313,0.056702,0.735535,up
433333,8.003906,4.921875,3.183594,-0.042969,0.023437,-0.080078,0.340515,0.582947,0.056885,0.735474,up
433338,8.0,4.921875,3.105469,-0.042969,0.023437,-0.080078,0.340759,0.582886,0.056885,0.735474,up
433344,8.082031,4.960937,3.066406,-0.128906,0.021484,-0.078125,0.340759,0.582886,0.056885,0.735474,up
433349,8.082031,4.921875,3.03125,-0.128906,0.021484,-0.078125,0.341736,0.582397,0.056641,0.735413,up
433354,8.082031,4.886719,3.03125,-0.128906,0.021484,-0.078125,0.342102,0.582214,0.056458,0.735413,up
433359,8.117188,4.847656,3.066406,-0.177734,0.035156,-0.089844,0.34259,0.58197,0.056274,0.735413,up
433365,8.078125,4.808594,3.03125,-0.177734,0.035156,-0.089844,0.342957,0.581787,0.056152,0.735352,up
433370,8.082031,4.808594,3.105469,-0.162109,0.041016,-0.097656,0.343384,0.581543,0.055969,0.735352,up
433375,8.042969,4.808594,3.066406,-0.162109,0.041016,-0.097656,0.343811,0.581299,0.055908,0.735352,up
433381,8.0,4.808594,3.144531,-0.134766,0.046875,-0.111328,0.343811,0.581299,0.055908,0.735352,up
433386,8.003906,4.808594,3.105469,-0.111328,0.035156,-0.113281,0.344604,0.580872,0.055786,0.735352,up
433391,8.0,4.808594,3.144531,-0.095703,0.03125,-0.113281,0.344604,0.580872,0.055786,0.735352,up
