timestamp,ax,ay,az,gx,gy,gz,qw,qx,qy,qz,label
318072,2.351563,9.078125,3.046875,0.166016,0.068359,0.003906,0.795959,0.583435,-0.034668,0.157654,up
318077,2.277344,9.082031,3.085938,0.183594,0.0625,0.009766,0.795959,0.583435,-0.034668,0.157654,up
318082,2.160156,9.148438,3.085938,0.199219,0.060547,0.001953,0.795959,0.583435,-0.034668,0.157654,up
318087,2.160156,9.117188,3.046875,0.199219,0.054687,0.003906,0.795959,0.583435,-0.034668,0.157654,up
318093,2.199219,9.121094,3.046875,0.207031,0.041016,0.005859,0.795959,0.583435,-0.034668,0.157654,up
318098,2.238281,9.082031,3.085938,0.205078,0.027344,0.009766,0.795959,0.583435,-0.034668,0.157654,up
318103,2.277344,9.078125,3.046875,0.205078,0.027344,0.009766,0.793213,0.586914,-0.032715,0.159241,up
318109,2.3125,9.082031,3.007813,0.193359,0.023437,0.029297,0.792603,0.587646,-0.032532,0.159424,up
318114,2.351563,9.078125,3.046875,0.193359,0.023437,0.029297,0.792603,0.587646,-0.032532,0.159424,up
318119,2.277344,9.0,3.046875,0.167969,0.041016,0.033203,0.792297,0.588013,-0.03241,0.159607,up
318124,2.238281,9.0,3.046875,0.167969,0.041016,0.033203,0.792053,0.588318,-0.032288,0.159729,up
318129,2.160156,9.042969,3.007813,0.167969,0.041016,0.033203,0.791809,0.588623,-0.032166,0.159912,up
318134,2.199219,9.039063,3.007813,0.167969,0.041016,0.033203,0.791565,0.588928,-0.032104,0.160095,up
318139,2.238281,9.0,3.046875,0.148437,0.039063,0.037109,0.791565,0.588928,-0.032104,0.160095,up
318144,2.277344,9.0,3.046875,0.148437,0.039063,0.037109,0.791016,0.589478,-0.031921,0.160461,up
318149,2.3125,8.960938,3.046875,0.148437,0.039063,0.037109,0.790833,0.589783,-0.031799,0.160583,up
318154,2.277344,8.925781,3.046875,0.164062,0.054687,0.015625,0.790588,0.590027,-0.031677,0.160706,up
318159,2.277344,8.960938,3.046875,0.164062,0.054687,0.015625,0.790344,0.590332,-0.031555,0.160889,up
318164,2.238281,8.964844,3.007813,0.158203,0.072266,0.001953,0.7901,0.590637,-0.031372,0.161011,up
318170,2.199219,8.921875,3.046875,0.158203,0.072266,0.001953,0.789673,0.591187,-0.030945,0.161255,up
318175,2.199219,8.960938,3.007813,0.128906,0.089844,-0.001953,0.789429,0.591431,-0.030701,0.161438,up
318180,2.199219,9.003906,3.046875,0.115234,0.099609,-0.001953,0.789246,0.591614,-0.030457,0.16156,up
318186,2.160156,9.003906,3.007813,0.128906,0.107422,-0.005859,0.789124,0.591797,-0.030212,0.161743,up
318191,2.160156,9.003906,3.085938,0.128906,0.107422,-0.005859,0.78894,0.592041,-0.029907,0.161865,up
318196,2.121094,8.960938,2.972656,0.142578,0.126953,-0.029297,0.78894,0.592041,-0.029907,0.161865,up
318203,2.085938,8.921875,3.007813,0.146484,0.130859,-0.03125,0.78894,0.592041,-0.029907,0.161865,up
318209,2.046875,8.960938,3.007813,0.146484,0.130859,-0.03125,0.78833,0.592773,-0.028809,0.162354,up
318214,2.046875,8.964844,3.046875,0.195312,0.126953,-0.052734,0.78833,0.592773,-0.028809,0.162354,up
318219,2.007813,9.082031,3.007813,0.195312,0.126953,-0.052734,0.787842,0.593323,-0.028015,0.162598,up
318224,2.007813,9.042969,3.007813,0.195312,0.126953,-0.052734,0.787537,0.59375,-0.027527,0.16272,up
318230,2.007813,9.078125,3.046875,0.238281,0.134766,-0.072266,0.787537,0.59375,-0.027527,0.16272,up
318235,1.96875,9.078125,3.046875,0.238281,0.134766,-0.072266,0.786621,0.594971,-0.026123,0.162964,up
318241,1.929688,9.1875,3.007813,0.238281,0.134766,-0.072266,0.786316,0.595398,-0.025635,0.163025,up
318246,1.929688,9.226563,3.007813,0.251953,0.140625,-0.076172,0.78595,0.595825,-0.025146,0.163147,up
318251,1.894531,9.269531,3.046875,0.242187,0.132812,-0.083984,0.78595,0.595825,-0.025146,0.163147,up
318257,1.894531,9.230469,2.894531,0.242187,0.132812,-0.083984,0.78595,0.595825,-0.025146,0.163147,up
318264,1.894531,9.230469,2.933594,0.197266,0.126953,-0.085937,0.78595,0.595825,-0.025146,0.163147,up
318269,1.894531,9.121094,2.933594,0.175781,0.117188,-0.074219,0.78595,0.595825,-0.025146,0.163147,up
318275,1.929688,9.152344,2.894531,0.167969,0.107422,-0.070312,0.78595,0.595825,-0.025146,0.163147,up
318280,1.929688,9.1875,2.933594,0.167969,0.107422,-0.070312,0.784119,0.598267,-0.021912,0.163513,up
318285,1.929688,9.1875,2.894531,0.146484,0.128906,-0.080078,0.784119,0.598267,-0.021912,0.163513,up
318290,1.929688,9.191406,2.855469,0.134766,0.134766,-0.080078,0.783936,0.598511,-0.021545,0.163574,up
318296,1.929688,9.191406,2.816406,0.134766,0.134766,-0.080078,0.78363,0.598938,-0.02063,0.163696,up
318301,1.929688,9.148438,2.816406,0.125,0.134766,-0.089844,0.783447,0.599121,-0.020142,0.163757,up
318306,1.929688,9.148438,2.816406,0.128906,0.136719,-0.09375,0.783325,0.599304,-0.019714,0.163757,up
318312,2.007813,9.265625,2.78125,0.128906,0.136719,-0.09375,0.783142,0.599548,-0.019226,0.163818,up
318318,2.007813,9.265625,2.78125,0.142578,0.146484,-0.107422,0.783142,0.599548,-0.019226,0.163818,up
318323,2.007813,9.226563,2.816406,0.132812,0.152344,-0.107422,0.783142,0.599548,-0.019226,0.163818,up
318328,1.96875,9.1875,2.816406,0.121094,0.167969,-0.121094,0.783142,0.599548,-0.019226,0.163818,up
318333,1.96875,9.152344,2.816406,0.119141,0.173828,-0.111328,0.783142,0.599548,-0.019226,0.163818,up
318339,1.929688,9.121094,2.816406,0.101563,0.189453,-0.125,0.783142,0.599548,-0.019226,0.163818,up
318344,1.929688,9.117188,2.78125,0.087891,0.181641,-0.117188,0.783142,0.599548,-0.019226,0.163818,up
318349,1.894531,9.078125,2.855469,0.087891,0.181641,-0.117188,0.782227,0.600769,-0.015259,0.164124,up
318354,1.894531,9.117188,2.855469,0.087891,0.181641,-0.117188,0.782166,0.600891,-0.014648,0.164185,up
318360,1.894531,9.078125,2.855469,0.119141,0.154297,-0.130859,0.782166,0.600891,-0.014648,0.164185,up
318365,1.929688,9.042969,2.855469,0.119141,0.154297,-0.130859,0.781799,0.601379,-0.012939,0.164185,up
318370,1.929688,9.082031,2.855469,0.119141,0.154297,-0.130859,0.781616,0.601624,-0.01239,0.164185,up
318375,1.929688,9.121094,2.816406,0.119141,0.154297,-0.130859,0.781616,0.601624,-0.01239,0.164185,up
318380,1.929688,9.121094,2.816406,0.240234,0.125,-0.15625,0.781006,0.602478,-0.011169,0.164001,up
318385,1.929688,9.117188,2.78125,0.296875,0.09375,-0.171875,0.78064,0.603027,-0.01062,0.163818,up
318390,1.96875,9.191406,2.78125,0.296875,0.09375,-0.171875,0.780212,0.603638,-0.009949,0.163635,up
318395,2.007813,9.230469,2.78125,0.318359,0.085937,-0.171875,0.780212,0.603638,-0.009949,0.163635,up
318400,2.085938,9.121094,2.78125,0.318359,0.085937,-0.171875,0.779846,0.604187,-0.009399,0.163452,up
318405,2.085938,9.148438,2.78125,0.318359,0.085937,-0.171875,0.779053,0.605347,-0.00824,0.163086,up
318410,2.085938,9.191406,2.78125,0.318359,0.109375,-0.181641,0.779053,0.605347,-0.00824,0.163086,up
318415,2.085938,9.191406,2.78125,0.318359,0.109375,-0.181641,0.778625,0.605957,-0.007568,0.162903,up
318420,2.007813,9.230469,2.78125,0.314453,0.130859,-0.185547,0.778625,0.605957,-0.007568,0.162903,up
318425,2.046875,9.1875,2.742188,0.277344,0.146484,-0.1875,0.777832,0.606995,-0.006287,0.162659,up
318430,1.96875,9.230469,2.78125,0.277344,0.146484,-0.1875,0.7771,0.608032,-0.004883,0.162415,up
318435,2.046875,9.269531,2.742188,0.277344,0.146484,-0.1875,0.7771,0.608032,-0.004883,0.162415,up
318440,2.007813,9.304688,2.742188,0.277344,0.146484,-0.1875,0.776367,0.609009,-0.003296,0.16217,up
318445,2.007813,9.304688,2.703125,0.277344,0.146484,-0.1875,0.776367,0.609009,-0.003296,0.16217,up
318450,1.96875,9.304688,2.664063,0.341797,0.228516,-0.228516,0.776367,0.609009,-0.003296,0.16217,up
318456,1.929688,9.308594,2.703125,0.341797,0.228516,-0.228516,0.775146,0.610718,-0.000488,0.161926,up
318462,1.855469,9.425781,2.664063,0.341797,0.228516,-0.228516,0.774658,0.611328,0.000427,0.161804,up
318467,1.855469,9.425781,2.625,0.382813,0.228516,-0.261719,0.77417,0.612,0.001465,0.161682,up
318472,1.816406,9.421875,2.511719,0.382813,0.242187,-0.277344,0.77417,0.612,0.001465,0.161682,up
318477,1.816406,9.425781,2.550781,0.386719,0.230469,-0.279297,0.77417,0.612,0.001465,0.161682,up
318482,1.738281,9.425781,2.589844,0.378906,0.222656,-0.287109,0.77417,0.612,0.001465,0.161682,up
318488,1.777344,9.386719,2.550781,0.376953,0.207031,-0.291016,0.77417,0.612,0.001465,0.161682,up
318493,1.855469,9.425781,2.664063,0.373047,0.201172,-0.298828,0.77417,0.612,0.001465,0.161682,up
318499,1.855469,9.464844,2.589844,0.392578,0.193359,-0.298828,0.77417,0.612,0.001465,0.161682,up
318504,1.894531,9.460938,2.472656,0.404297,0.216797,-0.298828,0.77417,0.612,0.001465,0.161682,up
318510,1.929688,9.460938,2.433594,0.410156,0.21875,-0.302734,0.77417,0.612,0.001465,0.161682,up
318515,1.929688,9.5,2.398438,0.4375,0.238281,-0.298828,0.769775,0.61792,0.010803,0.159668,up
318521,1.96875,9.574219,2.398438,0.4375,0.238281,-0.298828,0.768616,0.619446,0.013123,0.159241,up
318526,1.96875,9.613281,2.320313,0.458984,0.275391,-0.277344,0.768005,0.620178,0.014282,0.159119,up
318532,1.929688,9.769531,2.242188,0.458984,0.275391,-0.277344,0.767456,0.620911,0.015381,0.158997,up
318537,1.929688,9.804688,2.207031,0.484375,0.300781,-0.267578,0.767456,0.620911,0.015381,0.158997,up
318542,1.929688,9.886719,2.207031,0.486328,0.3125,-0.263672,0.767456,0.620911,0.015381,0.158997,up
318547,1.894531,9.925781,2.207031,0.486328,0.3125,-0.263672,0.767456,0.620911,0.015381,0.158997,up
318552,1.894531,9.925781,2.167969,0.46875,0.3125,-0.257813,0.765442,0.623291,0.018982,0.158875,up
318557,1.894531,9.925781,2.167969,0.46875,0.3125,-0.257813,0.764832,0.624023,0.020142,0.158875,up
318563,1.894531,9.925781,2.128906,0.419922,0.333984,-0.244141,0.764221,0.624695,0.021362,0.158875,up
318568,1.894531,9.953125,2.050781,0.378906,0.359375,-0.248047,0.763123,0.625916,0.023804,0.158997,up
318574,1.894531,9.953125,2.015625,0.378906,0.359375,-0.248047,0.763123,0.625916,0.023804,0.158997,up
318580,1.855469,9.957031,2.015625,0.287109,0.396484,-0.234375,0.763123,0.625916,0.023804,0.158997,up
318585,1.855469,9.925781,2.015625,0.253906,0.412109,-0.230469,0.76178,0.627319,0.027527,0.159363,up
318590,1.816406,9.921875,1.976563,0.253906,0.412109,-0.230469,0.761414,0.627686,0.028809,0.159546,up
318596,1.816406,9.882813,2.015625,0.246094,0.427734,-0.21875,0.760681,0.628296,0.031433,0.160034,up
318601,1.777344,9.921875,1.898438,0.246094,0.427734,-0.21875,0.760376,0.62854,0.032715,0.160339,up
318607,1.703125,9.925781,1.976563,0.246094,0.427734,-0.21875,0.76001,0.628845,0.033997,0.160645,up
318612,1.664063,9.882813,1.976563,0.275391,0.482422,-0.175781,0.759583,0.62915,0.035278,0.161011,up
318617,1.664063,9.886719,1.898438,0.28125,0.521484,-0.175781,0.759583,0.62915,0.035278,0.161011,up
318622,1.625,9.925781,1.820313,0.28125,0.521484,-0.175781,0.759583,0.62915,0.035278,0.161011,up
318627,1.625,9.957031,1.785156,0.308594,0.570312,-0.144531,0.759583,0.62915,0.035278,0.161011,up
318632,1.625,9.957031,1.820313,0.322266,0.59375,-0.136719,0.759583,0.62915,0.035278,0.161011,up
318638,1.625,10.035156,1.976563,0.322266,0.59375,-0.136719,0.757202,0.630859,0.04248,0.163818,up
318643,1.585938,10.074219,1.898438,0.351563,0.638672,-0.132812,0.757202,0.630859,0.04248,0.163818,up
318649,1.585938,10.035156,1.9375,0.367188,0.671875,-0.125,0.757202,0.630859,0.04248,0.163818,up
318654,1.472656,10.03125,1.976563,0.367188,0.671875,-0.125,0.755371,0.632019,0.047546,0.166199,up
318659,1.28125,10.074219,2.015625,0.367188,0.671875,-0.125,0.755371,0.632019,0.047546,0.166199,up
318664,1.164063,10.113281,1.976563,0.367188,0.671875,-0.125,0.754333,0.632629,0.050842,0.167847,up
318669,1.089844,10.109375,1.9375,0.333984,0.816406,-0.195312,0.754333,0.632629,0.050842,0.167847,up
318674,1.050781,10.113281,1.9375,0.333984,0.816406,-0.195312,0.753296,0.633118,0.05481,0.169617,up
318680,0.898437,10.03125,1.898438,0.333984,0.816406,-0.195312,0.752319,0.633362,0.059021,0.171387,up
318685,0.859375,9.992188,1.859375,0.333984,0.816406,-0.195312,0.752319,0.633362,0.059021,0.171387,up
318690,0.820312,9.882813,1.898438,0.207031,0.839844,-0.234375,0.752319,0.633362,0.059021,0.171387,up
318695,0.78125,9.847656,1.859375,0.207031,0.839844,-0.234375,0.751587,0.633362,0.063171,0.173157,up
318700,0.820312,9.808594,1.898438,0.193359,0.744141,-0.21875,0.751587,0.633362,0.063171,0.173157,up
318705,0.78125,9.730469,1.859375,0.193359,0.744141,-0.21875,0.750916,0.633301,0.067139,0.174805,up
318711,0.859375,9.574219,1.898438,0.193359,0.744141,-0.21875,0.750183,0.633423,0.070618,0.176147,up
318716,0.898437,9.5,1.9375,0.255859,0.673828,-0.205078,0.749756,0.633545,0.07251,0.17688,up
318721,0.933594,9.460938,1.9375,0.287109,0.650391,-0.195312,0.749268,0.633728,0.074219,0.177551,up
318726,0.933594,9.460938,1.9375,0.287109,0.650391,-0.195312,0.748779,0.633911,0.075745,0.178101,up
318731,0.898437,9.460938,1.9375,0.287109,0.650391,-0.195312,0.74823,0.634216,0.077515,0.178833,up
318736,0.972656,9.425781,1.898438,0.300781,0.648437,-0.164062,0.74823,0.634216,0.077515,0.178833,up
318741,0.933594,9.425781,1.9375,0.300781,0.648437,-0.164062,0.747131,0.634705,0.08075,0.180115,up
318746,0.820312,9.386719,1.9375,0.300781,0.648437,-0.164062,0.746643,0.634888,0.082214,0.180786,up
318751,0.742187,9.382813,1.820313,0.300781,0.648437,-0.164062,0.746033,0.635193,0.083862,0.181519,up
318756,0.628906,9.386719,1.746094,0.333984,0.666016,-0.15625,0.746033,0.635193,0.083862,0.181519,up
318761,0.285156,9.421875,1.785156,0.347656,0.644531,-0.160156,0.745361,0.635498,0.085632,0.182312,up
318766,0.285156,9.421875,1.785156,0.347656,0.615234,-0.169922,0.744202,0.636108,0.088745,0.183533,up
318772,-0.175781,9.535156,1.859375,0.34375,0.585937,-0.189453,0.74353,0.636475,0.090515,0.184143,up
318777,-0.367188,9.609375,1.9375,0.332031,0.544922,-0.212891,0.742981,0.63678,0.092041,0.184631,up
318782,-0.671875,9.726563,1.976563,0.332031,0.544922,-0.212891,0.742432,0.637085,0.093567,0.184937,up
318788,-0.671875,9.726563,2.089844,0.332031,0.544922,-0.212891,0.741943,0.637329,0.094788,0.18512,up
318794,-0.519531,9.765625,2.128906,0.308594,0.279297,-0.289063,0.741943,0.637329,0.094788,0.18512,up
318800,-0.136719,9.726563,2.089844,0.291016,0.103516,-0.294922,0.740784,0.63855,0.097717,0.184265,up
318805,0.015625,9.6875,2.128906,0.291016,0.103516,-0.294922,0.740784,0.63855,0.097717,0.184265,up
318810,0.207031,9.609375,2.089844,0.244141,-0.205078,-0.294922,0.740784,0.63855,0.097717,0.184265,up
318816,0.324219,9.570313,2.089844,0.236328,-0.292969,-0.300781,0.740173,0.640015,0.098267,0.181274,up
318821,0.550781,9.308594,1.976563,0.236328,-0.292969,-0.300781,0.73999,0.640625,0.098267,0.179993,up
318826,0.667969,9.308594,1.859375,0.248047,-0.367188,-0.326172,0.73999,0.640625,0.098267,0.179993,up
318831,0.820312,9.265625,1.785156,0.167969,-0.353516,-0.316406,0.739807,0.641113,0.098267,0.178833,up
318836,1.089844,9.191406,1.667969,0.167969,-0.353516,-0.316406,0.739746,0.641846,0.098145,0.176514,up
318841,1.203125,9.152344,1.667969,0.167969,-0.353516,-0.316406,0.73999,0.641907,0.098145,0.175476,up
318846,1.316406,9.117188,1.554688,0.167969,-0.353516,-0.316406,0.73999,0.641907,0.098145,0.175476,up
318851,1.394531,9.082031,1.554688,-0.173828,-0.105469,-0.28125,0.740723,0.641296,0.098572,0.174255,up
318856,1.316406,9.003906,1.476563,-0.173828,-0.105469,-0.28125,0.74115,0.640869,0.09906,0.173828,up
318861,1.242188,8.960938,1.402344,-0.083984,0.205078,-0.302734,0.74115,0.640869,0.09906,0.173828,up
318866,1.125,9.0,1.402344,-0.083984,0.205078,-0.302734,0.741577,0.640198,0.100647,0.173401,up
318871,0.972656,9.0,1.554688,0.123047,0.314453,-0.335938,0.741577,0.640198,0.100647,0.173401,up
318877,0.859375,9.0,1.628906,0.123047,0.314453,-0.335938,0.741333,0.640198,0.103027,0.173157,up
318882,0.78125,9.0,1.628906,0.287109,0.400391,-0.394531,0.741333,0.640198,0.103027,0.173157,up
318887,0.78125,9.0,1.628906,0.355469,0.419922,-0.431641,0.74054,0.640686,0.106079,0.172791,up
318892,0.628906,9.003906,1.628906,0.355469,0.419922,-0.431641,0.74054,0.640686,0.106079,0.172791,up
318897,0.628906,9.003906,1.628906,0.484375,0.414062,-0.492187,0.74054,0.640686,0.106079,0.172791,up
318902,0.515625,9.117188,1.628906,0.484375,0.414062,-0.492187,0.73938,0.641663,0.109497,0.172241,up
318907,0.515625,9.117188,1.628906,0.517578,0.404297,-0.519531,0.737915,0.642883,0.113098,0.171326,up
318913,0.359375,9.382813,1.59375,0.517578,0.404297,-0.519531,0.737183,0.643555,0.11499,0.170837,up
318918,0.324219,9.347656,1.554688,0.494141,0.382813,-0.568359,0.737183,0.643555,0.11499,0.170837,up
318923,0.285156,9.347656,1.476563,0.457031,0.375,-0.587891,0.735779,0.644775,0.118896,0.169617,up
318928,0.246094,9.421875,1.402344,0.457031,0.375,-0.587891,0.735779,0.644775,0.118896,0.169617,up
318933,0.246094,9.503906,1.4375,0.439453,0.347656,-0.607422,0.735779,0.644775,0.118896,0.169617,up
318938,0.246094,9.53125,1.402344,0.435547,0.34375,-0.607422,0.735779,0.644775,0.118896,0.169617,up
318944,0.246094,9.691406,1.363281,0.439453,0.333984,-0.605469,0.735779,0.644775,0.118896,0.169617,up
318949,0.285156,9.726563,1.324219,0.439453,0.345703,-0.595703,0.735779,0.644775,0.118896,0.169617,up
318954,0.246094,9.730469,1.285156,0.429687,0.367188,-0.589844,0.735779,0.644775,0.118896,0.169617,up
318959,0.285156,9.730469,1.246094,0.429687,0.392578,-0.595703,0.735779,0.644775,0.118896,0.169617,up
318964,0.246094,9.691406,1.210938,0.429687,0.392578,-0.595703,0.731262,0.648376,0.133301,0.164551,up
318969,0.246094,9.730469,1.210938,0.425781,0.441406,-0.580078,0.731262,0.648376,0.133301,0.164551,up
318974,0.207031,9.730469,1.246094,0.4375,0.466797,-0.582031,0.731262,0.648376,0.133301,0.164551,up
318980,0.246094,9.691406,1.285156,0.4375,0.466797,-0.582031,0.72937,0.649597,0.139343,0.163147,up
318985,0.246094,9.6875,1.324219,0.427734,0.507812,-0.585937,0.72937,0.649597,0.139343,0.163147,up
318990,0.246094,9.6875,1.324219,0.408203,0.541016,-0.589844,0.72937,0.649597,0.139343,0.163147,up
318995,0.285156,9.691406,1.246094,0.378906,0.570312,-0.583984,0.72937,0.649597,0.139343,0.163147,up
319000,0.246094,9.765625,1.246094,0.378906,0.570312,-0.583984,0.726868,0.650818,0.147827,0.161865,up
319006,0.285156,9.804688,1.246094,0.341797,0.638672,-0.587891,0.726868,0.650818,0.147827,0.161865,up
319011,0.167969,9.847656,1.246094,0.302734,0.703125,-0.607422,0.726868,0.650818,0.147827,0.161865,up
319016,0.128906,9.957031,1.171875,0.302734,0.703125,-0.607422,0.72522,0.651184,0.154724,0.161499,up
319021,0.054687,9.996094,1.210938,0.302734,0.703125,-0.607422,0.72467,0.651184,0.157227,0.161438,up
319026,-0.023437,10.074219,1.210938,0.289063,0.755859,-0.628906,0.72467,0.651184,0.157227,0.161438,up
319032,-0.023437,10.113281,1.171875,0.283203,0.791016,-0.630859,0.723083,0.651062,0.164978,0.161499,up
319038,-0.136719,10.230469,1.171875,0.283203,0.791016,-0.630859,0.722595,0.65094,0.167419,0.16156,up
319044,-0.214844,10.269531,1.132813,0.263672,0.892578,-0.644531,0.722595,0.65094,0.167419,0.16156,up
319049,-0.253906,10.308594,1.09375,0.259766,0.933594,-0.632812,0.722595,0.65094,0.167419,0.16156,up
319055,-0.328125,10.417969,1.171875,0.257813,0.964844,-0.625,0.722595,0.65094,0.167419,0.16156,up
319061,-0.40625,10.453125,1.09375,0.257813,0.992187,-0.613281,0.722595,0.65094,0.167419,0.16156,up
319066,-0.445312,10.492188,1.171875,0.253906,1.039063,-0.574219,0.722595,0.65094,0.167419,0.16156,up
319071,-0.519531,10.53125,1.09375,0.253906,1.039063,-0.574219,0.718994,0.64978,0.184631,0.163635,up
319076,-0.636719,10.535156,1.132813,0.253906,1.039063,-0.574219,0.718323,0.649536,0.187622,0.164185,up
319081,-0.636719,10.570313,1.09375,0.208984,1.085938,-0.53125,0.718323,0.649536,0.187622,0.164185,up
319086,-0.710937,10.53125,1.09375,0.208984,1.085938,-0.53125,0.71698,0.648926,0.193542,0.165527,up
319091,-0.828125,10.574219,1.019531,0.208984,1.085938,-0.53125,0.716309,0.64856,0.196472,0.16626,up
319096,-0.828125,10.574219,1.019531,0.197266,1.066406,-0.503906,0.715698,0.648254,0.199036,0.166931,up
319101,-0.828125,10.609375,1.019531,0.197266,1.066406,-0.503906,0.715027,0.647949,0.201904,0.167725,up
319106,-1.019531,10.648438,0.902344,0.238281,1.044922,-0.472656,0.714355,0.647644,0.204651,0.168457,up
319111,-1.019531,10.648438,0.902344,0.253906,1.019531,-0.460937,0.714355,0.647644,0.204651,0.168457,up
319117,-1.019531,10.722656,0.980469,0.253906,1.019531,-0.460937,0.712158,0.647034,0.212463,0.170471,up
319122,-1.019531,10.6875,0.980469,0.197266,0.886719,-0.408203,0.711426,0.646729,0.215149,0.171204,up
319127,-0.980469,10.691406,1.054688,0.197266,0.886719,-0.408203,0.710876,0.646484,0.217163,0.171753,up
319132,-0.902344,10.652344,1.054688,0.197266,0.886719,-0.408203,0.710266,0.64624,0.219543,0.172363,up
319137,-0.941406,10.648438,1.054688,0.191406,0.837891,-0.375,0.709595,0.645996,0.221802,0.172974,up
319142,-0.980469,10.609375,0.980469,0.191406,0.837891,-0.375,0.708984,0.645752,0.223999,0.173584,up
319147,-1.019531,10.535156,0.980469,0.191406,0.837891,-0.375,0.708496,0.645508,0.225891,0.174133,up
319152,-1.058594,10.496094,0.980469,0.121094,0.769531,-0.341797,0.708496,0.645508,0.225891,0.174133,up
319157,-1.09375,10.378906,0.941406,0.121094,0.769531,-0.341797,0.707458,0.644897,0.230042,0.175293,up
319163,-1.210938,10.304688,0.863281,0.121094,0.769531,-0.341797,0.707031,0.644592,0.23175,0.175842,up
319168,-1.210938,10.304688,0.863281,0.115234,0.648437,-0.304688,0.706543,0.644226,0.233704,0.176392,up
319174,-1.285156,10.265625,0.863281,0.115234,0.648437,-0.304688,0.706177,0.643982,0.235229,0.176758,up
319180,-1.324219,10.226563,0.902344,0.111328,0.537109,-0.287109,0.706177,0.643982,0.235229,0.176758,up
319185,-1.285156,10.191406,0.863281,0.111328,0.537109,-0.287109,0.706177,0.643982,0.235229,0.176758,up
319190,-1.324219,10.191406,0.980469,0.085937,0.376953,-0.242187,0.706177,0.643982,0.235229,0.176758,up
319196,-1.25,10.1875,0.980469,0.119141,0.230469,-0.212891,0.706177,0.643982,0.235229,0.176758,up
319201,-1.210938,10.1875,0.941406,0.119141,0.230469,-0.212891,0.704407,0.64325,0.242004,0.17749,up
319206,-1.132813,10.191406,0.863281,0.119141,0.230469,-0.212891,0.704407,0.64325,0.242004,0.17749,up
319211,-1.09375,10.191406,0.789062,0.220703,0.083984,-0.189453,0.704407,0.64325,0.242004,0.17749,up
319217,-0.980469,10.1875,0.710937,0.220703,0.064453,-0.185547,0.703796,0.643555,0.243286,0.176941,up
319222,-0.980469,10.191406,0.671875,0.220703,0.064453,-0.185547,0.703125,0.644043,0.244385,0.17627,up
319227,-0.941406,10.191406,0.671875,0.208984,0.054687,-0.173828,0.702881,0.644287,0.244812,0.175903,up
319232,-0.863281,10.148438,0.710937,0.208984,0.054687,-0.173828,0.702881,0.644287,0.244812,0.175903,up
319237,-0.863281,10.148438,0.632812,0.208984,0.054687,-0.173828,0.702271,0.644714,0.245789,0.175293,up
319242,-0.789062,10.113281,0.671875,0.144531,0.105469,-0.158203,0.702026,0.644897,0.246338,0.175049,up
319247,-0.789062,10.113281,0.671875,0.144531,0.105469,-0.158203,0.701782,0.644958,0.246826,0.174927,up
319252,-0.828125,9.992188,0.632812,0.082031,0.148437,-0.134766,0.701782,0.644958,0.246826,0.174927,up
319257,-0.828125,9.957031,0.671875,0.082031,0.148437,-0.134766,0.701416,0.644958,0.247925,0.174866,up
319262,-0.828125,9.925781,0.671875,0.082031,0.148437,-0.134766,0.701294,0.644897,0.248413,0.174866,up
319267,-0.902344,9.921875,0.632812,0.082031,0.148437,-0.134766,0.701294,0.644897,0.248413,0.174866,up
319272,-0.980469,9.882813,0.632812,0.103516,0.1875,-0.128906,0.700806,0.644958,0.249634,0.174927,up
319277,-1.019531,9.84375,0.597656,0.166016,0.183594,-0.134766,0.700806,0.644958,0.249634,0.174927,up
319282,-1.058594,9.886719,0.632812,0.208984,0.181641,-0.140625,0.7005,0.64502,0.250305,0.174866,up
319287,-1.058594,9.84375,0.671875,0.208984,0.181641,-0.140625,0.699707,0.645447,0.251587,0.174744,up
319292,-1.09375,9.84375,0.597656,0.208984,0.181641,-0.140625,0.699219,0.645752,0.252197,0.174622,up
319297,-1.210938,9.925781,0.597656,0.320313,0.144531,-0.132812,0.699219,0.645752,0.252197,0.174622,up
319302,-1.132813,9.996094,0.597656,0.332031,0.126953,-0.126953,0.698669,0.646118,0.25293,0.174438,up
319307,-1.132813,10.070313,0.597656,0.332031,0.126953,-0.126953,0.697571,0.646973,0.254028,0.174011,up
319312,-1.171875,10.109375,0.597656,0.332031,0.126953,-0.126953,0.697021,0.6474,0.254578,0.173767,up
319317,-1.171875,10.191406,0.671875,0.332031,0.126953,-0.126953,0.697021,0.6474,0.254578,0.173767,up
319322,-1.171875,10.191406,0.597656,0.285156,0.066406,-0.117188,0.696106,0.648254,0.255432,0.173218,up
319327,-1.171875,10.230469,0.597656,0.285156,0.066406,-0.117188,0.69574,0.648499,0.255798,0.173035,up
319332,-1.171875,10.230469,0.597656,0.285156,0.066406,-0.117188,0.69574,0.648499,0.255798,0.173035,up
319337,-1.09375,10.1875,0.597656,0.158203,0.027344,-0.089844,0.695251,0.648926,0.256348,0.172607,up
319342,-1.132813,10.191406,0.632812,0.158203,0.027344,-0.089844,0.695129,0.649048,0.256592,0.172485,up
319347,-1.132813,10.191406,0.558594,0.158203,0.027344,-0.089844,0.695068,0.649048,0.256714,0.172363,up
319352,-1.171875,10.113281,0.558594,0.158203,0.027344,-0.089844,0.695068,0.649048,0.256714,0.172363,up
319357,-1.132813,10.109375,0.558594,-0.054687,-0.025391,-0.058594,0.695312,0.648804,0.256836,0.172119,up
319362,-1.171875,9.996094,0.632812,-0.054687,-0.025391,-0.058594,0.695618,0.648499,0.256775,0.171997,up
319367,-1.171875,9.925781,0.632812,-0.054687,-0.025391,-0.058594,0.695984,0.648193,0.256653,0.171875,up
319372,-1.171875,9.886719,0.597656,-0.054687,-0.025391,-0.058594,0.695984,0.648193,0.256653,0.171875,up
319377,-1.171875,9.847656,0.597656,-0.203125,-0.119141,-0.060547,0.696838,0.647522,0.256287,0.17157,up
319382,-1.171875,9.769531,0.519531,-0.203125,-0.119141,-0.060547,0.697327,0.647156,0.255981,0.171387,up
319387,-1.210938,9.765625,0.519531,-0.179687,-0.189453,-0.056641,0.697327,0.647156,0.255981,0.171387,up
319392,-1.210938,9.730469,0.558594,-0.160156,-0.220703,-0.058594,0.697693,0.646912,0.255737,0.171143,up
319398,-1.132813,9.691406,0.558594,-0.160156,-0.220703,-0.058594,0.698547,0.646423,0.255066,0.170471,up
319404,-1.09375,9.648438,0.558594,-0.160156,-0.220703,-0.058594,0.698975,0.64624,0.254639,0.169983,up
319409,-1.09375,9.652344,0.480469,-0.074219,-0.287109,-0.046875,0.69928,0.646179,0.254272,0.169617,up
319414,-1.09375,9.648438,0.519531,-0.074219,-0.287109,-0.046875,0.699646,0.646179,0.253784,0.169006,up
319420,-1.09375,9.652344,0.441406,-0.074219,-0.287109,-0.046875,0.699829,0.64624,0.253418,0.168518,up
319425,-1.058594,9.6875,0.480469,0.037109,-0.326172,-0.042969,0.699829,0.64624,0.253418,0.168518,up
319430,-1.058594,9.726563,0.441406,0.060547,-0.332031,-0.042969,0.699829,0.64624,0.253418,0.168518,up
319436,-1.058594,9.765625,0.40625,0.060547,-0.332031,-0.042969,0.699829,0.64624,0.253418,0.168518,up
319441,-1.019531,9.769531,0.441406,0.060547,-0.332031,-0.042969,0.700378,0.647095,0.251526,0.165955,up
319446,-1.058594,9.804688,0.40625,0.121094,-0.347656,-0.044922,0.700378,0.647095,0.251526,0.165955,up
319451,-1.09375,9.886719,0.367188,0.126953,-0.351563,-0.056641,0.700378,0.647095,0.251526,0.165955,up
319456,-1.09375,9.921875,0.367188,0.126953,-0.351563,-0.056641,0.700378,0.647095,0.251526,0.165955,up
319461,-1.09375,9.921875,0.40625,0.126953,-0.351563,-0.056641,0.7005,0.648376,0.249634,0.163025,up
319466,-1.132813,9.953125,0.40625,0.126953,-0.357422,-0.046875,0.7005,0.648376,0.249634,0.163025,up
319472,-1.171875,9.925781,0.40625,0.121094,-0.367188,-0.041016,0.700623,0.649292,0.248169,0.160889,up
319477,-1.171875,9.925781,0.40625,0.121094,-0.367188,-0.041016,0.700623,0.649292,0.248169,0.160889,up
319482,-1.210938,9.921875,0.40625,0.087891,-0.367188,-0.037109,0.700623,0.649292,0.248169,0.160889,up
319487,-1.25,9.953125,0.328125,0.087891,-0.367188,-0.037109,0.700806,0.649902,0.247131,0.159485,up
319492,-1.25,9.921875,0.367188,0.082031,-0.378906,-0.027344,0.70105,0.650391,0.246033,0.158081,up
319497,-1.285156,9.921875,0.367188,0.082031,-0.378906,-0.027344,0.70105,0.650391,0.246033,0.158081,up
319502,-1.285156,9.886719,0.328125,0.058594,-0.382813,-0.029297,0.701355,0.650879,0.244812,0.156677,up
319507,-1.324219,9.957031,0.328125,0.058594,-0.382813,-0.029297,0.701355,0.650879,0.244812,0.156677,up
319512,-1.324219,9.925781,0.289063,0.070312,-0.414062,-0.021484,0.701355,0.650879,0.244812,0.156677,up
319517,-1.324219,9.957031,0.328125,0.070312,-0.414062,-0.021484,0.70166,0.651367,0.24353,0.155212,up
319522,-1.285156,9.953125,0.328125,0.070312,-0.414062,-0.021484,0.701782,0.651672,0.242859,0.15448,up
319527,-1.324219,9.996094,0.289063,0.113281,-0.416016,-0.021484,0.701782,0.651672,0.242859,0.15448,up
319532,-1.285156,9.992188,0.289063,0.113281,-0.416016,-0.021484,0.701965,0.652283,0.241577,0.153015,up
319537,-1.324219,9.996094,0.25,0.130859,-0.414062,-0.007813,0.702026,0.652649,0.240906,0.152161,up
319542,-1.285156,9.953125,0.328125,0.130859,-0.414062,-0.007813,0.702087,0.653015,0.240234,0.151428,up
319547,-1.285156,9.953125,0.289063,0.130859,-0.414062,-0.007813,0.702148,0.653381,0.239624,0.150635,up
319553,-1.324219,9.925781,0.328125,0.126953,-0.380859,0.0,0.702148,0.653381,0.239624,0.150635,up
319558,-1.285156,9.921875,0.328125,0.126953,-0.380859,0.0,0.702209,0.654419,0.237793,0.14856,up
319563,-1.25,9.921875,0.328125,0.126953,-0.380859,0.0,0.702271,0.654724,0.237244,0.147949,up
319568,-1.285156,9.921875,0.289063,0.095703,-0.349609,0.001953,0.702271,0.654724,0.237244,0.147949,up
319573,-1.285156,9.847656,0.289063,0.095703,-0.349609,0.001953,0.702332,0.655334,0.236084,0.146729,up
319578,-1.324219,9.84375,0.367188,0.095703,-0.349609,0.001953,0.702393,0.65564,0.235474,0.146118,up
319584,-1.285156,9.804688,0.367188,0.095703,-0.349609,0.001953,0.702393,0.655945,0.234924,0.145508,up
319589,-1.285156,9.804688,0.367188,0.095703,-0.332031,0.001953,0.702454,0.65625,0.234375,0.144897,up
319594,-1.285156,9.765625,0.367188,0.095703,-0.332031,0.001953,0.702454,0.656494,0.233826,0.144348,up
319600,-1.25,9.765625,0.367188,0.095703,-0.332031,0.001953,0.702515,0.656799,0.233276,0.143738,up
319606,-1.25,9.730469,0.40625,0.099609,-0.339844,-0.005859,0.702515,0.656799,0.233276,0.143738,up
319611,-1.210938,9.691406,0.40625,0.089844,-0.341797,-0.007813,0.702515,0.656799,0.233276,0.143738,up
319617,-1.210938,9.691406,0.367188,0.09375,-0.330078,-0.013672,0.702637,0.657654,0.231628,0.141846,up
319622,-1.210938,9.691406,0.367188,0.09375,-0.330078,-0.013672,0.702637,0.657959,0.23114,0.141296,up
319627,-1.171875,9.6875,0.328125,0.087891,-0.332031,-0.021484,0.702698,0.658203,0.230591,0.140625,up
319632,-1.132813,9.730469,0.328125,0.087891,-0.332031,-0.021484,0.702759,0.658447,0.230103,0.140015,up
319637,-1.171875,9.726563,0.328125,0.087891,-0.332031,-0.021484,0.70282,0.658691,0.229614,0.139465,up
319643,-1.210938,9.765625,0.289063,0.083984,-0.326172,-0.039063,0.70282,0.658691,0.229614,0.139465,up
319648,-1.132813,9.730469,0.289063,0.083984,-0.326172,-0.039063,0.703003,0.659424,0.22821,0.137512,up
319653,-1.171875,9.769531,0.289063,0.083984,-0.326172,-0.039063,0.703003,0.659424,0.22821,0.137512,up
319658,-1.171875,9.769531,0.289063,0.078125,-0.314453,-0.044922,0.703064,0.659607,0.227783,0.136963,up
319663,-1.171875,9.726563,0.289063,0.078125,-0.314453,-0.044922,0.703125,0.659851,0.227356,0.136292,up
319668,-1.171875,9.84375,0.328125,0.0625,-0.306641,-0.044922,0.703186,0.660034,0.226868,0.135681,up
319673,-1.171875,9.84375,0.328125,0.060547,-0.287109,-0.052734,0.703186,0.660034,0.226868,0.135681,up
319679,-1.171875,9.84375,0.328125,0.060547,-0.287109,-0.052734,0.703491,0.660461,0.225708,0.133911,up
319685,-1.171875,9.808594,0.367188,0.060547,-0.287109,-0.052734,0.703491,0.660461,0.225708,0.133911,up
319690,-1.171875,9.769531,0.328125,0.060547,-0.287109,-0.052734,0.703796,0.660645,0.224915,0.132874,up
319695,-1.171875,9.769531,0.289063,-0.001953,-0.263672,-0.041016,0.703796,0.660645,0.224915,0.132874,up
319700,-1.132813,9.730469,0.289063,0.003906,-0.257813,-0.044922,0.703796,0.660645,0.224915,0.132874,up
319705,-1.132813,9.804688,0.328125,-0.001953,-0.255859,-0.046875,0.703796,0.660645,0.224915,0.132874,up
319710,-1.132813,9.765625,0.289063,0.003906,-0.251953,-0.041016,0.703796,0.660645,0.224915,0.132874,up
319716,-1.132813,9.765625,0.289063,-0.001953,-0.248047,-0.044922,0.703796,0.660645,0.224915,0.132874,up
319722,-1.132813,9.804688,0.25,0.007813,-0.257813,-0.050781,0.703796,0.660645,0.224915,0.132874,up
319727,-1.171875,9.882813,0.289063,0.007813,-0.257813,-0.050781,0.704834,0.661011,0.222351,0.129456,up
319733,-1.132813,9.886719,0.25,0.035156,-0.242187,-0.044922,0.704834,0.661011,0.222351,0.129456,up
319738,-1.171875,9.882813,0.25,0.035156,-0.242187,-0.044922,0.705139,0.661377,0.221313,0.12793,up
319743,-1.171875,9.957031,0.25,0.035156,-0.242187,-0.044922,0.705261,0.661438,0.221008,0.127441,up
319748,-1.171875,9.957031,0.25,0.039063,-0.236328,-0.050781,0.705261,0.661438,0.221008,0.127441,up
319753,-1.132813,9.996094,0.214844,0.039063,-0.236328,-0.050781,0.705322,0.66156,0.220642,0.126892,up
319758,-1.132813,9.992188,0.175781,0.037109,-0.242187,-0.054687,0.705322,0.66156,0.220642,0.126892,up
319763,-1.171875,9.996094,0.289063,0.037109,-0.242187,-0.054687,0.705627,0.661865,0.219666,0.125427,up
319768,-1.171875,10.035156,0.289063,0.037109,-0.242187,-0.054687,0.70575,0.661926,0.219421,0.125061,up
319773,-1.171875,10.035156,0.25,-0.017578,-0.212891,-0.03125,0.70575,0.661926,0.219421,0.125061,up
319778,-1.171875,10.03125,0.214844,-0.017578,-0.212891,-0.03125,0.706055,0.661987,0.21875,0.124268,up
319783,-1.171875,9.992188,0.214844,-0.041016,-0.220703,-0.029297,0.706055,0.661987,0.21875,0.124268,up
319788,-1.171875,9.996094,0.25,-0.048828,-0.220703,-0.029297,0.706238,0.661926,0.218384,0.12384,up
319794,-1.171875,9.996094,0.25,-0.044922,-0.207031,-0.023437,0.706665,0.661865,0.217773,0.123108,up
319800,-1.210938,9.957031,0.214844,-0.044922,-0.207031,-0.023437,0.706848,0.661865,0.217468,0.122803,up
319806,-1.210938,9.953125,0.25,-0.041016,-0.201172,-0.025391,0.706848,0.661865,0.217468,0.122803,up
319812,-1.171875,9.882813,0.25,-0.041016,-0.203125,-0.019531,0.706848,0.661865,0.217468,0.122803,up
319817,-1.132813,9.886719,0.289063,-0.023437,-0.189453,-0.017578,0.706848,0.661865,0.217468,0.122803,up
319822,-1.210938,9.953125,0.25,-0.023437,-0.189453,-0.017578,0.70752,0.661743,0.216248,0.12146,up
319828,-1.171875,9.925781,0.25,-0.003906,-0.177734,-0.019531,0.70752,0.661743,0.216248,0.12146,up
319833,-1.171875,9.957031,0.25,-0.003906,-0.177734,-0.019531,0.707886,0.661804,0.215393,0.120544,up
319838,-1.210938,9.925781,0.214844,0.013672,-0.185547,-0.017578,0.707886,0.661804,0.215393,0.120544,up
319843,-1.171875,9.925781,0.25,0.013672,-0.185547,-0.017578,0.707947,0.661865,0.215088,0.120178,up
319848,-1.210938,9.921875,0.25,0.013672,-0.189453,-0.003906,0.707947,0.661865,0.215088,0.120178,up
319853,-1.171875,9.925781,0.289063,0.013672,-0.189453,-0.003906,0.708191,0.662109,0.214233,0.119263,up
319858,-1.210938,9.921875,0.25,0.015625,-0.1875,0.0,0.708191,0.662109,0.214233,0.119263,up
319863,-1.210938,9.921875,0.25,0.015625,-0.189453,0.003906,0.708252,0.66217,0.213867,0.118896,up
319868,-1.210938,9.886719,0.25,0.015625,-0.189453,0.003906,0.708374,0.662354,0.213257,0.118347,up
319873,-1.171875,9.882813,0.25,0.015625,-0.189453,0.003906,0.708496,0.662415,0.212952,0.118042,up
319878,-1.171875,9.882813,0.25,0.015625,-0.189453,0.003906,0.708496,0.662415,0.212952,0.118042,up
319883,-1.171875,9.886719,0.214844,0.0,-0.195312,-0.001953,0.708679,0.662537,0.21228,0.117432,up
319888,-1.171875,9.886719,0.214844,0.0,-0.195312,-0.001953,0.708679,0.662537,0.21228,0.117432,up
319893,-1.171875,9.886719,0.214844,0.009766,-0.177734,-0.001953,0.708679,0.662537,0.21228,0.117432,up
319898,-1.171875,9.886719,0.214844,0.009766,-0.177734,-0.001953,0.708862,0.662598,0.211609,0.116821,up
319904,-1.171875,9.84375,0.175781,0.009766,-0.177734,-0.001953,0.708984,0.662781,0.21106,0.116272,up
319910,-1.171875,9.847656,0.214844,0.009766,-0.177734,-0.001953,0.709045,0.662781,0.210815,0.116028,up
319915,-1.210938,9.847656,0.175781,0.001953,-0.164062,0.007813,0.709167,0.662842,0.21051,0.115784,up
319921,-1.210938,9.804688,0.175781,0.005859,-0.162109,0.007813,0.709167,0.662842,0.21051,0.115784,up
319927,-1.210938,9.804688,0.175781,0.007813,-0.158203,0.007813,0.70929,0.662964,0.209961,0.115295,up
319932,-1.210938,9.808594,0.214844,0.009766,-0.154297,0.005859,0.70929,0.662964,0.209961,0.115295,up
319938,-1.210938,9.808594,0.214844,0.023437,-0.154297,0.005859,0.70929,0.662964,0.209961,0.115295,up
319943,-1.210938,9.769531,0.214844,0.023437,-0.154297,0.005859,0.709473,0.663269,0.208862,0.11438,up
319948,-1.25,9.804688,0.175781,0.029297,-0.158203,-0.001953,0.709473,0.663269,0.208862,0.11438,up
319953,-1.210938,9.804688,0.175781,0.029297,-0.158203,-0.001953,0.709534,0.66333,0.208618,0.114136,up
319958,-1.25,9.765625,0.175781,0.039063,-0.152344,0.009766,0.709534,0.66333,0.208618,0.114136,up
319963,-1.25,9.804688,0.175781,0.039063,-0.152344,0.009766,0.709534,0.663574,0.208069,0.113586,up
319968,-1.285156,9.804688,0.175781,0.048828,-0.154297,0.001953,0.709534,0.663574,0.208069,0.113586,up
319974,-1.25,9.84375,0.214844,0.046875,-0.154297,0.007813,0.709534,0.663574,0.208069,0.113586,up
319980,-1.25,9.84375,0.214844,0.046875,-0.154297,0.007813,0.709595,0.664001,0.207153,0.11261,up
319985,-1.25,9.808594,0.136719,0.025391,-0.142578,0.005859,0.709595,0.664001,0.207153,0.11261,up
319990,-1.285156,9.804688,0.175781,0.027344,-0.130859,0.013672,0.709595,0.664001,0.207153,0.11261,up
319995,-1.25,9.765625,0.175781,0.037109,-0.125,0.0,0.709595,0.664001,0.207153,0.11261,up
320000,-1.25,9.765625,0.175781,0.037109,-0.125,0.0,0.709595,0.664368,0.206238,0.111816,up
320006,-1.25,9.765625,0.175781,0.029297,-0.109375,0.007813,0.709595,0.664368,0.206238,0.111816,up
320012,-1.25,9.808594,0.214844,0.023437,-0.097656,0.003906,0.709595,0.664368,0.206238,0.111816,up
320017,-1.25,9.769531,0.214844,0.023437,-0.097656,0.003906,0.709595,0.664368,0.206238,0.111816,up
320023,-1.210938,9.765625,0.25,0.03125,-0.083984,-0.003906,0.709595,0.664368,0.206238,0.111816,up
320028,-1.285156,9.804688,0.175781,0.03125,-0.083984,-0.003906,0.709595,0.664795,0.205444,0.110901,up
320033,-1.25,9.804688,0.175781,0.03125,-0.083984,-0.003906,0.709595,0.664917,0.205322,0.110779,up
320038,-1.285156,9.808594,0.214844,0.03125,-0.083984,-0.003906,0.709595,0.664917,0.205322,0.110779,up
320043,-1.25,9.804688,0.175781,0.029297,-0.058594,-0.007813,0.709595,0.664917,0.205322,0.110779,up
320048,-1.25,9.769531,0.214844,0.025391,-0.060547,-0.005859,0.709534,0.665039,0.2052,0.110535,up
320054,-1.285156,9.804688,0.175781,0.025391,-0.060547,-0.005859,0.709534,0.6651,0.205017,0.110291,up
320059,-1.285156,9.765625,0.25,-0.001953,-0.048828,-0.001953,0.709534,0.665161,0.204956,0.110229,up
320064,-1.285156,9.769531,0.214844,-0.019531,-0.044922,-0.009766,0.709595,0.6651,0.204895,0.110168,up
320069,-1.285156,9.808594,0.214844,-0.019531,-0.035156,-0.007813,0.709595,0.6651,0.204895,0.110168,up
320074,-1.210938,9.769531,0.214844,-0.019531,-0.035156,-0.007813,0.709656,0.665039,0.204834,0.110107,up
320079,-1.25,9.765625,0.25,-0.035156,-0.021484,-0.015625,0.709717,0.664978,0.204834,0.110046,up
320084,-1.25,9.808594,0.214844,-0.035156,-0.021484,-0.015625,0.709717,0.664978,0.204834,0.110046,up
320089,-1.25,9.808594,0.214844,-0.035156,-0.021484,-0.015625,0.7099,0.664795,0.204895,0.109985,up
320094,-1.25,9.765625,0.25,-0.054687,-0.001953,-0.03125,0.710022,0.664673,0.204895,0.109985,up
320099,-1.285156,9.804688,0.25,-0.050781,0.003906,-0.029297,0.710022,0.664673,0.204895,0.109985,up
320104,-1.25,9.765625,0.328125,-0.050781,0.003906,-0.029297,0.710205,0.664429,0.205017,0.109985,up
320109,-1.324219,9.808594,0.25,-0.042969,0.015625,-0.033203,0.710205,0.664429,0.205017,0.109985,up
320114,-1.324219,9.84375,0.25,-0.042969,0.015625,-0.033203,0.710327,0.664246,0.2052,0.109985,up
320119,-1.285156,9.847656,0.328125,-0.042969,0.015625,-0.033203,0.710449,0.664124,0.205261,0.109985,up
320124,-1.324219,9.808594,0.328125,-0.042969,0.015625,-0.033203,0.71051,0.664001,0.205383,0.110046,up
320129,-1.324219,9.84375,0.367188,-0.042969,0.039063,-0.029297,0.710571,0.663879,0.205505,0.110107,up
320134,-1.324219,9.84375,0.289063,-0.042969,0.039063,-0.029297,0.710571,0.663879,0.205505,0.110107,up
320139,-1.285156,9.765625,0.367188,-0.039063,0.039063,-0.017578,0.710571,0.663879,0.205505,0.110107,up
320144,-1.285156,9.765625,0.367188,-0.035156,0.050781,-0.025391,0.710693,0.663696,0.20575,0.110229,up
320149,-1.285156,9.765625,0.367188,-0.03125,0.048828,-0.021484,0.710693,0.663574,0.205872,0.110291,up
320155,-1.285156,9.765625,0.367188,-0.03125,0.048828,-0.021484,0.710815,0.663391,0.206116,0.110474,up
320160,-1.285156,9.765625,0.40625,-0.03125,0.048828,-0.021484,0.710815,0.663269,0.206299,0.110596,up
320166,-1.25,9.730469,0.40625,-0.03125,0.048828,-0.021484,0.710876,0.663147,0.206421,0.110657,up
320171,-1.25,9.730469,0.40625,-0.041016,0.064453,-0.017578,0.710876,0.663147,0.206421,0.110657,up
320176,-1.25,9.691406,0.40625,-0.025391,0.072266,-0.025391,0.710876,0.663147,0.206421,0.110657,up
320182,-1.25,9.691406,0.40625,-0.03125,0.080078,-0.021484,0.710876,0.663147,0.206421,0.110657,up
320187,-1.25,9.730469,0.40625,-0.035156,0.076172,-0.03125,0.710876,0.663147,0.206421,0.110657,up
320192,-1.285156,9.726563,0.441406,-0.033203,0.080078,-0.03125,0.710876,0.663147,0.206421,0.110657,up
320198,-1.25,9.730469,0.40625,-0.048828,0.076172,-0.044922,0.710876,0.663147,0.206421,0.110657,up
320203,-1.324219,9.726563,0.40625,-0.048828,0.076172,-0.044922,0.71106,0.662415,0.207703,0.11145,up
320209,-1.285156,9.769531,0.441406,-0.064453,0.076172,-0.044922,0.71106,0.662415,0.207703,0.11145,up
320214,-1.363281,9.769531,0.441406,-0.064453,0.076172,-0.044922,0.711304,0.661926,0.208374,0.111755,up
320219,-1.285156,9.808594,0.441406,-0.070312,0.078125,-0.060547,0.711304,0.661926,0.208374,0.111755,up
320224,-1.324219,9.847656,0.480469,-0.070312,0.078125,-0.060547,0.711365,0.661743,0.208618,0.111877,up
320229,-1.324219,9.808594,0.40625,-0.087891,0.070312,-0.052734,0.711365,0.661743,0.208618,0.111877,up
320234,-1.402344,9.84375,0.441406,-0.087891,0.070312,-0.052734,0.71167,0.661194,0.209229,0.112122,up
320239,-1.363281,9.882813,0.480469,-0.089844,0.0625,-0.048828,0.71167,0.661194,0.209229,0.112122,up
320244,-1.363281,9.847656,0.519531,-0.089844,0.0625,-0.041016,0.711792,0.66095,0.209412,0.112183,up
320249,-1.363281,9.882813,0.441406,-0.089844,0.0625,-0.041016,0.712036,0.660583,0.209778,0.112366,up
320254,-1.402344,9.882813,0.480469,-0.089844,0.0625,-0.041016,0.712036,0.660583,0.209778,0.112366,up
320259,-1.363281,9.882813,0.441406,-0.080078,0.058594,-0.042969,0.712036,0.660583,0.209778,0.112366,up
320264,-1.363281,9.925781,0.441406,-0.070312,0.064453,-0.044922,0.71228,0.660156,0.210144,0.112549,up
320270,-1.363281,9.925781,0.441406,-0.068359,0.066406,-0.046875,0.712463,0.659851,0.21051,0.112732,up
320275,-1.402344,9.957031,0.441406,-0.0625,0.070312,-0.046875,0.712585,0.659607,0.210693,0.112793,up
320280,-1.402344,9.996094,0.441406,-0.060547,0.066406,-0.039063,0.712646,0.659485,0.210937,0.112854,up
320286,-1.402344,9.996094,0.480469,-0.060547,0.066406,-0.039063,0.712708,0.659363,0.21106,0.112976,up
320291,-1.402344,9.996094,0.480469,-0.066406,0.070312,-0.039063,0.712769,0.65918,0.211304,0.113098,up
320296,-1.402344,9.957031,0.480469,-0.070312,0.076172,-0.03125,0.712769,0.65918,0.211304,0.113098,up
320302,-1.363281,9.996094,0.480469,-0.078125,0.076172,-0.03125,0.712769,0.65918,0.211304,0.113098,up
320308,-1.402344,9.953125,0.519531,-0.078125,0.076172,-0.03125,0.712769,0.65918,0.211304,0.113098,up
320313,-1.402344,9.953125,0.519531,-0.111328,0.083984,-0.023437,0.712769,0.65918,0.211304,0.113098,up
320318,-1.402344,9.953125,0.519531,-0.121094,0.087891,-0.025391,0.712769,0.65918,0.211304,0.113098,up
320323,-1.441406,9.925781,0.558594,-0.121094,0.087891,-0.025391,0.712769,0.65918,0.211304,0.113098,up
320328,-1.441406,9.953125,0.597656,-0.121094,0.087891,-0.025391,0.713684,0.657593,0.212524,0.114258,up
320334,-1.441406,9.953125,0.597656,-0.125,0.085937,-0.011719,0.713684,0.657593,0.212524,0.114258,up
320339,-1.476563,9.957031,0.597656,-0.115234,0.074219,-0.007813,0.713928,0.657166,0.21283,0.114624,up
320344,-1.476563,9.957031,0.671875,-0.115234,0.074219,-0.007813,0.714111,0.656921,0.212952,0.114868,up
320349,-1.515625,9.996094,0.632812,-0.115234,0.074219,-0.007813,0.714233,0.656677,0.213074,0.115051,up
320354,-1.515625,9.992188,0.597656,-0.107422,0.068359,0.003906,0.714233,0.656677,0.213074,0.115051,up
320359,-1.515625,9.992188,0.597656,-0.107422,0.068359,0.003906,0.714661,0.656067,0.213318,0.115601,up
320364,-1.515625,10.070313,0.632812,-0.107422,0.068359,0.003906,0.714661,0.656067,0.213318,0.115601,up
320369,-1.476563,10.035156,0.597656,-0.103516,0.048828,0.007813,0.714661,0.656067,0.213318,0.115601,up
320374,-1.441406,10.03125,0.597656,-0.103516,0.048828,0.003906,0.714661,0.656067,0.213318,0.115601,up
320379,-1.441406,9.992188,0.597656,-0.103516,0.048828,0.003906,0.71521,0.655212,0.213562,0.116333,up
320384,-1.402344,10.03125,0.632812,-0.087891,0.041016,0.019531,0.71521,0.655212,0.213562,0.116333,up
320389,-1.402344,10.035156,0.597656,-0.087891,0.041016,0.019531,0.715332,0.655029,0.213623,0.116455,up
320394,-1.402344,9.996094,0.597656,-0.09375,0.037109,0.023437,0.715576,0.654724,0.213684,0.116821,up
320399,-1.363281,10.03125,0.632812,-0.09375,0.037109,0.023437,0.715576,0.654724,0.213684,0.116821,up
320404,-1.363281,10.03125,0.632812,-0.099609,0.041016,0.041016,0.715576,0.654724,0.213684,0.116821,up
320409,-1.363281,10.035156,0.671875,-0.099609,0.041016,0.041016,0.71582,0.654358,0.213684,0.117249,up
320414,-1.324219,10.035156,0.632812,-0.09375,0.046875,0.041016,0.716064,0.654053,0.213684,0.117676,up
320419,-1.363281,10.074219,0.632812,-0.09375,0.046875,0.041016,0.716064,0.654053,0.213684,0.117676,up
320424,-1.363281,10.074219,0.632812,-0.042969,0.037109,0.050781,0.716064,0.654053,0.213684,0.117676,up
320429,-1.402344,10.070313,0.671875,-0.042969,0.037109,0.050781,0.716125,0.65387,0.213684,0.118103,up
320435,-1.363281,10.148438,0.632812,-0.041016,0.042969,0.050781,0.716187,0.653687,0.213684,0.11853,up
320440,-1.363281,10.152344,0.671875,-0.03125,0.027344,0.060547,0.716248,0.653687,0.213623,0.118713,up
320445,-1.324219,10.113281,0.710937,-0.03125,0.027344,0.060547,0.716248,0.653625,0.213562,0.118958,up
320450,-1.285156,10.1875,0.671875,-0.03125,0.027344,0.060547,0.716248,0.653625,0.213501,0.119141,up
320455,-1.324219,10.148438,0.671875,-0.025391,0.025391,0.074219,0.716248,0.653564,0.21344,0.119324,up
320460,-1.324219,10.191406,0.597656,-0.039063,0.021484,0.080078,0.716309,0.653564,0.213379,0.119568,up
320465,-1.25,10.152344,0.597656,-0.039063,0.021484,0.080078,0.716309,0.653503,0.213257,0.119812,up
320470,-1.25,10.152344,0.597656,-0.039063,0.021484,0.080078,0.71637,0.653442,0.213196,0.119995,up
320475,-1.25,10.113281,0.597656,-0.050781,0.017578,0.089844,0.716431,0.653381,0.213074,0.120239,up
320480,-1.171875,10.074219,0.597656,-0.050781,0.017578,0.089844,0.716431,0.65332,0.212952,0.120483,up
320485,-1.09375,10.074219,0.632812,-0.050781,0.017578,0.089844,0.716492,0.65332,0.21283,0.120667,up
320490,-1.058594,10.109375,0.558594,-0.050781,0.017578,0.089844,0.716431,0.65332,0.212769,0.120911,up
320495,-0.980469,10.113281,0.558594,0.005859,0.021484,0.082031,0.716431,0.65332,0.212646,0.121155,up
320500,-0.863281,10.113281,0.597656,0.005859,0.021484,0.082031,0.716431,0.65332,0.212646,0.121155,up
320506,-0.789062,10.230469,0.519531,0.005859,0.021484,0.082031,0.716248,0.653442,0.212585,0.121521,up
320511,-0.75,10.304688,0.519531,0.070312,0.064453,0.076172,0.716125,0.653564,0.212585,0.121704,up
320516,-0.75,10.417969,0.480469,0.09375,0.076172,0.082031,0.715881,0.653748,0.212585,0.121948,up
320522,-0.75,10.609375,0.519531,0.09375,0.076172,0.082031,0.715698,0.653931,0.212646,0.122253,up
320527,-0.75,10.6875,0.480469,0.109375,0.111328,0.091797,0.715698,0.653931,0.212646,0.122253,up
320533,-0.789062,10.761719,0.480469,0.115234,0.128906,0.095703,0.715698,0.653931,0.212646,0.122253,up
320538,-0.828125,10.875,0.519531,0.107422,0.130859,0.103516,0.715698,0.653931,0.212646,0.122253,up
320543,-0.863281,10.992188,0.519531,0.099609,0.123047,0.121094,0.715698,0.653931,0.212646,0.122253,up
320548,-0.828125,11.03125,0.519531,0.09375,0.128906,0.134766,0.715698,0.653931,0.212646,0.122253,up
320553,-0.828125,11.109375,0.558594,0.082031,0.126953,0.152344,0.715698,0.653931,0.212646,0.122253,up
320558,-0.789062,11.109375,0.632812,0.082031,0.126953,0.152344,0.713806,0.655273,0.213196,0.124939,up
320563,-0.789062,11.21875,0.710937,0.082031,0.126953,0.152344,0.713806,0.655273,0.213196,0.124939,up
320568,-0.75,11.257813,0.75,0.082031,0.126953,0.152344,0.713379,0.655579,0.213074,0.12616,up
320573,-0.75,11.300781,0.710937,-0.017578,0.177734,0.222656,0.713379,0.655579,0.213074,0.12616,up
320578,-0.75,11.300781,0.789062,-0.017578,0.177734,0.222656,0.713379,0.655579,0.213074,0.12616,up
320584,-0.75,11.257813,0.863281,-0.017578,0.177734,0.222656,0.713013,0.655579,0.212952,0.128357,up
320590,-0.710937,11.257813,0.902344,-0.154297,0.251953,0.285156,0.713013,0.655579,0.212952,0.128357,up
320595,-0.710937,11.222656,0.941406,-0.154297,0.251953,0.285156,0.713013,0.655029,0.21283,0.131287,up
320600,-0.710937,11.179688,0.980469,-0.222656,0.287109,0.318359,0.713013,0.655029,0.21283,0.131287,up
320605,-0.671875,11.144531,0.941406,-0.222656,0.287109,0.318359,0.713257,0.654358,0.212646,0.133789,up
320610,-0.636719,11.070313,1.019531,-0.222656,0.287109,0.318359,0.713257,0.654358,0.212646,0.133789,up
320615,-0.597656,11.074219,0.980469,-0.279297,0.335938,0.373047,0.713379,0.653992,0.212585,0.134949,up
320620,-0.597656,11.03125,0.980469,-0.279297,0.335938,0.373047,0.713684,0.653137,0.212402,0.137878,up
320625,-0.597656,11.03125,1.054688,-0.296875,0.373047,0.402344,0.713684,0.653137,0.212402,0.137878,up
320630,-0.597656,11.03125,1.054688,-0.296875,0.373047,0.402344,0.713928,0.652283,0.21228,0.140747,up
320635,-0.597656,11.03125,0.980469,-0.296875,0.373047,0.402344,0.71405,0.651794,0.212219,0.142517,up
320640,-0.636719,11.070313,1.019531,-0.261719,0.427734,0.423828,0.71405,0.651794,0.212219,0.142517,up
320645,-0.636719,11.144531,1.054688,-0.248047,0.451172,0.423828,0.714111,0.651367,0.212158,0.144104,up
320650,-0.636719,11.144531,1.054688,-0.248047,0.451172,0.423828,0.714111,0.650635,0.21228,0.147278,up
320655,-0.597656,11.183594,1.054688,-0.238281,0.490234,0.439453,0.714111,0.650635,0.21228,0.147278,up
320660,-0.671875,11.222656,1.09375,-0.242187,0.511719,0.433594,0.71405,0.650208,0.212341,0.149109,up
320665,-0.597656,11.296875,1.09375,-0.242187,0.511719,0.433594,0.713989,0.649414,0.212585,0.152588,up
320670,-0.597656,11.335938,1.054688,-0.242187,0.511719,0.433594,0.713989,0.648926,0.212769,0.154358,up
320675,-0.558594,11.375,1.09375,-0.242187,0.511719,0.433594,0.713989,0.648926,0.212769,0.154358,up
320680,-0.558594,11.375,1.09375,-0.349609,0.574219,0.451172,0.714172,0.647644,0.213135,0.158264,up
320685,-0.597656,11.378906,1.132813,-0.349609,0.574219,0.451172,0.714417,0.64679,0.213318,0.160522,up
320690,-0.519531,11.339844,1.054688,-0.546875,0.658203,0.470703,0.714417,0.64679,0.213318,0.160522,up
320695,-0.519531,11.300781,1.09375,-0.546875,0.658203,0.470703,0.715088,0.644836,0.213745,0.164917,up
320700,-0.519531,11.257813,1.09375,-0.546875,0.658203,0.470703,0.715088,0.644836,0.213745,0.164917,up
320705,-0.519531,11.21875,1.09375,-0.546875,0.658203,0.470703,0.716003,0.642334,0.214233,0.1698,up
320710,-0.519531,11.183594,1.09375,-0.546875,0.658203,0.470703,0.716003,0.642334,0.214233,0.1698,up
320715,-0.480469,11.183594,1.171875,-0.734375,0.798828,0.527344,0.717041,0.639587,0.214783,0.175049,up
320720,-0.519531,11.144531,1.210938,-0.734375,0.798828,0.527344,0.71759,0.638123,0.215088,0.177795,up
320725,-0.558594,11.109375,1.246094,-0.804687,0.904297,0.558594,0.71759,0.638123,0.215088,0.177795,up
320730,-0.519531,11.074219,1.246094,-0.804687,0.904297,0.558594,0.718628,0.635071,0.215881,0.183472,up
320735,-0.519531,11.074219,1.246094,-0.794922,0.974609,0.566406,0.719116,0.633484,0.216309,0.186462,up
320740,-0.519531,10.953125,1.246094,-0.789062,1.001953,0.568359,0.719116,0.633484,0.216309,0.186462,up
320745,-0.597656,10.957031,1.246094,-0.789062,1.001953,0.568359,0.719971,0.630188,0.217468,0.19281,up
320750,-0.519531,10.917969,1.324219,-0.789062,1.001953,0.568359,0.719971,0.630188,0.217468,0.19281,up
320755,-0.558594,10.878906,1.324219,-0.802734,1.039063,0.560547,0.719971,0.630188,0.217468,0.19281,up
320760,-0.519531,10.835938,1.363281,-0.892578,1.070313,0.556641,0.720825,0.626892,0.218628,0.198975,up
320765,-0.519531,10.800781,1.402344,-0.892578,1.070313,0.556641,0.721375,0.625,0.219299,0.202332,up
320770,-0.480469,10.757813,1.324219,-0.892578,1.070313,0.556641,0.721863,0.623169,0.21991,0.205505,up
320775,-0.445312,10.613281,1.285156,-0.958984,1.111328,0.550781,0.722961,0.619324,0.221191,0.21167,up
320780,-0.480469,10.570313,1.285156,-1.050781,1.128906,0.544922,0.722961,0.619324,0.221191,0.21167,up
320785,-0.445312,10.492188,1.324219,-1.050781,1.128906,0.544922,0.723694,0.616943,0.221863,0.215332,up
320790,-0.445312,10.457031,1.363281,-1.158203,1.148438,0.519531,0.723694,0.616943,0.221863,0.215332,up
320795,-0.445312,10.304688,1.324219,-1.158203,1.148438,0.519531,0.72522,0.612427,0.223145,0.221863,up
320800,-0.445312,10.304688,1.324219,-1.197266,1.167969,0.509766,0.726074,0.609924,0.223816,0.22522,up
320805,-0.445312,10.269531,1.402344,-1.197266,1.167969,0.509766,0.726929,0.607361,0.224487,0.228577,up
320810,-0.40625,10.148438,1.476563,-1.263672,1.195313,0.484375,0.726929,0.607361,0.224487,0.228577,up
320815,-0.40625,10.148438,1.476563,-1.291016,1.201172,0.478516,0.728882,0.601868,0.225952,0.235474,up
320821,-0.558594,9.992188,1.667969,-1.291016,1.201172,0.478516,0.730957,0.595947,0.227417,0.242676,up
320826,-0.671875,9.925781,1.785156,-1.291016,1.201172,0.478516,0.731934,0.592957,0.228149,0.246216,up
320831,-0.710937,9.992188,1.746094,-1.291016,1.201172,0.478516,0.732727,0.590393,0.228821,0.249329,up
320836,-0.789062,9.886719,1.820313,-1.371094,1.234375,0.505859,0.733826,0.587097,0.229614,0.253235,up
320841,-0.828125,9.84375,1.898438,-1.410156,1.21875,0.513672,0.734863,0.583984,0.230286,0.256897,up
320847,-0.980469,9.726563,2.089844,-1.410156,1.21875,0.513672,0.735718,0.581238,0.230774,0.26001,up
320853,-1.019531,9.648438,2.207031,-1.433594,1.162109,0.537109,0.736816,0.578064,0.231262,0.263611,up
320858,-1.019531,9.613281,2.28125,-1.421875,1.126953,0.542969,0.736816,0.578064,0.231262,0.263611,up
320864,-1.09375,9.53125,2.320313,-1.392578,1.103516,0.541016,0.736816,0.578064,0.231262,0.263611,up
320870,-1.09375,9.5,2.433594,-1.353516,1.072266,0.529297,0.736816,0.578064,0.231262,0.263611,up
320875,-1.132813,9.460938,2.433594,-1.253906,1.019531,0.507812,0.736816,0.578064,0.231262,0.263611,up
320880,-1.019531,9.34375,2.550781,-1.253906,1.019531,0.507812,0.741516,0.563293,0.23291,0.280273,up
320885,-1.019531,9.34375,2.550781,-1.253906,1.019531,0.507812,0.743042,0.557922,0.233582,0.286438,up
320890,-1.019531,9.269531,2.664063,-1.253906,1.019531,0.507812,0.743042,0.557922,0.233582,0.286438,up
320895,-1.019531,9.269531,2.664063,-1.011719,0.941406,0.449219,0.743042,0.557922,0.233582,0.286438,up
320900,-1.019531,9.269531,2.742188,-1.011719,0.941406,0.449219,0.744202,0.55304,0.234375,0.292175,up
320905,-0.980469,9.304688,2.742188,-0.929687,0.912109,0.435547,0.74469,0.55072,0.234802,0.294922,up
320910,-1.019531,9.308594,2.78125,-0.929687,0.912109,0.435547,0.745178,0.548401,0.235229,0.297729,up
320915,-1.019531,9.308594,2.78125,-0.894531,0.896484,0.435547,0.745544,0.546448,0.235596,0.300171,up
320920,-1.09375,9.460938,2.78125,-0.859375,0.855469,0.447266,0.745544,0.546448,0.235596,0.300171,up
320925,-1.09375,9.570313,2.78125,-0.818359,0.798828,0.451172,0.746155,0.542419,0.236267,0.305237,up
320930,-1.09375,9.570313,2.78125,-0.818359,0.798828,0.451172,0.746155,0.542419,0.236267,0.305237,up
320935,-1.09375,9.726563,2.894531,-0.708984,0.503906,0.470703,0.746155,0.542419,0.236267,0.305237,up
320941,-1.058594,9.84375,3.203125,-0.708984,0.503906,0.470703,0.747314,0.53595,0.235962,0.314026,up
320946,-1.09375,9.808594,3.125,-0.691406,0.394531,0.474609,0.747314,0.53595,0.235962,0.314026,up
320951,-1.132813,9.648438,3.046875,-0.691406,0.394531,0.474609,0.747925,0.533325,0.235107,0.317566,up
320957,-1.019531,9.460938,3.007813,-0.691406,0.394531,0.474609,0.748352,0.532104,0.234375,0.319275,up
320962,-0.980469,9.421875,3.085938,-0.759766,0.130859,0.511719,0.748779,0.530823,0.233459,0.320923,up
320968,-0.902344,9.425781,3.203125,-0.775391,0.033203,0.525391,0.748779,0.530823,0.233459,0.320923,up
320973,-0.75,9.269531,3.238281,-0.826172,-0.035156,0.533203,0.748779,0.530823,0.233459,0.320923,up
320980,-0.671875,9.265625,3.203125,-0.884766,-0.080078,0.519531,0.748779,0.530823,0.233459,0.320923,up
320985,-0.671875,9.121094,3.125,-0.982422,-0.181641,0.515625,0.748779,0.530823,0.233459,0.320923,up
320990,-0.597656,9.042969,3.085938,-0.982422,-0.181641,0.515625,0.752441,0.524414,0.226074,0.328125,up
320996,-0.480469,9.0,3.046875,-0.998047,-0.236328,0.505859,0.754456,0.521606,0.22229,0.330627,up
321001,-0.480469,8.960938,3.046875,-0.990234,-0.300781,0.472656,0.754456,0.521606,0.22229,0.330627,up
321006,-0.40625,8.925781,3.085938,-0.990234,-0.300781,0.472656,0.756653,0.518738,0.218079,0.332886,up
321011,-0.367188,8.882813,3.085938,-0.990234,-0.300781,0.472656,0.757629,0.517517,0.216248,0.333801,up
321017,-0.289063,8.738281,2.972656,-0.990234,-0.300781,0.472656,0.758667,0.516174,0.214233,0.334778,up
321023,-0.289063,8.695313,2.972656,-0.978516,-0.3125,0.431641,0.758667,0.516174,0.214233,0.334778,up
321028,-0.289063,8.660156,2.972656,-0.978516,-0.3125,0.431641,0.760803,0.513428,0.210266,0.336731,up
321033,-0.253906,8.617188,3.046875,-0.958984,-0.318359,0.40625,0.761841,0.512085,0.208374,0.337646,up
321039,-0.253906,8.582031,3.125,-0.976562,-0.326172,0.384766,0.761841,0.512085,0.208374,0.337646,up
321044,-0.253906,8.582031,3.125,-0.992187,-0.322266,0.375,0.761841,0.512085,0.208374,0.337646,up
321049,-0.214844,8.464844,3.085938,-0.992187,-0.322266,0.375,0.761841,0.512085,0.208374,0.337646,up
321054,-0.175781,8.460938,3.125,-1.074219,-0.337891,0.365234,0.761841,0.512085,0.208374,0.337646,up
321059,-0.214844,8.347656,3.164063,-1.080078,-0.349609,0.357422,0.761841,0.512085,0.208374,0.337646,up
321064,-0.214844,8.386719,3.203125,-1.080078,-0.349609,0.357422,0.768799,0.502991,0.196411,0.342651,up
321069,-0.175781,8.464844,3.316406,-1.080078,-0.349609,0.357422,0.768799,0.502991,0.196411,0.342651,up
321074,-0.214844,8.386719,3.394531,-1.203125,-0.449219,0.304688,0.768799,0.502991,0.196411,0.342651,up
321079,-0.214844,8.386719,3.507813,-1.279297,-0.5,0.298828,0.768799,0.502991,0.196411,0.342651,up
321085,-0.136719,8.195313,3.738281,-1.279297,-0.5,0.298828,0.776245,0.493835,0.184692,0.345581,up
321090,-0.136719,8.117188,3.699219,-1.279297,-0.5,0.298828,0.776245,0.493835,0.184692,0.345581,up
321095,-0.136719,8.117188,3.699219,-1.351563,-0.652344,0.226562,0.778015,0.491821,0.182068,0.345947,up
321100,-0.175781,7.964844,3.621094,-1.376953,-0.712891,0.207031,0.779846,0.489807,0.17926,0.34613,up
321105,-0.175781,7.964844,3.621094,-1.392578,-0.800781,0.185547,0.781677,0.487854,0.176392,0.346252,up
321110,-0.0625,7.773437,3.621094,-1.392578,-0.800781,0.185547,0.781677,0.487854,0.176392,0.346252,up
321115,0.054687,7.617187,3.621094,-1.486328,-0.910156,0.121094,0.785645,0.483826,0.170105,0.346008,up
321121,0.167969,7.238281,3.621094,-1.484375,-0.986328,0.107422,0.789795,0.479797,0.163391,0.345337,up
321126,0.324219,7.199219,3.738281,-1.484375,-0.986328,0.107422,0.789795,0.479797,0.163391,0.345337,up
321132,0.285156,7.128906,3.890625,-1.232422,-1.15625,0.066406,0.793762,0.476379,0.156555,0.344177,up
321137,0.515625,6.894531,4.234375,-1.232422,-1.15625,0.066406,0.795532,0.475098,0.153198,0.343384,up
321143,0.476562,6.703125,4.3125,-0.9375,-1.263672,0.074219,0.79718,0.474182,0.149719,0.342407,up
321149,0.398438,6.707031,4.195312,-0.773437,-1.267578,0.091797,0.79718,0.474182,0.149719,0.342407,up
321154,0.207031,7.277344,3.851563,-0.615234,-1.259766,0.132812,0.79718,0.474182,0.149719,0.342407,up
321160,-0.136719,6.589844,3.621094,-0.507812,-1.236328,0.205078,0.79718,0.474182,0.149719,0.342407,up
321166,0.246094,6.128906,3.546875,-0.589844,-1.197266,0.265625,0.79718,0.474182,0.149719,0.342407,up
321171,0.476562,8.042969,3.929688,-0.589844,-1.197266,0.265625,0.802429,0.473206,0.133789,0.338074,up
321176,0.285156,8.234375,4.082031,-0.480469,-1.185547,0.302734,0.802429,0.473206,0.133789,0.338074,up
321181,0.324219,8.042969,4.042969,-0.480469,-1.185547,0.302734,0.804016,0.473389,0.126892,0.336731,up
321186,0.476562,7.964844,3.96875,-0.728516,-1.277344,0.230469,0.804749,0.473389,0.123779,0.33606,up
321191,0.628906,7.964844,3.96875,-0.728516,-1.277344,0.230469,0.806824,0.472656,0.117065,0.334473,up
321196,0.78125,8.042969,4.042969,-0.728516,-1.277344,0.230469,0.808289,0.471802,0.113342,0.333496,up
321201,1.089844,8.039063,4.195312,-0.728516,-1.277344,0.230469,0.808289,0.471802,0.113342,0.333496,up
321206,1.164063,7.929687,4.160156,-1.382813,-1.501953,0.007813,0.812317,0.46875,0.10498,0.33075,up
321211,1.355469,7.472656,4.234375,-1.382813,-1.501953,0.007813,0.812317,0.46875,0.10498,0.33075,up
321216,1.355469,7.472656,4.234375,-1.662109,-1.535156,-0.220703,0.814697,0.466736,0.10083,0.329102,up
321221,1.585938,7.199219,4.195312,-1.662109,-1.535156,-0.220703,0.817261,0.464417,0.09668,0.327209,up
321226,1.703125,6.929687,4.082031,-1.964844,-1.490234,-0.40625,0.817261,0.464417,0.09668,0.327209,up
321231,1.703125,6.929687,4.082031,-2.119141,-1.460938,-0.441406,0.82312,0.458557,0.088196,0.323059,up
321237,1.96875,6.164062,4.425781,-2.199219,-1.414063,-0.464844,0.829468,0.451599,0.079895,0.318848,up
321242,1.929688,5.859375,4.582031,-2.199219,-1.414063,-0.464844,0.829468,0.451599,0.079895,0.318848,up
321248,1.929688,5.707031,5.039062,-2.199219,-1.414063,-0.464844,0.835388,0.444702,0.072266,0.31488,up
321253,1.929688,5.785156,5.117187,-1.728516,-1.162109,-0.416016,0.837891,0.441772,0.068848,0.313049,up
321259,1.96875,5.859375,5.15625,-1.498047,-1.117188,-0.375,0.837891,0.441772,0.068848,0.313049,up
321265,1.894531,6.007812,5.117187,-1.498047,-1.117188,-0.375,0.837891,0.441772,0.068848,0.313049,up
321270,1.929688,6.128906,5.078125,-0.988281,-1.033203,-0.326172,0.837891,0.441772,0.068848,0.313049,up
321276,1.929688,6.285156,5.039062,-0.650391,-1.001953,-0.267578,0.837891,0.441772,0.068848,0.313049,up
321282,1.929688,6.972656,4.925781,-0.650391,-1.001953,-0.267578,0.847229,0.433044,0.052795,0.303162,up
321287,1.929688,7.277344,4.847656,-0.53125,-0.992187,-0.244141,0.848206,0.432556,0.050354,0.301514,up
321293,1.929688,7.894531,4.695312,-0.53125,-0.992187,-0.244141,0.84906,0.432129,0.048279,0.300171,up
321298,1.96875,8.003906,4.582031,-0.777344,-0.984375,-0.234375,0.850037,0.431335,0.045959,0.298706,up
321303,2.121094,7.699219,4.582031,-0.777344,-0.984375,-0.234375,0.851318,0.430115,0.043396,0.297241,up
321308,2.199219,7.429687,4.617187,-1.285156,-0.957031,-0.21875,0.851318,0.430115,0.043396,0.297241,up
321314,2.199219,7.429687,4.617187,-1.564453,-0.933594,-0.1875,0.854492,0.426147,0.038025,0.294617,up
321319,2.277344,6.933594,4.773437,-1.564453,-0.933594,-0.1875,0.854492,0.426147,0.038025,0.294617,up
321324,2.507813,6.550781,4.808594,-1.775391,-0.931641,-0.169922,0.854492,0.426147,0.038025,0.294617,up
321329,2.507813,6.550781,4.808594,-2.060547,-0.90625,-0.138672,0.858643,0.419861,0.031799,0.292297,up
321335,2.890625,5.4375,5.269531,-2.060547,-0.90625,-0.138672,0.860962,0.416138,0.028442,0.291138,up
321340,2.925781,5.246094,5.308594,-2.060547,-0.90625,-0.138672,0.865479,0.408508,0.021851,0.289124,up
321345,2.964844,5.09375,5.304687,-1.925781,-0.818359,-0.089844,0.865479,0.408508,0.021851,0.289124,up
321351,2.890625,5.132812,5.308594,-1.451172,-0.673828,-0.089844,0.865479,0.408508,0.021851,0.289124,up
321357,2.8125,5.285156,5.386719,-1.451172,-0.673828,-0.089844,0.87262,0.395996,0.010864,0.285706,up
321362,2.699219,5.625,5.421875,-0.978516,-0.607422,-0.117188,0.873901,0.393921,0.008667,0.28479,up
321367,2.621094,5.941406,5.308594,-0.833984,-0.617187,-0.160156,0.874939,0.392273,0.006714,0.283875,up
321372,2.542969,6.203125,5.308594,-0.833984,-0.617187,-0.160156,0.875671,0.391174,0.005188,0.283081,up
321378,2.390625,6.429687,5.652344,-0.833984,-0.617187,-0.160156,0.876648,0.389893,0.003235,0.28186,up
321383,2.277344,6.46875,5.769531,-0.775391,-0.738281,-0.269531,0.877502,0.388855,0.001526,0.280762,up
321388,2.160156,6.550781,5.84375,-0.775391,-0.738281,-0.269531,0.878601,0.387451,-0.00061,0.279297,up
321394,2.199219,6.628906,6.035156,-0.775391,-0.738281,-0.269531,0.879578,0.386047,-0.002563,0.277954,up
321400,2.160156,6.507812,6.152344,-1.191406,-0.851562,-0.341797,0.879578,0.386047,-0.002563,0.277954,up
321406,2.199219,6.324219,6.265625,-1.34375,-0.888672,-0.335938,0.879578,0.386047,-0.002563,0.277954,up
321411,2.238281,6.164062,6.417969,-1.34375,-0.888672,-0.335938,0.885437,0.376892,-0.012695,0.27179,up
321416,2.277344,6.089844,6.574219,-1.34375,-0.888672,-0.335938,0.885437,0.376892,-0.012695,0.27179,up
321421,2.351563,5.972656,6.691406,-1.539063,-0.941406,-0.257813,0.88855,0.371399,-0.018372,0.268799,up
321426,2.429688,5.667969,6.769531,-1.539063,-0.941406,-0.257813,0.88855,0.371399,-0.018372,0.268799,up
321431,2.429688,5.628906,6.6875,-1.539063,-0.941406,-0.257813,0.889893,0.368896,-0.021179,0.267395,up
321436,2.429688,5.628906,6.6875,-1.060547,-0.835937,-0.167969,0.891052,0.366943,-0.023682,0.266174,up
321441,2.429688,5.589844,6.652344,-0.775391,-0.783203,-0.140625,0.891052,0.366943,-0.023682,0.266174,up
321446,2.429688,5.589844,6.652344,-0.496094,-0.734375,-0.109375,0.892517,0.364502,-0.027954,0.264038,up
321451,2.542969,5.972656,6.191406,-0.496094,-0.734375,-0.109375,0.892517,0.364502,-0.027954,0.264038,up
321456,2.542969,5.972656,6.191406,-0.185547,-0.662109,-0.048828,0.893127,0.363953,-0.031311,0.262451,up
321461,2.351563,6.703125,5.960937,-0.162109,-0.683594,0.042969,0.893127,0.363953,-0.031311,0.262451,up
321466,2.121094,7.351562,5.84375,-0.162109,-0.683594,0.042969,0.893311,0.364136,-0.034485,0.261169,up
321471,2.007813,7.550781,5.769531,-0.162109,-0.683594,0.042969,0.893372,0.364136,-0.036377,0.260742,up
321477,1.929688,7.511719,5.882812,-0.490234,-0.761719,0.207031,0.89386,0.362793,-0.040833,0.260254,up
321483,1.929688,6.933594,6.304687,-0.490234,-0.761719,0.207031,0.894287,0.36145,-0.043396,0.260193,up
321488,1.929688,6.855469,6.570312,-1.214844,-0.865234,0.490234,0.894897,0.359497,-0.046387,0.260315,up
321493,2.085938,6.855469,6.914062,-1.388672,-0.910156,0.537109,0.89563,0.357117,-0.049683,0.260559,up
321500,2.3125,6.472656,7.5625,-1.388672,-0.910156,0.537109,0.896423,0.354309,-0.053223,0.260803,up
321505,2.429688,6.320312,7.796875,-1.683594,-0.933594,0.544922,0.896423,0.354309,-0.053223,0.260803,up
321510,2.507813,6.203125,7.957031,-1.759766,-0.914062,0.523437,0.896423,0.354309,-0.053223,0.260803,up
321515,2.542969,5.972656,8.179688,-1.755859,-0.898437,0.470703,0.896423,0.354309,-0.053223,0.260803,up
321521,2.699219,5.589844,8.5625,-1.404297,-0.865234,0.333984,0.896423,0.354309,-0.053223,0.260803,up
321526,2.734375,5.515625,8.640625,-1.404297,-0.865234,0.333984,0.901367,0.338135,-0.070862,0.261108,up
321532,2.773438,5.398437,8.605469,-0.802734,-0.875,0.228516,0.901367,0.338135,-0.070862,0.261108,up
321537,2.964844,5.363281,8.484375,-0.802734,-0.875,0.228516,0.902771,0.333191,-0.079285,0.260193,up
321542,3.117188,5.363281,8.488281,-0.291016,-0.941406,0.173828,0.902832,0.332825,-0.082092,0.259705,up
321547,3.308594,5.476562,8.488281,-0.099609,-0.9375,0.166016,0.902832,0.332825,-0.082092,0.259705,up
321552,3.464844,5.628906,8.40625,-0.099609,-0.9375,0.166016,0.902405,0.333435,-0.086487,0.258972,up
321558,3.617188,6.089844,7.761719,-0.099609,-0.9375,0.166016,0.901978,0.334351,-0.08844,0.258606,up
321563,3.65625,6.242187,7.644531,0.337891,-0.783203,0.123047,0.901978,0.334351,-0.08844,0.258606,up
321568,3.695313,6.359375,7.535156,0.386719,-0.720703,0.107422,0.901978,0.334351,-0.08844,0.258606,up
321573,3.730469,6.433594,7.378906,0.386719,-0.720703,0.107422,0.901978,0.334351,-0.08844,0.258606,up
321579,3.769531,6.742187,7.375,0.386719,-0.720703,0.107422,0.89978,0.339417,-0.094482,0.257507,up
321585,3.847656,6.742187,7.535156,0.267578,-0.576172,0.056641,0.89978,0.339417,-0.094482,0.257507,up
321591,3.921875,6.742187,7.679687,0.148437,-0.552734,0.048828,0.89978,0.339417,-0.094482,0.257507,up
321596,3.886719,6.664062,7.761719,0.019531,-0.523437,0.052734,0.89978,0.339417,-0.094482,0.257507,up
321601,3.886719,6.511719,7.71875,-0.134766,-0.498047,0.050781,0.89978,0.339417,-0.094482,0.257507,up
321607,3.960938,6.359375,7.914062,-0.134766,-0.498047,0.050781,0.898499,0.342102,-0.100342,0.256042,up
321612,3.960938,6.394531,7.988281,-0.134766,-0.498047,0.050781,0.898437,0.342041,-0.102844,0.255371,up
321617,3.886719,6.359375,7.957031,-0.134766,-0.498047,0.050781,0.898437,0.342041,-0.102844,0.255371,up
321622,3.886719,6.359375,8.027344,-0.193359,-0.498047,0.037109,0.898437,0.341797,-0.105408,0.254639,up
321627,4.078125,6.359375,8.023438,-0.193359,-0.498047,0.037109,0.898499,0.341736,-0.106873,0.254089,up
321632,4.152344,6.242187,8.105469,-0.193359,-0.498047,0.037109,0.898499,0.341736,-0.106873,0.254089,up
321637,4.152344,6.242187,8.105469,-0.017578,-0.572266,-0.111328,0.898499,0.341736,-0.108032,0.25354,up
321642,4.304687,6.203125,8.0625,-0.017578,-0.572266,-0.111328,0.898437,0.34198,-0.109314,0.252808,up
321647,4.535156,6.164062,7.988281,-0.017578,-0.572266,-0.111328,0.898437,0.34198,-0.109314,0.252808,up
321652,4.535156,6.164062,7.988281,0.210937,-0.488281,-0.201172,0.898193,0.343201,-0.111267,0.251282,up
321657,4.84375,6.203125,7.835937,0.210937,-0.488281,-0.201172,0.897644,0.345337,-0.112305,0.249634,up
321662,4.917969,6.28125,7.800781,0.210937,-0.488281,-0.201172,0.897644,0.345337,-0.112305,0.249634,up
321667,4.882812,6.472656,7.722656,0.617187,-0.195312,-0.335938,0.897278,0.346802,-0.112427,0.248901,up
321672,4.84375,6.703125,7.601562,0.617187,-0.195312,-0.335938,0.896545,0.349915,-0.112,0.247437,up
321677,4.6875,7.085937,7.492187,0.617187,-0.195312,-0.335938,0.896545,0.349915,-0.112,0.247437,up
321682,4.6875,7.238281,7.453125,0.617187,-0.195312,-0.335938,0.895874,0.353149,-0.11084,0.24585,up
321687,4.765625,7.429687,7.375,0.617187,-0.195312,-0.335938,0.895874,0.353149,-0.11084,0.24585,up
321692,4.765625,7.546875,7.300781,0.433594,0.060547,-0.449219,0.895874,0.353149,-0.11084,0.24585,up
321697,4.765625,7.660156,7.261719,0.433594,0.060547,-0.449219,0.895508,0.355591,-0.109497,0.244263,up
321702,4.726562,7.617187,7.261719,0.433594,0.060547,-0.449219,0.895386,0.356628,-0.108582,0.243408,up
321707,4.6875,7.46875,7.375,0.160156,0.294922,-0.396484,0.895386,0.356628,-0.108582,0.243408,up
321712,4.613281,7.355469,7.339844,0.160156,0.294922,-0.396484,0.895569,0.357788,-0.106567,0.242065,up
321718,4.304687,7.046875,7.644531,0.160156,0.294922,-0.396484,0.895996,0.357971,-0.104309,0.241211,up
321723,4.230469,6.894531,7.796875,0.011719,0.425781,-0.253906,0.89624,0.357849,-0.102905,0.240967,up
321728,4.191406,6.777344,7.878906,0.003906,0.451172,-0.210937,0.896484,0.357666,-0.101685,0.240845,up
321734,4.113281,6.625,7.953125,0.027344,0.476562,-0.189453,0.896667,0.357483,-0.100647,0.240845,up
321739,4.078125,6.585937,8.296875,0.027344,0.476562,-0.189453,0.896851,0.357422,-0.099365,0.240906,up
321744,4.113281,6.585937,8.339844,0.195312,0.472656,-0.21875,0.896851,0.357422,-0.099365,0.240906,up
321751,4.078125,6.472656,8.335938,0.345703,0.490234,-0.283203,0.896851,0.357422,-0.099365,0.240906,up
321757,4.0,6.550781,8.261719,0.501953,0.503906,-0.347656,0.896851,0.357422,-0.099365,0.240906,up
321762,4.078125,6.625,8.222656,0.808594,0.550781,-0.46875,0.896851,0.357422,-0.099365,0.240906,up
321767,4.078125,6.625,8.140625,0.808594,0.550781,-0.46875,0.896484,0.361084,-0.091003,0.240173,up
321772,4.039062,6.742187,8.105469,0.808594,0.550781,-0.46875,0.896057,0.362915,-0.088562,0.239746,up
321777,3.921875,6.816406,8.179688,0.988281,0.697266,-0.556641,0.895691,0.364624,-0.086304,0.23938,up
321782,3.808594,7.007812,8.296875,0.988281,0.697266,-0.556641,0.895264,0.366699,-0.083496,0.238953,up
321788,3.539063,7.160156,8.449219,0.988281,0.697266,-0.556641,0.894348,0.370422,-0.078064,0.238342,up
321793,3.386719,7.277344,8.5625,0.988281,0.697266,-0.556641,0.894348,0.370422,-0.078064,0.238342,up
321798,3.234375,7.351562,8.679688,1.068359,0.769531,-0.490234,0.89325,0.374573,-0.072205,0.237854,up
321803,3.117188,7.507812,8.722656,1.068359,0.769531,-0.490234,0.8927,0.376404,-0.069702,0.237732,up
321809,3.003906,7.773437,8.679688,1.068359,0.769531,-0.490234,0.892029,0.37854,-0.066956,0.23761,up
321814,3.042969,7.851562,8.527344,1.144531,0.652344,-0.382813,0.891296,0.380676,-0.064453,0.23761,up
321819,2.925781,7.964844,8.40625,1.195313,0.630859,-0.363281,0.891296,0.380676,-0.064453,0.23761,up
321826,2.890625,8.003906,8.300781,1.210938,0.609375,-0.367188,0.891296,0.380676,-0.064453,0.23761,up
321831,2.851563,8.160156,8.066406,1.210938,0.609375,-0.367188,0.891296,0.380676,-0.064453,0.23761,up
321836,2.773438,8.382813,7.953125,1.197266,0.603516,-0.388672,0.891296,0.380676,-0.064453,0.23761,up
321842,2.734375,8.539063,7.835937,1.175781,0.568359,-0.40625,0.891296,0.380676,-0.064453,0.23761,up
321847,2.773438,8.621094,7.796875,1.175781,0.568359,-0.40625,0.88623,0.394836,-0.049927,0.237061,up
321852,2.773438,8.660156,7.722656,1.091797,0.511719,-0.414062,0.88623,0.394836,-0.049927,0.237061,up
321857,2.734375,8.660156,7.605469,1.005859,0.498047,-0.382813,0.883972,0.401062,-0.043457,0.236389,up
321862,2.621094,8.5,7.566406,1.005859,0.498047,-0.382813,0.883972,0.401062,-0.043457,0.236389,up
321867,2.582031,8.34375,7.566406,1.005859,0.498047,-0.382813,0.883301,0.402832,-0.041382,0.236267,up
321873,2.542969,8.234375,7.605469,0.628906,0.462891,-0.160156,0.883301,0.402832,-0.041382,0.236267,up
321878,2.621094,8.042969,7.53125,0.628906,0.462891,-0.160156,0.882263,0.405334,-0.038086,0.236328,up
321883,2.621094,7.929687,7.53125,0.574219,0.453125,-0.083984,0.881775,0.406372,-0.036682,0.236572,up
321888,2.621094,7.929687,7.53125,0.537109,0.449219,-0.025391,0.881287,0.407349,-0.035217,0.237,up
321893,2.699219,7.816406,7.566406,0.537109,0.449219,-0.025391,0.880798,0.408264,-0.033997,0.237488,up
321898,2.773438,7.617187,7.566406,0.533203,0.451172,0.060547,0.880249,0.409119,-0.032715,0.238098,up
321903,2.8125,7.507812,7.566406,0.597656,0.458984,0.072266,0.878967,0.411255,-0.03009,0.239502,up
321908,2.8125,7.351562,7.535156,0.597656,0.458984,0.072266,0.878235,0.412598,-0.028687,0.240173,up
321914,2.773438,7.511719,7.222656,0.597656,0.458984,0.072266,0.877319,0.414185,-0.0271,0.240906,up
321920,2.699219,7.8125,7.109375,0.597656,0.458984,0.072266,0.876343,0.415955,-0.025452,0.241577,up
321925,2.734375,8.0,7.03125,1.041016,0.511719,0.017578,0.876343,0.415955,-0.025452,0.241577,up
321931,2.660156,8.15625,6.839844,1.039063,0.521484,0.017578,0.876343,0.415955,-0.025452,0.241577,up
321936,2.542969,8.34375,6.6875,1.039063,0.521484,0.017578,0.873169,0.421753,-0.020264,0.243591,up
321942,2.542969,8.382813,6.726562,0.933594,0.509766,0.0625,0.873169,0.421753,-0.020264,0.243591,up
321947,2.542969,8.382813,6.6875,0.861328,0.515625,0.103516,0.870178,0.426697,-0.015503,0.245972,up
321952,2.3125,8.277344,6.648437,0.861328,0.515625,0.103516,0.870178,0.426697,-0.015503,0.245972,up
321958,2.277344,8.238281,6.765625,0.595703,0.503906,0.28125,0.870178,0.426697,-0.015503,0.245972,up
321963,2.199219,8.042969,6.839844,0.595703,0.503906,0.28125,0.867615,0.429993,-0.011658,0.249451,up
321968,2.238281,7.929687,6.765625,0.595703,0.503906,0.28125,0.867615,0.429993,-0.011658,0.249451,up
321973,2.3125,7.8125,6.878906,0.595703,0.503906,0.28125,0.866028,0.431641,-0.009888,0.252136,up
321978,2.390625,7.695312,6.800781,0.580078,0.443359,0.501953,0.865051,0.432617,-0.009033,0.253784,up
321983,2.46875,7.578125,6.609375,0.662109,0.470703,0.523437,0.865051,0.432617,-0.009033,0.253784,up
321988,2.582031,7.429687,6.609375,0.662109,0.470703,0.523437,0.863037,0.434814,-0.007324,0.256958,up
321993,2.660156,7.3125,6.535156,0.927734,0.537109,0.542969,0.863037,0.434814,-0.007324,0.256958,up
321998,2.660156,7.277344,6.496094,1.078125,0.589844,0.535156,0.861694,0.436462,-0.006226,0.25885,up
322003,2.660156,7.277344,6.417969,1.078125,0.589844,0.535156,0.860352,0.43811,-0.005005,0.260498,up
322009,2.582031,7.234375,6.265625,1.078125,0.589844,0.535156,0.857056,0.442383,-0.001953,0.26416,up
322014,2.582031,7.234375,6.265625,1.333984,0.701172,0.480469,0.855225,0.444763,-6.1e-05,0.266052,up
322019,2.507813,7.277344,6.152344,1.375,0.732422,0.457031,0.85321,0.447449,0.002014,0.268005,up
322025,2.390625,7.472656,5.996094,1.375,0.732422,0.457031,0.851562,0.449585,0.003784,0.269592,up
322031,2.277344,7.46875,5.996094,1.414063,0.800781,0.388672,0.851562,0.449585,0.003784,0.269592,up
322036,2.085938,7.507812,6.035156,1.429688,0.841797,0.361328,0.851562,0.449585,0.003784,0.269592,up
322042,1.96875,7.507812,6.035156,1.474609,0.876953,0.337891,0.851562,0.449585,0.003784,0.269592,up
322047,2.007813,7.507812,6.035156,1.474609,0.876953,0.337891,0.843933,0.459534,0.013184,0.276489,up
322053,1.894531,7.621094,6.035156,1.490234,0.890625,0.349609,0.843933,0.459534,0.013184,0.276489,up
322058,1.894531,7.621094,6.035156,1.507813,0.900391,0.363281,0.839905,0.464661,0.018188,0.279907,up
322063,1.929688,7.8125,6.074219,1.507813,0.900391,0.363281,0.839905,0.464661,0.018188,0.279907,up
322068,1.894531,8.042969,5.921875,1.517578,0.892578,0.380859,0.835693,0.469788,0.023254,0.283508,up
322073,1.894531,8.042969,5.921875,1.517578,0.892578,0.380859,0.835693,0.469788,0.023254,0.283508,up
322078,1.929688,8.277344,5.84375,1.554688,0.886719,0.402344,0.829163,0.4776,0.030762,0.288879,up
322084,1.894531,8.460938,5.652344,1.523438,0.876953,0.40625,0.826721,0.480408,0.033386,0.290771,up
322089,1.894531,8.578125,5.578125,1.482422,0.853516,0.416016,0.824585,0.482971,0.035828,0.292542,up
322094,1.894531,8.765625,5.421875,1.482422,0.853516,0.416016,0.822571,0.485107,0.037903,0.294189,up
322100,1.894531,8.84375,5.308594,1.482422,0.853516,0.416016,0.820557,0.487366,0.040039,0.295959,up
322105,1.894531,8.882813,5.308594,1.203125,0.804687,0.476562,0.820557,0.487366,0.040039,0.295959,up
322110,1.855469,8.925781,5.347656,1.074219,0.779297,0.509766,0.816711,0.491211,0.043945,0.299683,up
322115,1.855469,8.886719,5.308594,0.917969,0.765625,0.541016,0.815002,0.492676,0.045593,0.301575,up
322120,1.816406,8.769531,5.421875,0.917969,0.765625,0.541016,0.813416,0.493958,0.047119,0.303589,up
322125,1.816406,8.695313,5.5,0.652344,0.699219,0.585937,0.813416,0.493958,0.047119,0.303589,up
322130,1.855469,8.582031,5.539062,0.560547,0.662109,0.609375,0.813416,0.493958,0.047119,0.303589,up
322135,1.855469,8.503906,5.539062,0.496094,0.625,0.636719,0.813416,0.493958,0.047119,0.303589,up
322141,1.894531,8.382813,5.539062,0.496094,0.625,0.636719,0.813416,0.493958,0.047119,0.303589,up
322147,1.929688,8.3125,5.613281,0.421875,0.582031,0.662109,0.813416,0.493958,0.047119,0.303589,up
322153,2.046875,8.121094,5.613281,0.445312,0.535156,0.697266,0.813416,0.493958,0.047119,0.303589,up
322158,2.085938,8.117188,5.578125,0.445312,0.535156,0.697266,0.804871,0.498474,0.053284,0.317627,up
322163,2.199219,8.082031,5.539062,0.498047,0.517578,0.703125,0.802307,0.499878,0.054443,0.321716,up
322168,2.351563,8.117188,5.460937,0.498047,0.517578,0.703125,0.802307,0.499878,0.054443,0.321716,up
322173,2.390625,8.121094,5.382812,0.587891,0.527344,0.703125,0.800964,0.500671,0.054993,0.323669,up
322178,2.429688,8.117188,5.347656,0.587891,0.527344,0.703125,0.798157,0.50238,0.056274,0.327637,up
322183,2.507813,8.121094,5.191406,0.587891,0.527344,0.703125,0.798157,0.50238,0.056274,0.327637,up
322188,2.507813,8.042969,5.191406,0.607422,0.556641,0.673828,0.796631,0.503357,0.057068,0.329834,up
322193,2.507813,8.082031,5.230469,0.607422,0.556641,0.673828,0.795349,0.50415,0.0578,0.331604,up
322198,2.507813,8.082031,5.230469,0.640625,0.568359,0.628906,0.793884,0.505005,0.058655,0.333557,up
322203,2.46875,8.199219,5.078125,0.632812,0.576172,0.589844,0.792542,0.505859,0.059509,0.335327,up
322208,2.46875,8.199219,5.078125,0.621094,0.566406,0.5625,0.792542,0.505859,0.059509,0.335327,up
322213,2.46875,8.199219,5.078125,0.621094,0.566406,0.5625,0.791138,0.506714,0.060486,0.337158,up
322218,2.46875,8.199219,5.078125,0.572266,0.533203,0.507812,0.788574,0.508362,0.062317,0.340454,up
322224,2.351563,8.460938,5.0,0.572266,0.533203,0.507812,0.786011,0.509827,0.064148,0.343689,up
322229,2.277344,8.539063,5.078125,0.535156,0.503906,0.511719,0.784607,0.510681,0.065063,0.345459,up
322235,2.277344,8.578125,5.0,0.535156,0.503906,0.511719,0.783569,0.511292,0.065735,0.346802,up
322240,2.3125,8.578125,5.078125,0.535156,0.503906,0.511719,0.782349,0.511963,0.066406,0.348511,up
322245,2.351563,8.578125,5.15625,0.535156,0.503906,0.511719,0.781189,0.512573,0.066895,0.349976,up
322251,2.390625,8.660156,5.15625,0.416016,0.359375,0.595703,0.781189,0.512573,0.066895,0.349976,up
322256,2.46875,8.734375,5.078125,0.390625,0.318359,0.625,0.781189,0.512573,0.066895,0.349976,up
322261,2.582031,8.882813,4.925781,0.390625,0.318359,0.625,0.777893,0.514343,0.067627,0.354675,up
322267,2.582031,8.964844,4.886719,0.302734,0.265625,0.65625,0.777893,0.514343,0.067627,0.354675,up
322273,2.660156,8.964844,4.847656,0.205078,0.238281,0.669922,0.777893,0.514343,0.067627,0.354675,up
322279,2.734375,8.964844,4.734375,0.205078,0.238281,0.669922,0.773987,0.515869,0.067078,0.360962,up
322284,2.8125,8.882813,4.734375,0.111328,0.246094,0.675781,0.773071,0.516052,0.066772,0.362732,up
322289,2.8125,8.84375,4.734375,0.082031,0.248047,0.683594,0.772217,0.516113,0.066406,0.364441,up
322294,2.773438,8.804688,4.734375,0.050781,0.248047,0.695312,0.772217,0.516113,0.066406,0.364441,up
322300,2.734375,8.503906,4.734375,0.050781,0.248047,0.695312,0.770874,0.516174,0.065735,0.367493,up
322307,2.734375,8.464844,4.808594,0.039063,0.251953,0.707031,0.770874,0.516174,0.065735,0.367493,up
322312,2.699219,8.421875,4.925781,0.046875,0.246094,0.712891,0.770874,0.516174,0.065735,0.367493,up
322317,2.660156,8.273438,4.925781,0.046875,0.246094,0.712891,0.768555,0.516113,0.064575,0.372559,up
322322,2.699219,8.238281,4.925781,0.130859,0.25,0.685547,0.768555,0.516113,0.064575,0.372559,up
322328,2.734375,8.160156,5.0,0.130859,0.25,0.685547,0.766724,0.516418,0.063965,0.375977,up
322333,2.8125,8.15625,5.0,0.263672,0.259766,0.644531,0.765808,0.516724,0.063843,0.377441,up
322339,2.851563,8.042969,4.964844,0.386719,0.292969,0.621094,0.765808,0.516724,0.063843,0.377441,up
322344,2.851563,8.039063,4.925781,0.386719,0.292969,0.621094,0.76239,0.518311,0.064087,0.38208,up
322349,2.925781,7.964844,4.964844,0.386719,0.292969,0.621094,0.761353,0.51886,0.064331,0.383362,up
322354,3.003906,7.929687,4.886719,0.521484,0.355469,0.5625,0.76001,0.519653,0.064758,0.384888,up
322360,3.003906,7.890625,4.847656,0.521484,0.355469,0.5625,0.758789,0.520386,0.065186,0.386292,up
322366,3.082031,7.933594,4.808594,0.611328,0.373047,0.539062,0.758789,0.520386,0.065186,0.386292,up
322371,3.082031,8.0,4.734375,0.65625,0.388672,0.521484,0.758789,0.520386,0.065186,0.386292,up
322377,3.082031,8.082031,4.695312,0.701172,0.394531,0.511719,0.758789,0.520386,0.065186,0.386292,up
322382,3.117188,8.238281,4.65625,0.748047,0.388672,0.501953,0.758789,0.520386,0.065186,0.386292,up
322387,3.117188,8.34375,4.582031,0.794922,0.386719,0.488281,0.758789,0.520386,0.065186,0.386292,up
322393,2.964844,8.421875,4.542969,0.808594,0.392578,0.480469,0.758789,0.520386,0.065186,0.386292,up
322398,3.003906,8.582031,4.503906,0.835937,0.380859,0.458984,0.758789,0.520386,0.065186,0.386292,up
322403,3.003906,8.699219,4.425781,0.835937,0.380859,0.458984,0.746582,0.529114,0.071533,0.396912,up
322408,2.890625,8.660156,4.390625,0.835937,0.380859,0.458984,0.744995,0.530334,0.072449,0.398132,up
322413,2.8125,8.699219,4.390625,0.78125,0.373047,0.460937,0.744995,0.530334,0.072449,0.398132,up
322419,2.8125,8.695313,4.3125,0.746094,0.355469,0.46875,0.740295,0.533752,0.074951,0.401794,up
322424,2.773438,8.769531,4.195312,0.746094,0.355469,0.46875,0.738831,0.534851,0.075623,0.403015,up
322429,2.851563,8.765625,4.160156,0.679687,0.300781,0.515625,0.738831,0.534851,0.075623,0.403015,up
322434,2.851563,8.738281,4.042969,0.679687,0.300781,0.515625,0.737183,0.53595,0.076233,0.404297,up
322439,2.890625,8.808594,4.042969,0.642578,0.298828,0.519531,0.73584,0.536865,0.076721,0.405396,up
322444,2.890625,8.808594,4.042969,0.630859,0.28125,0.515625,0.73584,0.536865,0.076721,0.405396,up
322449,2.964844,8.847656,4.082031,0.630859,0.28125,0.515625,0.734375,0.537903,0.077209,0.406677,up
322454,2.964844,8.847656,4.082031,0.658203,0.283203,0.474609,0.730103,0.540833,0.078735,0.410156,up
322459,2.964844,8.886719,3.96875,0.658203,0.283203,0.474609,0.728699,0.54187,0.079285,0.411255,up
322464,2.964844,8.925781,3.890625,0.693359,0.291016,0.472656,0.728699,0.54187,0.079285,0.411255,up
322469,2.964844,8.960938,3.929688,0.693359,0.291016,0.472656,0.727051,0.54303,0.079895,0.412476,up
322474,2.964844,9.042969,3.8125,0.667969,0.324219,0.505859,0.727051,0.54303,0.079895,0.412476,up
322479,2.964844,9.042969,3.777344,0.667969,0.324219,0.505859,0.722656,0.545959,0.081604,0.415955,up
322484,3.003906,9.042969,3.777344,0.585937,0.332031,0.564453,0.722656,0.545959,0.081604,0.415955,up
322489,3.042969,9.082031,3.738281,0.585937,0.332031,0.564453,0.72113,0.546875,0.082153,0.417358,up
322494,3.082031,9.082031,3.585938,0.515625,0.357422,0.621094,0.72113,0.546875,0.082153,0.417358,up
322499,3.117188,9.117188,3.585938,0.478516,0.361328,0.636719,0.718323,0.54834,0.082886,0.420166,up
322504,3.195313,9.148438,3.585938,0.478516,0.361328,0.636719,0.715393,0.549561,0.083496,0.42334,up
322509,3.234375,9.039063,3.507813,0.478516,0.361328,0.636719,0.715393,0.549561,0.083496,0.42334,up
322514,3.308594,9.0,3.46875,0.478516,0.361328,0.636719,0.713989,0.55011,0.083679,0.424988,up
322519,3.347656,8.964844,3.46875,0.357422,0.373047,0.6875,0.713989,0.55011,0.083679,0.424988,up
322524,3.425781,8.960938,3.46875,0.357422,0.373047,0.6875,0.711304,0.550903,0.083923,0.428345,up
322529,3.386719,8.964844,3.46875,0.357422,0.373047,0.6875,0.708801,0.551636,0.084045,0.43158,up
322534,3.464844,9.042969,3.394531,0.357422,0.373047,0.6875,0.707581,0.552002,0.084045,0.433105,up
322539,3.464844,8.964844,3.507813,0.357422,0.373047,0.6875,0.707581,0.552002,0.084045,0.433105,up
322544,3.386719,9.0,3.429688,0.287109,0.333984,0.732422,0.705017,0.552612,0.083862,0.436523,up
322549,3.5,8.964844,3.546875,0.287109,0.333984,0.732422,0.703796,0.552856,0.083679,0.438232,up
322554,3.5,8.960938,3.585938,0.287109,0.333984,0.732422,0.703796,0.552856,0.083679,0.438232,up
322559,3.539063,8.925781,3.585938,0.203125,0.310547,0.777344,0.703796,0.552856,0.083679,0.438232,up
322564,3.578125,8.84375,3.660156,0.203125,0.310547,0.777344,0.701294,0.553284,0.08313,0.441772,up
322570,3.578125,8.84375,3.660156,0.115234,0.285156,0.783203,0.699036,0.553467,0.082397,0.445251,up
322575,3.539063,8.925781,3.738281,0.064453,0.283203,0.773437,0.697876,0.553467,0.081848,0.447083,up
322581,3.578125,8.804688,3.699219,0.064453,0.283203,0.773437,0.697021,0.553406,0.08136,0.448669,up
322587,3.65625,8.765625,3.699219,0.064453,0.283203,0.773437,0.696045,0.553223,0.08075,0.450439,up
322592,3.695313,8.769531,3.699219,-0.064453,0.269531,0.777344,0.696045,0.553223,0.08075,0.450439,up
322598,3.730469,8.769531,3.699219,-0.083984,0.267578,0.779297,0.696045,0.553223,0.08075,0.450439,up
322603,3.769531,8.769531,3.660156,-0.144531,0.285156,0.816406,0.696045,0.553223,0.08075,0.450439,up
322608,3.808594,8.65625,3.660156,-0.144531,0.285156,0.816406,0.692749,0.552002,0.077881,0.457458,up
322614,3.808594,8.578125,3.738281,-0.179687,0.285156,0.837891,0.692749,0.552002,0.077881,0.457458,up
322619,3.921875,8.464844,3.851563,-0.1875,0.304688,0.851562,0.692749,0.552002,0.077881,0.457458,up
322625,3.921875,8.34375,3.929688,-0.1875,0.304688,0.851562,0.689453,0.550049,0.07428,0.465393,up
322630,3.960938,8.316406,3.96875,-0.126953,0.306641,0.896484,0.688538,0.549622,0.073425,0.467346,up
322636,3.960938,8.117188,4.042969,-0.126953,0.306641,0.896484,0.687683,0.549316,0.072693,0.469116,up
322641,4.039062,8.039063,4.082031,-0.126953,0.306641,0.896484,0.686646,0.54895,0.071838,0.47113,up
322646,4.039062,8.0,4.082031,-0.046875,0.296875,0.90625,0.686646,0.54895,0.071838,0.47113,up
322651,4.113281,8.0,4.082031,-0.025391,0.283203,0.916016,0.686646,0.54895,0.071838,0.47113,up
322657,4.113281,8.0,4.042969,0.001953,0.267578,0.898437,0.683411,0.548279,0.069458,0.47699,up
322662,4.113281,8.039063,4.003906,0.001953,0.267578,0.898437,0.683411,0.548279,0.069458,0.47699,up
322667,4.113281,8.039063,4.003906,0.007813,0.275391,0.878906,0.681213,0.547913,0.067932,0.480713,up
322673,4.113281,8.117188,4.003906,-0.005859,0.273438,0.861328,0.681213,0.547913,0.067932,0.480713,up
322678,4.078125,8.121094,3.929688,-0.025391,0.271484,0.857422,0.679016,0.547546,0.066467,0.484436,up
322684,4.0,8.234375,3.8125,-0.025391,0.271484,0.857422,0.679016,0.547546,0.066467,0.484436,up
322689,3.960938,8.234375,3.8125,-0.082031,0.263672,0.861328,0.675964,0.546631,0.063965,0.490051,up
322694,3.960938,8.199219,3.738281,-0.082031,0.263672,0.861328,0.675964,0.546631,0.063965,0.490051,up
322699,4.039062,8.15625,3.777344,-0.183594,0.242187,0.90625,0.67511,0.546265,0.06311,0.491821,up
322704,4.039062,8.15625,3.777344,-0.183594,0.242187,0.90625,0.674133,0.545776,0.062012,0.493835,up
322709,4.152344,8.078125,3.738281,-0.183594,0.242187,0.90625,0.673218,0.545288,0.060913,0.495728,up
322714,4.230469,8.082031,3.851563,-0.220703,0.269531,0.9375,0.673218,0.545288,0.060913,0.495728,up
322719,4.304687,8.042969,3.851563,-0.220703,0.269531,0.9375,0.671509,0.54425,0.058838,0.49939,up
322725,4.421875,7.960937,3.777344,-0.236328,0.283203,0.941406,0.669617,0.54303,0.056519,0.503601,up
322730,4.613281,7.855469,3.890625,-0.236328,0.283203,0.941406,0.668701,0.542419,0.055481,0.505554,up
322736,4.726562,7.773437,3.929688,-0.236328,0.283203,0.941406,0.667786,0.541809,0.054504,0.507446,up
322741,4.765625,7.738281,3.890625,-0.195312,0.314453,0.919922,0.66687,0.541199,0.053528,0.509399,up
322746,4.882812,7.773437,3.890625,-0.177734,0.324219,0.917969,0.66687,0.541199,0.053528,0.509399,up
322752,4.917969,7.773437,3.890625,-0.177734,0.324219,0.917969,0.664917,0.540039,0.051636,0.513428,up
322757,4.957031,7.773437,3.890625,-0.179687,0.34375,0.916016,0.66394,0.539429,0.050781,0.515381,up
322762,4.917969,7.816406,3.890625,-0.181641,0.369141,0.900391,0.66394,0.539429,0.050781,0.515381,up
322767,4.996094,7.660156,4.042969,-0.181641,0.369141,0.900391,0.66394,0.539429,0.050781,0.515381,up
322773,5.035156,7.550781,4.121094,-0.181641,0.369141,0.900391,0.661011,0.537476,0.048279,0.521423,up
322778,4.996094,7.511719,4.234375,-0.154297,0.394531,0.873047,0.661011,0.537476,0.048279,0.521423,up
322783,5.074219,7.433594,4.273437,-0.154297,0.394531,0.873047,0.658997,0.536072,0.046753,0.525574,up
322788,5.074219,7.433594,4.234375,-0.121094,0.392578,0.859375,0.658997,0.536072,0.046753,0.525574,up
322793,5.074219,7.429687,4.195312,-0.119141,0.388672,0.859375,0.658997,0.536072,0.046753,0.525574,up
322799,5.074219,7.433594,4.234375,-0.115234,0.373047,0.861328,0.658997,0.536072,0.046753,0.525574,up
322804,5.109375,7.433594,4.234375,-0.115234,0.373047,0.861328,0.653931,0.533081,0.043396,0.535034,up
322809,5.109375,7.472656,4.195312,-0.115234,0.373047,0.861328,0.653931,0.533081,0.043396,0.535034,up
322814,5.074219,7.472656,4.160156,-0.103516,0.394531,0.847656,0.653931,0.533081,0.043396,0.535034,up
322819,5.109375,7.429687,4.121094,-0.103516,0.394531,0.847656,0.651855,0.53186,0.042053,0.538879,up
322824,5.109375,7.390625,4.082031,-0.103516,0.394531,0.847656,0.650818,0.53125,0.041443,0.540833,up
322830,5.148437,7.429687,4.121094,-0.087891,0.404297,0.824219,0.650818,0.53125,0.041443,0.540833,up
322835,5.226562,7.433594,4.121094,-0.087891,0.404297,0.824219,0.647644,0.529419,0.039734,0.54657,up
322840,5.226562,7.351562,4.121094,-0.087891,0.404297,0.824219,0.646606,0.52887,0.039246,0.54834,up
322845,5.265625,7.390625,4.121094,-0.087891,0.404297,0.824219,0.645508,0.528259,0.038635,0.550293,up
322850,5.339844,7.394531,4.121094,-0.046875,0.378906,0.826172,0.644348,0.52771,0.038086,0.552124,up
322855,5.417969,7.433594,4.195312,-0.046875,0.378906,0.826172,0.644348,0.52771,0.038086,0.552124,up
322860,5.417969,7.433594,4.195312,-0.041016,0.380859,0.826172,0.643372,0.527222,0.037598,0.553833,up
322865,5.378906,7.429687,4.234375,-0.041016,0.380859,0.826172,0.642212,0.526733,0.037048,0.555603,up
322870,5.378906,7.277344,4.351562,-0.041016,0.386719,0.832031,0.641113,0.526184,0.036499,0.557434,up
322875,5.378906,7.277344,4.351562,-0.041016,0.386719,0.832031,0.639954,0.525635,0.03595,0.559326,up
322880,5.378906,7.199219,4.425781,-0.046875,0.380859,0.839844,0.638794,0.525146,0.0354,0.561157,up
322885,5.339844,7.199219,4.390625,-0.048828,0.376953,0.839844,0.636414,0.523987,0.03418,0.565063,up
322890,5.457031,7.128906,4.390625,-0.048828,0.376953,0.839844,0.635315,0.523376,0.033569,0.566895,up
322895,5.53125,7.125,4.425781,-0.048828,0.376953,0.839844,0.634338,0.522766,0.032959,0.568542,up
322900,5.53125,7.125,4.425781,-0.126953,0.388672,0.828125,0.634338,0.522766,0.032959,0.568542,up
322905,5.609375,7.089844,4.351562,-0.121094,0.388672,0.824219,0.633179,0.522034,0.032288,0.570496,up
322910,5.609375,7.089844,4.3125,-0.121094,0.388672,0.824219,0.631165,0.520752,0.031067,0.574036,up
322915,5.648437,7.011719,4.351562,-0.121094,0.388672,0.824219,0.630127,0.520081,0.030396,0.575806,up
322920,5.570312,7.050781,4.351562,-0.09375,0.392578,0.839844,0.630127,0.520081,0.030396,0.575806,up
322925,5.609375,6.96875,4.390625,-0.052734,0.392578,0.847656,0.628906,0.519348,0.029724,0.57782,up
322930,5.648437,6.929687,4.464844,-0.052734,0.392578,0.847656,0.626648,0.518188,0.028687,0.58136,up
322935,5.609375,6.855469,4.542969,-0.052734,0.392578,0.847656,0.626648,0.518188,0.028687,0.58136,up
322940,5.609375,6.816406,4.582031,0.046875,0.425781,0.873047,0.626648,0.518188,0.028687,0.58136,up
322946,5.53125,6.664062,4.773437,0.046875,0.425781,0.873047,0.622559,0.516602,0.027344,0.587219,up
322952,5.53125,6.550781,4.773437,0.046875,0.425781,0.873047,0.621216,0.516235,0.027039,0.588928,up
322958,5.492187,6.511719,4.847656,0.15625,0.445312,0.886719,0.61969,0.515869,0.026794,0.590881,up
322963,5.492187,6.429687,4.886719,0.183594,0.433594,0.892578,0.61969,0.515869,0.026794,0.590881,up
322970,5.53125,6.390625,4.847656,0.183594,0.433594,0.892578,0.614929,0.515015,0.026123,0.596558,up
322975,5.609375,6.433594,4.808594,0.183594,0.433594,0.892578,0.614929,0.515015,0.026123,0.596558,up
322980,5.683594,6.507812,4.773437,0.220703,0.373047,0.894531,0.611694,0.514709,0.025635,0.60022,up
322985,5.800781,6.585937,4.617187,0.220703,0.373047,0.894531,0.610046,0.514465,0.025391,0.602112,up
322990,5.839844,6.589844,4.617187,0.220703,0.373047,0.894531,0.610046,0.514465,0.025391,0.602112,up
322995,5.914062,6.589844,4.582031,0.183594,0.392578,0.873047,0.610046,0.514465,0.025391,0.602112,up
323000,5.953125,6.550781,4.617187,0.158203,0.412109,0.847656,0.610046,0.514465,0.025391,0.602112,up
323005,5.914062,6.46875,4.65625,0.158203,0.412109,0.847656,0.603882,0.513123,0.024475,0.609497,up
323010,5.914062,6.46875,4.65625,0.158203,0.412109,0.847656,0.603882,0.513123,0.024475,0.609497,up
323015,5.953125,6.472656,4.695312,0.076172,0.484375,0.794922,0.603882,0.513123,0.024475,0.609497,up
323020,5.914062,6.363281,4.695312,0.076172,0.484375,0.794922,0.599915,0.511536,0.023987,0.614746,up
323025,5.875,6.359375,4.734375,0.039063,0.476562,0.773437,0.599915,0.511536,0.023987,0.614746,up
323030,5.875,6.324219,4.734375,0.039063,0.476562,0.773437,0.598511,0.510864,0.023743,0.616638,up
323035,5.914062,6.242187,4.773437,0.025391,0.457031,0.777344,0.598511,0.510864,0.023743,0.616638,up
323040,5.875,6.28125,4.734375,0.025391,0.457031,0.777344,0.594849,0.509033,0.02301,0.621704,up
323045,5.953125,6.320312,4.695312,0.025391,0.457031,0.777344,0.594849,0.509033,0.02301,0.621704,up
323050,5.953125,6.320312,4.695312,0.039063,0.412109,0.783203,0.594849,0.509033,0.02301,0.621704,up
323055,5.953125,6.320312,4.695312,0.039063,0.412109,0.783203,0.591003,0.507324,0.022034,0.62677,up
323060,5.953125,6.324219,4.617187,0.039063,0.412109,0.783203,0.589722,0.506836,0.021729,0.628418,up
323065,5.914062,6.285156,4.582031,0.039063,0.412109,0.783203,0.589722,0.506836,0.021729,0.628418,up
323070,5.875,6.28125,4.617187,0.060547,0.384766,0.787109,0.587036,0.505859,0.020996,0.631653,up
323075,5.875,6.433594,4.65625,0.060547,0.384766,0.787109,0.587036,0.505859,0.020996,0.631653,up
323080,5.875,6.433594,4.65625,0.078125,0.339844,0.792969,0.585693,0.505493,0.02063,0.633301,up
323085,5.953125,6.585937,4.65625,0.078125,0.339844,0.792969,0.584351,0.505127,0.020203,0.634827,up
323090,5.953125,6.585937,4.65625,-0.041016,0.382813,0.773437,0.583008,0.5047,0.019775,0.636353,up
323095,6.070312,6.589844,4.617187,-0.041016,0.382813,0.773437,0.583008,0.5047,0.019775,0.636353,up
323100,6.070312,6.589844,4.617187,-0.087891,0.417969,0.759766,0.580627,0.503418,0.018799,0.639587,up
323105,6.144531,6.394531,4.617187,-0.087891,0.417969,0.759766,0.578491,0.50177,0.017822,0.642883,up
323110,6.105469,6.246094,4.65625,-0.087891,0.417969,0.759766,0.578491,0.50177,0.017822,0.642883,up
323115,6.105469,6.167969,4.65625,-0.242187,0.484375,0.753906,0.577454,0.500732,0.017212,0.644592,up
323120,6.105469,6.125,4.695312,-0.242187,0.484375,0.753906,0.576477,0.499634,0.016602,0.646362,up
323125,6.101562,6.050781,4.773437,-0.28125,0.476562,0.755859,0.576477,0.499634,0.016602,0.646362,up
323130,6.101562,6.050781,4.773437,-0.28125,0.476562,0.755859,0.573853,0.496216,0.014404,0.651367,up
323135,6.074219,6.011719,4.847656,-0.28125,0.476562,0.755859,0.573853,0.496216,0.014404,0.651367,up
323140,6.03125,5.972656,4.847656,-0.296875,0.451172,0.775391,0.573853,0.496216,0.014404,0.651367,up
323145,6.070312,5.820312,4.925781,-0.265625,0.443359,0.78125,0.573853,0.496216,0.014404,0.651367,up
323150,6.074219,5.78125,5.078125,-0.265625,0.443359,0.78125,0.569885,0.491943,0.011414,0.658142,up
323155,6.074219,5.78125,5.117187,-0.099609,0.396484,0.794922,0.569885,0.491943,0.011414,0.658142,up
323160,6.183594,5.746094,5.191406,-0.099609,0.396484,0.794922,0.568787,0.49115,0.010864,0.659607,up
323165,6.21875,5.78125,5.078125,-0.048828,0.410156,0.794922,0.568787,0.49115,0.010864,0.659607,up
323170,6.261719,5.820312,5.117187,-0.009766,0.402344,0.787109,0.566284,0.489685,0.009827,0.662903,up
323175,6.335937,5.746094,5.191406,-0.009766,0.402344,0.787109,0.56488,0.488953,0.009399,0.664612,up
323180,6.339844,5.667969,5.078125,-0.009766,0.402344,0.787109,0.563721,0.488342,0.009033,0.666077,up
323186,6.339844,5.628906,5.0,-0.056641,0.439453,0.767578,0.561157,0.486694,0.008118,0.669434,up
323191,6.335937,5.554687,5.078125,-0.089844,0.425781,0.759766,0.559998,0.485901,0.007629,0.671021,up
323197,6.257812,5.554687,5.117187,-0.089844,0.425781,0.759766,0.55896,0.485168,0.007202,0.672424,up
323203,6.21875,5.515625,5.078125,-0.089844,0.425781,0.759766,0.5578,0.484314,0.006653,0.67395,up
323209,6.296875,5.476562,5.15625,-0.152344,0.421875,0.751953,0.5578,0.484314,0.006653,0.67395,up
323214,6.300781,5.4375,5.230469,-0.166016,0.439453,0.744141,0.5578,0.484314,0.006653,0.67395,up
323220,6.339844,5.285156,5.269531,-0.166016,0.46875,0.740234,0.553528,0.480469,0.004456,0.680298,up
323225,6.300781,5.324219,5.308594,-0.166016,0.46875,0.740234,0.553528,0.480469,0.004456,0.680298,up
323230,6.296875,5.207031,5.382812,-0.052734,0.478516,0.708984,0.553528,0.480469,0.004456,0.680298,up
323235,6.261719,5.207031,5.539062,-0.052734,0.478516,0.708984,0.551331,0.478516,0.003723,0.683411,up
323240,6.261719,5.132812,5.613281,-0.011719,0.472656,0.710937,0.548889,0.476929,0.003296,0.686462,up
323245,6.300781,5.054687,5.613281,-0.011719,0.472656,0.710937,0.548889,0.476929,0.003296,0.686462,up
323250,6.296875,5.132812,5.652344,0.146484,0.402344,0.707031,0.548889,0.476929,0.003296,0.686462,up
323255,6.296875,5.207031,5.613281,0.146484,0.402344,0.707031,0.546326,0.475708,0.003113,0.689392,up
323261,6.378906,5.285156,5.613281,0.189453,0.388672,0.707031,0.543457,0.474915,0.003113,0.6922,up
323267,6.296875,5.363281,5.578125,0.251953,0.384766,0.716797,0.541748,0.474548,0.003174,0.693787,up
323272,6.339844,5.4375,5.460937,0.251953,0.384766,0.716797,0.5401,0.474182,0.003296,0.695251,up
323277,6.339844,5.398437,5.347656,0.251953,0.384766,0.716797,0.538818,0.473938,0.003357,0.696472,up
323282,6.335937,5.398437,5.269531,0.238281,0.421875,0.730469,0.538818,0.473938,0.003357,0.696472,up
323288,6.300781,5.363281,5.191406,0.201172,0.425781,0.730469,0.538818,0.473938,0.003357,0.696472,up
323293,6.378906,5.324219,5.230469,0.201172,0.425781,0.730469,0.534241,0.472656,0.003601,0.700806,up
323299,6.378906,5.246094,5.308594,0.201172,0.425781,0.730469,0.532837,0.472046,0.00354,0.702332,up
323304,6.378906,5.246094,5.308594,0.082031,0.439453,0.720703,0.531494,0.471375,0.003418,0.703796,up
323310,6.378906,5.207031,5.269531,0.046875,0.4375,0.716797,0.530151,0.470703,0.003296,0.7052,up
323315,6.417969,5.132812,5.308594,0.046875,0.4375,0.716797,0.530151,0.470703,0.003296,0.7052,up
323320,6.417969,5.132812,5.308594,0.03125,0.427734,0.714844,0.527527,0.469299,0.002869,0.70813,up
323325,6.375,5.054687,5.613281,0.03125,0.427734,0.714844,0.527527,0.469299,0.002869,0.70813,up
323331,6.339844,5.015625,5.691406,0.0625,0.429687,0.728516,0.523437,0.467224,0.002319,0.712524,up
323336,6.335937,4.976562,5.730469,0.132812,0.402344,0.732422,0.522095,0.466675,0.002197,0.713867,up
323341,6.300781,4.941406,5.769531,0.164062,0.396484,0.740234,0.520447,0.466125,0.002075,0.715454,up
323346,6.339844,4.863281,5.769531,0.164062,0.396484,0.740234,0.519043,0.465698,0.002075,0.716736,up
323351,6.414062,4.785156,5.804687,0.216797,0.380859,0.759766,0.517334,0.465271,0.002014,0.718262,up
323357,6.453125,4.785156,5.691406,0.216797,0.380859,0.759766,0.515869,0.464905,0.002014,0.719543,up
323362,6.523437,4.785156,5.652344,0.248047,0.369141,0.771484,0.515869,0.464905,0.002014,0.719543,up
323367,6.523437,4.75,5.5,0.248047,0.369141,0.771484,0.512573,0.464172,0.002075,0.722351,up
323372,6.566406,4.75,5.460937,0.25,0.416016,0.755859,0.510986,0.463745,0.002136,0.723755,up
323378,6.566406,4.75,5.5,0.251953,0.439453,0.751953,0.509277,0.463318,0.002258,0.72522,up
323383,6.484375,4.632812,5.539062,0.251953,0.439453,0.751953,0.507629,0.46283,0.002441,0.726685,up
323388,6.457031,4.558594,5.5,0.261719,0.498047,0.732422,0.507629,0.46283,0.002441,0.726685,up
323393,6.335937,4.480469,5.539062,0.275391,0.523437,0.726562,0.507629,0.46283,0.002441,0.726685,up
323399,6.140625,4.402344,5.652344,0.285156,0.537109,0.732422,0.507629,0.46283,0.002441,0.726685,up
323404,6.101562,4.328125,5.691406,0.302734,0.546875,0.724609,0.507629,0.46283,0.002441,0.726685,up
323409,6.074219,4.289062,5.730469,0.320313,0.548828,0.724609,0.507629,0.46283,0.002441,0.726685,up
323414,6.074219,4.289062,5.730469,0.326172,0.53125,0.726562,0.507629,0.46283,0.002441,0.726685,up
323420,6.074219,4.367187,5.730469,0.333984,0.501953,0.730469,0.507629,0.46283,0.002441,0.726685,up
323425,6.035156,4.367187,5.652344,0.333984,0.501953,0.730469,0.494263,0.458252,0.005249,0.738647,up
323431,6.070312,4.367187,5.613281,0.351563,0.441406,0.736328,0.494263,0.458252,0.005249,0.738647,up
323436,6.179687,4.289062,5.652344,0.351563,0.441406,0.736328,0.488953,0.457092,0.006409,0.74292,up
323441,6.21875,4.175781,5.691406,0.351563,0.441406,0.736328,0.487244,0.456787,0.006714,0.744202,up
323446,6.300781,4.058594,5.730469,0.351563,0.441406,0.736328,0.487244,0.456787,0.006714,0.744202,up
323451,6.222656,4.058594,5.769531,0.417969,0.394531,0.728516,0.483521,0.456421,0.007568,0.746887,up
323456,6.257812,3.984375,5.804687,0.417969,0.394531,0.728516,0.483521,0.456421,0.007568,0.746887,up
323461,6.335937,3.945313,5.84375,0.550781,0.335938,0.730469,0.483521,0.456421,0.007568,0.746887,up
323466,6.339844,3.90625,5.84375,0.550781,0.335938,0.730469,0.479492,0.45636,0.008667,0.749512,up
323472,6.414062,4.019531,5.921875,0.550781,0.335938,0.730469,0.475403,0.456665,0.010071,0.751953,up
323477,6.453125,4.097656,5.882812,0.550781,0.335938,0.730469,0.47345,0.456848,0.010803,0.752991,up
323482,6.453125,4.136719,5.84375,0.757812,0.330078,0.667969,0.47113,0.457153,0.011902,0.754272,up
323487,6.457031,4.175781,5.960937,0.794922,0.326172,0.654297,0.468933,0.457458,0.013062,0.755371,up
323493,6.484375,4.328125,6.035156,0.794922,0.326172,0.654297,0.467041,0.457764,0.014038,0.756348,up
323498,6.417969,4.402344,5.996094,0.845703,0.324219,0.632812,0.464966,0.458191,0.015259,0.757385,up
323503,6.453125,4.441406,6.152344,0.837891,0.283203,0.626953,0.464966,0.458191,0.015259,0.757385,up
323508,6.457031,4.480469,6.074219,0.837891,0.283203,0.626953,0.46051,0.459045,0.0177,0.759521,up
323513,6.457031,4.519531,6.113281,0.837891,0.283203,0.626953,0.46051,0.459045,0.0177,0.759521,up
323518,6.457031,4.519531,6.113281,0.738281,0.25,0.634766,0.456421,0.4599,0.019775,0.761475,up
323523,6.457031,4.519531,6.113281,0.693359,0.232422,0.636719,0.454468,0.460266,0.02063,0.762329,up
323528,6.417969,4.558594,6.1875,0.693359,0.232422,0.636719,0.454468,0.460266,0.02063,0.762329,up
323533,6.417969,4.519531,6.152344,0.662109,0.212891,0.642578,0.454468,0.460266,0.02063,0.762329,up
323538,6.417969,4.519531,6.152344,0.615234,0.146484,0.650391,0.448547,0.461487,0.022827,0.765076,up
323544,6.527344,4.671875,6.113281,0.615234,0.146484,0.650391,0.448547,0.461487,0.022827,0.765076,up
323550,6.605469,4.632812,6.1875,0.578125,0.087891,0.642578,0.448547,0.461487,0.022827,0.765076,up
323555,6.679687,4.632812,6.152344,0.568359,0.060547,0.638672,0.448547,0.461487,0.022827,0.765076,up
323560,6.761719,4.632812,6.152344,0.572266,0.033203,0.648437,0.448547,0.461487,0.022827,0.765076,up
323565,6.722656,4.367187,6.113281,0.597656,0.017578,0.658203,0.448547,0.461487,0.022827,0.765076,up
323570,6.800781,4.441406,6.113281,0.597656,0.017578,0.658203,0.437073,0.464844,0.025452,0.769592,up
323576,6.796875,4.59375,6.035156,0.626953,-0.005859,0.707031,0.437073,0.464844,0.025452,0.769592,up
323582,6.839844,4.519531,6.035156,0.626953,-0.005859,0.707031,0.43103,0.46698,0.02655,0.771667,up
323587,6.867187,4.519531,5.996094,0.626953,-0.005859,0.707031,0.428772,0.467773,0.026794,0.7724,up
323592,6.90625,4.558594,5.996094,0.529297,-0.037109,0.742187,0.426697,0.468506,0.026917,0.773132,up
323598,6.988281,4.59375,5.921875,0.529297,-0.037109,0.742187,0.424866,0.469116,0.026978,0.773743,up
323603,7.101562,4.671875,6.035156,0.529297,-0.037109,0.742187,0.422913,0.469788,0.027039,0.774414,up
323608,7.101562,4.671875,6.113281,0.498047,-0.039063,0.720703,0.422913,0.469788,0.027039,0.774414,up
323614,7.0625,4.632812,6.074219,0.480469,-0.035156,0.707031,0.422913,0.469788,0.027039,0.774414,up
323619,7.066406,4.632812,6.1875,0.480469,-0.035156,0.707031,0.417114,0.47168,0.027222,0.776428,up
323625,7.066406,4.632812,6.226562,0.4375,-0.064453,0.689453,0.417114,0.47168,0.027222,0.776428,up
323630,7.105469,4.558594,6.152344,0.400391,-0.074219,0.685547,0.417114,0.47168,0.027222,0.776428,up
323636,7.21875,4.59375,6.074219,0.361328,-0.074219,0.689453,0.417114,0.47168,0.027222,0.776428,up
323641,7.144531,4.480469,6.113281,0.298828,-0.103516,0.693359,0.417114,0.47168,0.027222,0.776428,up
323646,7.144531,4.097656,6.035156,0.298828,-0.103516,0.693359,0.408264,0.47467,0.026367,0.779297,up
323651,7.332031,4.25,6.074219,0.28125,-0.072266,0.673828,0.408264,0.47467,0.026367,0.779297,up
323656,7.222656,4.367187,6.035156,0.28125,-0.072266,0.673828,0.404846,0.475708,0.025696,0.780518,up
323661,7.21875,4.136719,6.035156,0.28125,-0.072266,0.673828,0.403137,0.476135,0.025574,0.781067,up
323667,7.367187,3.984375,6.035156,0.439453,-0.039063,0.679687,0.399414,0.477295,0.025574,0.782288,up
323672,7.367187,4.019531,5.996094,0.439453,-0.039063,0.679687,0.397522,0.477905,0.025818,0.782898,up
323678,7.332031,4.097656,5.996094,0.439453,-0.039063,0.679687,0.395569,0.478516,0.026245,0.783508,up
323683,7.292969,4.136719,5.996094,0.785156,0.064453,0.632812,0.393311,0.479248,0.027039,0.78418,up
323689,7.222656,4.367187,5.882812,0.90625,0.072266,0.613281,0.393311,0.479248,0.027039,0.78418,up
323695,7.144531,4.441406,5.84375,0.990234,0.072266,0.599609,0.393311,0.479248,0.027039,0.78418,up
323700,7.179687,4.519531,5.882812,1.023438,0.033203,0.595703,0.393311,0.479248,0.027039,0.78418,up
323705,7.183594,4.558594,5.804687,1.023438,0.025391,0.587891,0.393311,0.479248,0.027039,0.78418,up
323711,7.140625,4.519531,5.652344,1.023438,0.025391,0.587891,0.393311,0.479248,0.027039,0.78418,up
323716,7.222656,4.558594,5.539062,0.964844,0.029297,0.607422,0.393311,0.479248,0.027039,0.78418,up
323721,7.21875,4.671875,5.460937,0.841797,0.029297,0.611328,0.393311,0.479248,0.027039,0.78418,up
323726,7.179687,4.710937,5.5,0.841797,0.029297,0.611328,0.374939,0.486206,0.036377,0.788452,up
323731,7.261719,4.75,5.539062,0.841797,0.029297,0.611328,0.372803,0.487,0.037231,0.789001,up
323736,7.292969,4.710937,5.421875,0.710937,0.042969,0.611328,0.372803,0.487,0.037231,0.789001,up
323741,7.292969,4.710937,5.421875,0.638672,0.060547,0.611328,0.368652,0.488281,0.038635,0.790039,up
323746,7.261719,4.441406,5.730469,0.585937,0.056641,0.615234,0.36676,0.48877,0.039124,0.790588,up
323751,7.261719,4.441406,5.730469,0.556641,0.027344,0.621094,0.36676,0.48877,0.039124,0.790588,up
323757,7.21875,4.402344,5.804687,0.556641,0.027344,0.621094,0.364868,0.489258,0.03949,0.791138,up
323762,7.21875,4.402344,5.804687,0.589844,0.027344,0.609375,0.361023,0.490356,0.040283,0.792175,up
323767,7.289062,4.328125,5.613281,0.589844,0.027344,0.609375,0.357117,0.491577,0.04126,0.793152,up
323772,7.222656,4.328125,5.652344,0.589844,0.027344,0.609375,0.355103,0.492371,0.041809,0.793579,up
323777,7.101562,4.328125,5.691406,0.75,-0.095703,0.632812,0.352905,0.493225,0.042419,0.793945,up
323782,7.179687,4.328125,5.769531,0.75,-0.095703,0.632812,0.350769,0.494202,0.04303,0.794312,up
323787,7.222656,4.671875,5.421875,0.806641,-0.097656,0.666016,0.348267,0.495239,0.043762,0.794678,up
323792,7.179687,4.632812,5.308594,0.787109,-0.140625,0.685547,0.346008,0.496277,0.044434,0.794983,up
323797,7.261719,4.710937,5.269531,0.787109,-0.140625,0.685547,0.346008,0.496277,0.044434,0.794983,up
323802,7.328125,4.75,5.269531,0.787109,-0.140625,0.685547,0.34137,0.498474,0.045288,0.795593,up
323807,7.328125,4.824219,5.191406,0.667969,-0.210937,0.763672,0.34137,0.498474,0.045288,0.795593,up
323812,7.371094,4.863281,5.191406,0.605469,-0.216797,0.777344,0.339111,0.499573,0.045532,0.795837,up
323817,7.40625,4.863281,5.15625,0.605469,-0.216797,0.777344,0.334717,0.501587,0.045593,0.796448,up
323822,7.40625,4.863281,5.15625,0.605469,-0.216797,0.777344,0.332581,0.502441,0.045349,0.796753,up
323827,7.523437,4.75,5.078125,0.605469,-0.216797,0.777344,0.332581,0.502441,0.045349,0.796753,up
323832,7.488281,4.671875,5.0,0.341797,-0.175781,0.835937,0.32843,0.503967,0.04425,0.797607,up
323837,7.523437,4.480469,4.964844,0.341797,-0.175781,0.835937,0.32843,0.503967,0.04425,0.797607,up
323842,7.527344,4.402344,4.964844,0.091797,-0.121094,0.904297,0.32843,0.503967,0.04425,0.797607,up
323848,7.523437,4.25,4.925781,0.091797,-0.121094,0.904297,0.322571,0.505371,0.04126,0.799316,up
323854,7.449219,3.984375,4.925781,0.091797,-0.121094,0.904297,0.320923,0.505615,0.040161,0.799866,up
323860,7.410156,3.867188,4.964844,-0.029297,-0.050781,0.960937,0.320923,0.505615,0.040161,0.799866,up
323865,7.410156,3.753906,5.039062,-0.033203,-0.070312,0.982422,0.320923,0.505615,0.040161,0.799866,up
323871,7.410156,3.597656,5.15625,-0.013672,-0.095703,1.023438,0.313171,0.506531,0.034668,0.802551,up
323876,7.410156,3.5625,5.117187,-0.013672,-0.095703,1.023438,0.313171,0.506531,0.034668,0.802551,up
323881,7.332031,3.636719,5.078125,0.048828,-0.107422,1.070313,0.313171,0.506531,0.034668,0.802551,up
323887,7.332031,3.675781,4.964844,0.078125,-0.074219,1.082031,0.30658,0.507507,0.030701,0.804687,up
323892,7.261719,3.714844,4.847656,0.078125,-0.074219,1.082031,0.304138,0.507935,0.029419,0.805359,up
323897,7.261719,3.714844,4.847656,0.078125,-0.074219,1.082031,0.302063,0.508362,0.028259,0.805908,up
323902,7.332031,3.753906,4.808594,0.078125,-0.074219,1.082031,0.302063,0.508362,0.028259,0.805908,up
323907,7.484375,3.675781,4.734375,0.123047,-0.242187,1.041016,0.302063,0.508362,0.028259,0.805908,up
323912,7.488281,3.636719,4.65625,0.123047,-0.242187,1.041016,0.295349,0.510376,0.024292,0.807251,up
323917,7.605469,3.484375,4.617187,0.03125,-0.269531,0.921875,0.295349,0.510376,0.024292,0.807251,up
323922,7.675781,3.332031,4.503906,0.03125,-0.269531,0.921875,0.293579,0.510986,0.023071,0.807556,up
323928,7.675781,3.332031,4.503906,-0.082031,-0.238281,0.871094,0.2901,0.512085,0.020325,0.808228,up
323933,7.789062,3.140625,4.425781,-0.146484,-0.21875,0.861328,0.288452,0.512512,0.018677,0.808533,up
323938,7.832031,3.179688,4.464844,-0.201172,-0.201172,0.855469,0.287048,0.512878,0.017151,0.808899,up
323943,7.792969,3.0625,4.773437,-0.201172,-0.201172,0.855469,0.287048,0.512878,0.017151,0.808899,up
323948,7.867187,2.910156,4.886719,-0.214844,-0.189453,0.855469,0.284241,0.513367,0.013855,0.809631,up
323954,7.867187,2.640625,5.0,-0.214844,-0.189453,0.855469,0.282776,0.51355,0.012207,0.810059,up
323960,7.910156,2.488281,5.15625,-0.089844,-0.101563,0.849609,0.282776,0.51355,0.012207,0.810059,up
323966,7.945312,2.375,5.117187,0.017578,-0.099609,0.867187,0.282776,0.51355,0.012207,0.810059,up
323972,7.984375,2.296875,5.117187,0.212891,-0.103516,0.878906,0.282776,0.51355,0.012207,0.810059,up
323977,7.945312,2.257813,5.039062,0.326172,-0.130859,0.882812,0.275879,0.514465,0.007568,0.81189,up
323982,7.988281,2.21875,4.925781,0.326172,-0.130859,0.882812,0.271484,0.515503,0.006409,0.812683,up
323987,8.027344,2.183594,4.964844,0.326172,-0.130859,0.882812,0.271484,0.515503,0.006409,0.812683,up
323992,8.027344,2.144531,4.886719,0.658203,-0.205078,0.882812,0.271484,0.515503,0.006409,0.812683,up
323997,8.058594,2.144531,4.773437,0.658203,-0.205078,0.882812,0.263855,0.517944,0.006104,0.81366,up
324002,8.097656,2.257813,4.464844,0.658203,-0.205078,0.882812,0.263855,0.517944,0.006104,0.81366,up
324007,8.09375,2.257813,4.390625,0.78125,-0.195312,0.888672,0.260742,0.518982,0.006348,0.814026,up
324012,8.210938,2.257813,4.273437,0.78125,-0.195312,0.888672,0.258179,0.519836,0.006592,0.81427,up
324017,8.289063,2.296875,4.195312,0.707031,-0.210937,0.904297,0.255432,0.520752,0.006836,0.814575,up
324022,8.289063,2.296875,4.195312,0.683594,-0.220703,0.888672,0.252808,0.521606,0.007019,0.814819,up
324027,8.410156,2.257813,4.082031,0.683594,-0.220703,0.888672,0.250122,0.522522,0.00708,0.815125,up
324032,8.515625,2.21875,4.082031,0.658203,-0.234375,0.876953,0.250122,0.522522,0.00708,0.815125,up
324037,8.59375,2.105469,4.160156,0.658203,-0.234375,0.876953,0.244751,0.524292,0.007141,0.815552,up
324042,8.675781,2.066406,4.042969,0.443359,-0.177734,0.835937,0.244751,0.524292,0.007141,0.815552,up
324047,8.714844,2.027344,4.042969,0.443359,-0.177734,0.835937,0.239868,0.525818,0.006714,0.81604,up
324053,8.753906,1.761719,3.929688,0.443359,-0.177734,0.835937,0.23584,0.526855,0.005981,0.816528,up
324058,8.75,1.683594,3.890625,0.3125,-0.115234,0.765625,0.233643,0.527344,0.005493,0.816895,up
324063,8.710938,1.261719,4.082031,0.3125,-0.115234,0.765625,0.231873,0.527771,0.005066,0.817139,up
324068,8.753906,1.109375,4.121094,0.333984,-0.117188,0.740234,0.231873,0.527771,0.005066,0.817139,up
324073,8.75,0.917969,4.195312,0.333984,-0.117188,0.740234,0.231873,0.527771,0.005066,0.817139,up
324078,8.75,0.917969,4.195312,0.507812,-0.130859,0.738281,0.231873,0.527771,0.005066,0.817139,up
324083,8.828125,0.957031,4.121094,0.595703,-0.152344,0.726562,0.223511,0.529846,0.004272,0.818115,up
324089,9.019531,1.03125,4.234375,0.595703,-0.152344,0.726562,0.221436,0.530457,0.004517,0.818298,up
324094,9.015625,1.109375,4.3125,0.800781,-0.152344,0.716797,0.221436,0.530457,0.004517,0.818298,up
324099,9.019531,1.222656,4.3125,0.876953,-0.164062,0.703125,0.221436,0.530457,0.004517,0.818298,up
324106,9.058594,1.300781,4.273437,0.994141,-0.166016,0.683594,0.221436,0.530457,0.004517,0.818298,up
324111,9.09375,1.644531,4.273437,0.994141,-0.166016,0.683594,0.221436,0.530457,0.004517,0.818298,up
324117,9.054688,1.761719,4.234375,1.046875,-0.152344,0.644531,0.221436,0.530457,0.004517,0.818298,up
324122,9.09375,1.761719,4.351562,0.988281,-0.154297,0.630859,0.203247,0.536316,0.010986,0.819153,up
324127,8.976563,1.761719,4.3125,0.988281,-0.154297,0.630859,0.203247,0.536316,0.010986,0.819153,up
324132,8.941406,1.644531,4.3125,0.988281,-0.154297,0.630859,0.200623,0.537109,0.011963,0.819214,up
324138,8.898438,1.570313,4.234375,0.560547,-0.109375,0.574219,0.200623,0.537109,0.011963,0.819214,up
324143,8.859375,1.414063,4.3125,0.560547,-0.109375,0.574219,0.196533,0.53833,0.013,0.819397,up
324149,8.863281,1.300781,4.273437,0.449219,-0.109375,0.585937,0.194824,0.538757,0.013123,0.819519,up
324155,8.828125,1.148438,4.390625,0.337891,-0.115234,0.572266,0.191589,0.539612,0.012878,0.819702,up
324160,8.863281,1.1875,4.464844,0.185547,-0.140625,0.574219,0.191589,0.539612,0.012878,0.819702,up
324166,8.789063,1.1875,4.464844,0.162109,-0.160156,0.572266,0.191589,0.539612,0.012878,0.819702,up
324172,8.828125,1.109375,4.390625,0.183594,-0.162109,0.5625,0.191589,0.539612,0.012878,0.819702,up
324177,8.792969,1.222656,4.273437,0.240234,-0.148437,0.548828,0.191589,0.539612,0.012878,0.819702,up
324183,8.792969,1.222656,4.273437,0.326172,-0.152344,0.527344,0.182983,0.542297,0.010803,0.819946,up
324188,8.753906,1.300781,4.195312,0.546875,-0.228516,0.462891,0.182983,0.542297,0.010803,0.819946,up
324193,8.789063,1.339844,4.195312,0.640625,-0.255859,0.427734,0.181213,0.54303,0.011108,0.819885,up
324198,8.898438,1.453125,4.082031,0.640625,-0.255859,0.427734,0.17804,0.544556,0.012146,0.819519,up
324204,8.976563,1.414063,3.929688,0.640625,-0.255859,0.427734,0.176331,0.54541,0.012939,0.819275,up
324209,8.976563,1.492188,3.890625,0.613281,-0.261719,0.345703,0.176331,0.54541,0.012939,0.819275,up
324214,9.019531,1.570313,3.851563,0.599609,-0.263672,0.326172,0.17334,0.547058,0.014221,0.818848,up
324220,9.175781,1.609375,3.890625,0.599609,-0.263672,0.326172,0.171875,0.547852,0.014893,0.818604,up
324226,9.175781,1.644531,3.890625,0.554687,-0.234375,0.306641,0.171875,0.547852,0.014893,0.818604,up
324232,9.136719,1.683594,4.042969,0.474609,-0.207031,0.302734,0.171875,0.547852,0.014893,0.818604,up
324237,9.214844,1.644531,4.121094,0.427734,-0.154297,0.28125,0.167969,0.549927,0.016541,0.817993,up
324242,9.214844,1.609375,4.195312,0.427734,-0.154297,0.28125,0.166809,0.550476,0.016968,0.817871,up
324248,9.246094,1.722656,4.195312,0.416016,-0.115234,0.273438,0.164612,0.551331,0.017822,0.817688,up
324253,9.324219,1.914063,4.3125,0.416016,-0.115234,0.273438,0.163513,0.551697,0.018311,0.817627,up
324258,9.441406,1.992188,4.3125,0.478516,-0.044922,0.224609,0.162415,0.552063,0.018921,0.817627,up
324263,9.402344,2.027344,4.273437,0.445312,0.001953,0.208984,0.161255,0.552307,0.019592,0.817688,up
324268,9.402344,2.066406,4.121094,0.445312,0.001953,0.208984,0.161255,0.552307,0.019592,0.817688,up
324273,9.320313,2.066406,4.082031,0.445312,0.001953,0.208984,0.159363,0.55249,0.020691,0.817871,up
324278,9.132813,2.066406,4.003906,0.445312,0.001953,0.208984,0.159363,0.55249,0.020691,0.817871,up
324283,9.054688,2.027344,4.082031,0.318359,0.091797,0.167969,0.157898,0.552368,0.021545,0.818237,up
324289,8.941406,1.953125,4.195312,0.318359,0.091797,0.167969,0.157288,0.552429,0.021851,0.818298,up
324294,8.976563,1.953125,4.390625,0.255859,0.025391,0.111328,0.156677,0.55249,0.022217,0.818359,up
324299,8.980469,1.953125,4.351562,0.265625,0.025391,0.087891,0.156189,0.552551,0.022583,0.81842,up
324304,8.976563,1.953125,4.425781,0.265625,0.025391,0.087891,0.155701,0.552612,0.02301,0.81842,up
324310,8.9375,2.027344,4.65625,0.265625,0.025391,0.087891,0.155212,0.552734,0.023499,0.81842,up
324315,8.9375,1.992188,4.734375,0.291016,-0.058594,0.054687,0.155212,0.552734,0.023499,0.81842,up
324321,8.941406,2.105469,4.734375,0.328125,-0.087891,0.039063,0.155212,0.552734,0.023499,0.81842,up
324327,8.941406,1.914063,4.695312,0.328125,-0.087891,0.039063,0.155212,0.552734,0.023499,0.81842,up
324332,8.980469,1.835938,4.582031,0.367188,-0.164062,0.019531,0.155212,0.552734,0.023499,0.81842,up
324338,9.015625,1.914063,4.542969,0.357422,-0.212891,0.056641,0.155212,0.552734,0.023499,0.81842,up
324343,9.015625,2.105469,4.234375,0.357422,-0.212891,0.056641,0.15155,0.555603,0.027405,0.817078,up
324348,8.9375,2.144531,4.234375,0.335938,-0.199219,0.111328,0.15155,0.555603,0.027405,0.817078,up
324353,8.898438,2.183594,4.121094,0.335938,-0.199219,0.111328,0.150818,0.556213,0.027954,0.816772,up
324358,8.859375,2.257813,4.082031,0.300781,-0.222656,0.126953,0.150818,0.556213,0.027954,0.816772,up
324363,8.941406,2.375,4.003906,0.300781,-0.222656,0.126953,0.148987,0.5578,0.028992,0.815979,up
324368,8.980469,2.375,4.003906,0.244141,-0.234375,0.083984,0.148987,0.5578,0.028992,0.815979,up
324373,9.054688,2.335938,3.96875,0.244141,-0.234375,0.083984,0.148376,0.558472,0.029297,0.815613,up
324378,9.210938,2.335938,3.890625,0.228516,-0.248047,0.042969,0.148376,0.558472,0.029297,0.815613,up
324383,9.214844,2.257813,3.8125,0.226562,-0.240234,-0.033203,0.147583,0.560181,0.030396,0.814514,up
324388,9.242188,2.183594,3.777344,0.287109,-0.279297,-0.175781,0.147583,0.560181,0.030396,0.814514,up
324393,9.359375,2.144531,3.738281,0.287109,-0.279297,-0.175781,0.147522,0.560913,0.031067,0.814026,up
324398,9.324219,2.105469,3.699219,0.287109,-0.279297,-0.175781,0.147644,0.562195,0.032715,0.813049,up
324403,9.28125,2.105469,3.699219,0.287109,-0.279297,-0.175781,0.147644,0.562195,0.032715,0.813049,up
324408,9.210938,2.066406,3.738281,0.304688,-0.240234,-0.326172,0.148254,0.563354,0.034729,0.812073,up
324413,9.136719,2.027344,3.8125,0.304688,-0.240234,-0.326172,0.148682,0.563843,0.035583,0.811646,up
324418,9.054688,2.027344,3.777344,0.304688,-0.240234,-0.326172,0.14917,0.564209,0.036377,0.811218,up
324423,9.019531,1.992188,3.699219,0.304688,-0.240234,-0.326172,0.14917,0.564209,0.036377,0.811218,up
324428,8.898438,1.992188,3.585938,0.154297,-0.148437,-0.349609,0.150269,0.56488,0.037842,0.810486,up
324433,8.792969,2.066406,3.546875,0.154297,-0.148437,-0.349609,0.150757,0.565125,0.038696,0.810181,up
324438,8.710938,2.105469,3.394531,0.154297,-0.148437,-0.349609,0.151184,0.565369,0.039673,0.809875,up
324443,8.675781,2.21875,3.355469,0.154297,-0.148437,-0.349609,0.151184,0.565369,0.039673,0.809875,up
324448,8.632813,2.257813,3.429688,0.322266,-0.128906,-0.375,0.151855,0.566101,0.041931,0.809143,up
324454,8.671875,2.527344,3.394531,0.322266,-0.128906,-0.375,0.1521,0.566589,0.043518,0.808655,up
324459,8.675781,2.679688,3.394531,0.617187,-0.207031,-0.4375,0.152161,0.567139,0.045044,0.808167,up
324464,8.671875,2.910156,3.394531,0.730469,-0.261719,-0.455078,0.152161,0.567871,0.047119,0.807556,up
324470,8.863281,3.140625,3.277344,0.730469,-0.261719,-0.455078,0.1521,0.568665,0.049072,0.806885,up
324475,8.980469,3.140625,3.355469,0.869141,-0.382813,-0.46875,0.1521,0.568665,0.049072,0.806885,up
324481,9.058594,3.179688,3.394531,0.896484,-0.414062,-0.46875,0.1521,0.568665,0.049072,0.806885,up
324486,9.132813,3.253906,3.546875,0.884766,-0.414062,-0.455078,0.1521,0.568665,0.049072,0.806885,up
324492,9.171875,3.292969,3.621094,0.830078,-0.402344,-0.4375,0.1521,0.568665,0.049072,0.806885,up
324497,9.097656,3.292969,3.585938,0.740234,-0.380859,-0.419922,0.1521,0.568665,0.049072,0.806885,up
324502,9.097656,3.292969,3.585938,0.609375,-0.322266,-0.394531,0.15094,0.574829,0.061829,0.80188,up
324507,9.054688,3.371094,3.507813,0.609375,-0.322266,-0.394531,0.15094,0.574829,0.061829,0.80188,up
324512,8.9375,3.332031,3.429688,0.431641,-0.267578,-0.367188,0.151245,0.576111,0.064392,0.800659,up
324518,8.941406,3.292969,3.507813,0.095703,-0.210937,-0.318359,0.151245,0.576111,0.064392,0.800659,up
324523,8.863281,3.179688,3.46875,-0.037109,-0.212891,-0.310547,0.151245,0.576111,0.064392,0.800659,up
324528,8.863281,3.140625,3.46875,-0.189453,-0.222656,-0.322266,0.153198,0.577271,0.065735,0.799316,up
324533,8.859375,3.101563,3.46875,-0.189453,-0.222656,-0.322266,0.154175,0.577637,0.065796,0.798889,up
324538,8.902344,3.023438,3.585938,-0.167969,-0.271484,-0.335938,0.155151,0.578003,0.065735,0.798462,up
324544,8.902344,3.023438,3.585938,-0.107422,-0.308594,-0.345703,0.156982,0.578857,0.065857,0.797485,up
324549,9.019531,2.949219,3.738281,-0.046875,-0.330078,-0.357422,0.157959,0.579407,0.066101,0.796814,up
324554,9.058594,2.949219,3.8125,0.039063,-0.333984,-0.369141,0.158813,0.580017,0.066467,0.796204,up
324559,8.976563,3.023438,3.851563,0.039063,-0.333984,-0.369141,0.159424,0.580627,0.066956,0.795593,up
324565,8.976563,3.140625,3.660156,0.039063,-0.333984,-0.369141,0.160095,0.58136,0.06781,0.794861,up
324570,8.9375,3.214844,3.699219,0.306641,-0.388672,-0.414062,0.160522,0.582092,0.068726,0.794189,up
324575,8.980469,3.253906,3.621094,0.357422,-0.410156,-0.433594,0.160522,0.582092,0.068726,0.794189,up
324581,9.058594,3.253906,3.429688,0.357422,-0.410156,-0.433594,0.161377,0.583801,0.071045,0.792542,up
324587,9.058594,3.371094,3.429688,0.404297,-0.427734,-0.470703,0.161377,0.583801,0.071045,0.792542,up
324592,9.054688,3.40625,3.355469,0.380859,-0.425781,-0.472656,0.161377,0.583801,0.071045,0.792542,up
324597,9.054688,3.445313,3.277344,0.380859,-0.425781,-0.472656,0.162781,0.586548,0.074829,0.789856,up
324602,9.058594,3.484375,3.277344,0.322266,-0.400391,-0.478516,0.162781,0.586548,0.074829,0.789856,up
324607,9.015625,3.5625,3.203125,0.283203,-0.382813,-0.46875,0.162781,0.586548,0.074829,0.789856,up
324612,8.9375,3.675781,3.164063,0.283203,-0.382813,-0.46875,0.164551,0.588989,0.078247,0.787354,up
324617,8.898438,3.714844,3.125,0.167969,-0.355469,-0.464844,0.164551,0.588989,0.078247,0.787354,up
324622,8.859375,3.753906,3.164063,0.107422,-0.34375,-0.458984,0.164551,0.588989,0.078247,0.787354,up
324627,8.792969,3.753906,3.164063,0.076172,-0.333984,-0.458984,0.164551,0.588989,0.078247,0.787354,up
324632,8.753906,3.714844,3.125,0.076172,-0.333984,-0.458984,0.167786,0.591553,0.08136,0.784424,up
324637,8.789063,3.675781,3.007813,0.076172,-0.333984,-0.458984,0.167786,0.591553,0.08136,0.784424,up
324642,8.828125,3.675781,3.085938,0.027344,-0.341797,-0.482422,0.167786,0.591553,0.08136,0.784424,up
324647,8.902344,3.636719,3.046875,0.013672,-0.369141,-0.498047,0.167786,0.591553,0.08136,0.784424,up
324653,8.980469,3.597656,3.007813,0.013672,-0.369141,-0.498047,0.172852,0.594543,0.084351,0.780701,up
324658,8.976563,3.636719,2.972656,0.013672,-0.369141,-0.498047,0.172852,0.594543,0.084351,0.780701,up
324663,8.863281,3.636719,2.816406,-0.001953,-0.365234,-0.507812,0.172852,0.594543,0.084351,0.780701,up
324668,8.832031,3.597656,2.78125,0.0,-0.371094,-0.503906,0.172852,0.594543,0.084351,0.780701,up
324673,8.792969,3.597656,2.78125,0.0,-0.371094,-0.503906,0.176086,0.596436,0.086121,0.778381,up
324678,8.714844,3.636719,2.78125,-0.013672,-0.367188,-0.505859,0.176086,0.596436,0.086121,0.778381,up
324684,8.554688,3.636719,2.625,-0.03125,-0.349609,-0.503906,0.176086,0.596436,0.086121,0.778381,up
324689,8.554688,3.523438,2.589844,-0.03125,-0.349609,-0.503906,0.180847,0.598694,0.088257,0.775269,up
324694,8.476563,3.445313,2.511719,-0.083984,-0.367188,-0.546875,0.180847,0.598694,0.088257,0.775269,up
324699,8.554688,3.445313,2.550781,-0.083984,-0.367188,-0.546875,0.18335,0.599792,0.089172,0.773743,up
324704,8.636719,3.40625,2.511719,-0.083984,-0.367188,-0.546875,0.184631,0.600281,0.0896,0.77301,up
324709,8.753906,3.371094,2.359375,-0.083984,-0.367188,-0.546875,0.186157,0.600769,0.09021,0.772217,up
324714,8.832031,3.332031,2.398438,-0.119141,-0.308594,-0.642578,0.186157,0.600769,0.09021,0.772217,up
324719,8.792969,3.332031,2.359375,-0.119141,-0.308594,-0.642578,0.189026,0.601562,0.091309,0.770752,up
324725,8.832031,3.292969,2.359375,-0.119141,-0.308594,-0.642578,0.190552,0.601868,0.091919,0.77002,up
324730,8.898438,3.332031,2.433594,-0.089844,-0.273438,-0.6875,0.192078,0.602173,0.09259,0.769348,up
324736,8.902344,3.40625,2.550781,-0.082031,-0.25,-0.691406,0.193604,0.602478,0.093323,0.768616,up
324741,8.9375,3.523438,2.664063,-0.082031,-0.25,-0.691406,0.195129,0.602783,0.094116,0.767944,up
324747,8.898438,3.5625,2.742188,-0.029297,-0.214844,-0.689453,0.195129,0.602783,0.094116,0.767944,up
324752,8.859375,3.597656,2.742188,-0.001953,-0.197266,-0.701172,0.195129,0.602783,0.094116,0.767944,up
324758,8.859375,3.714844,2.78125,0.011719,-0.195312,-0.699219,0.195129,0.602783,0.094116,0.767944,up
324763,8.832031,3.753906,2.742188,0.007813,-0.171875,-0.703125,0.195129,0.602783,0.094116,0.767944,up
324769,8.75,3.789063,2.703125,0.0,-0.162109,-0.710937,0.203735,0.603943,0.099792,0.764099,up
324774,8.789063,3.828125,2.703125,0.0,-0.162109,-0.710937,0.205322,0.604004,0.100769,0.763428,up
324779,8.789063,3.867188,2.742188,0.0,-0.162109,-0.710937,0.206726,0.604065,0.101563,0.762878,up
324784,8.789063,3.867188,2.742188,0.0,-0.162109,-0.710937,0.206726,0.604065,0.101563,0.762878,up
324789,8.863281,3.984375,2.742188,-0.130859,-0.154297,-0.734375,0.210083,0.604187,0.103149,0.761719,up
324794,8.863281,4.058594,2.742188,-0.130859,-0.154297,-0.734375,0.211853,0.604187,0.103882,0.761108,up
324799,8.859375,4.136719,2.742188,-0.130859,-0.154297,-0.734375,0.211853,0.604187,0.103882,0.761108,up
324804,8.859375,4.136719,2.742188,-0.166016,-0.128906,-0.765625,0.213501,0.604126,0.104553,0.76062,up
324809,8.863281,4.25,2.78125,-0.166016,-0.128906,-0.765625,0.215332,0.604065,0.105347,0.76001,up
324814,8.863281,4.367187,2.78125,-0.140625,-0.132812,-0.773437,0.215332,0.604065,0.105347,0.76001,up
324820,8.859375,4.480469,2.78125,-0.140625,-0.132812,-0.773437,0.220459,0.604004,0.107849,0.75824,up
324825,8.863281,4.558594,2.78125,-0.119141,-0.169922,-0.759766,0.222351,0.604065,0.108765,0.757507,up
324830,8.792969,4.632812,2.816406,-0.119141,-0.169922,-0.759766,0.22406,0.604126,0.109558,0.756836,up
324835,8.75,4.671875,2.855469,-0.119141,-0.169922,-0.759766,0.225525,0.604187,0.110291,0.756287,up
324840,8.789063,4.632812,2.78125,-0.150391,-0.195312,-0.728516,0.227356,0.604309,0.111084,0.755493,up
324846,8.863281,4.710937,2.742188,-0.150391,-0.195312,-0.728516,0.228943,0.60437,0.111694,0.754883,up
324851,8.9375,4.785156,2.742188,-0.150391,-0.195312,-0.728516,0.230591,0.604431,0.112244,0.754272,up
324857,9.058594,4.785156,2.703125,-0.207031,-0.195312,-0.689453,0.230591,0.604431,0.112244,0.754272,up
324862,9.054688,4.824219,2.703125,-0.203125,-0.1875,-0.677734,0.230591,0.604431,0.112244,0.754272,up
324867,9.058594,4.863281,2.742188,-0.183594,-0.169922,-0.667969,0.230591,0.604431,0.112244,0.754272,up
324873,9.058594,5.054687,2.589844,-0.183594,-0.169922,-0.667969,0.230591,0.604431,0.112244,0.754272,up
324878,9.019531,5.132812,2.625,-0.119141,-0.126953,-0.654297,0.230591,0.604431,0.112244,0.754272,up
324884,8.9375,5.285156,2.664063,-0.083984,-0.130859,-0.642578,0.230591,0.604431,0.112244,0.754272,up
324889,8.832031,5.324219,2.703125,-0.017578,-0.109375,-0.630859,0.241394,0.604553,0.116577,0.750122,up
324895,8.75,5.4375,2.664063,-0.017578,-0.109375,-0.630859,0.244019,0.604614,0.118286,0.748962,up
324900,8.675781,5.476562,2.664063,0.015625,-0.152344,-0.607422,0.245239,0.604675,0.119141,0.748352,up
324906,8.632813,5.589844,2.742188,0.015625,-0.152344,-0.607422,0.246338,0.604797,0.119873,0.747803,up
324912,8.632813,5.589844,2.742188,-0.023437,-0.203125,-0.587891,0.246338,0.604797,0.119873,0.747803,up
324917,8.675781,5.628906,2.703125,-0.064453,-0.210937,-0.572266,0.248779,0.605164,0.121277,0.74646,up
324923,8.714844,5.667969,2.589844,-0.089844,-0.222656,-0.560547,0.248779,0.605164,0.121277,0.74646,up
324929,8.792969,5.667969,2.589844,-0.119141,-0.240234,-0.537109,0.248779,0.605164,0.121277,0.74646,up
324934,8.832031,5.667969,2.511719,-0.166016,-0.238281,-0.488281,0.248779,0.605164,0.121277,0.74646,up
324939,8.859375,5.78125,2.398438,-0.166016,-0.238281,-0.488281,0.253784,0.605896,0.123047,0.743835,up
324945,8.832031,5.78125,2.433594,-0.183594,-0.228516,-0.470703,0.256287,0.606262,0.123474,0.742676,up
324950,8.859375,5.859375,2.398438,-0.212891,-0.226562,-0.423828,0.257568,0.606445,0.123596,0.742065,up
324955,8.828125,5.859375,2.472656,-0.212891,-0.226562,-0.423828,0.258789,0.606567,0.123657,0.741516,up
324960,8.753906,5.859375,2.433594,-0.212891,-0.226562,-0.423828,0.259766,0.606689,0.123718,0.741028,up
324965,8.75,5.859375,2.472656,-0.177734,-0.222656,-0.373047,0.260986,0.606873,0.123779,0.740417,up
324970,8.710938,5.859375,2.511719,-0.158203,-0.224609,-0.349609,0.262024,0.607117,0.123901,0.739868,up
324976,8.59375,5.898437,2.589844,-0.158203,-0.224609,-0.349609,0.262817,0.6073,0.123962,0.739441,up
324981,8.59375,5.898437,2.589844,-0.119141,-0.228516,-0.326172,0.263733,0.607544,0.124084,0.738892,up
324986,8.597656,5.898437,2.625,-0.101563,-0.246094,-0.304688,0.263733,0.607544,0.124084,0.738892,up
324992,8.632813,5.898437,2.589844,-0.101563,-0.25,-0.294922,0.263733,0.607544,0.124084,0.738892,up
324997,8.59375,5.898437,2.589844,-0.101563,-0.25,-0.294922,0.266113,0.608398,0.124329,0.737305,up
325004,8.554688,5.859375,2.550781,-0.126953,-0.246094,-0.267578,0.266113,0.608398,0.124329,0.737305,up
325009,8.519531,5.859375,2.511719,-0.142578,-0.248047,-0.248047,0.268433,0.609192,0.124268,0.735779,up
325014,8.554688,5.859375,2.433594,-0.142578,-0.248047,-0.248047,0.268433,0.609192,0.124268,0.735779,up
325019,8.554688,5.898437,2.433594,-0.142578,-0.248047,-0.248047,0.269287,0.609497,0.124146,0.735229,up
325025,8.515625,5.859375,2.398438,-0.205078,-0.236328,-0.216797,0.270874,0.609924,0.123718,0.734375,up
325030,8.519531,5.820312,2.433594,-0.205078,-0.236328,-0.216797,0.271667,0.610107,0.123413,0.733948,up
325035,8.519531,5.78125,2.472656,-0.259766,-0.212891,-0.197266,0.272522,0.610291,0.123047,0.733582,up
325041,8.445313,5.707031,2.472656,-0.259766,-0.212891,-0.197266,0.273254,0.610413,0.122803,0.733215,up
325046,8.410156,5.667969,2.511719,-0.28125,-0.193359,-0.191406,0.274109,0.610535,0.122437,0.73291,up
325052,8.367188,5.589844,2.550781,-0.28125,-0.193359,-0.191406,0.274963,0.610657,0.12207,0.732544,up
325057,8.371094,5.554687,2.550781,-0.277344,-0.183594,-0.1875,0.274963,0.610657,0.12207,0.732544,up
325063,8.367188,5.476562,2.550781,-0.283203,-0.175781,-0.1875,0.274963,0.610657,0.12207,0.732544,up
325068,8.332031,5.4375,2.511719,-0.283203,-0.175781,-0.1875,0.274963,0.610657,0.12207,0.732544,up
325074,8.253906,5.4375,2.472656,-0.289063,-0.166016,-0.179687,0.274963,0.610657,0.12207,0.732544,up
325079,8.253906,5.398437,2.433594,-0.289063,-0.160156,-0.181641,0.274963,0.610657,0.12207,0.732544,up
325085,8.132813,5.363281,2.359375,-0.289063,-0.160156,-0.181641,0.280823,0.611023,0.119507,0.730408,up
325090,8.09375,5.363281,2.359375,-0.296875,-0.173828,-0.183594,0.281738,0.611084,0.11908,0.730103,up
325095,8.058594,5.398437,2.320313,-0.3125,-0.1875,-0.181641,0.282593,0.611145,0.118652,0.729736,up
325100,8.054688,5.398437,2.359375,-0.3125,-0.1875,-0.181641,0.283386,0.611206,0.118286,0.729431,up
325105,8.023438,5.398437,2.320313,-0.3125,-0.1875,-0.181641,0.284424,0.611328,0.117737,0.729065,up
325110,8.054688,5.363281,2.320313,-0.3125,-0.1875,-0.181641,0.284424,0.611328,0.117737,0.729065,up
325115,8.097656,5.324219,2.433594,-0.322266,-0.214844,-0.195312,0.286194,0.611511,0.116882,0.728333,up
325120,8.097656,5.324219,2.433594,-0.320313,-0.212891,-0.193359,0.287048,0.611633,0.116455,0.727966,up
325126,8.175781,5.207031,2.359375,-0.320313,-0.212891,-0.193359,0.287964,0.611694,0.116028,0.727661,up
325131,8.175781,5.207031,2.359375,-0.345703,-0.195312,-0.191406,0.288879,0.611755,0.11554,0.727295,up
325137,8.25,5.207031,2.359375,-0.357422,-0.189453,-0.181641,0.288879,0.611755,0.11554,0.727295,up
325143,8.289063,5.171875,2.320313,-0.357422,-0.189453,-0.181641,0.290771,0.611816,0.114563,0.726685,up
325148,8.289063,5.132812,2.28125,-0.361328,-0.15625,-0.181641,0.290771,0.611816,0.114563,0.726685,up
325153,8.292969,5.171875,2.242188,-0.359375,-0.132812,-0.195312,0.290771,0.611816,0.114563,0.726685,up
325159,8.210938,5.132812,2.050781,-0.359375,-0.132812,-0.195312,0.29364,0.611633,0.113098,0.725891,up
325164,8.210938,5.132812,2.050781,-0.306641,-0.132812,-0.199219,0.29364,0.611633,0.113098,0.725891,up
325170,8.175781,5.207031,2.015625,-0.306641,-0.132812,-0.199219,0.294495,0.611633,0.112732,0.725586,up
325175,8.058594,5.363281,2.015625,-0.232422,-0.138672,-0.220703,0.296204,0.611572,0.112183,0.725037,up
325180,8.097656,5.398437,2.015625,-0.191406,-0.140625,-0.222656,0.296997,0.611572,0.112,0.724731,up
325185,8.058594,5.476562,2.050781,-0.191406,-0.140625,-0.222656,0.298462,0.611755,0.111877,0.723999,up
325190,8.054688,5.628906,2.128906,-0.191406,-0.140625,-0.222656,0.298462,0.611755,0.111877,0.723999,up
325195,8.054688,5.667969,2.167969,-0.191406,-0.140625,-0.222656,0.299805,0.612,0.111877,0.723206,up
325200,8.097656,5.667969,2.167969,-0.191406,-0.140625,-0.222656,0.299805,0.612,0.111877,0.723206,up
325205,8.136719,5.667969,2.128906,-0.183594,-0.162109,-0.212891,0.299805,0.612,0.111877,0.723206,up
325210,8.171875,5.667969,2.207031,-0.183594,-0.162109,-0.212891,0.301025,0.612244,0.111755,0.722534,up
325215,8.175781,5.667969,2.242188,-0.230469,-0.15625,-0.207031,0.301819,0.612305,0.111633,0.722168,up
325220,8.210938,5.667969,2.242188,-0.230469,-0.15625,-0.207031,0.303345,0.612366,0.111206,0.721497,up
325225,8.214844,5.628906,2.128906,-0.230469,-0.15625,-0.207031,0.303345,0.612366,0.111206,0.721497,up
325230,8.214844,5.628906,2.167969,-0.230469,-0.15625,-0.207031,0.304932,0.612305,0.110535,0.721008,up
325235,8.253906,5.628906,2.207031,-0.283203,-0.109375,-0.177734,0.304932,0.612305,0.110535,0.721008,up
325240,8.214844,5.589844,2.167969,-0.283203,-0.109375,-0.177734,0.305847,0.612244,0.110229,0.720764,up
325245,8.171875,5.589844,2.207031,-0.253906,-0.097656,-0.173828,0.305847,0.612244,0.110229,0.720764,up
325250,8.171875,5.589844,2.207031,-0.253906,-0.097656,-0.173828,0.307922,0.612061,0.109497,0.720154,up
325255,8.289063,5.589844,2.28125,-0.253906,-0.097656,-0.173828,0.307922,0.612061,0.109497,0.720154,up
325260,8.210938,5.628906,2.242188,-0.121094,-0.078125,-0.169922,0.307922,0.612061,0.109497,0.720154,up
325265,8.210938,5.589844,2.242188,-0.121094,-0.078125,-0.169922,0.309021,0.612,0.109253,0.719727,up
325270,8.25,5.589844,2.28125,-0.082031,-0.072266,-0.164062,0.30957,0.612,0.109253,0.719482,up
325276,8.25,5.589844,2.359375,-0.082031,-0.072266,-0.164062,0.310486,0.612061,0.109314,0.719055,up
325281,8.175781,5.589844,2.28125,-0.107422,-0.052734,-0.162109,0.310974,0.612,0.109375,0.718872,up
325287,8.054688,5.667969,2.320313,-0.107422,-0.052734,-0.162109,0.311401,0.612,0.109314,0.718689,up
325292,8.058594,5.667969,2.433594,-0.142578,-0.091797,-0.140625,0.311401,0.612,0.109314,0.718689,up
325297,8.058594,5.667969,2.433594,-0.148437,-0.103516,-0.136719,0.312378,0.612,0.109131,0.718323,up
325302,8.175781,5.667969,2.359375,-0.148437,-0.103516,-0.136719,0.312927,0.612,0.108948,0.718079,up
325308,8.25,5.667969,2.398438,-0.169922,-0.119141,-0.126953,0.312927,0.612,0.108948,0.718079,up
325314,8.289063,5.628906,2.359375,-0.162109,-0.130859,-0.125,0.312927,0.612,0.108948,0.718079,up
325319,8.332031,5.628906,2.320313,-0.146484,-0.126953,-0.111328,0.312927,0.612,0.108948,0.718079,up
325324,8.410156,5.589844,2.320313,-0.125,-0.125,-0.115234,0.312927,0.612,0.108948,0.718079,up
325329,8.367188,5.589844,2.28125,-0.099609,-0.117188,-0.107422,0.312927,0.612,0.108948,0.718079,up
325335,8.371094,5.628906,2.320313,-0.091797,-0.099609,-0.105469,0.316101,0.612549,0.107849,0.716431,up
325340,8.40625,5.589844,2.28125,-0.091797,-0.099609,-0.105469,0.316467,0.612549,0.107788,0.716248,up
325345,8.332031,5.589844,2.320313,-0.136719,-0.056641,-0.103516,0.316467,0.612549,0.107788,0.716248,up
325350,8.371094,5.589844,2.320313,-0.136719,-0.056641,-0.103516,0.316895,0.612549,0.107666,0.716064,up
