timestamp,ax,ay,az,gx,gy,gz,qw,qx,qy,qz,label
337723,2.890625,8.039063,4.964844,0.0625,-0.019531,0.056641,0.816528,0.491028,0.021729,0.302917,up
337728,2.925781,8.042969,5.0,0.0625,-0.019531,0.056641,0.816406,0.49115,0.021729,0.30304,up
337733,2.890625,8.082031,5.0,0.052734,0.021484,0.068359,0.816284,0.491211,0.021729,0.303162,up
337738,2.890625,8.121094,5.078125,0.050781,0.039063,0.064453,0.816162,0.491333,0.021729,0.303345,up
337743,2.734375,8.121094,5.039062,0.050781,0.039063,0.064453,0.81604,0.491394,0.02179,0.303528,up
337748,2.699219,8.160156,5.078125,0.050781,0.039063,0.064453,0.815979,0.491394,0.021851,0.303711,up
337753,2.621094,8.199219,5.078125,0.048828,0.035156,0.078125,0.815857,0.491455,0.021851,0.303894,up
337758,2.699219,8.195313,5.117187,0.048828,0.035156,0.078125,0.815735,0.491516,0.021851,0.304077,up
337763,2.699219,8.160156,5.15625,0.048828,0.035156,0.078125,0.815613,0.491638,0.021851,0.304321,up
337768,2.734375,8.160156,5.078125,0.050781,0.011719,0.089844,0.815491,0.491699,0.02179,0.304504,up
337774,2.699219,8.121094,5.117187,0.050781,0.011719,0.089844,0.815369,0.491821,0.02179,0.304688,up
337781,2.734375,8.082031,5.0,0.070312,0.011719,0.101563,0.815369,0.491821,0.02179,0.304688,up
337787,2.734375,8.082031,5.0,0.089844,0.007813,0.095703,0.815369,0.491821,0.02179,0.304688,up
337792,2.773438,8.121094,5.039062,0.083984,-0.001953,0.091797,0.815369,0.491821,0.02179,0.304688,up
337798,2.851563,8.15625,5.039062,0.072266,0.005859,0.083984,0.814697,0.492493,0.021545,0.30542,up
337803,2.851563,8.117188,5.078125,0.072266,0.005859,0.083984,0.814331,0.492798,0.021484,0.305786,up
337808,2.851563,8.117188,5.0,0.074219,0.009766,0.078125,0.814209,0.492981,0.021484,0.305908,up
337813,2.8125,8.117188,5.0,0.074219,0.009766,0.078125,0.814026,0.493103,0.021484,0.306091,up
337818,2.734375,8.121094,5.0,0.074219,0.009766,0.078125,0.813904,0.493225,0.021545,0.306274,up
337823,2.734375,8.195313,5.078125,0.074219,0.009766,0.078125,0.813721,0.493408,0.021606,0.306396,up
337829,2.621094,8.199219,5.078125,0.074219,0.009766,0.078125,0.813599,0.49353,0.021667,0.30658,up
337836,2.621094,8.234375,5.15625,0.074219,0.009766,0.078125,0.813477,0.493652,0.02179,0.306763,up
337841,2.542969,8.199219,5.15625,0.048828,0.056641,0.072266,0.813477,0.493652,0.02179,0.306763,up
337846,2.621094,8.199219,5.117187,0.041016,0.046875,0.074219,0.813477,0.493652,0.02179,0.306763,up
337851,2.621094,8.199219,5.117187,0.035156,0.048828,0.060547,0.813477,0.493652,0.02179,0.306763,up
337856,2.660156,8.117188,5.15625,0.035156,0.048828,0.060547,0.813477,0.493652,0.02179,0.306763,up
337861,2.621094,8.078125,5.15625,0.035156,0.048828,0.060547,0.812927,0.493958,0.022095,0.307739,up
337866,2.621094,8.042969,5.191406,0.037109,0.0625,0.048828,0.812927,0.493958,0.022095,0.307739,up
337872,2.582031,8.0,5.15625,0.046875,0.074219,0.050781,0.812622,0.494019,0.0224,0.308289,up
337877,2.507813,8.0,5.117187,0.046875,0.074219,0.050781,0.812622,0.494019,0.0224,0.308289,up
337883,2.542969,7.933594,5.15625,0.074219,0.087891,0.054687,0.812378,0.494202,0.022766,0.308716,up
337888,2.542969,7.964844,5.15625,0.126953,0.099609,0.050781,0.812195,0.494385,0.02301,0.308899,up
337893,2.507813,8.0,5.117187,0.126953,0.099609,0.050781,0.811951,0.494568,0.023254,0.309143,up
337898,2.507813,8.039063,5.117187,0.183594,0.091797,0.042969,0.811951,0.494568,0.023254,0.309143,up
337903,2.46875,8.117188,5.078125,0.207031,0.103516,0.033203,0.811707,0.494873,0.02356,0.309326,up
337909,2.46875,8.117188,5.078125,0.238281,0.103516,0.023437,0.811157,0.495544,0.02417,0.309692,up
337914,2.390625,8.117188,4.964844,0.271484,0.111328,0.017578,0.81073,0.496033,0.024597,0.309875,up
337919,2.390625,8.082031,5.0,0.271484,0.111328,0.017578,0.810425,0.49646,0.024963,0.309998,up
337924,2.390625,8.082031,5.039062,0.271484,0.111328,0.017578,0.810059,0.496948,0.025391,0.31012,up
337929,2.390625,8.121094,5.0,0.271484,0.111328,0.017578,0.810059,0.496948,0.025391,0.31012,up
337934,2.429688,8.082031,5.039062,0.253906,0.091797,0.021484,0.809753,0.497375,0.025757,0.310242,up
337939,2.429688,8.082031,5.039062,0.253906,0.091797,0.021484,0.809387,0.497803,0.026123,0.310425,up
337944,2.46875,8.082031,4.964844,0.205078,0.085937,0.037109,0.809387,0.497803,0.026123,0.310425,up
337949,2.46875,8.082031,4.964844,0.183594,0.091797,0.044922,0.808533,0.49884,0.026978,0.310913,up
337954,2.390625,8.042969,5.0,0.183594,0.091797,0.044922,0.80835,0.499084,0.027283,0.311157,up
337960,2.3125,8.003906,4.964844,0.183594,0.091797,0.044922,0.808105,0.499329,0.027527,0.31134,up
337965,2.351563,8.0,4.925781,0.183594,0.091797,0.044922,0.807861,0.499512,0.027832,0.311523,up
337970,2.351563,8.042969,4.964844,0.144531,0.103516,0.042969,0.807678,0.499756,0.028076,0.311707,up
337976,2.390625,7.960937,4.925781,0.142578,0.099609,0.037109,0.807678,0.499756,0.028076,0.311707,up
337981,2.351563,7.960937,4.964844,0.142578,0.099609,0.037109,0.80719,0.500183,0.028625,0.312073,up
337986,2.351563,7.933594,5.0,0.146484,0.107422,0.023437,0.80719,0.500183,0.028625,0.312073,up
337991,2.351563,7.894531,4.925781,0.15625,0.111328,0.027344,0.80719,0.500183,0.028625,0.312073,up
337996,2.390625,7.933594,4.964844,0.15625,0.111328,0.027344,0.80658,0.500854,0.029602,0.312622,up
338001,2.390625,7.855469,5.0,0.15625,0.111328,0.027344,0.80658,0.500854,0.029602,0.312622,up
338006,2.390625,7.851562,4.964844,0.15625,0.111328,0.027344,0.806152,0.501282,0.030396,0.312866,up
338011,2.429688,7.890625,4.925781,0.166016,0.154297,-0.025391,0.806152,0.501282,0.030396,0.312866,up
338016,2.429688,7.933594,4.964844,0.166016,0.154297,-0.025391,0.805786,0.501709,0.031311,0.31311,up
338021,2.429688,7.933594,4.964844,0.164062,0.169922,-0.042969,0.805786,0.501709,0.031311,0.31311,up
338026,2.351563,8.003906,4.964844,0.167969,0.181641,-0.050781,0.805786,0.501709,0.031311,0.31311,up
338031,2.277344,8.003906,4.964844,0.166016,0.1875,-0.068359,0.805786,0.501709,0.031311,0.31311,up
338036,2.160156,8.003906,4.964844,0.166016,0.1875,-0.068359,0.805786,0.501709,0.031311,0.31311,up
338042,2.160156,8.0,4.925781,0.166016,0.1875,-0.068359,0.804871,0.502625,0.034241,0.313538,up
338048,2.121094,7.960937,4.964844,0.164062,0.171875,-0.113281,0.804871,0.502625,0.034241,0.313538,up
338053,2.121094,7.964844,5.0,0.164062,0.171875,-0.113281,0.804504,0.503174,0.036133,0.313538,up
338058,2.121094,7.964844,5.0,0.164062,0.171875,-0.113281,0.804504,0.503174,0.036133,0.313538,up
338063,2.085938,7.933594,5.078125,0.152344,0.142578,-0.138672,0.804504,0.503174,0.036133,0.313538,up
338068,2.160156,7.894531,5.078125,0.152344,0.142578,-0.138672,0.804199,0.503723,0.037903,0.313232,up
338073,2.160156,7.894531,5.0,0.152344,0.142578,-0.138672,0.804077,0.503967,0.038452,0.31311,up
338078,2.199219,7.855469,5.0,0.152344,0.142578,-0.138672,0.804077,0.503967,0.038452,0.31311,up
338083,2.277344,7.851562,5.0,0.203125,0.134766,-0.162109,0.803772,0.504517,0.039795,0.312744,up
338088,2.277344,7.933594,4.925781,0.203125,0.134766,-0.162109,0.803772,0.504517,0.039795,0.312744,up
338093,2.277344,7.929687,4.886719,0.240234,0.152344,-0.171875,0.803772,0.504517,0.039795,0.312744,up
338098,2.238281,7.960937,4.886719,0.240234,0.152344,-0.171875,0.803406,0.505249,0.04126,0.312317,up
338104,2.238281,8.039063,4.808594,0.240234,0.152344,-0.171875,0.80304,0.505981,0.042725,0.312012,up
338110,2.238281,8.078125,4.808594,0.240234,0.152344,-0.171875,0.802795,0.506348,0.043518,0.311829,up
338115,2.199219,8.160156,4.808594,0.324219,0.1875,-0.183594,0.80249,0.506836,0.044434,0.311646,up
338121,2.238281,8.199219,4.773437,0.328125,0.214844,-0.195312,0.80249,0.506836,0.044434,0.311646,up
338127,2.121094,8.277344,4.695312,0.328125,0.214844,-0.195312,0.80249,0.506836,0.044434,0.311646,up
338133,2.121094,8.3125,4.695312,0.332031,0.228516,-0.21875,0.80249,0.506836,0.044434,0.311646,up
338138,2.121094,8.273438,4.65625,0.318359,0.224609,-0.230469,0.801147,0.509094,0.049194,0.31073,up
338143,2.121094,8.273438,4.65625,0.318359,0.224609,-0.230469,0.800903,0.509521,0.050232,0.310486,up
338148,2.160156,8.316406,4.65625,0.318359,0.224609,-0.230469,0.80072,0.509888,0.051208,0.310242,up
338153,2.199219,8.34375,4.695312,0.318359,0.224609,-0.230469,0.80072,0.509888,0.051208,0.310242,up
338158,2.160156,8.425781,4.65625,0.285156,0.214844,-0.277344,0.80072,0.509888,0.051208,0.310242,up
338164,2.160156,8.425781,4.65625,0.285156,0.214844,-0.277344,0.800232,0.510986,0.054382,0.309204,up
338169,2.121094,8.425781,4.65625,0.255859,0.21875,-0.298828,0.80011,0.511292,0.055298,0.308899,up
338174,2.085938,8.425781,4.65625,0.253906,0.214844,-0.320313,0.799927,0.511597,0.056458,0.308472,up
338180,2.085938,8.5,4.617187,0.253906,0.214844,-0.320313,0.799866,0.511902,0.057373,0.308105,up
338185,2.085938,8.5,4.617187,0.285156,0.216797,-0.318359,0.799866,0.511902,0.057373,0.308105,up
338190,2.085938,8.539063,4.65625,0.298828,0.21875,-0.322266,0.799561,0.512573,0.05957,0.307312,up
338195,2.046875,8.542969,4.617187,0.298828,0.21875,-0.322266,0.799377,0.513,0.06073,0.306885,up
338201,2.007813,8.539063,4.65625,0.298828,0.21875,-0.322266,0.799194,0.513367,0.061768,0.306458,up
338206,1.96875,8.539063,4.617187,0.335938,0.236328,-0.341797,0.799194,0.513367,0.061768,0.306458,up
338212,1.96875,8.582031,4.582031,0.349609,0.234375,-0.349609,0.799194,0.513367,0.061768,0.306458,up
338217,1.929688,8.578125,4.464844,0.349609,0.234375,-0.349609,0.799194,0.513367,0.061768,0.306458,up
338223,1.929688,8.699219,4.464844,0.398438,0.246094,-0.365234,0.799194,0.513367,0.061768,0.306458,up
338228,1.929688,8.738281,4.425781,0.451172,0.242187,-0.376953,0.799194,0.513367,0.061768,0.306458,up
338234,1.894531,8.738281,4.3125,0.451172,0.242187,-0.376953,0.797302,0.517151,0.070557,0.303162,up
338239,1.894531,8.804688,4.3125,0.480469,0.257813,-0.388672,0.796936,0.517883,0.072021,0.302551,up
338244,1.894531,8.769531,4.273437,0.492187,0.257813,-0.384766,0.796509,0.518555,0.073425,0.302063,up
338250,1.929688,8.84375,4.160156,0.492187,0.257813,-0.384766,0.796143,0.519226,0.074707,0.301514,up
338255,1.929688,8.84375,4.121094,0.492187,0.257813,-0.384766,0.795715,0.52002,0.076172,0.301025,up
338260,1.929688,8.882813,4.121094,0.533203,0.277344,-0.376953,0.795715,0.52002,0.076172,0.301025,up
338265,1.894531,8.886719,4.003906,0.527344,0.318359,-0.378906,0.795715,0.52002,0.076172,0.301025,up
338270,1.855469,8.925781,4.042969,0.527344,0.318359,-0.378906,0.794312,0.522278,0.080627,0.299622,up
338275,1.738281,9.039063,3.890625,0.527344,0.318359,-0.378906,0.794312,0.522278,0.080627,0.299622,up
338280,1.738281,9.039063,3.890625,0.509766,0.412109,-0.384766,0.794312,0.522278,0.080627,0.299622,up
338285,1.546875,9.152344,3.8125,0.509766,0.412109,-0.384766,0.794312,0.522278,0.080627,0.299622,up
338290,1.546875,9.152344,3.851563,0.486328,0.429687,-0.410156,0.794312,0.522278,0.080627,0.299622,up
338295,1.433594,9.230469,3.8125,0.486328,0.429687,-0.410156,0.794312,0.522278,0.080627,0.299622,up
338301,1.433594,9.191406,3.8125,0.460937,0.392578,-0.449219,0.794312,0.522278,0.080627,0.299622,up
338306,1.472656,9.152344,3.851563,0.460937,0.392578,-0.449219,0.791321,0.526367,0.09259,0.296936,up
338312,1.511719,9.1875,3.851563,0.441406,0.347656,-0.46875,0.791321,0.526367,0.09259,0.296936,up
338317,1.511719,9.152344,3.8125,0.443359,0.335938,-0.472656,0.791321,0.526367,0.09259,0.296936,up
338323,1.585938,9.121094,3.8125,0.425781,0.326172,-0.488281,0.791321,0.526367,0.09259,0.296936,up
338328,1.585938,9.121094,3.738281,0.425781,0.326172,-0.488281,0.7901,0.528381,0.099121,0.294495,up
338334,1.585938,9.121094,3.8125,0.349609,0.365234,-0.457031,0.7901,0.528381,0.099121,0.294495,up
338339,1.472656,9.117188,3.851563,0.349609,0.365234,-0.457031,0.789612,0.529175,0.102417,0.293335,up
338345,1.433594,9.121094,3.8125,0.349609,0.365234,-0.457031,0.789246,0.529541,0.10553,0.29248,up
338350,1.433594,9.121094,3.8125,0.224609,0.472656,-0.412109,0.789062,0.529602,0.107117,0.292175,up
338355,1.316406,9.117188,3.8125,0.191406,0.482422,-0.384766,0.78894,0.529541,0.108887,0.291992,up
338360,1.433594,9.042969,3.851563,0.191406,0.482422,-0.384766,0.788879,0.529419,0.110413,0.291809,up
338366,1.472656,9.003906,3.890625,0.113281,0.503906,-0.373047,0.788879,0.529419,0.110413,0.291809,up
338371,1.472656,9.003906,3.890625,0.089844,0.519531,-0.373047,0.788818,0.528931,0.113586,0.291626,up
338376,1.511719,8.964844,3.890625,0.082031,0.539062,-0.361328,0.788818,0.528625,0.115173,0.291565,up
338381,1.511719,8.964844,3.890625,0.089844,0.558594,-0.365234,0.788818,0.528625,0.115173,0.291565,up
338386,1.472656,8.964844,3.890625,0.089844,0.558594,-0.365234,0.788818,0.52832,0.11676,0.291565,up
338391,1.472656,8.964844,3.890625,0.144531,0.619141,-0.388672,0.788696,0.52771,0.1203,0.291504,up
338396,1.433594,8.960938,3.929688,0.144531,0.619141,-0.388672,0.788635,0.527405,0.122192,0.291565,up
338402,1.394531,8.960938,3.890625,0.160156,0.71875,-0.421875,0.788635,0.527405,0.122192,0.291565,up
338407,1.394531,8.964844,3.851563,0.136719,0.791016,-0.445312,0.788635,0.527405,0.122192,0.291565,up
338412,1.355469,8.960938,3.777344,0.117188,0.861328,-0.466797,0.788635,0.527405,0.122192,0.291565,up
338418,1.203125,9.003906,3.738281,0.117188,0.861328,-0.466797,0.788635,0.527405,0.122192,0.291565,up
338423,1.125,9.039063,3.699219,0.001953,1.048828,-0.492187,0.788635,0.527405,0.122192,0.291565,up
338428,1.050781,9.042969,3.660156,0.001953,1.048828,-0.492187,0.788147,0.523987,0.136475,0.292664,up
338433,0.859375,9.082031,3.660156,0.001953,1.048828,-0.492187,0.788147,0.52301,0.139221,0.293091,up
338438,0.742187,9.152344,3.699219,0.001953,1.048828,-0.492187,0.788147,0.521912,0.14209,0.29364,up
338444,0.707031,9.226563,3.777344,-0.068359,1.220703,-0.46875,0.788086,0.519409,0.148254,0.295105,up
338449,0.628906,9.226563,3.851563,-0.068359,1.220703,-0.46875,0.788086,0.519409,0.148254,0.295105,up
338454,0.515625,9.230469,3.8125,-0.103516,1.367188,-0.472656,0.788025,0.516724,0.154541,0.296814,up
338459,0.4375,9.308594,3.777344,-0.103516,1.367188,-0.472656,0.788025,0.516724,0.154541,0.296814,up
338464,0.398438,9.191406,3.851563,-0.158203,1.449219,-0.460937,0.787964,0.513611,0.161194,0.298828,up
338469,0.324219,9.152344,3.890625,-0.158203,1.449219,-0.460937,0.787964,0.513611,0.161194,0.298828,up
338474,0.285156,9.078125,4.042969,-0.246094,1.474609,-0.429687,0.787964,0.513611,0.161194,0.298828,up
338479,0.167969,9.039063,4.003906,-0.240234,1.474609,-0.416016,0.788025,0.510132,0.167847,0.301025,up
338484,-0.097656,9.148438,4.160156,-0.246094,1.480469,-0.421875,0.788025,0.50824,0.171387,0.302307,up
338489,-0.097656,9.148438,4.160156,-0.246094,1.480469,-0.421875,0.787964,0.504761,0.177673,0.304504,up
338494,-0.367188,8.960938,4.003906,-0.246094,1.480469,-0.421875,0.787964,0.504761,0.177673,0.304504,up
338499,-0.558594,8.921875,3.890625,-0.236328,1.59375,-0.431641,0.787842,0.501038,0.184631,0.307007,up
338504,-0.828125,9.1875,4.042969,-0.236328,1.59375,-0.431641,0.78772,0.499329,0.187927,0.308044,up
338509,-0.828125,9.308594,4.3125,-0.236328,1.59375,-0.431641,0.787598,0.497864,0.190735,0.308899,up
338514,-0.75,9.347656,4.617187,-0.236328,1.59375,-0.431641,0.787598,0.497864,0.190735,0.308899,up
338519,-0.636719,9.230469,4.847656,-0.150391,1.019531,-0.390625,0.787598,0.4953,0.195557,0.310059,up
338524,-0.636719,9.0,4.925781,-0.150391,1.019531,-0.390625,0.787598,0.49408,0.197632,0.310608,up
338529,-0.671875,8.882813,4.925781,-0.164062,0.810547,-0.3125,0.787598,0.49408,0.197632,0.310608,up
338534,-0.671875,8.808594,4.808594,-0.164062,0.810547,-0.3125,0.787659,0.49292,0.199646,0.311096,up
338539,-0.671875,8.699219,4.773437,-0.130859,0.722656,-0.292969,0.787659,0.49292,0.199646,0.311096,up
338544,-0.597656,8.617188,4.734375,-0.130859,0.722656,-0.292969,0.78772,0.490906,0.203064,0.311829,up
338549,-0.519531,8.617188,4.695312,-0.023437,0.425781,-0.220703,0.78772,0.490112,0.20459,0.312134,up
338554,-0.519531,8.617188,4.695312,-0.023437,0.425781,-0.220703,0.78772,0.489624,0.205627,0.312256,up
338559,-0.40625,8.660156,4.925781,0.023437,0.351563,-0.21875,0.787659,0.489258,0.206665,0.312256,up
338564,-0.40625,8.660156,4.925781,0.078125,0.306641,-0.212891,0.787659,0.489258,0.206665,0.312256,up
338569,-0.367188,8.578125,4.964844,0.078125,0.306641,-0.212891,0.787598,0.488953,0.207581,0.312256,up
338574,-0.367188,8.578125,4.964844,0.314453,0.361328,-0.244141,0.787292,0.488831,0.209534,0.311951,up
338580,-0.367188,8.808594,4.847656,0.314453,0.361328,-0.244141,0.786438,0.489319,0.21228,0.311462,up
338585,-0.328125,8.847656,4.734375,0.498047,0.470703,-0.291016,0.785889,0.489746,0.213806,0.311218,up
338591,-0.367188,8.921875,4.617187,0.498047,0.470703,-0.291016,0.785278,0.490173,0.215332,0.310974,up
338596,-0.445312,9.042969,4.582031,0.498047,0.470703,-0.291016,0.784546,0.490784,0.217163,0.310669,up
338601,-0.519531,9.117188,4.582031,0.646484,0.486328,-0.314453,0.784546,0.490784,0.217163,0.310669,up
338606,-0.558594,9.152344,4.582031,0.675781,0.484375,-0.318359,0.784546,0.490784,0.217163,0.310669,up
338611,-0.558594,9.1875,4.503906,0.703125,0.478516,-0.324219,0.782043,0.492981,0.222717,0.309509,up
338617,-0.671875,9.308594,4.425781,0.703125,0.478516,-0.324219,0.781128,0.493835,0.224609,0.309082,up
338623,-0.671875,9.382813,4.425781,0.681641,0.445312,-0.320313,0.781128,0.493835,0.224609,0.309082,up
338629,-0.671875,9.421875,4.351562,0.675781,0.416016,-0.3125,0.781128,0.493835,0.224609,0.309082,up
338634,-0.710937,9.5,4.3125,0.628906,0.400391,-0.306641,0.777893,0.496948,0.231445,0.30719,up
338639,-0.75,9.535156,4.3125,0.628906,0.400391,-0.306641,0.777893,0.496948,0.231445,0.30719,up
338644,-0.75,9.609375,4.273437,0.574219,0.349609,-0.289063,0.776428,0.498413,0.234558,0.306274,up
338649,-0.828125,9.691406,4.234375,0.539062,0.259766,-0.253906,0.776428,0.498413,0.234558,0.306274,up
338655,-0.828125,9.847656,4.390625,0.529297,0.216797,-0.230469,0.775757,0.499084,0.235779,0.305786,up
338660,-0.828125,9.808594,4.351562,0.529297,0.216797,-0.230469,0.774475,0.50061,0.238159,0.304749,up
338665,-0.789062,9.769531,4.464844,0.529297,0.216797,-0.230469,0.773987,0.501221,0.239075,0.304321,up
338670,-0.828125,9.652344,4.3125,0.529297,0.216797,-0.230469,0.773376,0.501892,0.240112,0.303894,up
338675,-0.828125,9.613281,4.3125,0.529297,0.216797,-0.230469,0.772949,0.50238,0.240845,0.303589,up
338680,-0.863281,9.53125,4.273437,0.302734,0.142578,-0.15625,0.772522,0.502869,0.241699,0.303223,up
338685,-0.863281,9.464844,4.273437,0.302734,0.142578,-0.15625,0.772217,0.503174,0.242432,0.302917,up
338690,-0.863281,9.386719,4.273437,0.302734,0.142578,-0.15625,0.772034,0.503418,0.24292,0.302612,up
338695,-0.863281,9.347656,4.273437,0.128906,0.076172,-0.158203,0.771851,0.50354,0.243469,0.302307,up
338700,-0.863281,9.347656,4.273437,0.085937,0.060547,-0.158203,0.77179,0.503601,0.243835,0.302063,up
338706,-0.828125,9.226563,4.195312,0.085937,0.060547,-0.158203,0.77179,0.503601,0.244202,0.301758,up
338711,-0.828125,9.226563,4.195312,0.074219,0.003906,-0.162109,0.77179,0.503662,0.244507,0.301453,up
338716,-0.789062,9.191406,4.273437,0.074219,0.003906,-0.162109,0.771851,0.503723,0.244751,0.301086,up
338723,-0.75,9.230469,4.234375,0.109375,-0.044922,-0.164062,0.771851,0.503723,0.244751,0.301086,up
338729,-0.75,9.226563,4.3125,0.130859,-0.050781,-0.164062,0.771851,0.503723,0.244751,0.301086,up
338734,-0.789062,9.230469,4.273437,0.173828,-0.0625,-0.169922,0.771851,0.503723,0.244751,0.301086,up
338740,-0.789062,9.226563,4.195312,0.175781,-0.080078,-0.167969,0.77179,0.504456,0.245667,0.299194,up
338745,-0.75,9.265625,4.234375,0.175781,-0.080078,-0.167969,0.771667,0.505066,0.246033,0.298096,up
338751,-0.789062,9.269531,4.195312,0.175781,-0.080078,-0.167969,0.771606,0.505371,0.246216,0.297668,up
338756,-0.789062,9.265625,4.234375,0.144531,-0.089844,-0.15625,0.771606,0.505615,0.246399,0.297119,up
338761,-0.789062,9.265625,4.273437,0.144531,-0.089844,-0.15625,0.771606,0.505615,0.246399,0.297119,up
338766,-0.789062,9.230469,4.273437,0.107422,-0.099609,-0.146484,0.771606,0.505615,0.246399,0.297119,up
338772,-0.863281,9.230469,4.234375,0.083984,-0.099609,-0.134766,0.771606,0.505615,0.246399,0.297119,up
338777,-0.863281,9.265625,4.234375,0.083984,-0.099609,-0.134766,0.771667,0.506409,0.246704,0.295288,up
338784,-0.902344,9.191406,4.273437,0.041016,-0.097656,-0.128906,0.771667,0.506409,0.246704,0.295288,up
338790,-0.941406,9.1875,4.273437,0.001953,-0.130859,-0.134766,0.771667,0.506409,0.246704,0.295288,up
338795,-0.980469,9.148438,4.3125,0.001953,-0.130859,-0.134766,0.772217,0.506653,0.246582,0.293579,up
338800,-1.058594,9.152344,4.351562,0.001953,-0.130859,-0.134766,0.7724,0.506653,0.246521,0.293091,up
338805,-1.058594,9.1875,4.351562,0.025391,-0.185547,-0.158203,0.7724,0.506653,0.246521,0.293091,up
338810,-1.09375,9.191406,4.390625,0.025391,-0.185547,-0.158203,0.772827,0.506775,0.246277,0.292053,up
338816,-1.132813,9.304688,4.425781,0.025391,-0.185547,-0.158203,0.77301,0.506897,0.246033,0.291443,up
338821,-1.09375,9.265625,4.390625,-0.005859,-0.275391,-0.169922,0.77301,0.506897,0.246033,0.291443,up
338826,-1.132813,9.230469,4.390625,-0.021484,-0.3125,-0.169922,0.77301,0.506897,0.246033,0.291443,up
338832,-1.171875,9.304688,4.351562,-0.021484,-0.3125,-0.169922,0.773987,0.507141,0.244995,0.289368,up
338838,-1.25,9.226563,4.351562,-0.050781,-0.369141,-0.167969,0.773987,0.507141,0.244995,0.289368,up
338843,-1.171875,9.230469,4.351562,-0.074219,-0.400391,-0.158203,0.773987,0.507141,0.244995,0.289368,up
338849,-1.171875,9.152344,4.390625,-0.099609,-0.421875,-0.146484,0.773987,0.507141,0.244995,0.289368,up
338855,-1.171875,9.121094,4.351562,-0.128906,-0.441406,-0.117188,0.773987,0.507141,0.244995,0.289368,up
338860,-1.132813,9.082031,4.390625,-0.128906,-0.441406,-0.117188,0.776855,0.507324,0.240906,0.284851,up
338865,-1.132813,8.964844,4.390625,-0.128906,-0.441406,-0.117188,0.776855,0.507324,0.240906,0.284851,up
338870,-1.132813,8.925781,4.3125,-0.128906,-0.441406,-0.117188,0.777893,0.507263,0.239258,0.283447,up
338875,-1.09375,8.882813,4.3125,-0.099609,-0.486328,-0.126953,0.777893,0.507263,0.239258,0.283447,up
338880,-1.132813,8.925781,4.3125,-0.035156,-0.494141,-0.142578,0.778442,0.507324,0.238342,0.282593,up
338886,-1.132813,8.964844,4.273437,-0.035156,-0.494141,-0.142578,0.779297,0.50769,0.236755,0.280884,up
338891,-1.132813,9.082031,4.234375,-0.035156,-0.494141,-0.142578,0.779602,0.507996,0.236084,0.279968,up
338896,-1.171875,9.121094,4.195312,0.119141,-0.498047,-0.169922,0.779602,0.507996,0.236084,0.279968,up
338901,-1.171875,9.148438,4.160156,0.15625,-0.492187,-0.179687,0.779602,0.507996,0.236084,0.279968,up
338907,-1.25,9.226563,4.160156,0.15625,-0.492187,-0.179687,0.780334,0.509521,0.234131,0.276855,up
338913,-1.25,9.226563,4.082031,0.175781,-0.5,-0.183594,0.780334,0.509521,0.234131,0.276855,up
338918,-1.210938,9.269531,4.082031,0.166016,-0.511719,-0.181641,0.780334,0.509521,0.234131,0.276855,up
338924,-1.25,9.269531,4.003906,0.166016,-0.511719,-0.181641,0.780334,0.509521,0.234131,0.276855,up
338929,-1.25,9.269531,4.003906,0.119141,-0.544922,-0.181641,0.780334,0.509521,0.234131,0.276855,up
338935,-1.25,9.308594,4.003906,0.103516,-0.558594,-0.175781,0.78186,0.512695,0.229858,0.270142,up
338941,-1.171875,9.304688,3.96875,0.103516,-0.558594,-0.175781,0.782227,0.513123,0.229004,0.269104,up
338946,-1.171875,9.230469,3.851563,0.023437,-0.583984,-0.171875,0.782654,0.513489,0.228027,0.267883,up
338952,-1.058594,9.226563,3.8125,0.023437,-0.583984,-0.171875,0.78302,0.513794,0.227234,0.266907,up
338957,-1.019531,9.1875,3.8125,0.025391,-0.585937,-0.173828,0.783447,0.514099,0.226318,0.265808,up
338962,-0.980469,9.148438,3.777344,0.025391,-0.585937,-0.173828,0.783875,0.514465,0.225464,0.264709,up
338967,-0.902344,9.117188,3.738281,0.068359,-0.580078,-0.171875,0.783875,0.514465,0.225464,0.264709,up
338973,-0.902344,9.117188,3.738281,0.087891,-0.578125,-0.181641,0.784546,0.51532,0.223694,0.262451,up
338978,-0.828125,9.078125,3.738281,0.087891,-0.578125,-0.181641,0.784546,0.51532,0.223694,0.262451,up
338984,-0.789062,9.078125,3.660156,0.095703,-0.570312,-0.181641,0.785156,0.516235,0.222107,0.260132,up
338989,-0.789062,9.078125,3.660156,0.095703,-0.570312,-0.181641,0.785156,0.516235,0.222107,0.260132,up
338994,-0.710937,9.003906,3.546875,0.15625,-0.546875,-0.181641,0.785156,0.516235,0.222107,0.260132,up
338999,-0.710937,9.039063,3.507813,0.162109,-0.523437,-0.1875,0.785156,0.516235,0.222107,0.260132,up
339004,-0.75,9.039063,3.507813,0.173828,-0.525391,-0.181641,0.785156,0.516235,0.222107,0.260132,up
339010,-0.710937,9.078125,3.46875,0.171875,-0.529297,-0.191406,0.785156,0.516235,0.222107,0.260132,up
339015,-0.710937,9.117188,3.46875,0.177734,-0.535156,-0.183594,0.78656,0.520142,0.217163,0.252136,up
339020,-0.710937,9.078125,3.46875,0.183594,-0.527344,-0.1875,0.78656,0.520142,0.217163,0.252136,up
339025,-0.710937,9.078125,3.46875,0.183594,-0.527344,-0.1875,0.786743,0.520752,0.216431,0.250854,up
339030,-0.671875,9.082031,3.394531,0.173828,-0.527344,-0.185547,0.786743,0.520752,0.216431,0.250854,up
339036,-0.710937,9.082031,3.355469,0.164062,-0.533203,-0.175781,0.787292,0.5224,0.214417,0.247559,up
339041,-0.671875,9.117188,3.355469,0.146484,-0.548828,-0.177734,0.787476,0.52301,0.213623,0.246338,up
339047,-0.558594,9.121094,3.355469,0.146484,-0.548828,-0.177734,0.787659,0.523499,0.212952,0.2453,up
339052,-0.558594,9.082031,3.355469,0.146484,-0.548828,-0.177734,0.787903,0.524048,0.212158,0.244141,up
339058,-0.519531,9.078125,3.238281,0.138672,-0.539062,-0.181641,0.787903,0.524048,0.212158,0.244141,up
339063,-0.480469,9.042969,3.277344,0.134766,-0.539062,-0.181641,0.787903,0.524048,0.212158,0.244141,up
339068,-0.445312,9.042969,3.277344,0.134766,-0.539062,-0.181641,0.787903,0.524048,0.212158,0.244141,up
339074,-0.445312,9.082031,3.203125,0.140625,-0.529297,-0.179687,0.787903,0.524048,0.212158,0.244141,up
339080,-0.445312,9.082031,3.238281,0.15625,-0.523437,-0.179687,0.789062,0.527039,0.207886,0.237366,up
339085,-0.40625,9.039063,3.164063,0.15625,-0.523437,-0.179687,0.789246,0.527527,0.207214,0.236267,up
339090,-0.40625,9.078125,3.125,0.15625,-0.523437,-0.179687,0.789429,0.528076,0.206543,0.235168,up
339095,-0.367188,9.117188,3.125,0.15625,-0.523437,-0.179687,0.789429,0.528076,0.206543,0.235168,up
339100,-0.367188,9.078125,3.085938,0.158203,-0.482422,-0.193359,0.789734,0.529053,0.205383,0.232971,up
339105,-0.328125,9.078125,3.125,0.158203,-0.482422,-0.193359,0.789734,0.529053,0.205383,0.232971,up
339110,-0.367188,9.152344,3.164063,0.158203,-0.482422,-0.193359,0.789856,0.529541,0.204773,0.231812,up
339115,-0.367188,9.191406,3.046875,0.148437,-0.435547,-0.191406,0.790161,0.530457,0.203735,0.229797,up
339120,-0.367188,9.226563,3.007813,0.148437,-0.435547,-0.191406,0.790161,0.530457,0.203735,0.229797,up
339126,-0.328125,9.304688,3.046875,0.142578,-0.423828,-0.197266,0.790283,0.530823,0.203308,0.228821,up
339131,-0.40625,9.347656,3.046875,0.142578,-0.423828,-0.197266,0.790405,0.53125,0.202759,0.227722,up
339136,-0.480469,9.425781,2.972656,0.144531,-0.402344,-0.207031,0.790405,0.53125,0.202759,0.227722,up
339142,-0.445312,9.425781,3.046875,0.144531,-0.402344,-0.207031,0.790833,0.53241,0.201477,0.224792,up
339147,-0.480469,9.464844,3.007813,0.113281,-0.408203,-0.197266,0.790833,0.53241,0.201477,0.224792,up
339152,-0.40625,9.460938,3.007813,0.123047,-0.402344,-0.191406,0.791138,0.533142,0.200562,0.222839,up
339158,-0.445312,9.503906,2.933594,0.123047,-0.402344,-0.191406,0.79126,0.533508,0.200073,0.221863,up
339164,-0.445312,9.53125,2.933594,0.109375,-0.40625,-0.179687,0.79126,0.533508,0.200073,0.221863,up
339169,-0.480469,9.535156,2.972656,0.097656,-0.402344,-0.167969,0.79126,0.533508,0.200073,0.221863,up
339175,-0.40625,9.570313,2.933594,0.097656,-0.394531,-0.160156,0.79126,0.533508,0.200073,0.221863,up
339180,-0.40625,9.535156,2.894531,0.097656,-0.394531,-0.160156,0.79187,0.534851,0.198059,0.218262,up
339185,-0.367188,9.535156,2.894531,0.117188,-0.367188,-0.134766,0.79187,0.534851,0.198059,0.218262,up
339190,-0.367188,9.5,2.894531,0.117188,-0.367188,-0.134766,0.792175,0.535522,0.197083,0.216553,up
339196,-0.328125,9.5,2.894531,0.117188,-0.367188,-0.134766,0.792297,0.536255,0.196228,0.215027,up
339201,-0.328125,9.5,2.894531,0.150391,-0.318359,-0.125,0.792297,0.536255,0.196228,0.215027,up
339206,-0.289063,9.464844,2.855469,0.150391,-0.318359,-0.125,0.792297,0.537109,0.195435,0.213501,up
339212,-0.289063,9.503906,2.855469,0.150391,-0.318359,-0.125,0.792297,0.537476,0.195129,0.212891,up
339217,-0.289063,9.464844,2.816406,0.150391,-0.318359,-0.125,0.792236,0.537903,0.194824,0.21228,up
339222,-0.289063,9.503906,2.816406,0.171875,-0.236328,-0.101563,0.792236,0.537903,0.194824,0.21228,up
339228,-0.289063,9.53125,2.816406,0.171875,-0.236328,-0.101563,0.792114,0.538757,0.194336,0.21106,up
339233,-0.328125,9.53125,2.855469,0.171875,-0.236328,-0.101563,0.792114,0.538757,0.194336,0.21106,up
339239,-0.289063,9.574219,2.816406,0.195312,-0.205078,-0.083984,0.792114,0.538757,0.194336,0.21106,up
339245,-0.328125,9.574219,2.855469,0.195312,-0.205078,-0.083984,0.791748,0.5401,0.193787,0.209412,up
339250,-0.328125,9.609375,2.855469,0.195312,-0.205078,-0.083984,0.791626,0.540527,0.193665,0.208923,up
339256,-0.328125,9.609375,2.816406,0.177734,-0.169922,-0.070312,0.791626,0.540527,0.193665,0.208923,up
339261,-0.328125,9.609375,2.855469,0.177734,-0.169922,-0.070312,0.79126,0.541748,0.193237,0.207581,up
339266,-0.328125,9.613281,2.894531,0.177734,-0.169922,-0.070312,0.791138,0.542053,0.193115,0.207153,up
339271,-0.328125,9.609375,2.855469,0.138672,-0.15625,-0.050781,0.791077,0.542419,0.192932,0.206787,up
339276,-0.289063,9.648438,2.816406,0.138672,-0.15625,-0.050781,0.790955,0.542725,0.19281,0.206421,up
339281,-0.253906,9.652344,2.855469,0.121094,-0.136719,-0.039063,0.790955,0.542725,0.19281,0.206421,up
339287,-0.253906,9.652344,2.816406,0.121094,-0.136719,-0.039063,0.790833,0.543335,0.192505,0.205811,up
339292,-0.253906,9.652344,2.816406,0.123047,-0.111328,-0.03125,0.79071,0.543579,0.192444,0.205566,up
339297,-0.253906,9.652344,2.855469,0.123047,-0.099609,-0.017578,0.790588,0.543884,0.192322,0.205261,up
339303,-0.253906,9.726563,2.816406,0.123047,-0.099609,-0.017578,0.790466,0.544128,0.192261,0.205078,up
339308,-0.253906,9.769531,2.816406,0.128906,-0.066406,-0.001953,0.790466,0.544128,0.192261,0.205078,up
339313,-0.253906,9.769531,2.816406,0.132812,-0.054687,-0.001953,0.790222,0.544678,0.192139,0.204834,up
339319,-0.289063,9.847656,2.855469,0.132812,-0.054687,-0.001953,0.790039,0.545044,0.192139,0.204651,up
339325,-0.328125,9.953125,2.855469,0.150391,-0.013672,0.005859,0.790039,0.545044,0.192139,0.204651,up
339330,-0.253906,9.996094,2.816406,0.148437,0.0,0.013672,0.790039,0.545044,0.192139,0.204651,up
339336,-0.328125,9.953125,2.855469,0.119141,0.007813,0.015625,0.790039,0.545044,0.192139,0.204651,up
339341,-0.289063,9.957031,2.933594,0.119141,0.007813,0.015625,0.789062,0.546265,0.192444,0.20459,up
339346,-0.328125,9.953125,2.972656,0.119141,0.007813,0.015625,0.789062,0.546265,0.192444,0.20459,up
339351,-0.328125,9.921875,2.972656,0.0625,0.080078,0.046875,0.789062,0.546265,0.192444,0.20459,up
339356,-0.367188,9.882813,3.007813,0.0625,0.080078,0.046875,0.788635,0.546631,0.19281,0.205078,up
339361,-0.367188,9.882813,3.007813,0.0625,0.080078,0.046875,0.788574,0.546631,0.192871,0.205383,up
339366,-0.328125,9.882813,3.125,0.0625,0.080078,0.046875,0.788574,0.546631,0.192871,0.205383,up
339371,-0.289063,9.925781,3.125,-0.013672,0.09375,0.078125,0.788574,0.546631,0.192871,0.205383,up
339376,-0.328125,9.925781,3.203125,-0.013672,0.09375,0.078125,0.78833,0.546509,0.193054,0.206177,up
339381,-0.289063,9.882813,3.125,0.005859,0.091797,0.089844,0.78833,0.546509,0.193054,0.206177,up
339386,-0.253906,9.953125,3.277344,0.005859,0.091797,0.089844,0.788269,0.546509,0.193176,0.206543,up
339391,-0.253906,9.921875,3.238281,0.029297,0.109375,0.115234,0.788269,0.546509,0.193176,0.206543,up
339396,-0.214844,9.921875,3.277344,0.029297,0.109375,0.115234,0.787842,0.546631,0.19342,0.207581,up
339401,-0.214844,9.992188,3.277344,0.046875,0.130859,0.125,0.787842,0.546631,0.19342,0.207581,up
339406,-0.175781,10.03125,3.316406,0.046875,0.130859,0.125,0.787659,0.546692,0.193542,0.208008,up
339411,-0.214844,10.03125,3.394531,0.037109,0.138672,0.130859,0.787659,0.546692,0.193542,0.208008,up
339416,-0.175781,10.03125,3.429688,0.029297,0.148437,0.146484,0.787109,0.546814,0.193909,0.209412,up
339421,-0.214844,10.109375,3.46875,-0.035156,0.191406,0.150391,0.787109,0.546814,0.193909,0.209412,up
339426,-0.253906,10.1875,3.546875,-0.035156,0.191406,0.150391,0.786926,0.546753,0.194092,0.210022,up
339431,-0.253906,10.230469,3.585938,-0.035156,0.191406,0.150391,0.786743,0.546448,0.194397,0.211243,up
339436,-0.253906,10.265625,3.660156,-0.035156,0.191406,0.150391,0.786743,0.546448,0.194397,0.211243,up
339441,-0.289063,10.265625,3.699219,-0.152344,0.242187,0.175781,0.786743,0.545715,0.194763,0.21283,up
339446,-0.328125,10.269531,3.851563,-0.152344,0.242187,0.175781,0.786804,0.545227,0.194885,0.213623,up
339451,-0.328125,10.191406,3.890625,-0.152344,0.242187,0.175781,0.786926,0.544617,0.195068,0.214539,up
339456,-0.367188,10.191406,3.890625,-0.152344,0.242187,0.175781,0.786926,0.544617,0.195068,0.214539,up
339461,-0.40625,10.152344,4.003906,-0.339844,0.287109,0.197266,0.787354,0.543213,0.195374,0.216431,up
339466,-0.367188,10.070313,4.042969,-0.339844,0.287109,0.197266,0.787659,0.542358,0.195496,0.217468,up
339471,-0.328125,10.035156,4.082031,-0.339844,0.287109,0.197266,0.787964,0.541443,0.195557,0.218445,up
339476,-0.328125,9.925781,4.121094,-0.339844,0.287109,0.197266,0.787964,0.541443,0.195557,0.218445,up
339481,-0.289063,9.769531,4.195312,-0.445312,0.296875,0.220703,0.787964,0.541443,0.195557,0.218445,up
339487,-0.253906,9.730469,4.195312,-0.445312,0.296875,0.220703,0.789001,0.538452,0.19574,0.221863,up
339492,-0.289063,9.691406,4.234375,-0.503906,0.335938,0.240234,0.789368,0.537476,0.195801,0.222961,up
339497,-0.253906,9.648438,4.3125,-0.488281,0.34375,0.246094,0.789734,0.536377,0.195862,0.224243,up
339503,-0.253906,9.535156,4.425781,-0.488281,0.34375,0.246094,0.790039,0.535461,0.195984,0.225342,up
339508,-0.253906,9.609375,4.464844,-0.457031,0.373047,0.255859,0.790039,0.535461,0.195984,0.225342,up
339514,-0.289063,9.613281,4.464844,-0.451172,0.382813,0.257813,0.790039,0.535461,0.195984,0.225342,up
339519,-0.289063,9.652344,4.503906,-0.458984,0.412109,0.261719,0.790039,0.535461,0.195984,0.225342,up
339525,-0.289063,9.613281,4.503906,-0.466797,0.427734,0.269531,0.790039,0.535461,0.195984,0.225342,up
339530,-0.328125,9.570313,4.464844,-0.482422,0.445312,0.283203,0.790039,0.535461,0.195984,0.225342,up
339535,-0.328125,9.613281,4.464844,-0.484375,0.460937,0.291016,0.790039,0.535461,0.195984,0.225342,up
339540,-0.289063,9.652344,4.464844,-0.496094,0.478516,0.285156,0.790039,0.535461,0.195984,0.225342,up
339545,-0.328125,9.652344,4.464844,-0.496094,0.478516,0.285156,0.792114,0.526917,0.197754,0.236267,up
339550,-0.289063,9.6875,4.464844,-0.533203,0.511719,0.279297,0.792114,0.526917,0.197754,0.236267,up
339555,-0.253906,9.691406,4.464844,-0.566406,0.53125,0.275391,0.792114,0.526917,0.197754,0.236267,up
339560,-0.175781,9.6875,4.464844,-0.566406,0.53125,0.275391,0.792114,0.526917,0.197754,0.236267,up
339565,-0.214844,9.765625,4.464844,-0.566406,0.53125,0.275391,0.793335,0.521667,0.19928,0.242371,up
339570,-0.214844,9.765625,4.464844,-0.65625,0.615234,0.234375,0.793335,0.521667,0.19928,0.242371,up
339576,-0.175781,9.6875,4.464844,-0.65625,0.615234,0.234375,0.794556,0.516907,0.200928,0.247192,up
339581,-0.175781,9.609375,4.390625,-0.65625,0.615234,0.234375,0.794556,0.516907,0.200928,0.247192,up
339586,-0.136719,9.613281,4.425781,-0.748047,0.714844,0.203125,0.795532,0.513123,0.202393,0.250732,up
339591,-0.136719,9.503906,4.464844,-0.748047,0.714844,0.203125,0.795532,0.513123,0.202393,0.250732,up
339597,-0.136719,9.5,4.425781,-0.892578,0.84375,0.185547,0.795532,0.513123,0.202393,0.250732,up
339602,-0.175781,9.386719,4.390625,-0.892578,0.84375,0.185547,0.797302,0.506409,0.204956,0.256592,up
339608,-0.136719,9.269531,4.390625,-0.892578,0.84375,0.185547,0.797913,0.503967,0.205994,0.258606,up
339613,-0.214844,9.304688,4.351562,-0.892578,0.84375,0.185547,0.798462,0.501831,0.206848,0.260437,up
339618,-0.214844,9.304688,4.351562,-0.992187,0.949219,0.183594,0.799072,0.49939,0.207886,0.262512,up
339623,-0.175781,9.265625,4.390625,-0.992187,0.949219,0.183594,0.799072,0.49939,0.207886,0.262512,up
339628,-0.253906,9.265625,4.503906,-1.009766,0.958984,0.175781,0.799683,0.496887,0.208923,0.264526,up
339633,-0.253906,9.265625,4.503906,-1.009766,0.958984,0.175781,0.799683,0.496887,0.208923,0.264526,up
339639,-0.328125,9.269531,4.464844,-0.982422,0.984375,0.160156,0.801453,0.489197,0.212158,0.270752,up
339645,-0.445312,9.347656,4.503906,-0.958984,1.0,0.152344,0.801453,0.489197,0.212158,0.270752,up
339650,-0.480469,9.386719,4.542969,-0.945312,1.013672,0.138672,0.80249,0.484131,0.214539,0.274902,up
339655,-0.558594,9.425781,4.503906,-0.941406,1.025391,0.121094,0.80249,0.484131,0.214539,0.274902,up
339660,-0.597656,9.386719,4.542969,-0.957031,1.021484,0.097656,0.80249,0.484131,0.214539,0.274902,up
339665,-0.671875,9.386719,4.542969,-0.957031,1.021484,0.097656,0.80249,0.484131,0.214539,0.274902,up
339671,-0.789062,9.382813,4.542969,-0.957031,1.021484,0.097656,0.804687,0.473389,0.219788,0.282959,up
339677,-0.828125,9.382813,4.464844,-1.111328,1.048828,0.001953,0.806152,0.467407,0.222351,0.286682,up
339682,-0.902344,9.1875,4.503906,-1.111328,1.048828,0.001953,0.807007,0.464172,0.223633,0.288452,up
339688,-0.902344,9.117188,4.542969,-1.326172,1.070313,-0.103516,0.808105,0.460388,0.225098,0.290466,up
339693,-0.980469,9.003906,4.503906,-1.404297,1.072266,-0.148437,0.809021,0.457214,0.226257,0.291992,up
339699,-0.980469,8.738281,4.503906,-1.404297,1.072266,-0.148437,0.81012,0.453491,0.2276,0.293701,up
339704,-0.980469,8.421875,4.542969,-1.404297,1.072266,-0.148437,0.81134,0.449585,0.228943,0.295349,up
339710,-1.058594,8.273438,4.582031,-1.566406,1.130859,-0.277344,0.81134,0.449585,0.228943,0.295349,up
339716,-1.058594,8.0,4.542969,-1.59375,1.162109,-0.326172,0.81134,0.449585,0.228943,0.295349,up
339721,-1.09375,7.894531,4.503906,-1.611328,1.197266,-0.375,0.81134,0.449585,0.228943,0.295349,up
339726,-1.210938,7.8125,4.582031,-1.611328,1.197266,-0.375,0.816772,0.431824,0.235352,0.301758,up
339732,-1.210938,7.8125,4.582031,-1.564453,1.259766,-0.490234,0.816772,0.431824,0.235352,0.301758,up
339737,-1.363281,7.855469,4.617187,-1.564453,1.259766,-0.490234,0.820435,0.418884,0.240723,0.305603,up
339742,-1.402344,7.8125,4.695312,-1.453125,1.292969,-0.523437,0.820435,0.418884,0.240723,0.305603,up
339747,-1.554688,7.8125,4.773437,-1.453125,1.292969,-0.523437,0.822815,0.409851,0.245117,0.308105,up
339752,-1.667969,7.816406,4.808594,-1.359375,1.324219,-0.535156,0.822815,0.409851,0.245117,0.308105,up
339757,-1.824219,7.855469,4.847656,-1.359375,1.324219,-0.535156,0.823792,0.405701,0.247314,0.309204,up
339762,-1.824219,7.855469,4.847656,-1.339844,1.332031,-0.537109,0.824646,0.401917,0.24939,0.310181,up
339767,-1.898438,7.855469,4.847656,-1.339844,1.332031,-0.537109,0.825562,0.397827,0.251587,0.311279,up
339772,-2.050781,7.582031,4.808594,-1.333984,1.3125,-0.537109,0.826477,0.393616,0.253845,0.312317,up
339777,-2.050781,7.582031,4.808594,-1.376953,1.283203,-0.539062,0.827393,0.389465,0.255981,0.313354,up
339783,-2.050781,7.355469,4.886719,-1.388672,1.265625,-0.554687,0.829285,0.380981,0.260132,0.315308,up
339789,-2.089844,7.160156,4.886719,-1.388672,1.265625,-0.554687,0.829285,0.380981,0.260132,0.315308,up
339794,-2.089844,6.96875,4.964844,-1.388672,1.265625,-0.554687,0.831177,0.372498,0.264099,0.317139,up
339799,-2.050781,6.8125,5.0,-1.373047,1.150391,-0.59375,0.831177,0.372498,0.264099,0.317139,up
339804,-2.089844,6.707031,5.078125,-1.361328,1.128906,-0.613281,0.831177,0.372498,0.264099,0.317139,up
339810,-2.089844,6.667969,5.078125,-1.361328,1.128906,-0.613281,0.834045,0.360046,0.269714,0.319275,up
339815,-2.128906,6.546875,5.0,-1.361328,1.128906,-0.613281,0.834961,0.356018,0.271606,0.319824,up
339820,-2.167969,6.589844,5.078125,-1.21875,1.113281,-0.714844,0.834961,0.356018,0.271606,0.319824,up
339826,-2.246094,6.546875,5.15625,-1.160156,1.087891,-0.740234,0.834961,0.356018,0.271606,0.319824,up
339832,-2.246094,6.507812,5.191406,-1.072266,1.066406,-0.773437,0.834961,0.356018,0.271606,0.319824,up
339837,-2.28125,6.546875,5.191406,-0.925781,1.054688,-0.804687,0.834961,0.356018,0.271606,0.319824,up
339842,-2.359375,6.667969,5.191406,-0.925781,1.054688,-0.804687,0.83905,0.33728,0.28186,0.320557,up
339848,-2.589844,6.777344,5.230469,-0.925781,1.054688,-0.804687,0.840271,0.330933,0.286133,0.320251,up
339853,-2.589844,6.777344,5.230469,-0.785156,1.056641,-0.785156,0.84082,0.327759,0.288452,0.320007,up
339858,-2.589844,6.851562,5.191406,-0.792969,1.03125,-0.755859,0.84137,0.324402,0.290894,0.319824,up
339864,-2.820313,6.816406,5.308594,-0.792969,1.03125,-0.755859,0.841797,0.321716,0.292725,0.319702,up
339869,-2.933594,6.8125,5.308594,-0.814453,1.0,-0.693359,0.841797,0.321716,0.292725,0.319702,up
339874,-2.933594,6.8125,5.308594,-0.824219,0.974609,-0.662109,0.842712,0.315613,0.296814,0.319641,up
339879,-2.933594,6.8125,5.308594,-0.800781,0.941406,-0.646484,0.84314,0.312561,0.298706,0.319641,up
339884,-3.046875,6.890625,5.308594,-0.800781,0.941406,-0.646484,0.84314,0.312561,0.298706,0.319641,up
339889,-3.238281,6.933594,5.460937,-0.814453,0.886719,-0.636719,0.84314,0.312561,0.298706,0.319641,up
339894,-3.238281,6.933594,5.460937,-0.882812,0.816406,-0.632812,0.844604,0.303711,0.303711,0.31958,up
339900,-3.394531,6.589844,5.730469,-0.882812,0.816406,-0.632812,0.844604,0.303711,0.303711,0.31958,up
339905,-3.394531,6.429687,5.804687,-0.917969,0.714844,-0.632812,0.844604,0.303711,0.303711,0.31958,up
339910,-3.433594,6.324219,5.882812,-0.882812,0.677734,-0.654297,0.844604,0.303711,0.303711,0.31958,up
339915,-3.355469,6.285156,5.996094,-0.835937,0.609375,-0.654297,0.844604,0.303711,0.303711,0.31958,up
339920,-3.316406,6.242187,6.074219,-0.835937,0.609375,-0.654297,0.844604,0.303711,0.303711,0.31958,up
339926,-3.316406,6.242187,6.074219,-0.835937,0.609375,-0.654297,0.848389,0.286743,0.310974,0.318237,up
339932,-3.316406,6.285156,6.035156,-0.693359,0.392578,-0.703125,0.848389,0.286743,0.310974,0.318237,up
339938,-3.394531,6.167969,6.074219,-0.693359,0.392578,-0.703125,0.850647,0.279358,0.313599,0.316284,up
339943,-3.433594,6.164062,6.035156,-0.65625,0.259766,-0.708984,0.85144,0.277161,0.314209,0.315491,up
339949,-3.394531,6.472656,6.074219,-0.65625,0.259766,-0.708984,0.852112,0.27533,0.314575,0.314758,up
339954,-3.507813,6.507812,6.152344,-0.59375,0.09375,-0.732422,0.852112,0.27533,0.314575,0.314758,up
339976,-3.699219,6.816406,6.035156,-0.744141,-0.216797,-0.804687,0.853943,0.271423,0.315063,0.312744,up
339981,-3.699219,6.777344,6.074219,-0.744141,-0.216797,-0.804687,0.859253,0.262878,0.312927,0.307617,up
339986,-3.738281,6.742187,5.996094,-0.998047,-0.482422,-0.849609,0.859253,0.262878,0.312927,0.307617,up
339991,-3.660156,6.664062,5.996094,-0.998047,-0.482422,-0.849609,0.86261,0.257996,0.310486,0.304932,up
339997,-3.585938,6.46875,5.996094,-1.226563,-0.660156,-0.857422,0.86261,0.257996,0.310486,0.304932,up
340002,-3.507813,6.285156,6.074219,-1.226563,-0.660156,-0.857422,0.866211,0.252686,0.307251,0.302368,up
340007,-3.507813,5.9375,6.109375,-1.261719,-0.683594,-0.857422,0.866211,0.252686,0.307251,0.302368,up
340012,-3.433594,6.089844,6.148437,-1.261719,-0.683594,-0.857422,0.870117,0.246948,0.303467,0.299744,up
340018,-3.433594,6.011719,6.230469,-1.128906,-0.777344,-0.876953,0.870117,0.246948,0.303467,0.299744,up
340023,-3.433594,5.859375,6.378906,-1.128906,-0.777344,-0.876953,0.876038,0.238831,0.297302,0.295166,up
340028,-3.394531,6.050781,6.496094,-1.128906,-0.777344,-0.876953,0.877747,0.236755,0.295349,0.29364,up
340033,-3.355469,6.242187,6.609375,-1.128906,-0.777344,-0.876953,0.877747,0.236755,0.295349,0.29364,up
340039,-3.316406,6.242187,6.691406,-0.914062,-1.029297,-0.896484,0.881714,0.232788,0.290527,0.289856,up
340044,-3.316406,6.050781,6.800781,-0.914062,-1.029297,-0.896484,0.881714,0.232788,0.290527,0.289856,up
340049,-3.316406,6.050781,6.800781,-0.886719,-1.244141,-0.873047,0.883667,0.231079,0.287781,0.287903,up
340054,-3.316406,6.050781,6.800781,-0.912109,-1.351563,-0.847656,0.887878,0.227722,0.281433,0.283875,up
340059,-3.125,5.515625,7.035156,-0.912109,-1.351563,-0.847656,0.887878,0.227722,0.281433,0.283875,up
340065,-3.164063,5.171875,6.878906,-0.912109,-1.351563,-0.847656,0.887878,0.227722,0.281433,0.283875,up
340070,-3.164063,5.015625,6.917969,-1.160156,-1.691406,-0.638672,0.887878,0.227722,0.281433,0.283875,up
340076,-3.085938,4.824219,6.957031,-1.173828,-1.759766,-0.572266,0.887878,0.227722,0.281433,0.283875,up
340081,-3.011719,4.59375,7.070312,-1.173828,-1.759766,-0.572266,0.89917,0.218567,0.260376,0.275574,up
340086,-2.972656,4.328125,7.113281,-1.173828,-1.759766,-0.572266,0.89917,0.218567,0.260376,0.275574,up
340091,-2.972656,4.289062,7.222656,-1.173828,-1.759766,-0.572266,0.902954,0.216003,0.251892,0.273132,up
340097,-2.894531,4.402344,7.375,-0.695312,-1.830078,-0.392578,0.902954,0.216003,0.251892,0.273132,up
340102,-2.894531,4.480469,7.339844,-0.695312,-1.830078,-0.392578,0.908081,0.215149,0.238831,0.268494,up
340107,-2.820313,4.558594,7.339844,-0.695312,-1.830078,-0.392578,0.908081,0.215149,0.238831,0.268494,up
340112,-2.78125,4.671875,7.417969,0.109375,-1.863281,-0.46875,0.908081,0.215149,0.238831,0.268494,up
340117,-2.664063,4.863281,7.414062,0.109375,-1.863281,-0.46875,0.910889,0.216919,0.230774,0.264587,up
340122,-2.589844,4.941406,7.414062,0.109375,-1.863281,-0.46875,0.91217,0.218262,0.226807,0.262329,up
340128,-2.550781,5.09375,7.414062,0.154297,-1.875,-0.529297,0.91217,0.218262,0.226807,0.262329,up
340133,-2.550781,5.09375,7.375,0.154297,-1.875,-0.529297,0.916016,0.22229,0.215027,0.255371,up
340139,-2.4375,5.171875,7.300781,0.154297,-1.875,-0.529297,0.917297,0.223267,0.211304,0.253174,up
340144,-2.4375,5.207031,7.296875,-0.005859,-1.839844,-0.519531,0.917297,0.223267,0.211304,0.253174,up
340149,-2.359375,5.246094,7.335937,-0.041016,-1.828125,-0.509766,0.917297,0.223267,0.211304,0.253174,up
340154,-2.398438,5.285156,7.414062,-0.041016,-1.828125,-0.509766,0.917297,0.223267,0.211304,0.253174,up
340159,-2.398438,5.285156,7.414062,-0.136719,-1.789063,-0.490234,0.921082,0.225708,0.199524,0.246704,up
340164,-2.359375,5.363281,7.414062,-0.136719,-1.789063,-0.490234,0.922363,0.226074,0.195496,0.24469,up
340170,-2.359375,5.363281,7.414062,-0.341797,-1.714844,-0.431641,0.924866,0.226257,0.187744,0.24115,up
340175,-2.320313,5.171875,7.601562,-0.386719,-1.609375,-0.363281,0.926147,0.226135,0.183838,0.239441,up
340180,-2.359375,5.054687,7.679687,-0.386719,-1.609375,-0.363281,0.926147,0.226135,0.183838,0.239441,up
340186,-2.28125,5.054687,7.796875,-0.273438,-1.5,-0.332031,0.926147,0.226135,0.183838,0.239441,up
340191,-2.207031,5.132812,7.957031,-0.273438,-1.5,-0.332031,0.926147,0.226135,0.183838,0.239441,up
340196,-2.167969,5.171875,7.988281,-0.273438,-1.5,-0.332031,0.930176,0.226562,0.170044,0.233521,up
340201,-2.128906,5.207031,7.984375,-0.105469,-1.396484,-0.349609,0.930176,0.226562,0.170044,0.233521,up
340206,-2.050781,5.363281,8.261719,-0.105469,-1.396484,-0.349609,0.931885,0.227417,0.163696,0.230408,up
340211,-2.050781,5.363281,8.40625,-0.054687,-1.433594,-0.369141,0.931885,0.227417,0.163696,0.230408,up
340217,-2.050781,5.363281,8.449219,-0.046875,-1.464844,-0.373047,0.931885,0.227417,0.163696,0.230408,up
340223,-2.050781,5.246094,8.40625,-0.066406,-1.492188,-0.375,0.93512,0.229553,0.150696,0.223816,up
340228,-1.9375,5.207031,8.371094,-0.066406,-1.492188,-0.375,0.936035,0.230103,0.146912,0.222046,up
340233,-1.785156,5.132812,8.371094,-0.066406,-1.492188,-0.375,0.936829,0.230408,0.143616,0.220581,up
340238,-1.707031,4.976562,8.488281,-0.265625,-1.583984,-0.296875,0.936829,0.230408,0.143616,0.220581,up
340243,-1.632813,4.785156,8.300781,-0.265625,-1.583984,-0.296875,0.938538,0.230652,0.13623,0.21759,up
340248,-1.59375,4.710937,8.335938,-0.265625,-1.583984,-0.296875,0.939514,0.230652,0.132141,0.216064,up
340253,-1.554688,4.710937,8.367188,-0.308594,-1.53125,-0.228516,0.939514,0.230652,0.132141,0.216064,up
340258,-1.59375,4.824219,8.367188,-0.308594,-1.53125,-0.228516,0.940186,0.230652,0.128967,0.214905,up
340264,-1.59375,4.824219,8.367188,-0.212891,-1.445313,-0.185547,0.94165,0.230835,0.121826,0.212402,up
340269,-1.515625,4.558594,7.875,-0.212891,-1.445313,-0.185547,0.942322,0.231018,0.118286,0.211182,up
340274,-1.515625,4.558594,7.875,-0.208984,-1.296875,-0.171875,0.942932,0.231201,0.115295,0.210144,up
340279,-1.402344,4.785156,8.144531,-0.208984,-1.296875,-0.171875,0.942932,0.231201,0.115295,0.210144,up
340284,-1.402344,4.785156,8.144531,-0.197266,-1.251953,-0.169922,0.943481,0.231323,0.112305,0.209106,up
340289,-1.210938,4.75,8.488281,-0.148437,-1.248047,-0.166016,0.943481,0.231323,0.112305,0.209106,up
340294,-1.210938,4.75,8.488281,-0.064453,-1.208984,-0.150391,0.944946,0.232239,0.103699,0.205933,up
340300,-0.980469,4.59375,8.523438,-0.064453,-1.208984,-0.150391,0.945312,0.232666,0.100891,0.204956,up
340306,-0.902344,4.671875,8.523438,-0.09375,-1.173828,-0.146484,0.945312,0.232666,0.100891,0.204956,up
340312,-0.828125,4.671875,8.484375,-0.126953,-1.144531,-0.140625,0.945312,0.232666,0.100891,0.204956,up
340317,-0.710937,4.710937,8.445313,-0.154297,-1.115234,-0.136719,0.945312,0.232666,0.100891,0.204956,up
340323,-0.597656,4.671875,8.527344,-0.207031,-1.0625,-0.085937,0.945312,0.232666,0.100891,0.204956,up
340328,-0.558594,4.59375,8.5625,-0.189453,-0.990234,-0.0625,0.947388,0.233765,0.087585,0.200439,up
340333,-0.558594,4.75,8.5625,-0.146484,-0.962891,-0.011719,0.947754,0.233826,0.084839,0.199646,up
340338,-0.597656,4.824219,8.601563,-0.146484,-0.962891,-0.011719,0.948059,0.233887,0.082703,0.199097,up
340343,-0.671875,4.941406,8.792969,-0.011719,-1.009766,0.078125,0.948364,0.234131,0.080017,0.198547,up
340348,-0.75,5.285156,8.792969,-0.011719,-1.009766,0.078125,0.948547,0.234497,0.077759,0.198181,up
340353,-0.941406,5.363281,8.789063,-0.011719,-1.009766,0.078125,0.948669,0.235046,0.075195,0.197815,up
340358,-1.019531,5.589844,8.792969,0.064453,-1.082031,0.140625,0.948853,0.236389,0.070129,0.197266,up
340363,-1.058594,5.707031,8.792969,0.0,-1.234375,0.164062,0.948853,0.236389,0.070129,0.197266,up
340368,-0.902344,5.746094,8.753906,0.0,-1.234375,0.164062,0.948914,0.237122,0.067017,0.19696,up
340374,-0.789062,5.746094,8.683594,0.0,-1.234375,0.164062,0.94928,0.237976,0.060974,0.196228,up
340379,-0.636719,5.707031,8.605469,-0.265625,-1.318359,0.052734,0.949585,0.238098,0.057373,0.195679,up
340384,-0.40625,5.667969,8.5625,-0.373047,-1.322266,0.003906,0.949951,0.237976,0.053955,0.195007,up
340390,0.246094,5.285156,8.5625,-0.373047,-1.322266,0.003906,0.950317,0.237671,0.051086,0.194336,up
340395,0.398438,5.132812,8.566406,-0.576172,-1.224609,-0.082031,0.950806,0.237,0.047791,0.193542,up
340400,0.515625,4.863281,8.605469,-0.65625,-1.121094,-0.109375,0.950806,0.237,0.047791,0.193542,up
340405,0.667969,4.519531,8.683594,-0.710937,-0.994141,-0.115234,0.950806,0.237,0.047791,0.193542,up
340410,0.933594,4.058594,8.75,-0.710937,-0.994141,-0.115234,0.950806,0.237,0.047791,0.193542,up
340415,0.859375,3.945313,8.832031,-0.609375,-0.671875,-0.068359,0.950806,0.237,0.047791,0.193542,up
340421,0.78125,3.945313,8.871094,-0.462891,-0.496094,-0.027344,0.950806,0.237,0.047791,0.193542,up
340427,0.707031,3.90625,8.945313,-0.462891,-0.496094,-0.027344,0.950806,0.237,0.047791,0.193542,up
340432,0.628906,4.019531,9.0625,-0.462891,-0.496094,-0.027344,0.953674,0.230896,0.03363,0.190002,up
340437,0.515625,4.097656,9.101563,0.333984,-0.273438,0.078125,0.953674,0.230896,0.03363,0.190002,up
340442,0.398438,4.289062,9.140625,0.333984,-0.273438,0.078125,0.953186,0.232849,0.032532,0.190063,up
340448,0.324219,4.863281,9.105469,0.333984,-0.273438,0.078125,0.952148,0.237366,0.031799,0.190063,up
340453,0.359375,5.207031,9.023438,0.333984,-0.273438,0.078125,0.952148,0.237366,0.031799,0.190063,up
340458,0.359375,5.207031,9.023438,1.240234,-0.382813,0.037109,0.951416,0.240234,0.031494,0.18988,up
340463,0.398438,5.972656,8.949219,1.318359,-0.443359,0.011719,0.951416,0.240234,0.031494,0.18988,up
340468,0.398438,5.972656,8.949219,1.285156,-0.445312,-0.025391,0.94989,0.246826,0.03064,0.18927,up
340473,0.398438,6.585937,8.792969,1.285156,-0.445312,-0.025391,0.949158,0.249939,0.030212,0.188904,up
340478,0.398438,6.585937,8.792969,0.986328,-0.474609,-0.0625,0.948547,0.252808,0.029663,0.188354,up
340483,0.515625,6.933594,8.753906,0.986328,-0.474609,-0.0625,0.947754,0.256653,0.027954,0.187439,up
340488,0.550781,6.742187,8.753906,0.986328,-0.474609,-0.0625,0.947754,0.256653,0.027954,0.187439,up
340493,0.628906,6.585937,8.605469,-0.277344,-0.53125,0.076172,0.947754,0.256653,0.027954,0.187439,up
340498,0.898437,6.128906,8.566406,-0.277344,-0.53125,0.076172,0.947693,0.257507,0.025452,0.18689,up
340503,0.933594,5.9375,8.640625,-0.277344,-0.53125,0.076172,0.947937,0.256653,0.023804,0.18689,up
340508,1.089844,5.667969,8.792969,-0.958984,-0.367188,0.238281,0.947937,0.256653,0.023804,0.18689,up
340513,1.28125,5.476562,8.828125,-0.958984,-0.367188,0.238281,0.948792,0.25354,0.020874,0.187317,up
340519,1.394531,5.09375,9.105469,-0.958984,-0.367188,0.238281,0.949768,0.249207,0.01825,0.188293,up
340524,1.433594,4.863281,9.175781,-0.880859,-0.146484,0.222656,0.950317,0.246887,0.017151,0.188904,up
340529,1.316406,4.941406,9.140625,-0.880859,-0.146484,0.222656,0.950684,0.244995,0.016357,0.189392,up
340534,1.125,4.824219,9.101563,-0.880859,-0.146484,0.222656,0.950989,0.243713,0.015869,0.189697,up
340539,1.089844,4.824219,9.105469,-0.380859,-0.070312,0.044922,0.951233,0.242493,0.015381,0.18988,up
340544,1.011719,4.863281,9.101563,-0.199219,-0.066406,-0.029297,0.951416,0.241882,0.015076,0.189941,up
340549,0.898437,4.902344,9.210938,-0.199219,-0.066406,-0.029297,0.951416,0.241882,0.015076,0.189941,up
340554,0.859375,4.941406,9.371094,-0.199219,-0.066406,-0.029297,0.951538,0.24176,0.014709,0.189514,up
340559,0.898437,4.902344,9.523438,0.1875,-0.167969,-0.164062,0.951538,0.242249,0.014526,0.189026,up
340564,0.933594,4.976562,9.59375,0.201172,-0.173828,-0.1875,0.951538,0.242249,0.014526,0.189026,up
340569,1.050781,5.09375,9.558594,0.201172,-0.173828,-0.1875,0.951477,0.243225,0.014099,0.188049,up
340574,1.203125,5.132812,9.40625,0.072266,-0.148437,-0.183594,0.951477,0.243225,0.014099,0.188049,up
340579,1.164063,5.171875,9.410156,0.072266,-0.148437,-0.183594,0.951538,0.243774,0.013733,0.187073,up
340584,1.28125,5.589844,9.40625,0.072266,-0.148437,-0.183594,0.951599,0.243774,0.013611,0.186707,up
340590,1.511719,5.589844,9.714844,0.072266,-0.148437,-0.183594,0.95166,0.243713,0.013489,0.186401,up
340595,1.546875,5.4375,9.753906,-0.048828,-0.039063,-0.132812,0.951721,0.243652,0.013428,0.186096,up
340601,1.433594,5.398437,9.753906,-0.089844,0.035156,-0.144531,0.951721,0.243652,0.013428,0.186096,up
340606,0.898437,5.054687,9.753906,-0.089844,0.035156,-0.144531,0.952026,0.243103,0.013733,0.185425,up
340612,0.742187,5.054687,9.792969,-0.199219,0.105469,-0.210937,0.952026,0.243103,0.013733,0.185425,up
340617,0.515625,4.863281,9.789063,-0.226562,0.064453,-0.242187,0.952026,0.243103,0.013733,0.185425,up
340622,0.246094,4.671875,9.828125,-0.224609,-0.005859,-0.298828,0.952026,0.243103,0.013733,0.185425,up
340627,0.246094,4.671875,9.867188,-0.224609,-0.005859,-0.298828,0.952881,0.24115,0.014343,0.18335,up
340632,0.128906,4.367187,9.832031,-0.039063,-0.210937,-0.396484,0.952881,0.24115,0.014343,0.18335,up
340637,0.167969,4.519531,9.910156,0.109375,-0.353516,-0.441406,0.952881,0.24115,0.014343,0.18335,up
340642,0.285156,4.824219,9.9375,0.109375,-0.353516,-0.441406,0.953369,0.241821,0.013123,0.179932,up
340647,0.78125,5.4375,9.558594,0.109375,-0.353516,-0.441406,0.953369,0.241821,0.013123,0.179932,up
340653,0.898437,5.78125,9.332031,0.109375,-0.353516,-0.441406,0.953186,0.244934,0.011719,0.177002,up
340659,1.28125,6.472656,9.105469,0.871094,-0.474609,-0.423828,0.953186,0.244934,0.011719,0.177002,up
340664,1.511719,6.585937,8.949219,0.871094,-0.474609,-0.423828,0.952026,0.251831,0.010498,0.173584,up
340669,1.546875,6.433594,8.984375,0.794922,-0.130859,-0.117188,0.952026,0.251831,0.010498,0.173584,up
340674,1.511719,6.203125,9.023438,0.794922,-0.130859,-0.117188,0.951111,0.255615,0.010742,0.172852,up
340679,1.511719,6.011719,9.0625,0.794922,-0.130859,-0.117188,0.950745,0.256958,0.011169,0.173035,up
340684,1.203125,5.554687,9.0625,0.794922,-0.130859,-0.117188,0.950745,0.256958,0.011169,0.173035,up
340689,1.050781,5.398437,9.144531,0.242187,0.28125,0.179687,0.950745,0.256958,0.011169,0.173035,up
340694,0.972656,5.171875,9.25,0.242187,0.28125,0.179687,0.94989,0.258911,0.013123,0.174683,up
340699,0.859375,5.015625,9.332031,0.242187,0.28125,0.179687,0.949707,0.259155,0.013672,0.175293,up
340704,0.707031,4.976562,9.488281,0.242187,0.28125,0.179687,0.949707,0.259155,0.013672,0.175293,up
340709,0.820312,4.976562,9.527344,0.324219,0.148437,0.142578,0.949707,0.259155,0.013672,0.175293,up
340714,0.859375,5.09375,9.484375,0.324219,0.148437,0.142578,0.948914,0.260925,0.015015,0.176819,up
340719,1.050781,5.171875,9.332031,0.324219,0.148437,0.142578,0.948914,0.260925,0.015015,0.176819,up
340724,1.050781,5.324219,9.214844,0.802734,0.169922,0.15625,0.948425,0.26239,0.015564,0.177246,up
340730,0.933594,5.707031,9.105469,0.802734,0.169922,0.15625,0.947205,0.26593,0.016907,0.178223,up
340736,0.933594,5.9375,9.140625,0.802734,0.169922,0.15625,0.946533,0.267944,0.0177,0.178833,up
340742,0.933594,6.011719,9.25,0.998047,0.289063,0.300781,0.946533,0.267944,0.0177,0.178833,up
340748,0.972656,6.011719,9.332031,0.935547,0.3125,0.355469,0.946533,0.267944,0.0177,0.178833,up
340753,0.972656,5.898437,9.175781,0.935547,0.3125,0.355469,0.946533,0.267944,0.0177,0.178833,up
340759,1.050781,5.859375,9.101563,0.679687,0.417969,0.472656,0.946533,0.267944,0.0177,0.178833,up
340764,1.011719,5.859375,9.140625,0.679687,0.417969,0.472656,0.942566,0.277527,0.022461,0.184326,up
340769,1.050781,5.78125,9.0625,0.646484,0.460937,0.513672,0.942566,0.277527,0.022461,0.184326,up
340774,1.011719,5.628906,9.144531,0.630859,0.550781,0.509766,0.941162,0.280273,0.024536,0.187317,up
340779,1.011719,5.628906,9.144531,0.630859,0.550781,0.509766,0.940369,0.281616,0.025818,0.188965,up
340784,0.898437,5.398437,9.292969,0.679687,0.591797,0.496094,0.938904,0.284241,0.028442,0.192017,up
340789,0.628906,5.515625,9.367188,0.679687,0.591797,0.496094,0.938904,0.284241,0.028442,0.192017,up
340794,0.589844,5.667969,9.332031,0.962891,0.494141,0.419922,0.937988,0.286072,0.029968,0.193604,up
340799,0.589844,5.859375,9.289063,1.056641,0.419922,0.40625,0.937134,0.287781,0.03125,0.194885,up
340805,0.589844,6.28125,9.289063,1.056641,0.419922,0.40625,0.93512,0.292358,0.033691,0.197266,up
340810,0.589844,6.472656,9.144531,1.095703,0.300781,0.404297,0.93396,0.295105,0.034851,0.198547,up
340816,0.550781,6.664062,9.0625,1.095703,0.300781,0.404297,0.933044,0.297241,0.035645,0.199463,up
340822,0.515625,6.742187,9.027344,0.988281,0.195312,0.427734,0.933044,0.297241,0.035645,0.199463,up
340828,0.550781,6.703125,9.027344,0.839844,0.177734,0.445312,0.933044,0.297241,0.035645,0.199463,up
340833,0.589844,6.664062,9.023438,0.662109,0.146484,0.478516,0.933044,0.297241,0.035645,0.199463,up
340838,0.589844,6.511719,9.0625,0.490234,0.123047,0.505859,0.933044,0.297241,0.035645,0.199463,up
340843,0.667969,6.28125,8.949219,0.490234,0.123047,0.505859,0.933044,0.297241,0.035645,0.199463,up
340848,0.742187,6.128906,8.90625,0.490234,0.123047,0.505859,0.928406,0.306335,0.03772,0.206848,up
340853,0.820312,6.050781,8.828125,0.166016,0.107422,0.597656,0.928406,0.306335,0.03772,0.206848,up
340858,0.898437,5.898437,8.753906,0.152344,0.121094,0.617187,0.928406,0.306335,0.03772,0.206848,up
340863,0.933594,5.515625,8.601563,0.158203,0.169922,0.601562,0.928406,0.306335,0.03772,0.206848,up
340868,0.972656,5.324219,8.605469,0.158203,0.169922,0.601562,0.926575,0.307922,0.037537,0.212769,up
340873,1.125,5.171875,8.601563,0.289063,0.261719,0.546875,0.926575,0.307922,0.037537,0.212769,up
340879,1.28125,4.941406,8.601563,0.429687,0.294922,0.496094,0.924805,0.310181,0.038818,0.216919,up
340884,1.316406,4.863281,8.488281,0.429687,0.294922,0.496094,0.924805,0.310181,0.038818,0.216919,up
340890,1.433594,4.863281,8.40625,0.759766,0.357422,0.404297,0.922974,0.313599,0.040833,0.21936,up
340895,1.664063,5.054687,8.21875,0.759766,0.357422,0.404297,0.922974,0.313599,0.040833,0.21936,up
340900,1.664063,5.054687,8.21875,1.126953,0.4375,0.3125,0.922058,0.315552,0.041931,0.220276,up
340905,1.664063,5.246094,8.296875,1.126953,0.4375,0.3125,0.920898,0.318054,0.043396,0.221191,up
340910,1.355469,5.746094,8.257813,1.404297,0.554687,0.242187,0.918213,0.323975,0.047119,0.222961,up
340915,1.355469,5.746094,8.257813,1.404297,0.554687,0.242187,0.918213,0.323975,0.047119,0.222961,up
340920,0.898437,6.511719,8.105469,1.572266,0.589844,0.216797,0.915222,0.330627,0.051208,0.224609,up
340925,0.589844,7.199219,8.101563,1.572266,0.589844,0.216797,0.913513,0.33429,0.053406,0.225525,up
340930,0.167969,7.699219,8.101563,1.572266,0.589844,0.216797,0.912109,0.337341,0.055115,0.22644,up
340935,0.015625,7.851562,8.101563,1.572266,0.589844,0.216797,0.910889,0.339783,0.056458,0.227295,up
340940,-0.175781,8.003906,8.144531,1.095703,0.375,0.439453,0.909485,0.342468,0.0578,0.228516,up
340945,-0.253906,8.121094,8.140625,0.888672,0.318359,0.519531,0.908264,0.344666,0.058777,0.229797,up
340951,-0.40625,8.082031,8.183594,0.888672,0.318359,0.519531,0.907288,0.346191,0.059387,0.231079,up
340956,-0.367188,7.964844,8.179688,0.5,0.183594,0.642578,0.907288,0.346191,0.059387,0.231079,up
340962,-0.367188,7.8125,8.179688,0.332031,0.111328,0.691406,0.907288,0.346191,0.059387,0.231079,up
340967,-0.175781,7.507812,7.988281,0.224609,0.044922,0.714844,0.907288,0.346191,0.059387,0.231079,up
340973,-0.0625,7.390625,7.953125,0.169922,-0.011719,0.740234,0.907288,0.346191,0.059387,0.231079,up
340978,-0.023437,7.277344,7.988281,0.146484,-0.037109,0.740234,0.903748,0.350281,0.05835,0.239197,up
340984,0.167969,6.96875,7.953125,0.158203,-0.083984,0.75,0.903748,0.350281,0.05835,0.239197,up
340989,0.207031,6.855469,7.917969,0.158203,-0.083984,0.75,0.902527,0.351379,0.056885,0.242432,up
340994,0.398438,6.777344,7.917969,0.158203,-0.083984,0.75,0.901733,0.352234,0.055969,0.244202,up
340999,0.515625,6.777344,7.796875,0.419922,-0.173828,0.804687,0.900146,0.354431,0.054321,0.247375,up
341004,0.78125,6.625,7.605469,0.419922,-0.173828,0.804687,0.900146,0.354431,0.054321,0.247375,up
341009,0.898437,6.585937,7.566406,0.419922,-0.173828,0.804687,0.89917,0.355774,0.053589,0.249023,up
341014,1.050781,6.511719,7.53125,0.572266,-0.113281,0.837891,0.89917,0.355774,0.053589,0.249023,up
341020,1.164063,6.433594,7.378906,0.597656,-0.078125,0.832031,0.89917,0.355774,0.053589,0.249023,up
341025,1.203125,6.433594,7.417969,0.597656,-0.078125,0.832031,0.894836,0.362,0.051453,0.256165,up
341030,1.242188,6.472656,7.414062,0.705078,0.037109,0.798828,0.894836,0.362,0.051453,0.256165,up
341035,1.125,6.585937,7.378906,0.705078,0.037109,0.798828,0.892517,0.365234,0.051086,0.259583,up
341040,1.011719,6.703125,7.300781,0.705078,0.037109,0.798828,0.891357,0.366882,0.051025,0.26123,up
341045,1.011719,6.96875,7.183594,0.763672,0.095703,0.783203,0.890015,0.368835,0.051025,0.263123,up
341050,0.898437,7.085937,7.113281,0.738281,0.117188,0.789062,0.888794,0.370483,0.051025,0.264893,up
341056,0.820312,7.234375,7.070312,0.738281,0.117188,0.789062,0.887695,0.372009,0.051025,0.266541,up
341062,0.742187,7.351562,6.917969,0.738281,0.117188,0.789062,0.886414,0.373596,0.051025,0.268372,up
341068,0.707031,7.429687,6.957031,0.646484,0.121094,0.814453,0.886414,0.373596,0.051025,0.268372,up
341073,0.707031,7.394531,6.992187,0.589844,0.105469,0.835937,0.886414,0.373596,0.051025,0.268372,up
341078,0.707031,7.390625,6.957031,0.501953,0.091797,0.865234,0.886414,0.373596,0.051025,0.268372,up
341083,0.742187,7.433594,6.957031,0.414062,0.068359,0.896484,0.881897,0.378845,0.050354,0.276001,up
341089,0.78125,7.390625,6.992187,0.414062,0.068359,0.896484,0.88092,0.3797,0.049927,0.278015,up
341094,0.859375,7.316406,7.03125,0.222656,0.046875,0.943359,0.88092,0.3797,0.049927,0.278015,up
341099,0.859375,7.316406,7.03125,0.150391,0.046875,0.949219,0.87915,0.38092,0.048645,0.282227,up
341104,1.125,6.96875,6.996094,0.095703,0.037109,0.951172,0.87915,0.38092,0.048645,0.282227,up
341109,1.203125,6.816406,6.992187,0.095703,0.037109,0.951172,0.877563,0.381531,0.047119,0.286499,up
341115,1.28125,6.777344,7.035156,0.050781,0.033203,0.935547,0.877563,0.381531,0.047119,0.286499,up
341120,1.316406,6.703125,7.074219,0.052734,0.050781,0.902344,0.877563,0.381531,0.047119,0.286499,up
341125,1.433594,6.664062,7.113281,0.060547,0.080078,0.880859,0.875366,0.382141,0.044861,0.292786,up
341130,1.546875,6.550781,7.183594,0.060547,0.080078,0.880859,0.873901,0.382507,0.043579,0.296814,up
341135,1.585938,6.433594,7.222656,0.060547,0.080078,0.880859,0.87323,0.382629,0.043091,0.298706,up
341140,1.546875,6.394531,7.257812,0.060547,0.080078,0.880859,0.87323,0.382629,0.043091,0.298706,up
341145,1.585938,6.394531,7.296875,0.119141,0.117188,0.84375,0.871643,0.383179,0.042175,0.302734,up
341150,1.777344,6.394531,7.296875,0.119141,0.117188,0.84375,0.870789,0.383606,0.041809,0.304626,up
341156,1.816406,6.433594,7.300781,0.119141,0.117188,0.84375,0.869934,0.384033,0.041443,0.30658,up
341161,1.894531,6.472656,7.300781,0.287109,0.142578,0.853516,0.868896,0.384644,0.041138,0.308716,up
341166,1.894531,6.550781,7.261719,0.287109,0.142578,0.853516,0.867859,0.385376,0.040833,0.310852,up
341172,1.894531,6.664062,7.070312,0.287109,0.142578,0.853516,0.866943,0.385986,0.040649,0.312622,up
341178,1.894531,6.664062,7.070312,0.414062,0.193359,0.884766,0.865784,0.386841,0.040466,0.314819,up
341183,1.894531,6.703125,7.113281,0.449219,0.210937,0.882812,0.865784,0.386841,0.040466,0.314819,up
341189,1.855469,6.777344,7.109375,0.449219,0.210937,0.882812,0.865784,0.386841,0.040466,0.314819,up
341194,1.777344,6.777344,7.035156,0.472656,0.222656,0.876953,0.865784,0.386841,0.040466,0.314819,up
341200,1.738281,6.777344,7.070312,0.46875,0.226562,0.865234,0.859985,0.391357,0.040405,0.325073,up
341205,1.816406,6.894531,7.148437,0.46875,0.226562,0.865234,0.858826,0.392212,0.040405,0.327026,up
341210,1.777344,6.894531,7.179687,0.46875,0.226562,0.865234,0.858826,0.392212,0.040405,0.327026,up
341215,1.816406,6.96875,7.21875,0.486328,0.140625,0.816406,0.858826,0.392212,0.040405,0.327026,up
341220,1.855469,7.046875,7.296875,0.486328,0.140625,0.816406,0.856506,0.394104,0.040283,0.330933,up
341225,1.894531,7.046875,7.21875,0.558594,0.072266,0.824219,0.855225,0.395203,0.040161,0.332886,up
341230,1.929688,7.085937,7.21875,0.558594,0.072266,0.824219,0.853882,0.396423,0.039978,0.334778,up
341235,1.929688,7.160156,7.21875,0.558594,0.072266,0.824219,0.8526,0.397705,0.039734,0.336548,up
341240,2.121094,7.355469,7.109375,0.652344,0.011719,0.837891,0.850037,0.400452,0.039307,0.339844,up
341245,2.121094,7.390625,7.109375,0.685547,0.021484,0.867187,0.850037,0.400452,0.039307,0.339844,up
341250,2.085938,7.429687,7.03125,0.685547,0.021484,0.867187,0.848511,0.4021,0.039063,0.341797,up
341255,2.121094,7.390625,7.109375,0.701172,0.021484,0.884766,0.848511,0.4021,0.039063,0.341797,up
341260,2.121094,7.433594,7.070312,0.701172,0.021484,0.884766,0.844177,0.406677,0.03833,0.347168,up
341265,2.085938,7.429687,7.03125,0.701172,0.021484,0.884766,0.844177,0.406677,0.03833,0.347168,up
341270,2.121094,7.550781,6.957031,0.664062,0.021484,0.873047,0.844177,0.406677,0.03833,0.347168,up
341275,2.160156,7.507812,6.878906,0.664062,0.021484,0.873047,0.839722,0.411133,0.037537,0.352661,up
341280,2.121094,7.507812,6.839844,0.664062,0.021484,0.873047,0.83844,0.412415,0.037292,0.354431,up
341285,2.085938,7.433594,6.6875,0.664062,0.021484,0.873047,0.83844,0.412415,0.037292,0.354431,up
341290,2.046875,7.433594,6.765625,0.535156,0.041016,0.869141,0.835693,0.414795,0.036621,0.358093,up
341295,1.929688,7.429687,6.6875,0.535156,0.041016,0.869141,0.835693,0.414795,0.036621,0.358093,up
341300,1.929688,7.429687,6.6875,0.521484,0.025391,0.892578,0.834351,0.415894,0.036194,0.359924,up
341305,1.929688,7.472656,6.726562,0.521484,0.025391,0.892578,0.833008,0.417053,0.035767,0.361816,up
341310,1.929688,7.472656,6.726562,0.498047,0.013672,0.914062,0.831665,0.418213,0.035339,0.363647,up
341315,2.007813,7.550781,6.535156,0.498047,0.013672,0.914062,0.831665,0.418213,0.035339,0.363647,up
341320,2.238281,7.550781,6.378906,0.490234,0.009766,0.923828,0.828857,0.42041,0.034302,0.367493,up
341325,2.3125,7.46875,6.378906,0.515625,0.023437,0.951172,0.827515,0.421509,0.033813,0.369385,up
341331,2.3125,7.46875,6.378906,0.533203,0.039063,0.943359,0.824585,0.423767,0.032898,0.373291,up
341336,2.46875,7.355469,6.265625,0.537109,0.056641,0.945312,0.824585,0.423767,0.032898,0.373291,up
341341,2.507813,7.355469,6.265625,0.537109,0.056641,0.945312,0.821655,0.426025,0.032104,0.377258,up
341346,2.542969,7.3125,6.226562,0.537109,0.056641,0.945312,0.820068,0.427185,0.031677,0.379395,up
341352,2.542969,7.355469,6.074219,0.537109,0.056641,0.945312,0.818787,0.428162,0.031372,0.381226,up
341358,2.507813,7.390625,6.074219,0.484375,0.105469,0.9375,0.817261,0.429138,0.031067,0.383301,up
341364,2.542969,7.351562,6.035156,0.464844,0.119141,0.9375,0.817261,0.429138,0.031067,0.383301,up
341369,2.542969,7.351562,6.035156,0.464844,0.119141,0.9375,0.817261,0.429138,0.031067,0.383301,up
341375,2.542969,7.351562,5.960937,0.433594,0.148437,0.939453,0.817261,0.429138,0.031067,0.383301,up
341380,2.621094,7.316406,5.921875,0.417969,0.162109,0.9375,0.810303,0.43335,0.029602,0.393433,up
341385,2.621094,7.277344,5.996094,0.417969,0.162109,0.9375,0.808899,0.434082,0.029297,0.395508,up
341390,2.660156,7.351562,5.996094,0.417969,0.162109,0.9375,0.808899,0.434082,0.029297,0.395508,up
341395,2.734375,7.355469,6.035156,0.382813,0.193359,0.929687,0.808899,0.434082,0.029297,0.395508,up
341401,2.8125,7.394531,6.035156,0.378906,0.195312,0.925781,0.808899,0.434082,0.029297,0.395508,up
341406,2.890625,7.472656,6.035156,0.394531,0.220703,0.914062,0.804687,0.436035,0.028625,0.401794,up
341411,2.925781,7.394531,6.074219,0.394531,0.220703,0.914062,0.80188,0.437378,0.02832,0.406128,up
341416,2.890625,7.390625,5.996094,0.408203,0.25,0.894531,0.80188,0.437378,0.02832,0.406128,up
341421,2.851563,7.433594,6.035156,0.408203,0.25,0.894531,0.799255,0.438538,0.028198,0.409912,up
341426,2.890625,7.472656,5.996094,0.408203,0.25,0.894531,0.797729,0.43927,0.028259,0.41217,up
341431,2.925781,7.546875,5.960937,0.449219,0.298828,0.861328,0.796326,0.43988,0.02832,0.414124,up
341436,2.964844,7.550781,5.960937,0.449219,0.298828,0.861328,0.795044,0.440491,0.028442,0.416016,up
341441,3.003906,7.621094,5.84375,0.449219,0.298828,0.861328,0.793457,0.441101,0.028625,0.418335,up
341446,3.003906,7.621094,5.84375,0.390625,0.378906,0.857422,0.793457,0.441101,0.028625,0.418335,up
341451,3.042969,7.621094,5.84375,0.390625,0.378906,0.857422,0.790833,0.441956,0.029053,0.422363,up
341456,3.117188,7.617187,5.84375,0.326172,0.402344,0.876953,0.78949,0.442261,0.029236,0.424561,up
341462,3.308594,7.578125,5.882812,0.326172,0.402344,0.876953,0.788269,0.442505,0.029358,0.426575,up
341467,3.347656,7.617187,5.804687,0.269531,0.390625,0.884766,0.786987,0.442688,0.02948,0.428711,up
341472,3.347656,7.65625,5.804687,0.255859,0.378906,0.888672,0.786987,0.442688,0.02948,0.428711,up
341478,3.425781,7.695312,5.730469,0.255859,0.378906,0.888672,0.784424,0.443054,0.029541,0.433044,up
341484,3.464844,7.734375,5.691406,0.259766,0.376953,0.894531,0.784424,0.443054,0.029541,0.433044,up
341489,3.5,7.738281,5.691406,0.263672,0.392578,0.888672,0.784424,0.443054,0.029541,0.433044,up
341494,3.539063,7.660156,5.730469,0.279297,0.400391,0.898437,0.784424,0.443054,0.029541,0.433044,up
341500,3.539063,7.660156,5.730469,0.283203,0.423828,0.914062,0.779175,0.443726,0.029785,0.441711,up
341505,3.539063,7.660156,5.730469,0.298828,0.449219,0.910156,0.777771,0.443848,0.029968,0.444031,up
341510,3.5,7.550781,5.804687,0.298828,0.449219,0.910156,0.776367,0.444031,0.030212,0.446289,up
341515,3.539063,7.429687,5.960937,0.298828,0.449219,0.910156,0.776367,0.444031,0.030212,0.446289,up
341520,3.617188,7.394531,6.074219,0.398438,0.498047,0.933594,0.773315,0.444641,0.030945,0.450928,up
341526,3.695313,7.390625,6.074219,0.513672,0.53125,0.939453,0.769897,0.445557,0.032043,0.45575,up
341531,3.769531,7.472656,5.996094,0.513672,0.53125,0.939453,0.767944,0.446228,0.032776,0.458374,up
341536,3.769531,7.617187,5.996094,0.513672,0.53125,0.939453,0.766296,0.446777,0.033447,0.460449,up
341541,3.808594,7.699219,5.960937,0.724609,0.552734,0.943359,0.766296,0.446777,0.033447,0.460449,up
341546,3.769531,7.960937,5.84375,0.724609,0.552734,0.943359,0.764221,0.447632,0.034363,0.463074,up
341551,3.695313,8.082031,5.804687,0.78125,0.527344,0.943359,0.762268,0.448486,0.035156,0.465393,up
341556,3.65625,8.234375,5.730469,0.783203,0.509766,0.953125,0.760071,0.449524,0.036133,0.467957,up
341562,3.464844,8.382813,5.769531,0.783203,0.509766,0.953125,0.756287,0.451294,0.037598,0.472168,up
341567,3.347656,8.386719,5.730469,0.783203,0.509766,0.953125,0.754211,0.452209,0.038269,0.474487,up
341573,3.234375,8.421875,5.769531,0.783203,0.509766,0.953125,0.752258,0.453064,0.038879,0.476746,up
341578,3.195313,8.503906,5.691406,0.576172,0.408203,0.980469,0.750366,0.453796,0.039246,0.479004,up
341584,3.15625,8.460938,5.691406,0.490234,0.400391,0.990234,0.750366,0.453796,0.039246,0.479004,up
341589,3.195313,8.464844,5.691406,0.490234,0.400391,0.990234,0.750366,0.453796,0.039246,0.479004,up
341594,3.15625,8.421875,5.613281,0.283203,0.369141,1.001953,0.750366,0.453796,0.039246,0.479004,up
341599,3.117188,8.386719,5.578125,0.15625,0.365234,1.027344,0.750366,0.453796,0.039246,0.479004,up
341605,3.15625,8.277344,5.578125,-0.033203,0.367188,1.0625,0.750366,0.453796,0.039246,0.479004,up
341610,3.117188,8.121094,5.652344,-0.033203,0.367188,1.0625,0.740845,0.454773,0.038574,0.492859,up
341616,3.117188,8.039063,5.691406,-0.130859,0.361328,1.123047,0.740845,0.454773,0.038574,0.492859,up
341621,3.308594,7.699219,5.652344,-0.130859,0.361328,1.123047,0.736938,0.453125,0.036438,0.500244,up
341626,3.464844,7.660156,5.652344,-0.164062,0.355469,1.193359,0.736938,0.453125,0.036438,0.500244,up
341631,3.578125,7.617187,5.652344,-0.164062,0.355469,1.193359,0.735474,0.452454,0.035461,0.503113,up
341636,3.695313,7.507812,5.613281,-0.167969,0.361328,1.240234,0.735474,0.452454,0.035461,0.503113,up
341641,3.847656,7.238281,5.578125,-0.167969,0.361328,1.240234,0.731384,0.450562,0.032715,0.510925,up
341646,3.808594,7.128906,5.578125,-0.167969,0.361328,1.240234,0.731384,0.450562,0.032715,0.510925,up
341651,3.808594,7.046875,5.578125,-0.03125,0.390625,1.242188,0.731384,0.450562,0.032715,0.510925,up
341656,3.808594,6.972656,5.460937,-0.03125,0.390625,1.242188,0.726685,0.449097,0.030396,0.518982,up
341661,3.847656,6.851562,5.539062,-0.03125,0.390625,1.242188,0.726685,0.449097,0.030396,0.518982,up
341666,3.886719,6.8125,5.578125,0.066406,0.429687,1.210938,0.724792,0.448669,0.029724,0.522034,up
341672,3.960938,6.707031,5.613281,0.066406,0.429687,1.210938,0.721436,0.447937,0.028748,0.527283,up
341678,4.0,6.667969,5.652344,0.066406,0.429687,1.210938,0.71991,0.447571,0.028381,0.529724,up
341683,4.0,6.667969,5.652344,0.054687,0.517578,1.166016,0.718262,0.447083,0.028076,0.532349,up
341688,4.0,6.628906,5.652344,0.054687,0.517578,1.166016,0.718262,0.447083,0.028076,0.532349,up
341693,4.039062,6.585937,5.804687,0.042969,0.537109,1.150391,0.718262,0.447083,0.028076,0.532349,up
341699,4.039062,6.585937,5.804687,0.005859,0.550781,1.152344,0.71344,0.445251,0.027222,0.540405,up
341704,3.886719,6.507812,5.882812,0.005859,0.550781,1.152344,0.71344,0.445251,0.027222,0.540405,up
341710,3.921875,6.433594,5.996094,0.005859,0.550781,1.152344,0.710083,0.443848,0.026672,0.545959,up
341715,3.886719,6.433594,5.996094,0.005859,0.550781,1.152344,0.708435,0.443176,0.026428,0.548584,up
341721,3.886719,6.511719,5.921875,0.111328,0.576172,1.169922,0.708435,0.443176,0.026428,0.548584,up
341726,3.960938,6.589844,5.882812,0.111328,0.576172,1.169922,0.704956,0.442017,0.026123,0.554077,up
341732,3.960938,6.589844,5.882812,0.179687,0.556641,1.177734,0.701294,0.441101,0.02594,0.559387,up
341737,3.960938,6.585937,5.921875,0.203125,0.544922,1.160156,0.69928,0.440735,0.025879,0.562195,up
341743,3.808594,6.472656,5.960937,0.203125,0.544922,1.160156,0.697449,0.44043,0.025818,0.564697,up
341749,3.65625,6.429687,5.996094,0.203125,0.544922,1.160156,0.695557,0.440186,0.025757,0.5672,up
341754,3.695313,6.46875,6.035156,0.244141,0.488281,1.158203,0.695557,0.440186,0.025757,0.5672,up
341760,3.769531,6.472656,6.113281,0.236328,0.470703,1.164063,0.695557,0.440186,0.025757,0.5672,up
341765,4.0,6.472656,6.226562,0.220703,0.433594,1.169922,0.695557,0.440186,0.025757,0.5672,up
341770,4.039062,6.472656,6.035156,0.179687,0.429687,1.166016,0.695557,0.440186,0.025757,0.5672,up
341775,4.078125,6.390625,5.996094,0.121094,0.453125,1.15625,0.695557,0.440186,0.025757,0.5672,up
341781,4.269531,6.390625,5.960937,0.066406,0.460937,1.148438,0.695557,0.440186,0.025757,0.5672,up
341786,4.269531,6.390625,5.960937,0.066406,0.460937,1.148438,0.682434,0.43811,0.024109,0.584595,up
341791,4.460937,6.242187,5.921875,-0.083984,0.486328,1.087891,0.682434,0.43811,0.024109,0.584595,up
341796,4.535156,6.164062,5.921875,-0.083984,0.486328,1.087891,0.679199,0.436646,0.023132,0.589478,up
341801,4.6875,6.128906,5.882812,-0.095703,0.486328,1.070313,0.676147,0.435059,0.022156,0.594177,up
341806,4.6875,6.007812,5.921875,-0.095703,0.486328,1.070313,0.676147,0.435059,0.022156,0.594177,up
341812,4.726562,6.011719,5.882812,-0.037109,0.507812,1.052734,0.676147,0.435059,0.022156,0.594177,up
341817,4.726562,6.011719,5.882812,0.015625,0.533203,1.056641,0.671509,0.432678,0.021057,0.601135,up
341823,4.882812,6.007812,5.691406,0.015625,0.533203,1.056641,0.6698,0.432007,0.020874,0.603577,up
341828,4.882812,6.089844,5.769531,0.185547,0.554687,1.066406,0.6698,0.432007,0.020874,0.603577,up
341835,4.882812,6.125,5.691406,0.296875,0.564453,1.070313,0.6698,0.432007,0.020874,0.603577,up
341840,4.996094,6.207031,5.613281,0.296875,0.564453,1.070313,0.6698,0.432007,0.020874,0.603577,up
341845,4.996094,6.207031,5.613281,0.369141,0.585937,1.068359,0.662048,0.430603,0.02179,0.613037,up
341850,4.996094,6.207031,5.613281,0.466797,0.658203,1.029297,0.659973,0.43042,0.0224,0.615356,up
341855,4.957031,6.46875,5.230469,0.466797,0.658203,1.029297,0.657776,0.430237,0.023132,0.617798,up
341860,4.882812,6.546875,5.269531,0.466797,0.658203,1.029297,0.655701,0.429993,0.023865,0.620178,up
341865,4.765625,6.585937,5.382812,0.466797,0.658203,1.029297,0.655701,0.429993,0.023865,0.620178,up
341870,4.574219,6.625,5.460937,0.378906,0.695312,1.033203,0.655701,0.429993,0.023865,0.620178,up
341876,4.304687,6.589844,5.691406,0.378906,0.695312,1.033203,0.647461,0.428345,0.026306,0.629822,up
341881,4.230469,6.550781,5.769531,0.378906,0.695312,1.033203,0.647461,0.428345,0.026306,0.629822,up
341887,4.230469,6.511719,5.921875,0.183594,0.669922,1.097656,0.643433,0.426941,0.026672,0.634888,up
341892,4.269531,6.28125,6.074219,0.183594,0.669922,1.097656,0.641602,0.426147,0.026733,0.637268,up
341898,4.304687,5.972656,6.191406,0.183594,0.669922,1.097656,0.639709,0.425171,0.026672,0.639771,up
341904,4.34375,5.9375,6.269531,-0.021484,0.691406,1.142578,0.639709,0.425171,0.026672,0.639771,up
341910,4.382812,5.820312,6.34375,-0.054687,0.675781,1.130859,0.639709,0.425171,0.026672,0.639771,up
341915,4.34375,5.707031,6.308594,-0.054687,0.675781,1.130859,0.639709,0.425171,0.026672,0.639771,up
341920,4.34375,5.667969,6.417969,-0.123047,0.666016,1.119141,0.639709,0.425171,0.026672,0.639771,up
341926,4.304687,5.554687,6.378906,-0.154297,0.652344,1.119141,0.639709,0.425171,0.026672,0.639771,up
341931,4.34375,5.4375,6.535156,-0.154297,0.652344,1.119141,0.629089,0.418274,0.025085,0.654724,up
341936,4.304687,5.285156,6.609375,-0.154297,0.652344,1.119141,0.627258,0.41687,0.024597,0.65741,up
341941,4.304687,5.207031,6.691406,-0.195312,0.623047,1.089844,0.624146,0.41449,0.023621,0.661926,up
341946,4.382812,5.015625,6.835937,-0.195312,0.623047,1.089844,0.624146,0.41449,0.023621,0.661926,up
341951,4.421875,4.976562,6.914062,-0.195312,0.623047,1.089844,0.622559,0.413269,0.023193,0.664185,up
341956,4.460937,4.941406,6.914062,-0.175781,0.580078,1.044922,0.622559,0.413269,0.023193,0.664185,up
341961,4.574219,4.863281,6.953125,-0.179687,0.568359,1.037109,0.622559,0.413269,0.023193,0.664185,up
341966,4.574219,4.824219,6.957031,-0.179687,0.568359,1.037109,0.617737,0.409729,0.021729,0.670837,up
341971,4.613281,4.785156,6.917969,-0.179687,0.568359,1.037109,0.616089,0.408569,0.021179,0.673096,up
341977,4.535156,4.710937,6.917969,-0.119141,0.537109,1.0,0.616089,0.408569,0.021179,0.673096,up
341982,4.652344,4.632812,6.957031,-0.119141,0.537109,1.0,0.61145,0.405518,0.019958,0.679199,up
341987,4.652344,4.632812,6.957031,-0.09375,0.572266,0.992187,0.61145,0.405518,0.019958,0.679199,up
341992,4.613281,4.558594,6.878906,-0.09375,0.572266,0.992187,0.609619,0.404297,0.019592,0.681519,up
341997,4.652344,4.519531,6.917969,-0.054687,0.607422,0.980469,0.609619,0.404297,0.019592,0.681519,up
342002,4.6875,4.480469,6.992187,-0.054687,0.607422,0.980469,0.606506,0.402283,0.019104,0.685547,up
342007,4.6875,4.480469,6.992187,-0.035156,0.628906,0.976562,0.604919,0.401245,0.018982,0.687561,up
342012,4.726562,4.480469,6.992187,-0.035156,0.628906,0.976562,0.603271,0.400146,0.018921,0.689636,up
342017,4.726562,4.402344,7.179687,0.011719,0.669922,0.953125,0.601562,0.399048,0.018982,0.691711,up
342022,4.726562,4.402344,7.179687,0.052734,0.685547,0.927734,0.599854,0.397949,0.019104,0.693848,up
342028,4.574219,4.328125,7.300781,0.121094,0.689453,0.894531,0.599854,0.397949,0.019104,0.693848,up
342033,4.496094,4.289062,7.378906,0.164062,0.673828,0.880859,0.599854,0.397949,0.019104,0.693848,up
342039,4.382812,4.328125,7.457031,0.164062,0.673828,0.880859,0.593079,0.394165,0.020447,0.701782,up
342046,4.382812,4.328125,7.535156,0.25,0.625,0.832031,0.593079,0.394165,0.020447,0.701782,up
342052,4.230469,4.25,7.53125,0.287109,0.597656,0.818359,0.587769,0.392212,0.022156,0.707214,up
342057,4.152344,4.25,7.605469,0.287109,0.597656,0.818359,0.58606,0.391846,0.022705,0.708862,up
342062,4.078125,4.25,7.535156,0.361328,0.455078,0.763672,0.58606,0.391846,0.022705,0.708862,up
342067,4.039062,4.402344,7.566406,0.390625,0.392578,0.742187,0.584229,0.391479,0.023315,0.710571,up
342072,4.34375,4.558594,7.535156,0.390625,0.392578,0.742187,0.580872,0.391357,0.024353,0.713379,up
342077,4.613281,4.59375,7.566406,0.390625,0.392578,0.742187,0.579285,0.391418,0.02478,0.7146,up
342082,4.804687,4.710937,7.53125,0.390625,0.392578,0.742187,0.579285,0.391418,0.02478,0.7146,up
342087,4.804687,4.824219,7.496094,0.421875,0.265625,0.658203,0.57605,0.391846,0.025757,0.716919,up
342092,5.035156,5.015625,7.414062,0.421875,0.265625,0.658203,0.574402,0.392151,0.026306,0.718018,up
342097,5.109375,5.09375,7.375,0.421875,0.265625,0.658203,0.574402,0.392151,0.026306,0.718018,up
342102,5.1875,5.246094,7.296875,0.539062,0.195312,0.621094,0.574402,0.392151,0.026306,0.718018,up
342107,5.1875,5.589844,7.261719,0.539062,0.195312,0.621094,0.571228,0.393005,0.027527,0.720093,up
342113,5.1875,5.589844,7.261719,0.548828,0.1875,0.664062,0.56781,0.393982,0.028748,0.722168,up
342118,5.226562,5.746094,7.179687,0.507812,0.199219,0.669922,0.565979,0.39447,0.029358,0.723328,up
342123,5.109375,5.9375,7.183594,0.507812,0.199219,0.669922,0.564331,0.394836,0.029846,0.724365,up
342128,5.074219,5.898437,7.261719,0.507812,0.199219,0.669922,0.562683,0.395142,0.030273,0.725525,up
342133,4.804687,5.820312,7.414062,0.507812,0.199219,0.669922,0.562683,0.395142,0.030273,0.725525,up
342138,4.804687,5.820312,7.414062,0.394531,0.164062,0.736328,0.559204,0.395752,0.030884,0.727783,up
342143,4.613281,5.707031,7.566406,0.394531,0.164062,0.736328,0.557312,0.396118,0.031006,0.729065,up
342149,4.652344,5.4375,7.839844,0.394531,0.164062,0.736328,0.555725,0.396423,0.031006,0.730103,up
342156,4.6875,5.246094,7.957031,0.273438,0.060547,0.826172,0.555725,0.396423,0.031006,0.730103,up
342161,4.957031,4.976562,7.957031,0.25,0.039063,0.853516,0.555725,0.396423,0.031006,0.730103,up
342166,5.035156,4.976562,7.957031,0.28125,0.017578,0.878906,0.555725,0.396423,0.031006,0.730103,up
342171,5.148437,5.015625,7.917969,0.28125,0.017578,0.878906,0.548523,0.397827,0.029846,0.734863,up
342177,5.265625,5.054687,7.917969,0.341797,0.03125,0.876953,0.548523,0.397827,0.029846,0.734863,up
342182,5.417969,5.015625,7.800781,0.341797,0.03125,0.876953,0.542664,0.399231,0.029053,0.738403,up
342187,5.492187,5.054687,7.679687,0.355469,0.058594,0.863281,0.542664,0.399231,0.029053,0.738403,up
342192,5.492187,5.015625,7.679687,0.355469,0.058594,0.863281,0.540588,0.399719,0.02887,0.739685,up
342197,5.457031,5.09375,7.566406,0.402344,0.107422,0.847656,0.540588,0.399719,0.02887,0.739685,up
342202,5.492187,5.054687,7.417969,0.402344,0.107422,0.847656,0.536804,0.400574,0.028809,0.742004,up
342207,5.492187,5.054687,7.417969,0.404297,0.138672,0.847656,0.534851,0.40094,0.02887,0.743225,up
342212,5.457031,5.015625,7.375,0.404297,0.138672,0.847656,0.532898,0.401245,0.028931,0.744446,up
342217,5.226562,4.671875,7.492187,0.318359,0.160156,0.853516,0.531006,0.401489,0.028931,0.745667,up
342222,5.226562,4.671875,7.492187,0.25,0.154297,0.867187,0.529053,0.401672,0.028748,0.746948,up
342227,5.226562,4.671875,7.492187,0.154297,0.117188,0.880859,0.527222,0.401733,0.028503,0.74823,up
342232,5.1875,4.402344,7.605469,0.154297,0.117188,0.880859,0.527222,0.401733,0.028503,0.74823,up
342237,5.1875,4.328125,7.566406,0.154297,0.117188,0.880859,0.523437,0.401917,0.027527,0.750793,up
342242,5.226562,4.289062,7.496094,0.070312,-0.011719,0.914062,0.523437,0.401917,0.027527,0.750793,up
342247,5.265625,4.175781,7.414062,0.070312,-0.011719,0.914062,0.519897,0.402161,0.026062,0.753235,up
342253,5.648437,4.097656,7.261719,0.138672,-0.070312,0.90625,0.518127,0.402344,0.025208,0.754333,up
342258,5.761719,3.984375,7.113281,0.138672,-0.070312,0.90625,0.514648,0.403076,0.023804,0.756409,up
342263,5.914062,3.867188,7.074219,0.25,-0.048828,0.869141,0.512573,0.403564,0.023254,0.757507,up
342268,6.070312,3.90625,6.917969,0.25,-0.048828,0.869141,0.510681,0.404053,0.022827,0.758606,up
342273,6.070312,3.867188,6.878906,0.25,-0.048828,0.869141,0.509033,0.40448,0.022583,0.75946,up
342278,6.070312,3.867188,6.878906,0.394531,0.027344,0.796875,0.506958,0.405029,0.022522,0.760559,up
342283,6.03125,3.90625,6.835937,0.394531,0.027344,0.796875,0.505188,0.405457,0.022522,0.761475,up
342288,5.953125,3.984375,6.800781,0.394531,0.027344,0.796875,0.503174,0.405945,0.022644,0.762573,up
342294,5.761719,4.136719,6.765625,0.394531,0.027344,0.796875,0.501465,0.40625,0.022827,0.763489,up
342300,5.683594,4.175781,6.835937,0.417969,0.146484,0.726562,0.499695,0.406555,0.02301,0.764526,up
342305,5.683594,4.136719,6.796875,0.417969,0.160156,0.724609,0.499695,0.406555,0.02301,0.764526,up
342311,5.570312,4.136719,6.835937,0.417969,0.160156,0.724609,0.499695,0.406555,0.02301,0.764526,up
342317,5.457031,4.136719,6.835937,0.396484,0.1875,0.740234,0.499695,0.406555,0.02301,0.764526,up
342322,5.492187,3.984375,6.914062,0.332031,0.115234,0.783203,0.499695,0.406555,0.02301,0.764526,up
342327,5.417969,3.675781,6.996094,0.332031,0.115234,0.783203,0.490601,0.407654,0.023987,0.769775,up
342332,5.339844,3.597656,7.109375,0.332031,0.115234,0.783203,0.48877,0.407959,0.023926,0.770752,up
342337,5.300781,3.597656,7.070312,0.353516,-0.005859,0.851562,0.48877,0.407959,0.023926,0.770752,up
342342,5.378906,3.597656,7.074219,0.425781,-0.080078,0.859375,0.48877,0.407959,0.023926,0.770752,up
342347,5.378906,3.636719,7.109375,0.425781,-0.080078,0.859375,0.482666,0.409851,0.023437,0.773682,up
342352,5.417969,3.714844,7.03125,0.425781,-0.080078,0.859375,0.480225,0.411072,0.023376,0.774536,up
342358,5.53125,3.789063,6.914062,0.857422,-0.361328,0.822266,0.480225,0.411072,0.023376,0.774536,up
342363,5.953125,4.019531,6.914062,0.857422,-0.361328,0.822266,0.473267,0.415833,0.024231,0.776245,up
342368,6.144531,4.289062,6.992187,1.125,-0.470703,0.724609,0.47052,0.418213,0.025024,0.776611,up
342373,6.183594,4.480469,6.839844,1.185547,-0.435547,0.669922,0.47052,0.418213,0.025024,0.776611,up
342378,6.296875,4.710937,6.496094,1.185547,-0.435547,0.669922,0.465759,0.422607,0.027039,0.777039,up
342384,6.523437,5.285156,5.882812,1.185547,-0.435547,0.669922,0.463562,0.424561,0.028076,0.777222,up
342389,6.484375,5.324219,5.921875,0.908203,-0.306641,0.546875,0.461426,0.426392,0.029053,0.777466,up
342394,6.414062,5.363281,6.074219,0.691406,-0.275391,0.533203,0.459595,0.427917,0.029663,0.777649,up
342400,6.222656,4.976562,6.113281,0.691406,-0.275391,0.533203,0.458008,0.429138,0.029968,0.777954,up
342406,6.03125,4.824219,6.226562,0.310547,-0.205078,0.523437,0.458008,0.429138,0.029968,0.777954,up
342411,5.914062,4.710937,6.347656,0.162109,-0.208984,0.539062,0.458008,0.429138,0.029968,0.777954,up
342417,5.800781,4.402344,6.609375,0.03125,-0.232422,0.572266,0.458008,0.429138,0.029968,0.777954,up
342422,5.800781,4.402344,6.609375,0.03125,-0.232422,0.572266,0.453125,0.431885,0.027893,0.779358,up
342427,5.800781,4.402344,6.609375,-0.099609,-0.332031,0.648437,0.452026,0.432434,0.026733,0.779724,up
342432,5.953125,4.210937,6.835937,-0.099609,-0.332031,0.648437,0.450867,0.433105,0.025452,0.78009,up
342437,5.992187,4.210937,6.835937,-0.099609,-0.332031,0.648437,0.450867,0.433105,0.025452,0.78009,up
342442,6.183594,4.328125,6.835937,0.035156,-0.427734,0.724609,0.447998,0.434998,0.023132,0.780701,up
342448,6.375,4.289062,6.492187,0.361328,-0.564453,0.757812,0.444336,0.438049,0.021606,0.781189,up
342453,6.335937,4.558594,6.074219,0.361328,-0.564453,0.757812,0.442322,0.439758,0.02124,0.781372,up
342458,6.527344,4.671875,6.1875,0.361328,-0.564453,0.757812,0.440186,0.441589,0.020996,0.781555,up
342463,6.644531,4.671875,6.226562,0.695312,-0.554687,0.785156,0.440186,0.441589,0.020996,0.781555,up
342468,6.566406,4.632812,6.035156,0.695312,-0.554687,0.785156,0.437805,0.443604,0.020874,0.781738,up
342473,6.566406,4.632812,6.035156,0.667969,-0.556641,0.814453,0.433472,0.447205,0.020569,0.782104,up
342478,6.523437,4.519531,5.996094,0.570312,-0.546875,0.84375,0.433472,0.447205,0.020569,0.782104,up
342483,6.523437,4.519531,6.113281,0.570312,-0.546875,0.84375,0.43103,0.449158,0.020203,0.782349,up
342488,6.71875,4.671875,5.960937,0.498047,-0.539062,0.857422,0.43103,0.449158,0.020203,0.782349,up
342493,6.839844,4.59375,5.882812,0.498047,-0.539062,0.857422,0.424561,0.453796,0.018066,0.783264,up
342498,6.867187,4.480469,5.730469,0.119141,-0.435547,0.890625,0.424561,0.453796,0.018066,0.783264,up
342503,6.90625,4.328125,5.652344,0.03125,-0.398438,0.892578,0.422913,0.454834,0.017029,0.783569,up
342508,6.910156,4.175781,5.804687,0.03125,-0.398438,0.892578,0.419312,0.456604,0.014282,0.784546,up
342513,6.988281,3.984375,5.921875,0.060547,-0.345703,0.894531,0.419312,0.456604,0.014282,0.784546,up
342518,7.0625,3.753906,5.84375,0.060547,-0.345703,0.894531,0.41571,0.458191,0.011719,0.785583,up
342523,7.0625,3.753906,5.84375,0.185547,-0.271484,0.912109,0.413879,0.458862,0.010681,0.786133,up
342528,7.105469,3.484375,5.652344,0.263672,-0.251953,0.917969,0.413879,0.458862,0.010681,0.786133,up
342533,7.183594,3.445313,5.652344,0.263672,-0.251953,0.917969,0.409607,0.46051,0.009033,0.787415,up
342538,7.179687,3.371094,5.691406,0.263672,-0.251953,0.917969,0.409607,0.46051,0.009033,0.787415,up
342543,7.222656,3.445313,5.691406,0.470703,-0.193359,0.921875,0.409607,0.46051,0.009033,0.787415,up
342548,7.289062,3.445313,5.691406,0.470703,-0.193359,0.921875,0.402466,0.463257,0.008362,0.789551,up
342553,7.292969,3.445313,5.652344,0.470703,-0.193359,0.921875,0.402466,0.463257,0.008362,0.789551,up
342558,7.328125,3.484375,5.613281,0.8125,-0.058594,0.800781,0.402466,0.463257,0.008362,0.789551,up
342563,7.289062,3.484375,5.460937,0.8125,-0.058594,0.800781,0.395203,0.466003,0.009766,0.791565,up
342568,7.261719,3.523438,5.5,0.845703,-0.027344,0.708984,0.395203,0.466003,0.009766,0.791565,up
342573,7.21875,3.523438,5.421875,0.814453,-0.039063,0.669922,0.392578,0.46698,0.010559,0.792236,up
342578,7.101562,3.636719,5.382812,0.814453,-0.039063,0.669922,0.388184,0.468811,0.012085,0.793335,up
342583,7.066406,3.675781,5.5,0.814453,-0.039063,0.669922,0.386169,0.469727,0.012695,0.793762,up
342588,7.101562,3.636719,5.5,0.814453,-0.039063,0.669922,0.386169,0.469727,0.012695,0.793762,up
342593,7.101562,3.675781,5.421875,0.650391,-0.160156,0.632812,0.386169,0.469727,0.012695,0.793762,up
342598,7.105469,3.867188,5.382812,0.650391,-0.160156,0.632812,0.38208,0.47168,0.013672,0.794556,up
342604,7.222656,3.945313,5.421875,0.650391,-0.160156,0.632812,0.378113,0.473633,0.01416,0.795288,up
342609,7.257812,3.867188,5.347656,0.5625,-0.212891,0.6875,0.37616,0.47467,0.014282,0.795654,up
342614,7.328125,3.828125,5.308594,0.537109,-0.193359,0.703125,0.37616,0.47467,0.014282,0.795654,up
342619,7.328125,3.789063,5.382812,0.537109,-0.193359,0.703125,0.37616,0.47467,0.014282,0.795654,up
342624,7.449219,3.789063,5.460937,0.53125,-0.189453,0.720703,0.372131,0.476501,0.014404,0.796387,up
342629,7.449219,3.789063,5.460937,0.53125,-0.189453,0.720703,0.370117,0.477417,0.014404,0.796814,up
342634,7.410156,3.597656,5.539062,0.591797,-0.152344,0.695312,0.370117,0.477417,0.014404,0.796814,up
342640,7.410156,3.597656,5.539062,0.675781,-0.138672,0.669922,0.365967,0.479126,0.014832,0.797668,up
342645,7.75,3.140625,5.539062,0.675781,-0.138672,0.669922,0.361755,0.480957,0.015625,0.798462,up
342652,7.753906,3.101563,5.460937,0.777344,-0.119141,0.640625,0.361755,0.480957,0.015625,0.798462,up
342658,7.75,3.101563,5.421875,0.824219,-0.111328,0.621094,0.361755,0.480957,0.015625,0.798462,up
342663,7.792969,3.179688,5.347656,0.939453,-0.115234,0.599609,0.361755,0.480957,0.015625,0.798462,up
342668,7.640625,3.371094,5.191406,0.939453,-0.115234,0.599609,0.352844,0.485046,0.018799,0.799927,up
342673,7.640625,3.371094,5.191406,0.939453,-0.115234,0.599609,0.348267,0.487244,0.020996,0.800537,up
342678,7.566406,3.597656,5.191406,0.939453,-0.115234,0.599609,0.348267,0.487244,0.020996,0.800537,up
342683,7.484375,3.675781,5.078125,1.037109,-0.142578,0.578125,0.343384,0.489746,0.023499,0.801086,up
342688,7.410156,3.714844,5.039062,1.037109,-0.142578,0.578125,0.343384,0.489746,0.023499,0.801086,up
342693,7.410156,3.597656,5.117187,1.060547,-0.148437,0.59375,0.341003,0.490967,0.024719,0.80127,up
342698,7.484375,3.445313,5.191406,1.060547,-0.148437,0.59375,0.336121,0.493408,0.027222,0.801758,up
342703,7.753906,3.253906,5.15625,1.060547,-0.148437,0.59375,0.336121,0.493408,0.027222,0.801758,up
342708,7.832031,3.253906,5.039062,1.060547,-0.148437,0.59375,0.333374,0.494751,0.028625,0.802063,up
342713,7.871094,3.140625,4.886719,1.105469,-0.054687,0.625,0.331116,0.495789,0.029846,0.802307,up
342718,7.910156,3.023438,4.847656,1.105469,-0.054687,0.625,0.325989,0.497925,0.032593,0.802979,up
342723,7.949219,2.949219,4.808594,1.105469,-0.054687,0.625,0.325989,0.497925,0.032593,0.802979,up
342728,7.871094,2.949219,4.695312,1.105469,-0.054687,0.625,0.323059,0.499146,0.034119,0.803345,up
342733,7.671875,2.910156,4.617187,1.341797,-0.060547,0.685547,0.323059,0.499146,0.034119,0.803345,up
342738,7.566406,2.988281,4.464844,1.341797,-0.060547,0.685547,0.317383,0.501526,0.03717,0.803955,up
342743,7.566406,2.988281,4.464844,1.621094,-0.144531,0.736328,0.31427,0.502869,0.039063,0.80426,up
342748,7.371094,3.40625,4.121094,1.621094,-0.144531,0.736328,0.311096,0.504333,0.041077,0.804504,up
342754,7.289062,3.597656,4.160156,1.892578,-0.285156,0.791016,0.311096,0.504333,0.041077,0.804504,up
342759,7.257812,3.714844,4.234375,1.892578,-0.285156,0.791016,0.2995,0.510315,0.048645,0.804687,up
342765,7.710937,3.90625,4.425781,1.892578,-0.285156,0.791016,0.295532,0.512634,0.05127,0.804504,up
342770,7.644531,4.058594,4.542969,2.111328,-0.382813,0.84375,0.295532,0.512634,0.05127,0.804504,up
342776,7.488281,4.058594,4.695312,2.105469,-0.408203,0.859375,0.295532,0.512634,0.05127,0.804504,up
342781,7.367187,4.019531,5.0,2.105469,-0.408203,0.859375,0.295532,0.512634,0.05127,0.804504,up
342786,7.289062,3.714844,5.421875,2.052734,-0.521484,0.882812,0.295532,0.512634,0.05127,0.804504,up
342792,7.289062,3.714844,5.421875,1.978516,-0.667969,0.921875,0.273865,0.525757,0.06427,0.802795,up
342797,7.488281,3.253906,5.539062,1.978516,-0.667969,0.921875,0.269531,0.528748,0.066162,0.802124,up
342803,7.714844,3.371094,4.65625,1.849609,-0.830078,1.095703,0.265137,0.531799,0.067932,0.801453,up
342809,7.828125,3.523438,4.425781,1.800781,-0.853516,1.148438,0.255554,0.53833,0.071045,0.799866,up
342814,8.328125,3.867188,4.160156,1.800781,-0.853516,1.148438,0.25116,0.541504,0.072266,0.799072,up
342819,8.445313,4.136719,4.003906,1.800781,-0.853516,1.148438,0.24707,0.544373,0.073303,0.798279,up
342824,8.371094,4.25,3.890625,1.710938,-0.908203,1.164063,0.242249,0.547668,0.074524,0.797363,up
342829,8.519531,4.519531,3.660156,1.710938,-0.908203,1.164063,0.237732,0.550781,0.075867,0.796448,up
342834,8.519531,4.480469,3.699219,1.710938,-0.908203,1.164063,0.233887,0.553467,0.077026,0.795593,up
342839,8.449219,4.519531,3.738281,1.710938,-0.908203,1.164063,0.233887,0.553467,0.077026,0.795593,up
342844,8.328125,4.441406,3.699219,1.507813,-0.822266,0.992187,0.226013,0.559021,0.079285,0.793823,up
342849,7.988281,3.753906,3.890625,1.507813,-0.822266,0.992187,0.222656,0.561462,0.079956,0.792969,up
342854,7.871094,3.332031,3.890625,1.507813,-0.822266,0.992187,0.21991,0.563599,0.080139,0.792236,up
342859,7.789062,2.988281,3.96875,0.689453,-0.855469,0.921875,0.21991,0.563599,0.080139,0.792236,up
342864,7.75,2.71875,4.042969,0.519531,-0.880859,0.949219,0.217041,0.565979,0.079956,0.791321,up
342869,8.132813,2.449219,4.082031,0.519531,-0.880859,0.949219,0.212219,0.570374,0.07843,0.789612,up
342874,8.371094,2.375,4.121094,0.392578,-0.900391,0.990234,0.212219,0.570374,0.07843,0.789612,up
342879,8.632813,2.296875,4.042969,0.390625,-0.853516,0.978516,0.209656,0.572815,0.077209,0.788635,up
342884,8.632813,2.296875,4.042969,0.515625,-0.796875,0.9375,0.205383,0.57666,0.075256,0.78717,up
342889,9.175781,2.257813,3.929688,0.515625,-0.796875,0.9375,0.202881,0.578674,0.074768,0.786377,up
342894,9.28125,2.21875,3.777344,0.898437,-0.638672,0.753906,0.200073,0.58075,0.074768,0.785583,up
342899,9.28125,2.21875,3.585938,1.128906,-0.564453,0.660156,0.200073,0.58075,0.074768,0.785583,up
342904,9.171875,2.257813,3.277344,1.128906,-0.564453,0.660156,0.197571,0.582458,0.075317,0.784912,up
342909,9.171875,2.257813,3.277344,1.332031,-0.515625,0.548828,0.194763,0.584167,0.076599,0.78418,up
342914,9.136719,2.335938,3.164063,1.332031,-0.515625,0.548828,0.191772,0.585999,0.07843,0.783386,up
342919,9.136719,2.335938,3.164063,1.578125,-0.443359,0.279297,0.186096,0.589355,0.082886,0.781738,up
342925,8.792969,3.214844,2.894531,1.578125,-0.443359,0.279297,0.183411,0.591003,0.085388,0.780884,up
342930,8.558594,3.332031,2.855469,1.402344,-0.361328,0.160156,0.183411,0.591003,0.085388,0.780884,up
342935,8.292969,3.40625,2.972656,1.267578,-0.388672,0.115234,0.183411,0.591003,0.085388,0.780884,up
342940,8.292969,3.40625,2.972656,1.144531,-0.482422,0.091797,0.183411,0.591003,0.085388,0.780884,up
342946,8.132813,3.253906,3.316406,1.144531,-0.482422,0.091797,0.175415,0.596741,0.093689,0.777405,up
342951,8.097656,3.253906,3.203125,1.0,-0.570312,0.068359,0.175415,0.596741,0.093689,0.777405,up
342956,8.097656,3.214844,3.085938,0.962891,-0.583984,0.060547,0.175415,0.596741,0.093689,0.777405,up
342961,8.136719,3.023438,2.972656,0.962891,-0.583984,0.060547,0.175415,0.596741,0.093689,0.777405,up
342967,8.328125,2.949219,2.894531,0.847656,-0.662109,0.099609,0.175415,0.596741,0.093689,0.777405,up
342972,8.671875,2.949219,2.855469,0.816406,-0.669922,0.123047,0.175415,0.596741,0.093689,0.777405,up
342978,8.859375,3.101563,2.78125,0.816406,-0.669922,0.123047,0.167297,0.606506,0.101807,0.770569,up
342983,8.980469,3.332031,2.625,0.816406,-0.669922,0.123047,0.165955,0.607971,0.102783,0.769592,up
342988,8.976563,3.371094,2.511719,0.816406,-0.669922,0.123047,0.164429,0.609497,0.103821,0.768555,up
342993,8.898438,3.445313,2.433594,0.832031,-0.472656,0.232422,0.164429,0.609497,0.103821,0.768555,up
342999,8.789063,3.40625,2.359375,0.832031,-0.472656,0.232422,0.161255,0.612183,0.105896,0.766846,up
343004,8.753906,3.40625,2.320313,0.759766,-0.328125,0.234375,0.161255,0.612183,0.105896,0.766846,up
343009,8.671875,3.371094,2.242188,0.759766,-0.328125,0.234375,0.158081,0.614502,0.10791,0.76532,up
343014,8.449219,3.332031,1.976563,0.759766,-0.328125,0.234375,0.155396,0.61615,0.10968,0.764343,up
343019,8.289063,3.292969,1.9375,0.580078,-0.175781,0.152344,0.155396,0.61615,0.10968,0.764343,up
343024,8.292969,3.292969,1.859375,0.580078,-0.175781,0.152344,0.153198,0.617371,0.111206,0.76355,up
343029,8.410156,3.214844,1.898438,0.580078,-0.175781,0.152344,0.152405,0.617981,0.111877,0.763123,up
343034,8.445313,3.214844,2.050781,0.580078,-0.175781,0.152344,0.151917,0.61853,0.112366,0.762756,up
343039,8.449219,3.253906,2.167969,0.580078,-0.175781,0.152344,0.151917,0.61853,0.112366,0.762756,up
343044,8.480469,3.179688,2.320313,0.289063,-0.384766,-0.076172,0.151917,0.61853,0.112366,0.762756,up
343049,8.636719,2.832031,2.742188,0.318359,-0.458984,-0.103516,0.151367,0.619934,0.113403,0.761536,up
343054,8.636719,2.71875,2.78125,0.318359,-0.458984,-0.103516,0.151184,0.62085,0.113953,0.760742,up
343059,8.75,2.640625,2.78125,0.318359,-0.458984,-0.103516,0.151062,0.621948,0.114624,0.759766,up
343064,8.898438,2.601563,2.78125,0.472656,-0.523437,-0.126953,0.150452,0.624146,0.116333,0.757812,up
343069,8.9375,2.640625,2.78125,0.472656,-0.523437,-0.126953,0.149963,0.625183,0.117249,0.756897,up
343074,8.941406,2.910156,2.894531,0.472656,-0.523437,-0.126953,0.149963,0.625183,0.117249,0.756897,up
343079,8.898438,3.023438,2.855469,0.666016,-0.5,-0.095703,0.149963,0.625183,0.117249,0.756897,up
343084,8.863281,3.179688,2.78125,0.703125,-0.474609,-0.109375,0.147949,0.628601,0.121033,0.753845,up
343089,8.671875,3.332031,2.398438,0.703125,-0.474609,-0.109375,0.147156,0.629761,0.122559,0.752808,up
343094,8.515625,3.40625,2.207031,0.703125,-0.474609,-0.109375,0.147156,0.629761,0.122559,0.752808,up
343099,8.445313,3.484375,2.089844,0.753906,-0.527344,-0.232422,0.147156,0.629761,0.122559,0.752808,up
343104,8.480469,3.5625,1.859375,0.753906,-0.527344,-0.232422,0.145935,0.631897,0.125488,0.750793,up
343109,8.519531,3.597656,1.820313,0.75,-0.601562,-0.275391,0.145447,0.633118,0.127014,0.749573,up
343114,8.519531,3.597656,1.820313,0.75,-0.601562,-0.275391,0.145447,0.633118,0.127014,0.749573,up
343119,8.632813,3.597656,1.785156,0.740234,-0.75,-0.349609,0.145447,0.633118,0.127014,0.749573,up
343124,8.632813,3.597656,1.785156,0.703125,-0.763672,-0.357422,0.144531,0.637634,0.131897,0.745117,up
343129,9.28125,3.828125,1.707031,0.703125,-0.763672,-0.357422,0.144409,0.63916,0.133423,0.74353,up
343134,9.441406,3.828125,1.820313,0.519531,-0.664062,-0.353516,0.144409,0.63916,0.133423,0.74353,up
343140,9.558594,3.789063,1.898438,0.519531,-0.664062,-0.353516,0.144531,0.643311,0.13739,0.739197,up
343146,9.480469,3.714844,2.050781,0.519531,-0.664062,-0.353516,0.144714,0.644531,0.13855,0.737915,up
343151,9.363281,3.5625,2.089844,0.287109,-0.4375,-0.275391,0.144958,0.645325,0.139343,0.736938,up
343157,9.320313,3.5625,2.128906,0.224609,-0.365234,-0.253906,0.144958,0.645325,0.139343,0.736938,up
343162,9.132813,3.523438,2.015625,0.224609,-0.365234,-0.253906,0.145447,0.646667,0.140625,0.735474,up
343167,9.246094,3.636719,1.9375,0.123047,-0.341797,-0.246094,0.145447,0.646667,0.140625,0.735474,up
343173,9.171875,3.675781,1.785156,0.0625,-0.318359,-0.257813,0.145447,0.646667,0.140625,0.735474,up
343178,9.058594,3.753906,1.820313,0.019531,-0.332031,-0.287109,0.145447,0.646667,0.140625,0.735474,up
343183,9.09375,3.636719,1.785156,0.005859,-0.371094,-0.308594,0.145447,0.646667,0.140625,0.735474,up
343189,9.132813,3.636719,1.785156,0.037109,-0.425781,-0.349609,0.149109,0.650269,0.143188,0.731079,up
343195,9.136719,3.90625,1.707031,0.189453,-0.535156,-0.435547,0.149109,0.650269,0.143188,0.731079,up
343200,9.132813,4.097656,1.59375,0.189453,-0.535156,-0.435547,0.150574,0.652039,0.144836,0.728882,up
343205,9.175781,4.136719,1.476563,0.296875,-0.619141,-0.519531,0.151367,0.653137,0.145996,0.727478,up
343210,9.214844,4.25,1.210938,0.296875,-0.619141,-0.519531,0.1521,0.654297,0.147217,0.726013,up
343215,9.320313,4.289062,1.171875,0.296875,-0.619141,-0.519531,0.152771,0.655273,0.148376,0.724731,up
343220,9.4375,4.441406,1.09375,0.388672,-0.712891,-0.580078,0.152771,0.655273,0.148376,0.724731,up
343225,9.519531,4.480469,1.09375,0.388672,-0.712891,-0.580078,0.154114,0.657654,0.151001,0.721741,up
343230,9.78125,4.632812,0.863281,0.388672,-0.712891,-0.580078,0.154907,0.658813,0.152588,0.720215,up
343235,9.9375,4.671875,0.632812,0.388672,-0.712891,-0.580078,0.15564,0.659607,0.153931,0.719055,up
343240,9.902344,4.824219,0.519531,0.251953,-0.376953,-0.667969,0.156555,0.660217,0.155396,0.717957,up
343246,9.707031,4.941406,0.25,0.251953,-0.376953,-0.667969,0.157593,0.660645,0.156677,0.717041,up
343252,9.636719,5.054687,-0.015625,0.251953,-0.376953,-0.667969,0.158691,0.66095,0.157959,0.716248,up
343258,9.597656,5.132812,-0.132812,0.03125,-0.191406,-0.707031,0.158691,0.66095,0.157959,0.716248,up
343264,9.480469,4.976562,-0.167969,-0.027344,-0.152344,-0.71875,0.158691,0.66095,0.157959,0.716248,up
343269,9.28125,5.015625,-0.054687,-0.052734,-0.121094,-0.730469,0.162903,0.661072,0.161316,0.714417,up
343274,9.210938,5.09375,0.136719,-0.052734,-0.121094,-0.730469,0.164368,0.66095,0.162292,0.713989,up
343279,9.132813,5.015625,0.25,-0.109375,-0.080078,-0.710937,0.164368,0.66095,0.162292,0.713989,up
343284,9.019531,5.171875,0.632812,-0.109375,-0.080078,-0.710937,0.167419,0.660522,0.164185,0.713257,up
343289,9.019531,5.171875,0.632812,-0.109375,-0.080078,-0.710937,0.170288,0.660278,0.166077,0.712402,up
343294,8.832031,5.132812,0.902344,-0.109375,-0.080078,-0.710937,0.170288,0.660278,0.166077,0.712402,up
343299,8.828125,5.246094,0.941406,0.019531,-0.189453,-0.615234,0.170288,0.660278,0.166077,0.712402,up
343304,8.832031,5.363281,0.902344,0.019531,-0.189453,-0.615234,0.172791,0.660217,0.16803,0.711304,up
343309,8.980469,5.363281,0.902344,0.019531,-0.189453,-0.615234,0.17395,0.6604,0.168945,0.710693,up
343315,9.019531,5.324219,0.75,0.039063,-0.265625,-0.535156,0.17395,0.6604,0.168945,0.710693,up
343320,8.980469,5.476562,0.519531,0.039063,-0.265625,-0.535156,0.177185,0.661072,0.171509,0.708618,up
343325,8.902344,5.554687,0.289063,0.039063,-0.265625,-0.535156,0.178162,0.661255,0.17218,0.708069,up
343330,8.9375,5.554687,0.289063,-0.037109,-0.240234,-0.511719,0.178162,0.661255,0.17218,0.708069,up
343335,8.980469,5.589844,0.328125,0.025391,-0.232422,-0.517578,0.179382,0.661499,0.172913,0.707336,up
343340,8.863281,5.589844,0.214844,0.025391,-0.232422,-0.517578,0.181396,0.661865,0.174438,0.706116,up
343346,8.898438,5.667969,0.289063,0.025391,-0.232422,-0.517578,0.182312,0.661987,0.175232,0.705566,up
343351,8.792969,5.667969,0.40625,-0.03125,-0.169922,-0.525391,0.18335,0.662109,0.176025,0.705017,up
343356,8.75,5.746094,0.441406,-0.03125,-0.169922,-0.525391,0.184509,0.66217,0.176758,0.704468,up
343361,8.792969,5.820312,0.25,-0.03125,-0.169922,-0.525391,0.184509,0.66217,0.176758,0.704468,up
343366,8.792969,5.746094,0.328125,-0.066406,-0.144531,-0.501953,0.185486,0.66217,0.177307,0.704041,up
343371,8.792969,5.746094,0.328125,-0.066406,-0.144531,-0.501953,0.186584,0.66217,0.177917,0.703613,up
343376,8.710938,5.746094,0.441406,-0.089844,-0.160156,-0.484375,0.186584,0.66217,0.177917,0.703613,up
343381,8.710938,5.746094,0.441406,-0.042969,-0.195312,-0.476562,0.188782,0.662231,0.179077,0.702637,up
343386,8.710938,5.746094,0.441406,-0.042969,-0.195312,-0.476562,0.190857,0.662476,0.180298,0.701599,up
343393,8.59375,5.746094,0.441406,-0.042969,-0.195312,-0.476562,0.190857,0.662476,0.180298,0.701599,up
343398,8.636719,5.746094,0.40625,-0.041016,-0.240234,-0.441406,0.19281,0.662781,0.181335,0.700439,up
343403,8.636719,5.746094,0.328125,-0.060547,-0.244141,-0.431641,0.19281,0.662781,0.181335,0.700439,up
343409,8.597656,5.707031,0.40625,-0.111328,-0.251953,-0.410156,0.19281,0.662781,0.181335,0.700439,up
343415,8.554688,5.78125,0.480469,-0.111328,-0.251953,-0.410156,0.196899,0.663635,0.182983,0.698059,up
343420,8.554688,5.820312,0.558594,-0.103516,-0.257813,-0.384766,0.197937,0.663879,0.183289,0.69751,up
343425,8.59375,5.820312,0.597656,-0.103516,-0.257813,-0.384766,0.197937,0.663879,0.183289,0.69751,up
343430,8.558594,5.898437,0.558594,-0.074219,-0.251953,-0.376953,0.197937,0.663879,0.183289,0.69751,up
343435,8.558594,5.898437,0.519531,-0.074219,-0.251953,-0.376953,0.200745,0.664612,0.184448,0.695679,up
343440,8.480469,5.859375,0.480469,0.019531,-0.263672,-0.371094,0.200745,0.664612,0.184448,0.695679,up
343445,8.476563,5.859375,0.40625,0.050781,-0.291016,-0.353516,0.201416,0.664917,0.184875,0.695068,up
343450,8.480469,5.972656,0.40625,0.050781,-0.291016,-0.353516,0.20282,0.665588,0.185913,0.693726,up
343455,8.554688,6.050781,0.441406,0.082031,-0.302734,-0.320313,0.20282,0.665588,0.185913,0.693726,up
343460,8.597656,6.089844,0.40625,0.082031,-0.302734,-0.320313,0.204041,0.666443,0.18689,0.692322,up
343465,8.636719,6.128906,0.289063,0.064453,-0.310547,-0.271484,0.204041,0.666443,0.18689,0.692322,up
343470,8.636719,6.128906,0.289063,0.064453,-0.310547,-0.271484,0.205139,0.667358,0.187683,0.690918,up
343475,8.597656,6.164062,0.214844,0.064453,-0.310547,-0.271484,0.205139,0.667358,0.187683,0.690918,up
343480,8.597656,6.128906,0.175781,-0.068359,-0.251953,-0.220703,0.205139,0.667358,0.187683,0.690918,up
343485,8.558594,6.089844,0.136719,-0.068359,-0.251953,-0.220703,0.206299,0.66803,0.188049,0.689758,up
343490,8.554688,6.128906,0.175781,-0.175781,-0.201172,-0.205078,0.207031,0.668335,0.18811,0.68927,up
343495,8.445313,6.128906,0.25,-0.175781,-0.201172,-0.205078,0.207825,0.668518,0.18811,0.688843,up
343500,8.445313,6.128906,0.328125,-0.228516,-0.160156,-0.189453,0.208557,0.66864,0.187988,0.688538,up
343506,8.445313,6.128906,0.328125,-0.251953,-0.152344,-0.199219,0.210144,0.668762,0.187622,0.687988,up
343511,8.371094,6.089844,0.40625,-0.261719,-0.148437,-0.207031,0.211121,0.668823,0.187439,0.687744,up
343517,8.410156,5.972656,0.40625,-0.261719,-0.148437,-0.207031,0.211914,0.668823,0.187195,0.6875,up
343523,8.367188,5.972656,0.441406,-0.253906,-0.150391,-0.193359,0.211914,0.668823,0.187195,0.6875,up
343529,8.289063,5.820312,0.480469,-0.253906,-0.150391,-0.193359,0.211914,0.668823,0.187195,0.6875,up
343535,8.332031,5.820312,0.519531,-0.21875,-0.183594,-0.185547,0.21521,0.669189,0.186462,0.686401,up
343540,8.332031,5.820312,0.519531,-0.21875,-0.183594,-0.185547,0.21521,0.669189,0.186462,0.686401,up
343545,8.40625,5.746094,0.480469,-0.179687,-0.205078,-0.144531,0.21521,0.669189,0.186462,0.686401,up
343550,8.328125,5.746094,0.441406,-0.179687,-0.205078,-0.144531,0.216736,0.669556,0.186035,0.685669,up
343556,8.328125,5.628906,0.441406,-0.195312,-0.214844,-0.136719,0.217346,0.669739,0.185852,0.685303,up
343562,8.328125,5.628906,0.441406,-0.195312,-0.214844,-0.136719,0.218628,0.670105,0.185425,0.684631,up
343567,8.371094,5.628906,0.367188,-0.167969,-0.207031,-0.136719,0.21936,0.670349,0.185181,0.684265,up
343573,8.371094,5.589844,0.367188,-0.160156,-0.201172,-0.144531,0.21936,0.670349,0.185181,0.684265,up
343578,8.328125,5.628906,0.441406,-0.160156,-0.201172,-0.144531,0.22052,0.670715,0.184875,0.683594,up
343584,8.410156,5.589844,0.40625,-0.123047,-0.216797,-0.148437,0.22052,0.670715,0.184875,0.683594,up
343590,8.445313,5.628906,0.367188,-0.099609,-0.226562,-0.146484,0.222229,0.671509,0.184692,0.682373,up
343595,8.476563,5.667969,0.441406,-0.099609,-0.226562,-0.146484,0.222717,0.671814,0.184631,0.681885,up
343600,8.554688,5.667969,0.367188,-0.099609,-0.226562,-0.146484,0.222717,0.671814,0.184631,0.681885,up
343605,8.597656,5.746094,0.328125,-0.076172,-0.236328,-0.126953,0.222717,0.671814,0.184631,0.681885,up
343610,8.59375,5.820312,0.214844,-0.076172,-0.236328,-0.126953,0.223633,0.672424,0.18457,0.680969,up
343615,8.59375,5.820312,0.214844,-0.126953,-0.214844,-0.119141,0.224121,0.672729,0.184509,0.680542,up
343620,8.597656,5.78125,0.097656,-0.126953,-0.214844,-0.119141,0.224609,0.673035,0.184387,0.680176,up
343625,8.597656,5.78125,0.097656,-0.158203,-0.203125,-0.119141,0.22583,0.673462,0.18396,0.679443,up
343630,8.554688,5.78125,0.097656,-0.158203,-0.203125,-0.119141,0.226379,0.673584,0.183716,0.679199,up
343635,8.519531,5.78125,0.023437,-0.158203,-0.203125,-0.119141,0.226379,0.673584,0.183716,0.679199,up
343640,8.519531,5.78125,0.023437,-0.230469,-0.179687,-0.111328,0.226379,0.673584,0.183716,0.679199,up
343645,8.476563,5.820312,0.097656,-0.246094,-0.171875,-0.105469,0.228455,0.67395,0.182678,0.678406,up
343650,8.480469,5.78125,0.136719,-0.246094,-0.171875,-0.105469,0.228455,0.67395,0.182678,0.678406,up
343656,8.515625,5.78125,0.136719,-0.242187,-0.117188,-0.111328,0.229248,0.674011,0.182312,0.678223,up
343661,8.558594,5.78125,0.175781,-0.242187,-0.117188,-0.111328,0.23053,0.674011,0.181702,0.677917,up
343667,8.519531,5.746094,0.136719,-0.242187,-0.117188,-0.111328,0.23114,0.674011,0.181458,0.677795,up
343672,8.515625,5.707031,0.175781,-0.242187,-0.117188,-0.111328,0.231873,0.674011,0.181213,0.677612,up
343678,8.476563,5.667969,0.136719,-0.185547,-0.113281,-0.128906,0.232483,0.674011,0.18103,0.677429,up
343683,8.449219,5.746094,0.136719,-0.167969,-0.119141,-0.142578,0.232483,0.674011,0.18103,0.677429,up
343689,8.445313,5.746094,0.175781,-0.144531,-0.132812,-0.144531,0.232483,0.674011,0.18103,0.677429,up
343695,8.480469,5.820312,0.175781,-0.117188,-0.136719,-0.152344,0.232483,0.674011,0.18103,0.677429,up
343700,8.410156,5.859375,0.136719,-0.076172,-0.126953,-0.150391,0.232483,0.674011,0.18103,0.677429,up
343706,8.410156,5.898437,0.097656,-0.076172,-0.126953,-0.150391,0.235535,0.6745,0.180786,0.675964,up
343711,8.367188,5.9375,0.097656,-0.023437,-0.113281,-0.144531,0.235962,0.674561,0.180908,0.675659,up
343716,8.328125,6.011719,0.097656,-0.021484,-0.099609,-0.130859,0.236267,0.674683,0.18103,0.675415,up
343721,8.371094,6.089844,0.058594,-0.017578,-0.083984,-0.130859,0.236267,0.674683,0.18103,0.675415,up
343726,8.371094,6.089844,0.023437,-0.017578,-0.083984,-0.130859,0.236938,0.674866,0.181274,0.674988,up
343731,8.410156,6.128906,0.023437,-0.046875,-0.068359,-0.111328,0.237244,0.674927,0.181335,0.674805,up
343737,8.332031,6.203125,0.136719,-0.046875,-0.068359,-0.111328,0.237549,0.674927,0.181396,0.674622,up
343742,8.371094,6.203125,0.136719,-0.046875,-0.068359,-0.111328,0.237915,0.674927,0.181335,0.6745,up
343747,8.332031,6.242187,0.214844,-0.128906,-0.048828,-0.082031,0.237915,0.674927,0.181335,0.6745,up
343752,8.292969,6.242187,0.214844,-0.166016,-0.039063,-0.066406,0.237915,0.674927,0.181335,0.6745,up
343757,8.210938,6.242187,0.289063,-0.166016,-0.039063,-0.066406,0.237915,0.674927,0.181335,0.6745,up
343762,8.210938,6.242187,0.289063,-0.166016,-0.039063,-0.066406,0.239563,0.674683,0.180542,0.674377,up
343768,8.210938,6.203125,0.328125,-0.166016,-0.039063,-0.066406,0.239563,0.674683,0.180542,0.674377,up
343773,8.175781,6.164062,0.367188,-0.279297,-0.025391,-0.013672,0.239563,0.674683,0.180542,0.674377,up
343778,8.136719,6.089844,0.367188,-0.306641,-0.013672,-0.007813,0.239563,0.674683,0.180542,0.674377,up
343784,8.09375,6.050781,0.367188,-0.328125,-0.011719,0.001953,0.239563,0.674683,0.180542,0.674377,up
343789,8.097656,5.9375,0.328125,-0.345703,0.0,0.015625,0.239563,0.674683,0.180542,0.674377,up
343795,8.058594,5.898437,0.367188,-0.361328,-0.009766,0.017578,0.239563,0.674683,0.180542,0.674377,up
343800,8.136719,5.859375,0.441406,-0.369141,-0.011719,0.017578,0.239563,0.674683,0.180542,0.674377,up
343805,8.175781,5.859375,0.558594,-0.371094,-0.005859,0.005859,0.239563,0.674683,0.180542,0.674377,up
343810,8.253906,5.820312,0.632812,-0.371094,-0.005859,0.005859,0.244751,0.673157,0.175415,0.675415,up
343815,8.253906,5.820312,0.632812,-0.371094,-0.005859,0.005859,0.245361,0.672913,0.174805,0.675598,up
343820,8.214844,5.78125,0.597656,-0.316406,0.039063,-0.015625,0.245361,0.672913,0.174805,0.675598,up
343826,8.214844,5.707031,0.632812,-0.277344,0.046875,-0.027344,0.247009,0.672119,0.173462,0.676147,up
343831,8.210938,5.707031,0.671875,-0.277344,0.046875,-0.027344,0.247498,0.671875,0.173096,0.67627,up
343836,8.175781,5.707031,0.671875,-0.277344,0.046875,-0.027344,0.247864,0.671753,0.172913,0.676331,up
343841,8.175781,5.78125,0.710937,-0.277344,0.046875,-0.027344,0.247864,0.671753,0.172913,0.676331,up
343846,8.292969,5.820312,0.710937,-0.15625,-0.011719,-0.044922,0.247864,0.671753,0.172913,0.676331,up
343851,8.292969,5.859375,0.671875,-0.15625,-0.011719,-0.044922,0.248962,0.671448,0.172302,0.676392,up
343856,8.253906,5.9375,0.710937,-0.099609,-0.042969,-0.041016,0.248962,0.671448,0.172302,0.676392,up
343861,8.25,5.898437,0.632812,-0.099609,-0.042969,-0.041016,0.249207,0.671448,0.172119,0.676331,up
343866,8.25,5.898437,0.632812,-0.111328,-0.042969,-0.046875,0.249207,0.671448,0.172119,0.676331,up
343871,8.253906,5.9375,0.558594,-0.111328,-0.042969,-0.046875,0.250061,0.671387,0.171692,0.676147,up
343876,8.289063,5.859375,0.558594,-0.136719,-0.037109,-0.033203,0.250061,0.671387,0.171692,0.676147,up
343881,8.328125,5.859375,0.558594,-0.136719,-0.037109,-0.033203,0.250671,0.671326,0.171265,0.676147,up
343886,8.328125,5.859375,0.519531,-0.136719,-0.037109,-0.033203,0.251038,0.671204,0.171021,0.676208,up
343891,8.332031,5.859375,0.441406,-0.136719,-0.037109,-0.033203,0.251038,0.671204,0.171021,0.676208,up
343896,8.328125,5.859375,0.40625,-0.236328,0.013672,-0.013672,0.251038,0.671204,0.171021,0.676208,up
343901,8.332031,5.820312,0.328125,-0.236328,0.013672,-0.013672,0.252258,0.670715,0.169922,0.676514,up
343906,8.332031,5.820312,0.328125,-0.236328,0.013672,-0.013672,0.252747,0.670532,0.169495,0.676575,up
343911,8.292969,5.746094,0.367188,-0.236328,0.013672,-0.013672,0.252747,0.670532,0.169495,0.676575,up
343916,8.292969,5.707031,0.40625,-0.271484,-0.007813,-0.007813,0.253723,0.670166,0.168579,0.676819,up
343921,8.40625,5.667969,0.441406,-0.271484,-0.007813,-0.007813,0.253723,0.670166,0.168579,0.676819,up
343926,8.367188,5.667969,0.441406,-0.216797,0.003906,-0.039063,0.253723,0.670166,0.168579,0.676819,up
343931,8.367188,5.667969,0.480469,-0.216797,0.003906,-0.039063,0.254639,0.669861,0.167786,0.677002,up
343937,8.40625,5.667969,0.441406,-0.216797,0.003906,-0.039063,0.255493,0.669495,0.167297,0.677124,up
343942,8.371094,5.667969,0.40625,-0.216797,0.003906,-0.039063,0.255859,0.669312,0.167175,0.677185,up
343947,8.410156,5.667969,0.40625,-0.152344,0.0625,-0.083984,0.256287,0.669067,0.167053,0.677307,up
343952,8.410156,5.707031,0.40625,-0.152344,0.0625,-0.083984,0.256653,0.668823,0.166992,0.677429,up
343959,8.410156,5.667969,0.367188,-0.152344,0.0625,-0.083984,0.257019,0.668579,0.166992,0.677551,up
343964,8.445313,5.667969,0.328125,-0.164062,0.126953,-0.123047,0.257019,0.668579,0.166992,0.677551,up
343970,8.410156,5.667969,0.289063,-0.183594,0.158203,-0.125,0.257019,0.668579,0.166992,0.677551,up
343975,8.332031,5.589844,0.328125,-0.189453,0.185547,-0.136719,0.257019,0.668579,0.166992,0.677551,up
343981,8.292969,5.589844,0.367188,-0.208984,0.199219,-0.146484,0.257019,0.668579,0.166992,0.677551,up
343986,8.214844,5.628906,0.367188,-0.232422,0.244141,-0.150391,0.257019,0.668579,0.166992,0.677551,up
343991,8.054688,5.667969,0.289063,-0.232422,0.244141,-0.150391,0.259949,0.665649,0.167053,0.67926,up
